# Blender 4.0.0
# www.blender.org
mtllib temp.mtl
o Mesh1
v -0.035415 0.105316 -0.251613
v -0.035625 0.103852 -0.267693
v -0.035471 0.095569 -0.255346
v -0.032942 0.064097 -0.238160
v -0.032063 0.063949 -0.216886
v -0.033508 0.082595 -0.224434
v -0.034965 0.108179 -0.233801
v -0.034956 0.084966 -0.035076
v -0.035168 0.088745 -0.004091
v -0.035148 0.096822 -0.036021
v -0.034637 0.078872 -0.019144
v -0.032853 0.070880 -0.016762
v -0.034088 0.076072 -0.004633
v -0.033816 0.064730 -0.030328
v -0.030407 0.065235 -0.022309
v -0.034506 0.072829 -0.029255
v -0.033631 0.103840 -0.141211
v -0.033830 0.117307 -0.155992
v -0.033352 0.095752 -0.153477
v -0.033795 0.076695 0.008252
v -0.034770 0.087237 0.014564
v -0.032208 0.070001 -0.004491
v -0.032712 0.069479 0.001777
v -0.034445 0.064201 -0.037813
v -0.034847 0.082426 -0.048561
v -0.034483 0.064635 -0.114052
v -0.034459 0.064703 -0.094093
v -0.033837 0.080772 -0.105992
v -0.033681 0.101082 -0.070698
v -0.033337 0.116814 -0.083549
v -0.033588 0.107647 -0.092373
v -0.034573 0.064662 -0.048910
v -0.033867 0.064177 -0.066023
v -0.034622 0.075443 -0.073639
v -0.033442 0.063917 -0.083332
v -0.032990 0.074564 -0.133167
v -0.033290 0.079622 -0.123227
v -0.033664 0.098108 -0.132322
v -0.033288 0.096187 -0.174804
v -0.033433 0.095741 -0.191850
v -0.032639 0.075758 -0.191965
v -0.033238 0.084160 -0.163570
v -0.033200 0.064140 -0.176516
v -0.033169 0.064053 -0.167526
v -0.032230 0.063995 -0.195443
v -0.034859 0.070322 -0.270827
v -0.034442 0.064739 -0.272774
v -0.033882 0.064706 -0.257791
v -0.034518 0.093640 -0.053114
v -0.034316 0.088932 -0.069089
v -0.034539 0.081063 -0.255361
v -0.035396 0.081355 -0.273682
v -0.036368 0.092500 -0.269260
v -0.034242 0.103578 -0.220584
v -0.034599 0.117116 -0.223031
v -0.032633 0.075782 -0.207641
v -0.034314 0.118078 -0.175991
v -0.034113 0.118411 -0.188993
v -0.033363 0.082009 -0.151257
v -0.033577 0.094932 -0.100937
v -0.034314 0.074007 -0.087768
v -0.033571 0.064016 -0.123871
v -0.032357 0.063973 -0.144156
v -0.034123 0.107916 -0.048172
v -0.034411 0.078898 -0.064706
v -0.033126 0.115477 -0.060036
v -0.033690 0.063885 -0.058468
v -0.033616 0.072221 0.018147
v -0.034930 0.078812 0.018484
v -0.031876 0.071461 0.012281
v -0.027737 0.065436 0.013823
v -0.028327 0.065154 0.001422
v -0.030543 0.070281 0.017891
v -0.030172 0.065288 -0.010002
v -0.034273 0.117112 -0.110913
v -0.033572 0.117186 -0.141265
v -0.034848 0.120425 -0.249311
v -0.035195 0.113762 -0.263265
v -0.030509 0.091325 0.120513
v -0.029193 0.087704 0.144649
v -0.030552 0.100294 0.133395
v -0.031875 0.107589 0.134950
v -0.031211 0.107681 0.128729
v -0.030029 0.080538 0.124917
v -0.023364 0.110215 0.121210
v -0.032386 0.110369 0.124103
v -0.032120 0.100827 0.122156
v -0.029278 0.102000 0.144558
v -0.031603 0.080069 0.117825
v -0.029002 0.079850 0.143202
v -0.031278 0.110548 0.115718
v 0.000586 0.066047 -0.283347
v 0.004303 0.069518 -0.282484
v -0.000080 0.069317 -0.280874
v 0.000040 0.069745 -0.290552
v -0.000304 0.065765 -0.289768
v -0.031518 0.139219 -0.520674
v -0.030818 0.141033 -0.533037
v -0.033313 0.124878 -0.530965
v -0.031894 0.075840 -0.550339
v -0.035151 0.078995 -0.537996
v -0.033664 0.084205 -0.544464
v -0.028953 0.065764 -0.555476
v -0.030644 0.079446 -0.558525
v -0.028005 0.065249 -0.558647
v -0.028888 0.064757 -0.540423
v -0.031322 0.071121 -0.545973
v -0.030670 0.091588 -0.558434
v -0.035139 0.091834 -0.536228
v -0.034246 0.116507 -0.535648
v -0.029367 0.120697 -0.557416
v -0.030210 0.105467 -0.558398
v -0.034898 0.106519 -0.535286
v -0.031325 0.128439 -0.542568
v -0.029573 0.140524 -0.547897
v -0.028624 0.133692 -0.554664
v -0.029485 0.147388 -0.539811
v -0.029862 0.150347 -0.533150
v -0.030381 0.070313 -0.539438
v 0.040160 0.062222 -0.835906
v 0.024285 0.060064 -0.835917
v 0.016085 0.061307 -0.846484
v 0.040213 0.060684 -0.843808
v 0.016253 0.060075 -0.842321
v 0.048943 0.060633 -0.842776
v 0.009102 0.060011 -0.845216
v 0.182484 0.062727 0.439792
v 0.186996 0.061094 0.439122
v 0.186812 0.062454 0.429442
v 0.182875 0.060966 0.449132
v -0.007653 0.164582 -0.960411
v -0.009759 0.169226 -0.960619
v -0.007148 0.169034 -0.960668
v 0.004153 0.071273 -0.533901
v -0.001318 0.065599 -0.538427
v 0.004200 0.071260 -0.540047
v -0.000387 0.065248 -0.324713
v -0.000056 0.069954 -0.336124
v 0.000292 0.069952 -0.324025
v -0.035180 0.080908 -0.495596
v -0.035311 0.081960 -0.477091
v -0.035337 0.087950 -0.493500
v -0.031250 0.089069 -0.500127
v -0.031428 0.082184 -0.499422
v -0.035157 0.090276 -0.501833
v -0.035594 0.093839 -0.487621
v -0.004509 -0.027378 0.669119
v -0.005798 -0.029173 0.661680
v -0.004276 -0.029278 0.651295
v -0.006971 -0.029510 0.648007
v -0.005018 -0.031896 0.650763
v -0.460816 0.060079 -0.250002
v -0.462446 0.061853 -0.237609
v -0.466549 0.061643 -0.246323
v -0.472932 0.060039 -0.264575
v -0.469214 0.062091 -0.255788
v -0.476639 0.061796 -0.268129
v -0.718287 0.061514 -0.823663
v -0.717620 0.060383 -0.831111
v -0.710806 0.060398 -0.818741
v -0.714757 0.061020 -0.812248
v -0.711966 0.061951 -0.816836
v -0.179467 0.061904 0.441225
v -0.185148 0.061792 0.436839
v -0.183959 0.060758 0.443159
v -0.179861 0.059967 0.437317
v 0.003866 0.065404 -0.115461
v 0.005150 0.070223 -0.118460
v 0.005572 0.070343 -0.102691
v -0.020017 0.171476 -1.002741
v -0.021472 0.175109 -0.992151
v -0.020958 0.174894 -1.000379
v -0.030918 0.064741 -0.293753
v -0.031338 0.064902 -0.288646
v -0.031967 0.070810 -0.294263
v -0.035157 0.071828 -0.288400
v -0.031123 0.070472 -0.284478
v -0.035181 0.071348 -0.420180
v -0.030073 0.064008 -0.417215
v -0.035174 0.071251 -0.414293
v 0.004472 0.070320 0.015989
v 0.003454 0.065826 0.019498
v 0.004809 0.070720 -0.000537
v 0.003772 0.065447 -0.010814
v 0.004026 0.070333 -0.243680
v -0.002358 0.065009 -0.248575
v 0.003999 0.070376 -0.252044
v 0.004782 0.068387 -0.062039
v 0.004131 0.065595 -0.060591
v 0.004619 0.067858 -0.083222
v 0.004076 0.065690 -0.083387
v -0.035121 0.069359 -0.395077
v -0.030936 0.065628 -0.389896
v -0.035200 0.069368 -0.386470
v -0.035172 0.071254 -0.370381
v -0.030895 0.064254 -0.367887
v -0.035201 0.071134 -0.366462
v -0.030894 0.064254 -0.369192
v 0.003432 0.065327 -0.405137
v 0.003292 0.065450 -0.425097
v 0.004242 0.071249 -0.409366
v -0.000614 0.064862 -0.353540
v -0.000058 0.070313 -0.349492
v -0.000629 0.064862 -0.350199
v 0.006408 0.079459 -0.351796
v 0.004770 0.080390 -0.348271
v 0.004783 0.072093 -0.354175
v 0.002952 0.069094 -0.493006
v -0.001204 0.066195 -0.496606
v 0.003049 0.069165 -0.501388
v 0.000201 0.069711 -0.014222
v -0.000431 0.065820 -0.014817
v 0.004859 0.068567 -0.016791
v -0.035098 0.070526 -0.333970
v -0.030578 0.064916 -0.331171
v -0.031943 0.070844 -0.325147
v -0.030575 0.064916 -0.325255
v -0.000005 0.070089 -0.234288
v -0.001248 0.066149 -0.234416
v 0.003562 0.068238 -0.236079
v -0.035163 0.071228 -0.357939
v -0.030225 0.063525 -0.355032
v -0.035162 0.071181 -0.351196
v -0.034115 0.069941 -0.505864
v -0.029131 0.066066 -0.498412
v -0.031196 0.069941 -0.496910
v 0.003021 0.065304 -0.253364
v 0.004024 0.068699 -0.275207
v 0.003447 0.065347 -0.271759
v 0.003697 0.065387 -0.291675
v 0.004785 0.070995 -0.307678
v 0.004291 0.068939 -0.291287
v -0.245322 0.061490 0.285835
v -0.246666 0.060237 0.279905
v -0.241970 0.061615 0.293203
v -0.248250 0.061790 0.273925
v -0.248136 0.059930 0.272678
v -0.152680 0.061518 0.537303
v -0.148366 0.059981 0.531178
v -0.147779 0.060187 0.547372
v -0.155074 0.060879 0.529885
v -0.153849 0.061877 0.525451
v -0.157558 0.060628 0.521241
v -0.034516 0.068102 -0.310558
v -0.030755 0.064861 -0.306637
v -0.032016 0.071044 -0.306729
v -0.005508 0.010579 0.089088
v -0.005328 -0.001790 0.137710
v -0.005197 -0.010949 0.099656
v -0.034673 0.076758 0.113782
v -0.033851 0.089387 0.118607
v 0.208062 0.063595 -0.368693
v 0.218423 0.063569 -0.327584
v 0.255828 0.063534 -0.365966
v 0.005681 0.078844 -0.482747
v 0.004036 0.071720 -0.475813
v 0.004651 0.073371 -0.503914
v 0.005735 0.077685 -0.516183
v -0.028208 0.164786 -0.723694
v -0.027596 0.166988 -0.743103
v -0.028094 0.163015 -0.732740
v 0.004714 0.118925 -0.681258
v 0.005220 0.123327 -0.635115
v 0.005175 0.105508 -0.642282
v -0.031284 0.062943 0.715117
v -0.031419 0.062978 0.750751
v -0.023547 0.063392 0.735273
v -0.358607 0.062217 -0.813296
v -0.299347 0.062358 -0.801933
v -0.294837 0.062040 -0.835696
v -0.013513 0.069284 0.778979
v -0.006437 0.067437 0.787826
v -0.006070 0.068017 0.769354
v -0.016202 0.019248 -0.181367
v -0.016497 0.009551 -0.218816
v -0.016570 -0.013277 -0.201088
v -0.004519 0.063593 0.875776
v -0.005411 0.062712 0.908116
v 0.000666 0.062386 0.896323
v 0.126316 0.063138 0.355679
v 0.139311 0.062970 0.408138
v 0.163360 0.062868 0.384420
v 0.005226 0.148384 -0.621249
v 0.005768 0.126367 -0.604303
v 0.005223 0.134758 -0.636062
v -0.030120 0.103768 0.250033
v -0.030126 0.098369 0.254508
v -0.029011 0.102028 0.278024
v 0.001140 0.170310 -0.841753
v 0.001795 0.169328 -0.807712
v 0.001363 0.163564 -0.826030
v 0.152353 0.060278 0.525180
v 0.158874 0.060313 0.506732
v 0.157684 0.061374 0.518101
v 0.268622 0.061859 0.221168
v 0.261547 0.061062 0.237133
v 0.259673 0.060338 0.237514
v 0.332597 0.063376 -0.500065
v 0.311611 0.063446 -0.465031
v 0.368610 0.063305 -0.474374
v -0.580996 0.061675 -0.839454
v -0.581896 0.062031 -0.822843
v -0.557790 0.062001 -0.835444
v -0.549830 0.060810 -0.839298
v -0.013134 0.083623 0.488304
v -0.023967 0.082560 0.513228
v -0.011810 0.082427 0.505767
v -0.383703 0.059808 -0.588369
v -0.340102 0.059717 -0.553175
v -0.373885 0.059765 -0.534109
v 0.412534 0.060068 -0.727527
v 0.416223 0.060113 -0.758306
v 0.459903 0.060115 -0.732536
v -0.008440 -0.031851 0.537800
v -0.007400 -0.046826 0.542520
v -0.006968 -0.045501 0.573481
v -0.016416 -0.082483 -0.333942
v -0.015836 -0.103717 -0.353773
v -0.015854 -0.097770 -0.300729
v -0.046996 0.063053 -0.681707
v -0.047000 0.063160 -0.646508
v -0.039081 0.063080 -0.643018
v -0.013939 -0.102620 -0.066116
v -0.014187 -0.103736 -0.095574
v -0.013523 -0.116859 -0.091358
v 0.007832 0.063687 -0.472125
v 0.015676 0.063189 -0.437273
v 0.015675 0.063130 -0.490165
v 0.018551 0.060120 0.793900
v 0.041396 0.060262 0.774584
v 0.036718 0.060288 0.809836
v -0.012590 -0.099419 0.069822
v -0.011807 -0.108359 0.079099
v -0.011927 -0.104196 0.091483
v 0.273382 0.063256 -0.084060
v 0.324485 0.062946 -0.055392
v 0.319996 0.063109 -0.118418
v -0.031960 0.108375 0.097914
v -0.032961 0.098503 0.103864
v -0.279123 0.062970 -0.678017
v -0.237070 0.062858 -0.716236
v -0.281408 0.062715 -0.743054
v 0.716898 0.062222 -0.830258
v 0.717419 0.061593 -0.821660
v 0.720455 0.061600 -0.836111
v 0.004196 0.077221 0.585201
v 0.004363 0.076530 0.602665
v 0.004332 0.071363 0.595814
v -0.008421 -0.120552 -0.456223
v -0.007893 -0.113154 -0.400206
v -0.008350 -0.140000 -0.425984
v -0.059725 0.062978 -0.734835
v -0.110007 0.062979 -0.707469
v -0.062584 0.063026 -0.711388
v -0.029866 0.062201 0.911320
v -0.025788 0.061873 0.926616
v -0.020703 0.062454 0.917919
v -0.427133 0.062415 -0.780394
v -0.377217 0.062508 -0.770402
v -0.401702 0.062198 -0.812329
v -0.007522 -0.171221 -0.366757
v -0.007499 -0.176030 -0.370386
v -0.007356 -0.177011 -0.377259
v 0.233230 0.060852 -0.841071
v 0.233186 0.061754 -0.841082
v 0.241414 0.060299 -0.835855
v -0.202687 0.059882 -0.764233
v -0.193816 0.060016 -0.814997
v -0.158464 0.059991 -0.811179
v -0.150044 0.059748 -0.734783
v -0.005866 -0.017746 -0.347781
v -0.006139 -0.034757 -0.298949
v -0.006496 -0.041071 -0.361762
v -0.315711 0.061331 0.103917
v -0.315061 0.060440 0.104076
v -0.306471 0.060691 0.128045
v -0.308435 0.061847 0.122457
v 0.057188 0.059825 0.490415
v 0.031875 0.059706 0.438704
v 0.077759 0.059780 0.438801
v 0.296572 0.059923 -0.065349
v 0.320691 0.059983 -0.087002
v 0.346994 0.060221 -0.037641
v 0.001617 0.126532 -0.839353
v 0.001678 0.118029 -0.821979
v 0.000211 0.118331 -0.854834
v -0.008354 -0.093467 0.291933
v -0.007164 -0.098741 0.283291
v -0.006285 -0.097522 0.297079
v 0.027960 0.063621 0.178793
v 0.026237 0.063602 0.224473
v 0.064824 0.063540 0.200952
v -0.018243 0.054683 -0.435781
v -0.018215 0.038806 -0.429290
v -0.018022 0.054711 -0.398775
v 0.150023 0.059589 -0.561699
v 0.195524 0.059630 -0.550084
v 0.171306 0.059575 -0.505086
v -0.017309 0.063149 -0.951554
v -0.015396 0.055235 -0.972107
v -0.014148 0.035136 -0.970153
v -0.015904 0.054687 -0.233348
v -0.016977 0.054632 -0.265866
v -0.016456 0.040039 -0.229888
v -0.023405 0.108742 0.134751
v -0.023445 0.107687 0.150012
v -0.009381 0.108680 0.136274
v -0.000874 0.077145 0.618106
v -0.001203 0.076830 0.639202
v 0.004336 0.076063 0.626046
v -0.015733 -0.110222 -0.400267
v -0.015496 -0.120383 -0.443884
v -0.014964 -0.135452 -0.426352
v -0.009930 -0.132360 -0.664186
v -0.010018 -0.144851 -0.625378
v -0.010384 -0.155945 -0.673171
v -0.002620 0.066020 -0.741624
v -0.002651 0.067706 -0.768189
v 0.000764 0.071096 -0.741977
v 0.160973 0.062412 0.501612
v 0.162921 0.061485 0.504334
v 0.169232 0.061901 0.487931
v -0.016156 -0.028199 -0.110367
v -0.016543 -0.034172 -0.181870
v -0.016156 -0.050127 -0.140631
v -0.011581 -0.189115 -0.496702
v -0.010453 -0.188256 -0.484861
v -0.011154 -0.187577 -0.468994
v 0.007845 0.062629 -0.799747
v 0.015871 0.062615 -0.791924
v 0.018058 0.062487 -0.835518
v -0.005813 -0.094943 0.316992
v -0.004387 -0.096282 0.308890
v -0.003929 -0.092797 0.337691
v -0.032526 0.078563 -0.562891
v -0.030138 0.070313 -0.564208
v 0.005409 0.152283 -0.559596
v 0.005396 0.151527 -0.538894
v 0.005738 0.148174 -0.553891
v 0.181675 0.059676 0.000412
v 0.180667 0.059641 -0.045804
v 0.220409 0.059753 -0.017508
v 0.177942 0.063644 -0.225999
v 0.200719 0.063576 -0.185346
v 0.249398 0.063488 -0.223454
v -0.077698 0.063029 0.220484
v -0.090135 0.062956 0.286939
v -0.047223 0.063120 0.229126
v 0.000341 0.059497 0.498047
v 0.027464 0.059734 0.470226
v 0.027674 0.059781 0.517740
v -0.031367 0.111424 0.097131
v -0.012368 0.111761 0.096693
v 0.219871 0.060178 0.340414
v 0.227318 0.060287 0.320112
v 0.229067 0.060925 0.323148
v 0.223295 0.061098 0.338186
v 0.026676 0.059460 0.120715
v 0.075108 0.059490 0.099211
v 0.073924 0.059521 0.142731
v -0.020738 0.069423 0.703949
v -0.019732 0.065236 0.682850
v -0.019304 0.065173 0.732527
v -0.013576 0.075487 0.702958
v -0.001959 0.075688 0.703757
v -0.001973 0.075981 0.692507
v -0.013605 0.075831 0.688311
v -0.047017 0.063256 -0.600352
v -0.013226 -0.109583 -0.026219
v -0.012777 -0.118161 -0.030950
v -0.012100 -0.117514 0.004198
v 0.335977 0.060937 0.056234
v 0.343748 0.060585 0.036899
v 0.346587 0.061510 0.031582
v -0.024804 0.059337 -0.465732
v -0.020818 0.059087 -0.496027
v -0.020178 0.059032 -0.466964
v 0.485392 0.060499 -0.294487
v 0.493672 0.060339 -0.317135
v 0.498194 0.060960 -0.321120
v -0.007486 0.018514 0.730397
v -0.007950 0.017919 0.676940
v -0.006988 0.000595 0.702211
v -0.018962 0.101878 -0.982709
v -0.015959 0.079223 -0.992178
v -0.015879 0.072283 -0.984135
v -0.226797 0.059494 -0.314400
v -0.186152 0.059439 -0.321635
v -0.226409 0.059517 -0.259461
v -0.032819 0.064001 0.054729
v -0.029903 0.065600 0.057417
v -0.030680 0.065592 0.042189
v -0.032705 0.064142 0.032885
v -0.034299 0.073609 0.107480
v -0.034064 0.072861 0.090600
v -0.029588 0.065321 0.104329
v 0.072848 0.059427 -0.379911
v 0.152928 0.059512 -0.386878
v 0.121320 0.059468 -0.351808
v 0.057905 0.060341 0.798765
v 0.068122 0.060443 0.775892
v 0.064462 0.060836 0.791128
v -0.018407 0.031169 -0.570190
v -0.017830 0.008513 -0.609708
v -0.017727 -0.003015 -0.569019
v -0.021770 0.077214 0.650069
v -0.013199 0.076344 0.656574
v -0.013118 0.076862 0.632260
v -0.018048 0.046757 -0.800675
v -0.017847 0.047633 -0.831337
v -0.017427 0.028896 -0.801706
v 0.179846 0.059610 -0.102335
v 0.209147 0.059688 -0.066183
v 0.364140 0.063228 -0.585839
v 0.326676 0.063345 -0.545612
v 0.395273 0.063202 -0.524722
v 0.002653 0.070313 -0.645027
v 0.002509 0.065072 -0.622103
v 0.002022 0.064958 -0.678703
v 0.002388 0.070373 -0.674459
v 0.008218 0.105554 -0.323619
v 0.007275 0.124485 -0.291304
v 0.008189 0.103055 -0.304429
v -0.014934 0.054687 0.006835
v -0.015507 0.046601 0.008499
v -0.015602 0.040890 0.027799
v -0.014655 0.054687 0.034077
v -0.005930 -0.006450 -0.452857
v -0.005613 0.006215 -0.443202
v -0.005879 -0.009516 -0.412336
v 0.020850 0.060174 0.848983
v 0.034942 0.060280 0.848319
v -0.035247 0.070723 -0.433087
v -0.034939 0.064951 -0.464366
v -0.035087 0.065000 -0.433516
v 0.006808 0.106812 -0.429468
v 0.006844 0.107340 -0.401408
v 0.006873 0.087973 -0.427475
v -0.039121 0.059839 0.526271
v -0.044802 0.059792 0.491359
v -0.031256 0.059713 0.484792
v -0.423636 0.060216 -0.153697
v -0.425277 0.060090 -0.166490
v -0.399220 0.060015 -0.148807
v -0.659704 0.061934 -0.835455
v -0.655625 0.062079 -0.806756
v -0.620636 0.061950 -0.835453
v -0.020536 0.160694 -0.681682
v 0.004114 0.159999 -0.674058
v 0.003405 0.160460 -0.680740
v -0.320555 0.062856 -0.708365
v -0.030160 0.107417 0.162738
v -0.023268 0.106928 0.167066
v -0.005688 0.116063 -0.019134
v 0.006582 0.115534 -0.006733
v 0.004719 0.116499 -0.030781
v -0.114896 0.063002 0.186670
v -0.046883 0.063192 0.173641
v -0.035135 0.078711 0.050582
v -0.034386 0.072513 0.037761
v -0.034400 0.072488 0.049054
v -0.027379 0.155806 -0.738094
v -0.026002 0.147598 -0.767173
v -0.028061 0.142743 -0.720135
v -0.008421 -0.009210 -0.820183
v -0.008176 0.006515 -0.791966
v -0.008746 -0.033059 -0.770356
v 0.007982 0.064195 0.020023
v 0.008012 0.064174 0.053544
v 0.015690 0.063456 0.012581
v -0.030483 0.148328 -0.497350
v -0.016009 0.147810 -0.472668
v -0.016637 0.148534 -0.491145
v -0.004455 0.037727 -0.335451
v -0.004424 0.037633 -0.305124
v -0.005000 0.013768 -0.325460
v 0.000480 0.059343 -0.413391
v 0.000310 0.059316 -0.460203
v 0.010881 0.059309 -0.446815
v -0.007416 0.021648 -0.545429
v -0.007188 -0.008774 -0.537604
v -0.007715 -0.006922 -0.609546
v 0.000350 0.059277 -0.057738
v 0.007837 0.059292 -0.092104
v 0.032356 0.059428 -0.069688
v -0.270591 0.063229 -0.573670
v -0.270530 0.063286 -0.526789
v -0.224845 0.063298 -0.546106
v -0.005052 0.022624 -0.416256
v -0.005371 0.005326 -0.375808
v -0.034987 0.078717 0.103078
v -0.036668 0.090096 -0.280932
v -0.011360 -0.171759 -0.822573
v -0.011572 -0.176081 -0.802557
v -0.011604 -0.175770 -0.818196
v -0.032418 0.109042 0.071731
v -0.034883 0.087320 0.066492
v -0.033273 0.098127 0.083087
v 0.569608 0.060224 -0.616392
v 0.597748 0.060369 -0.600066
v 0.570329 0.060300 -0.565812
v 0.003579 0.068082 -0.229607
v 0.435645 0.062908 -0.699407
v 0.498296 0.062847 -0.672776
v 0.483158 0.062768 -0.720164
v 0.024166 0.063152 0.665381
v 0.051890 0.062771 0.681820
v 0.041520 0.062943 0.649848
v -0.008441 0.059291 0.975708
v -0.008390 0.058999 0.962211
v -0.004922 0.054813 0.968651
v -0.004134 0.057156 0.978203
v -0.008850 0.063751 0.876789
v -0.010126 0.062777 0.905773
v -0.184526 0.063390 -0.240883
v -0.156623 0.063394 -0.195943
v -0.157193 0.063440 -0.266173
v 0.325458 0.063021 -0.689256
v 0.362768 0.063113 -0.648189
v 0.360560 0.062867 -0.727666
v -0.004767 -0.043923 0.221737
v -0.004533 -0.067789 0.232566
v -0.004748 -0.065879 0.184471
v 0.007874 0.063832 -0.243594
v 0.007895 0.063921 -0.215621
v 0.015655 0.063168 -0.237004
v -0.027407 0.088094 0.458291
v -0.023330 0.087682 0.451158
v -0.027354 0.089821 0.430540
v -0.027177 0.083751 0.497780
v -0.026567 0.083023 0.491550
v -0.026296 0.082254 0.506779
v -0.110724 0.059839 0.479783
v -0.074220 0.059713 0.439875
v -0.004964 0.045689 -0.309947
v -0.005310 0.045659 -0.274747
v 0.023854 0.063293 0.584790
v 0.023938 0.063219 0.631378
v 0.040814 0.063046 0.606942
v -0.183449 0.062037 0.413832
v -0.162806 0.062260 0.418873
v -0.099482 0.062715 -0.770048
v -0.055115 0.062826 -0.770105
v -0.034814 0.131416 -0.433758
v -0.034431 0.131184 -0.459064
v -0.035141 0.123398 -0.449669
v -0.035153 0.123597 -0.433748
v -0.035196 0.111644 -0.465359
v -0.035165 0.102945 -0.490872
v -0.036080 0.093752 -0.463927
v -0.061692 0.060218 0.786954
v -0.055617 0.060106 0.774172
v -0.054329 0.060196 0.808545
v -0.059271 0.060470 0.804415
v 0.227457 0.059621 -0.289125
v 0.249263 0.059660 -0.329079
v 0.280905 0.059729 -0.307614
v 0.359608 0.062105 -0.835613
v 0.375407 0.062122 -0.835798
v 0.327954 0.061784 -0.840697
v -0.012924 -0.175247 -0.853561
v -0.012652 -0.173747 -0.888607
v -0.011728 -0.173776 -0.881435
v 0.008538 0.090231 -0.259281
v 0.008492 0.093759 -0.239212
v 0.008382 0.088986 -0.242900
v -0.093573 0.060047 0.651870
v -0.067869 0.059995 0.619344
v -0.062586 0.060067 0.672527
v -0.010408 -0.166969 -0.598515
v -0.010676 -0.179636 -0.601849
v -0.010961 -0.179547 -0.652266
v -0.010487 -0.163869 -0.648981
v 0.006640 0.080180 -0.366274
v 0.004651 0.071293 -0.364500
v 0.005914 0.078350 -0.376607
v -0.004831 -0.121794 0.077999
v -0.004963 -0.124518 0.092765
v -0.005223 -0.127101 0.071209
v -0.034961 0.131737 -0.415373
v 0.126337 0.059940 -0.781173
v 0.069132 0.059997 -0.814494
v 0.115436 0.060064 -0.815126
v -0.005365 0.153950 -0.969438
v -0.002671 0.154878 -0.972000
v -0.002557 0.153650 -0.958262
v -0.003797 0.148878 -0.961723
v 0.537962 0.060384 -0.419365
v 0.531132 0.060353 -0.440002
v 0.545848 0.060445 -0.443156
v 0.541938 0.060913 -0.423231
v -0.008045 -0.141145 -0.392115
v -0.205181 0.059576 -0.590662
v -0.151904 0.059564 -0.627700
v -0.154122 0.059512 -0.578584
v -0.023746 0.059406 0.216729
v -0.016768 0.059027 0.231938
v -0.016600 0.059056 0.240309
v -0.026067 0.169658 -0.780839
v -0.025632 0.170780 -0.798393
v -0.025354 0.164558 -0.788645
v -0.065497 0.059623 0.354312
v -0.039114 0.059704 0.316295
v -0.033815 0.059717 0.341956
v -0.008272 0.046106 -0.782689
v -0.008904 0.045495 -0.724871
v -0.007977 0.038038 -0.771162
v 0.006542 0.072162 -0.073736
v -0.215144 0.059682 -0.667355
v -0.230632 0.059782 -0.712709
v -0.186599 0.059745 -0.717808
v -0.005926 0.054498 0.954920
v -0.005419 0.048550 0.956536
v -0.004690 0.050155 0.965942
v -0.010966 -0.160858 -0.980721
v -0.011079 -0.164653 -0.933217
v -0.011611 -0.171094 -0.946913
v -0.721292 0.061251 -0.835862
v -0.708508 0.060345 -0.837218
v -0.143014 0.061786 0.563390
v -0.135954 0.061896 0.581414
v -0.139562 0.062137 0.563868
v -0.007159 0.054283 -0.849596
v -0.007920 0.054716 -0.826956
v -0.007541 0.037725 -0.831320
v -0.035452 0.059767 0.438327
v -0.035368 0.059727 0.388759
v -0.015969 0.059311 0.421383
v -0.038928 0.063362 -0.059072
v -0.011105 -0.186891 -0.589433
v -0.010859 -0.186381 -0.560008
v -0.011382 -0.188878 -0.578961
v -0.030406 0.109235 0.134381
v -0.421999 0.062150 -0.147587
v -0.429660 0.061775 -0.161954
v -0.422792 0.060899 -0.147355
v -0.008829 -0.124623 -0.501556
v -0.009323 -0.134252 -0.539795
v -0.008211 -0.085531 -0.537580
v 0.273446 0.060313 -0.835846
v 0.297025 0.060339 -0.835827
v 0.267959 0.060186 -0.820200
v -0.112674 0.060012 0.617243
v -0.092357 0.059965 0.584234
v -0.013299 -0.171820 -0.815834
v -0.012974 -0.175647 -0.840532
v -0.012998 -0.176295 -0.813441
v 0.137292 0.062441 0.569803
v 0.139380 0.061798 0.572370
v 0.145323 0.061928 0.554019
v -0.011873 -0.178559 -0.762401
v -0.011632 -0.178386 -0.752413
v -0.012433 -0.179777 -0.754037
v 0.006223 0.124411 -0.460986
v 0.006564 0.105367 -0.448186
v 0.006880 0.105305 -0.485653
v 0.007990 0.063966 -0.017734
v -0.607120 0.062270 -0.625982
v -0.614549 0.061997 -0.591497
v -0.582869 0.062397 -0.584107
v 0.023730 0.063699 0.012442
v 0.023779 0.063675 0.071318
v 0.032020 0.063760 0.044911
v -0.554678 0.060909 -0.445288
v -0.555488 0.060270 -0.449651
v -0.546178 0.060262 -0.428407
v -0.116355 0.059632 0.268407
v -0.068418 0.059588 0.264847
v -0.071773 0.059629 0.308587
v -0.004877 0.058952 -0.064936
v -0.004827 0.058964 -0.100137
v 0.000407 0.059295 -0.100697
v 0.281966 0.061899 0.190404
v 0.274433 0.061211 0.207529
v 0.277549 0.060617 0.199247
v 0.025977 0.063661 0.135441
v 0.032072 0.063711 0.093450
v -0.527500 0.062264 -0.800366
v -0.534349 0.062034 -0.835428
v -0.006618 0.010046 -0.505836
v -0.217688 0.059633 -0.625650
v -0.166712 0.059616 -0.654726
v -0.489697 0.062226 -0.302766
v -0.494781 0.061785 -0.311224
v -0.494682 0.060739 -0.311334
v -0.490166 0.061309 -0.299961
v -0.007284 -0.163994 -0.346595
v -0.007137 -0.169750 -0.332167
v 0.282692 0.059942 -0.024656
v 0.007847 0.063263 0.718539
v 0.016422 0.063052 0.743434
v 0.015825 0.063042 0.696544
v -0.160321 0.059872 0.395463
v -0.128912 0.059761 0.383660
v -0.124938 0.059822 0.441610
v -0.014373 -0.157686 -0.530207
v -0.014319 -0.155865 -0.593303
v -0.013829 -0.169795 -0.577816
v 0.705856 0.061675 -0.797641
v 0.713399 0.061024 -0.813513
v 0.706569 0.062137 -0.808862
v 0.606937 0.062274 -0.577163
v 0.605608 0.061300 -0.571601
v 0.614386 0.061917 -0.591292
v -0.013506 -0.179677 -0.591259
v -0.012953 -0.186395 -0.588112
v -0.013366 -0.184570 -0.562444
v -0.133641 0.059398 -0.383871
v -0.097685 0.059385 -0.422391
v -0.074295 0.059356 -0.363324
v -0.036914 0.084507 -0.345105
v -0.036456 0.079133 -0.368208
v 0.040551 0.063122 0.566927
v 0.074383 0.062909 0.584134
v 0.088031 0.062923 0.547529
v -0.168553 0.061591 0.488467
v -0.161801 0.061697 0.508986
v -0.158565 0.062005 0.510965
v -0.166159 0.061965 0.489318
v -0.032251 0.115661 -0.004845
v -0.022845 0.115048 0.009683
v 0.197857 0.062496 0.400861
v 0.193236 0.062409 0.416214
v 0.199682 0.061781 0.402674
v 0.216405 0.060126 -0.813433
v 0.190314 0.060287 -0.835871
v -0.019426 0.068526 0.769093
v -0.013218 0.070868 0.759497
v -0.578589 0.061011 -0.499855
v -0.569361 0.060821 -0.478585
v -0.569283 0.061903 -0.478212
v 0.324300 0.059962 -0.712089
v 0.333987 0.060088 -0.769765
v 0.371936 0.060076 -0.754162
v -0.122999 0.060075 -0.835715
v -0.073469 0.060087 -0.835886
v -0.111911 0.059967 -0.820158
v 0.007167 0.106686 -0.378242
v 0.006731 0.088099 -0.398321
v -0.032968 0.140612 -0.437839
v -0.032439 0.140555 -0.463405
v -0.014926 0.171681 -0.998908
v -0.012758 0.170618 -0.992185
v -0.013186 0.163954 -0.992185
v -0.015902 0.163989 -0.998650
v -0.017134 0.171031 -0.805167
v -0.011917 0.169288 -0.777215
v -0.001988 0.171101 -0.808281
v -0.023961 0.059262 -0.008769
v -0.018394 0.058950 -0.017939
v -0.017382 0.058983 0.012236
v -0.081430 0.062894 0.355793
v -0.123493 0.062651 0.375326
v -0.089401 0.062739 0.423634
v -0.130305 0.063119 0.089110
v -0.087740 0.063168 0.131953
v -0.091933 0.063194 0.097610
v 0.003236 0.163711 -0.711538
v 0.003478 0.162363 -0.718979
v 0.002842 0.166537 -0.739547
v -0.007389 0.156815 -0.970754
v -0.009189 0.162992 -0.968350
v -0.006153 0.162724 -0.968389
v 0.000291 0.083637 0.488385
v 0.005970 0.084022 0.487836
v 0.005393 0.086143 0.464075
v -0.003184 0.173281 -0.843364
v -0.005124 0.026539 -0.250143
v -0.005764 0.022723 -0.211537
v -0.005472 0.012267 -0.234951
v -0.005074 0.059001 0.409803
v -0.005350 0.058969 0.338982
v 0.000146 0.059383 0.371137
v 0.002947 0.070313 -0.606454
v 0.002955 0.065216 -0.572199
v -0.006145 0.059271 -0.782257
v -0.006467 0.059156 -0.730328
v -0.009203 0.054685 -0.728554
v -0.008674 0.054679 -0.777040
v 0.612338 0.060356 -0.640266
v 0.622699 0.060387 -0.661162
v 0.644295 0.060389 -0.667092
v -0.009995 -0.103182 -0.898631
v -0.010379 -0.124764 -0.856210
v -0.010726 -0.144128 -0.884802
v 0.003748 0.065615 -0.154508
v 0.008044 0.063975 -0.122359
v 0.007959 0.063921 -0.184865
v -0.017486 0.054597 -0.279215
v -0.017852 0.038846 -0.286490
v 0.276693 0.062149 0.202289
v 0.268558 0.060862 0.221043
v -0.013062 0.053757 0.246733
v -0.014568 0.046547 0.228657
v -0.012889 0.046453 0.262288
v -0.083169 0.062682 0.509010
v -0.057728 0.062873 0.549358
v -0.039099 0.063094 0.547257
v -0.039613 0.063100 0.510471
v -0.292631 0.059617 -0.469669
v -0.247876 0.059543 -0.453239
v -0.255116 0.059542 -0.420575
v -0.440698 0.062912 -0.624567
v -0.399343 0.062996 -0.625128
v -0.417199 0.062877 -0.667771
v -0.000357 0.086444 0.456268
v -0.069141 0.062124 0.776767
v -0.059213 0.062279 0.796754
v -0.045095 0.062569 0.794869
v 0.019024 0.060022 0.731463
v 0.032420 0.060029 0.690588
v 0.046509 0.060173 0.724688
v 0.007797 0.078222 0.174266
v 0.006560 0.072536 0.180293
v 0.006146 0.072414 0.151308
v 0.007517 0.078235 0.159217
v 0.000693 0.059656 0.622064
v 0.030085 0.059900 0.605223
v 0.026955 0.059928 0.644915
v 0.029845 0.059701 -0.736397
v 0.093613 0.059777 -0.740244
v 0.075332 0.059673 -0.709214
v 0.307295 0.062102 0.125189
v 0.307186 0.061016 0.124983
v 0.314000 0.061945 0.108945
v -0.401448 0.062768 -0.713657
v -0.356274 0.062892 -0.688987
v -0.353191 0.062700 -0.737536
v -0.520800 0.062005 -0.371021
v -0.481230 0.062488 -0.368175
v -0.502734 0.062350 -0.392302
v -0.082490 0.059402 -0.087409
v -0.140817 0.059451 -0.144611
v -0.071514 0.059396 -0.123644
v -0.341583 0.060025 0.033820
v -0.331903 0.059938 0.048517
v -0.333500 0.060084 0.055170
v -0.338331 0.060599 0.047714
v -0.212729 0.059921 0.288793
v -0.179890 0.059740 0.251594
v -0.155747 0.059763 0.307312
v -0.007874 0.054694 0.202091
v -0.006023 0.036964 0.230668
v -0.006151 0.037631 0.196737
v 0.002633 0.167315 -0.747823
v 0.002798 0.156083 -0.738158
v -0.042759 0.060078 0.784716
v -0.023556 0.059942 0.777893
v -0.023892 0.059870 0.823079
v 0.063247 0.062180 0.786324
v 0.066867 0.061684 0.784436
v 0.073889 0.061598 0.763756
v 0.069478 0.062303 0.762619
v -0.017542 0.023499 -0.292033
v -0.017617 0.015280 -0.324981
v -0.017345 0.000636 -0.288485
v 0.380645 0.063162 -0.333927
v 0.441599 0.062826 -0.312801
v 0.436435 0.062956 -0.364107
v -0.165643 0.059433 -0.273352
v -0.136429 0.059395 -0.307605
v -0.015562 -0.097727 -0.666202
v -0.014663 -0.136942 -0.692872
v -0.014688 -0.139129 -0.655476
v -0.005582 -0.132544 -0.181533
v -0.004950 -0.131167 -0.126398
v -0.005018 -0.140107 -0.132053
v -0.005454 -0.140413 -0.177058
v -0.008598 0.066572 0.839592
v -0.006246 0.064963 0.843603
v -0.005952 0.064765 0.829641
v -0.038962 0.063458 -0.311285
v -0.035044 0.065175 -0.314986
v 0.099702 0.059515 -0.545942
v 0.067302 0.059510 -0.584867
v 0.118015 0.059568 -0.585055
v 0.001326 0.156664 -0.850405
v -0.036037 0.113417 -0.360869
v -0.035190 0.123544 -0.369945
v -0.035158 0.120845 -0.380565
v 0.210491 0.061898 0.373559
v 0.204571 0.060943 0.389147
v 0.212389 0.060938 0.368199
v -0.012125 -0.004691 0.294972
v -0.011646 -0.026836 0.323471
v -0.011742 -0.006702 0.339597
v -0.010765 0.176389 -0.965244
v -0.002372 0.177028 -0.966586
v -0.003389 0.176741 -0.981917
v -0.009681 0.175969 -0.984790
v -0.009631 -0.057584 0.388691
v -0.008800 -0.074186 0.366562
v -0.008198 -0.070285 0.403671
v -0.158998 0.063459 -0.412061
v -0.123602 0.063481 -0.369531
v -0.109426 0.063472 -0.420409
v -0.010584 0.027840 0.477664
v -0.010432 0.006809 0.470972
v -0.009870 -0.007945 0.497849
v -0.014077 -0.063725 -0.919065
v -0.013983 -0.040688 -0.933140
v -0.013583 -0.081009 -0.940527
v -0.036469 0.094054 -0.440078
v -0.326202 0.061987 0.077862
v -0.322862 0.061686 0.086347
v -0.315517 0.062012 0.096961
v -0.241938 0.059917 0.281083
v -0.235654 0.059965 0.297121
v -0.239935 0.059983 0.294268
v -0.328586 0.059956 -0.750812
v -0.289991 0.060011 -0.777433
v -0.275650 0.059875 -0.730527
v -0.011257 -0.005574 0.387032
v -0.011108 -0.027575 0.369318
v -0.010471 -0.028645 0.416238
v -0.058725 0.061125 0.812913
v -0.051570 0.060461 0.831615
v -0.051297 0.061006 0.839284
v 0.321836 0.059779 -0.390253
v 0.377002 0.059882 -0.418472
v 0.394068 0.059945 -0.374920
v -0.175387 0.061601 0.467691
v -0.172492 0.061980 0.464564
v 0.582339 0.062591 -0.609488
v 0.599531 0.062487 -0.589111
v 0.612171 0.062433 -0.627864
v -0.000662 0.107567 0.151123
v 0.167624 0.063060 0.284460
v 0.167462 0.062944 0.336552
v 0.192935 0.062852 0.307093
v -0.004877 -0.095296 0.069264
v -0.004536 -0.101325 0.089281
v -0.004550 -0.113133 0.087790
v -0.004685 -0.109074 0.053179
v -0.017250 -0.044728 -0.381027
v -0.016540 -0.082390 -0.408697
v -0.016694 -0.072978 -0.371813
v -0.031263 0.059597 0.284549
v -0.015995 0.059282 0.286647
v -0.015926 0.059318 0.322891
v -0.006807 0.054687 -0.043432
v -0.006963 0.054687 -0.019999
v -0.006543 0.045754 -0.035923
v -0.031254 0.059419 -0.577306
v -0.024821 0.059467 -0.562075
v -0.025341 0.059451 -0.523589
v -0.014494 -0.031887 0.086660
v -0.014199 -0.053164 0.070817
v -0.013648 -0.051652 0.122580
v -0.030123 0.124905 -0.562294
v -0.031901 0.105426 -0.562513
v -0.015131 0.175267 -0.879024
v -0.012622 0.173903 -0.852929
v -0.003386 0.174862 -0.868439
v 0.000089 0.147372 -0.456070
v -0.000157 0.148821 -0.491412
v -0.010623 -0.141602 -0.831426
v -0.010916 -0.156129 -0.857537
v -0.039175 0.063097 0.383810
v -0.056584 0.063026 0.327083
v 0.507300 0.062684 -0.433550
v 0.545641 0.062596 -0.438403
v 0.552235 0.062563 -0.462246
v 0.161258 0.063385 0.128559
v 0.179758 0.063238 0.177003
v 0.196145 0.063229 0.134557
v -0.009237 -0.150775 -0.492955
v 0.005210 0.068656 -0.043107
v 0.007298 0.072592 -0.030797
v 0.003048 0.074431 0.729773
v 0.001231 0.070371 0.731236
v 0.002414 0.070390 0.719095
v -0.034102 0.108848 -0.019215
v -0.034925 0.097586 0.000366
v 0.159656 0.059517 -0.336285
v 0.202033 0.059575 -0.338805
v -0.009441 -0.067676 -0.912991
v -0.009613 -0.080716 -0.866813
v -0.290025 0.060127 -0.816247
v -0.275113 0.060235 -0.835721
v -0.240549 0.060082 -0.820210
v 0.597485 0.060307 -0.565225
v 0.612096 0.060406 -0.591692
v 0.609466 0.060853 -0.581040
v -0.714235 0.061987 -0.834551
v -0.004992 -0.075937 0.420742
v -0.005396 -0.079354 0.407101
v -0.004268 -0.079661 0.406968
v -0.004250 -0.075536 0.423363
v -0.027539 0.085750 -0.727597
v -0.026235 0.090223 -0.754433
v -0.025729 0.078333 -0.761874
v -0.231759 0.063284 -0.251617
v -0.198118 0.063319 -0.192778
v -0.147124 0.061976 0.544286
v -0.134756 0.062156 0.550653
v -0.013529 0.037651 0.258513
v -0.012854 0.034848 0.271890
v 0.279755 0.060331 0.189703
v 0.281124 0.060290 0.167322
v 0.290000 0.060537 0.166585
v 0.285622 0.061031 0.180371
v -0.062619 0.059658 -0.715959
v -0.067096 0.059853 -0.782186
v -0.039082 0.059739 -0.716470
v -0.030721 0.105100 0.219470
v -0.029851 0.105392 0.208398
v -0.030986 0.101403 0.216337
v -0.228366 0.062944 -0.002291
v -0.182976 0.063115 -0.001283
v -0.211575 0.063114 -0.049446
v -0.008362 -0.154764 -0.187459
v -0.006141 -0.156503 -0.189812
v -0.005420 -0.154682 -0.184364
v -0.290867 0.061683 -0.840085
v -0.275291 0.061678 -0.840196
v -0.251350 0.060761 -0.840424
v 0.273616 0.062607 0.205333
v -0.011973 -0.030241 0.286779
v -0.012831 -0.000714 0.264092
v -0.011847 -0.041213 0.280841
v 0.007869 0.062906 -0.739596
v 0.007896 0.063115 -0.708894
v 0.015774 0.062875 -0.715957
v -0.122533 0.061715 0.619700
v -0.109853 0.062073 0.641838
v -0.113027 0.062009 0.624911
v 0.009501 0.061289 0.956602
v 0.008477 0.060350 0.961117
v 0.014313 0.060676 0.943267
v -0.018758 0.038830 -0.530304
v -0.018630 0.040068 -0.593963
v -0.018462 0.031155 -0.530699
v -0.003585 -0.045570 0.454641
v -0.003448 -0.043840 0.478031
v -0.003575 -0.054660 0.472100
v -0.023338 0.090507 0.419550
v -0.011455 0.088160 0.435415
v 0.008926 0.089498 -0.162830
v 0.008779 0.091562 -0.133816
v 0.007745 0.080611 -0.142011
v -0.011260 0.046272 0.365951
v -0.011775 0.046689 0.291857
v -0.011478 0.038385 0.370304
v -0.204352 0.063363 -0.294082
v -0.508767 0.062143 -0.351567
v -0.018807 0.054493 -0.508888
v -0.018436 0.038842 -0.486394
v 0.405409 0.063162 -0.420148
v 0.348091 0.063340 -0.385611
v 0.185476 0.062635 0.409754
v 0.199197 0.062650 0.391252
v 0.023618 0.063553 -0.128418
v 0.023594 0.063611 -0.054383
v 0.031753 0.063722 -0.062930
v -0.035160 0.070700 -0.303671
v -0.034886 0.064814 -0.303223
v -0.015373 -0.002805 0.016091
v -0.015234 -0.035272 0.001233
v -0.014917 -0.033934 0.038528
v -0.010856 -0.156166 -0.932594
v 0.004600 0.067914 0.041675
v 0.004130 0.065708 0.057051
v 0.006103 0.071567 0.024856
v 0.028981 0.061648 0.898630
v 0.028157 0.060662 0.900701
v 0.035386 0.060706 0.877148
v 0.036136 0.061613 0.875954
v 0.071805 0.063739 -0.295942
v 0.035073 0.063662 -0.243108
v 0.103498 0.063745 -0.258188
v -0.023814 0.070313 -0.779625
v -0.024731 0.064569 -0.808180
v -0.025079 0.064656 -0.776513
v 0.496278 0.062652 -0.389195
v 0.523363 0.062593 -0.419796
v -0.008961 -0.036165 -0.838411
v -0.036290 0.079639 -0.294311
v -0.035337 0.074304 -0.284003
v 0.435563 0.060021 -0.653861
v 0.408875 0.060020 -0.693106
v 0.465629 0.060073 -0.683878
v -0.000229 0.149958 -0.512291
v 0.005324 0.150660 -0.519330
v 0.220256 0.062656 -0.775204
v 0.281430 0.062853 -0.738822
v 0.260638 0.062481 -0.802575
v 0.165704 0.060234 0.424456
v 0.131378 0.059923 0.393021
v 0.183359 0.060247 0.380602
v -0.022380 0.171099 -0.975770
v -0.021999 0.167611 -0.992107
v -0.020544 0.134551 -0.992339
v -0.297434 0.061960 0.139691
v -0.294378 0.062138 0.116257
v -0.031127 0.059795 0.899370
v -0.019134 0.060102 0.868026
v -0.019760 0.059815 0.910098
v 0.250750 0.061745 0.263654
v 0.250662 0.060809 0.263490
v 0.254206 0.060902 0.253935
v -0.045012 0.059331 -0.301459
v -0.031518 0.059155 -0.322816
v -0.021332 0.058958 -0.304572
v -0.035249 0.059267 -0.275884
v -0.007025 -0.038666 0.597135
v -0.006108 -0.043322 0.595395
v 0.004199 0.070385 -0.346038
v 0.003430 0.065128 -0.346551
v -0.007301 -0.088174 -0.371788
v -0.007597 -0.125828 -0.349306
v -0.201419 0.059480 -0.442561
v -0.189213 0.059453 -0.401251
v -0.012017 0.155656 -0.992184
v -0.015393 0.155703 -0.998732
v 0.311960 0.062668 0.106669
v -0.190507 0.059977 0.418977
v -0.171255 0.059912 0.427330
v 0.002732 0.136391 -0.781065
v 0.003705 0.123085 -0.737539
v 0.002340 0.123140 -0.794011
v -0.664949 0.062041 -0.692167
v -0.677740 0.061997 -0.720203
v -0.672514 0.060635 -0.710217
v -0.667853 0.060869 -0.698073
v 0.156922 0.062782 0.437005
v 0.173671 0.062744 0.414981
v -0.024020 0.076294 0.670696
v -0.020664 0.069299 0.638310
v -0.020781 0.069263 0.670375
v -0.532417 0.060023 -0.635263
v -0.480781 0.059992 -0.667296
v -0.469973 0.059952 -0.626510
v -0.023597 0.063302 0.703825
v -0.097392 0.060630 0.688983
v -0.100622 0.060338 0.678594
v -0.097557 0.060118 0.666763
v -0.182357 0.062827 0.153449
v -0.231546 0.062449 0.190759
v -0.169946 0.062831 0.182461
v -0.008889 -0.108148 0.200108
v -0.009384 -0.108779 0.180548
v -0.007114 -0.112793 0.185771
v -0.036054 0.061860 0.885834
v -0.023735 0.062551 0.880340
v -0.131297 0.059501 0.051156
v -0.116755 0.059462 0.008828
v -0.089501 0.059458 0.066490
v -0.069580 0.060338 0.771539
v -0.086429 0.061626 -0.841113
v -0.116632 0.062038 -0.835853
v -0.080317 0.062071 -0.835997
v -0.011726 -0.174557 -0.861235
v -0.024699 0.059338 -0.260452
v -0.019734 0.059041 -0.265371
v -0.018166 0.059035 -0.241234
v -0.021595 0.135346 -0.282673
v -0.012180 0.133141 -0.258336
v -0.010706 0.136188 -0.287963
v -0.143575 0.063261 -0.604844
v -0.091925 0.063347 -0.551203
v -0.074303 0.063296 -0.607162
v -0.010761 -0.156098 -0.798623
v 0.007668 0.088652 0.180981
v 0.007677 0.078205 0.189416
v -0.582775 0.062105 -0.510588
v -0.585998 0.060970 -0.515922
v -0.581002 0.061809 -0.504629
v 0.015681 0.063224 0.547753
v 0.015673 0.063094 0.615917
v 0.093742 0.062983 0.492029
v 0.127926 0.062724 0.510429
v -0.001741 0.094231 -0.871205
v -0.000907 0.092914 -0.852148
v -0.002579 0.089296 -0.876438
v -0.016868 -0.006989 -0.240186
v 0.503951 0.060411 -0.835772
v 0.564695 0.060980 -0.840424
v 0.565186 0.060431 -0.835717
v -0.009829 -0.104883 -0.759071
v -0.009912 -0.118907 -0.713401
v -0.010528 -0.146063 -0.760766
v -0.000035 0.059257 -0.137920
v -0.089765 0.061628 0.715391
v -0.084141 0.061949 0.730028
v -0.070841 0.062377 0.718873
v -0.024260 0.164146 -0.867954
v -0.023339 0.143118 -0.884805
v -0.023965 0.143903 -0.849228
v -0.194094 0.063051 -0.669798
v -0.159691 0.062989 -0.695637
v 0.566064 0.062461 -0.492904
v 0.575590 0.061893 -0.503795
v 0.576655 0.062416 -0.511711
v -0.019097 0.059029 -0.104085
v -0.040520 0.059436 -0.115841
v -0.023841 0.059304 -0.126917
v -0.380963 0.062022 -0.053553
v -0.377217 0.061961 -0.044572
v -0.372057 0.062153 -0.063762
v 0.069423 0.059577 0.227137
v 0.081569 0.059563 0.190230
v 0.135579 0.059711 0.195012
v -0.035142 0.070452 -0.280659
v -0.034993 0.065089 -0.280580
v -0.049202 0.062427 -0.823013
v -0.043033 0.062682 -0.785422
v -0.031371 0.062666 -0.808694
v -0.009246 0.059635 0.746021
v -0.007427 0.054686 0.724433
v -0.007069 0.054684 0.769441
v -0.013092 -0.124888 -0.101026
v -0.012214 -0.134767 -0.106856
v -0.011979 -0.134552 -0.094615
v -0.003107 -0.053399 0.528948
v -0.003568 -0.053441 0.543399
v -0.003786 -0.058658 0.515594
v 0.364900 0.059979 -0.225606
v 0.310692 0.059836 -0.220579
v 0.354962 0.059921 -0.266341
v -0.026928 0.082504 0.521441
v -0.025991 0.081747 0.522502
v -0.026041 0.081837 0.533370
v -0.034564 0.087526 0.105108
v -0.004864 0.022676 -0.368491
v -0.003672 -0.051759 0.429599
v -0.003851 -0.062467 0.448497
v -0.003799 -0.070084 0.420848
v -0.017931 0.058976 -0.124203
v -0.015234 0.054739 -0.128584
v -0.595418 0.060249 -0.540970
v -0.599620 0.060126 -0.555869
v -0.585563 0.060115 -0.537371
v 0.033154 0.063612 -0.401530
v 0.057712 0.063706 -0.355644
v 0.090464 0.063711 -0.383695
v 0.471447 0.060324 -0.264612
v 0.481811 0.060950 -0.282694
v 0.477814 0.061832 -0.272611
v 0.471241 0.061093 -0.256999
v -0.029940 0.109045 -0.584095
v -0.029848 0.088815 -0.601173
v -0.031185 0.095703 -0.570049
v -0.003708 0.059120 0.633324
v -0.004690 0.054687 0.636000
v -0.004882 0.054687 0.592934
v -0.003900 0.059075 0.589343
v -0.033040 0.136311 -0.299085
v -0.013043 0.137086 -0.306694
v 0.212821 0.062674 0.327636
v 0.220285 0.062727 0.291757
v 0.068540 0.062858 0.623906
v -0.006154 0.113079 0.064837
v -0.000451 0.111816 0.092679
v 0.682332 0.062310 -0.771418
v 0.673104 0.062376 -0.733708
v 0.685671 0.062162 -0.749008
v -0.004624 0.014740 0.557460
v -0.003877 -0.013952 0.580617
v -0.003612 -0.028767 0.565086
v 0.008191 0.078429 0.072647
v 0.006490 0.071878 0.075956
v 0.006591 0.071703 0.045433
v 0.696406 0.061634 -0.772840
v 0.697344 0.060941 -0.775638
v 0.701039 0.062081 -0.789838
v 0.003436 0.065289 0.424267
v 0.003921 0.065532 0.470572
v 0.007891 0.063778 0.447411
v -0.328658 0.059853 -0.077914
v -0.267592 0.059677 -0.085315
v -0.266820 0.059702 -0.056345
v 0.307373 0.062820 0.056227
v 0.316351 0.062775 0.070830
v 0.332866 0.062712 0.057476
v -0.643633 0.061281 -0.644766
v -0.642053 0.060424 -0.644703
v -0.634923 0.060830 -0.625517
v -0.033250 0.115735 -0.046592
v -0.023619 0.059659 0.598586
v -0.031258 0.059747 0.547831
v -0.023563 0.059557 0.552514
v 0.007940 0.063916 0.473195
v 0.015706 0.063310 0.470526
v 0.035886 0.063661 -0.192590
v 0.031790 0.063685 -0.132635
v 0.051528 0.063725 -0.171484
v -0.023939 0.059350 0.116779
v -0.017411 0.058995 0.088754
v -0.017371 0.058985 0.118839
v -0.017536 0.029966 -0.286017
v -0.016830 0.023194 -0.252529
v -0.287658 0.060478 0.178280
v -0.284173 0.059843 0.181705
v -0.276950 0.059868 0.194967
v -0.564268 0.061284 -0.466289
v -0.559524 0.062043 -0.463532
v 0.007455 0.107824 0.148586
v 0.006848 0.108924 0.128022
v -0.136019 0.060855 0.581188
v -0.127814 0.061032 0.604736
v -0.126370 0.062055 0.604447
v 0.004224 0.147032 -0.443773
v 0.005142 0.145405 -0.420388
v 0.005304 0.145812 -0.442721
v -0.144785 0.062856 0.210671
v 0.278952 0.059705 -0.439541
v 0.294414 0.059733 -0.486679
v 0.327878 0.059783 -0.458686
v -0.273712 0.062323 0.133869
v 0.007849 0.063674 -0.276415
v 0.015652 0.063178 -0.306165
v 0.433689 0.060170 -0.285457
v 0.470389 0.060322 -0.316990
v 0.454625 0.060303 -0.276714
v 0.320331 0.062515 0.092367
v 0.320307 0.061194 0.093481
v -0.009302 0.054701 -0.679650
v 0.004114 0.150083 -0.671633
v 0.004846 0.144344 -0.645767
v 0.004619 0.135856 -0.674378
v -0.004986 -0.148109 -0.164784
v -0.005484 -0.146321 -0.193301
v -0.029819 0.091369 0.183165
v -0.030174 0.079655 0.181864
v -0.030171 0.079977 0.189741
v -0.030340 0.091525 0.189697
v 0.263036 0.060032 0.075971
v 0.214668 0.059834 0.069171
v 0.286100 0.060069 0.033886
v 0.016441 0.062120 0.921245
v 0.012985 0.061879 0.944797
v 0.021234 0.061417 0.921269
v -0.144019 0.062414 0.443590
v -0.139412 0.062331 0.474784
v -0.109644 0.062530 0.470366
v -0.006526 -0.107326 -0.217697
v -0.006186 -0.099383 -0.168179
v -0.006328 -0.121775 -0.204577
v -0.005359 -0.006027 -0.076444
v -0.005432 -0.007350 -0.028572
v -0.005416 -0.039430 -0.039301
v -0.005478 0.037013 0.269375
v -0.005383 0.036285 0.306208
v -0.005253 0.014205 0.298697
v -0.019256 0.113637 -0.991899
v -0.020281 0.106188 -0.962834
v 0.656099 0.062325 -0.744969
v 0.671067 0.062374 -0.720727
v 0.006131 0.115553 -0.594082
v 0.005905 0.098212 -0.604243
v -0.703422 0.061939 -0.834786
v -0.706211 0.061992 -0.796212
v -0.671534 0.062124 -0.804070
v -0.011635 0.058860 0.278504
v -0.011298 0.058926 0.303910
v -0.246160 0.063346 -0.430621
v -0.233384 0.063354 -0.385741
v -0.198375 0.063422 -0.442693
v -0.000287 0.062106 -0.842172
v 0.000194 0.063214 -0.835356
v 0.007626 0.062613 -0.836236
v 0.011816 0.062364 -0.842543
v -0.016284 -0.062006 -0.654299
v -0.016491 -0.036548 -0.698818
v -0.015638 -0.083384 -0.712060
v -0.031259 0.062864 0.612775
v -0.023709 0.063498 0.619477
v -0.023842 0.063678 0.595549
v -0.255398 0.061776 0.258202
v -0.247956 0.061909 0.255715
v 0.005512 0.073243 -0.295740
v -0.000743 0.176535 -0.927207
v -0.000296 0.176052 -0.924960
v -0.000555 0.176192 -0.936391
v -0.482188 0.060317 -0.835603
v -0.439557 0.060838 -0.839904
v -0.423746 0.060284 -0.835631
v 0.007875 0.078439 0.118407
v 0.007348 0.078306 0.140940
v 0.006280 0.072029 0.120767
v -0.208446 0.059577 -0.061269
v -0.180625 0.059519 -0.092943
v -0.138978 0.059471 -0.044663
v -0.031380 0.063114 -0.602331
v -0.031284 0.062996 -0.662681
v -0.015244 -0.068264 -0.817558
v -0.015134 -0.044662 -0.858847
v -0.014655 -0.088160 -0.857138
v 0.004104 0.065633 0.106290
v 0.007994 0.064065 0.100084
v 0.230638 0.060563 0.316755
v -0.628055 0.062051 -0.616230
v -0.014955 -0.132187 -0.385701
v -0.015119 -0.123420 -0.341825
v 0.010958 0.059515 -0.698473
v 0.032723 0.059617 -0.695227
v 0.026949 0.059514 -0.642242
v -0.029010 0.087513 -0.648278
v -0.028755 0.085618 -0.680063
v -0.028885 0.078381 -0.659164
v -0.139653 0.063195 0.029143
v -0.101978 0.063273 0.030351
v -0.139903 0.063253 -0.008535
v -0.035121 0.087721 0.046601
v -0.035014 0.078844 0.078253
v 0.346999 0.063354 -0.419844
v 0.089035 0.062376 0.708501
v 0.080959 0.062245 0.731501
v 0.088798 0.061869 0.720184
v 0.120637 0.059472 -0.185136
v 0.144535 0.059501 -0.224153
v 0.168638 0.059559 -0.169627
v -0.015391 0.054687 -0.060647
v -0.015765 0.046652 -0.079994
v -0.015624 0.046627 -0.029715
v -0.005808 -0.040402 0.610006
v 0.640523 0.061572 -0.645283
v 0.639754 0.060730 -0.644022
v 0.651398 0.061370 -0.666572
v -0.021463 0.059124 -0.537997
v -0.018941 0.054543 -0.557713
v -0.019037 0.054580 -0.528200
v -0.022177 0.175385 -0.969226
v -0.009703 -0.185850 -0.488953
v -0.009792 -0.185847 -0.474190
v -0.016532 0.013858 -0.852409
v -0.015314 0.004362 -0.907117
v -0.015498 -0.005701 -0.884351
v -0.005737 -0.072300 0.439385
v -0.003820 -0.069443 0.454628
v 0.003862 0.158643 -0.681444
v 0.004124 0.156457 -0.668937
v 0.413445 0.062744 -0.213736
v 0.400368 0.062704 -0.164399
v 0.427659 0.062633 -0.195859
v 0.573912 0.060379 -0.510694
v 0.587287 0.060326 -0.540141
v 0.587694 0.060443 -0.535554
v 0.586318 0.060899 -0.529156
v -0.017991 0.013273 -0.510335
v -0.017336 -0.033743 -0.500908
v -0.017786 0.015479 -0.481021
v -0.457632 0.062114 -0.228842
v -0.462395 0.060906 -0.237930
v -0.457283 0.061124 -0.225999
v 0.004553 0.076428 0.484755
v 0.004493 0.076248 0.501936
v 0.003940 0.065360 0.507384
v -0.180010 0.060794 0.453691
v -0.181414 0.061630 0.450474
v -0.007708 -0.122769 0.105743
v -0.004771 -0.122878 0.105574
v -0.004413 -0.120241 0.131281
v -0.006998 -0.120067 0.129574
v -0.474204 0.060075 -0.278866
v -0.432242 0.059952 -0.290771
v -0.008101 -0.021684 -0.655398
v -0.007816 -0.045104 -0.585723
v -0.008269 -0.051588 -0.635166
v -0.492571 0.060088 -0.316394
v -0.436626 0.059945 -0.321890
v -0.485575 0.060140 -0.295207
v -0.043026 0.059308 -0.352956
v -0.021331 0.059022 -0.340118
v 0.007583 0.081132 -0.233926
v 0.005698 0.071735 -0.217155
v 0.005721 0.071911 -0.236642
v 0.007846 0.059367 -0.574298
v 0.010934 0.059432 -0.658655
v -0.408680 0.062336 -0.157266
v -0.395344 0.062180 -0.114777
v -0.384086 0.062522 -0.150753
v -0.016412 -0.082570 -0.536240
v -0.016056 -0.089861 -0.588767
v -0.015190 -0.132729 -0.529403
v -0.018142 0.038817 -0.372647
v -0.017836 0.031161 -0.404023
v -0.017766 0.028485 -0.363875
v -0.023979 0.171650 -0.910034
v -0.022678 0.150315 -0.929970
v -0.024086 0.078775 0.619232
v -0.020551 0.069112 0.621162
v -0.023913 0.077406 0.642678
v -0.033146 0.121647 -0.122755
v -0.032927 0.123175 -0.147749
v -0.039178 0.063344 0.012216
v -0.079725 0.063262 0.055969
v -0.039171 0.063435 0.032163
v -0.150383 0.063444 -0.472485
v -0.081799 0.063448 -0.455501
v -0.108729 0.063409 -0.508882
v -0.005792 0.016383 0.206797
v -0.005773 0.022133 0.229919
v -0.005178 -0.004486 0.236844
v -0.015590 -0.047365 -0.063107
v -0.015863 -0.046686 -0.089416
v -0.015176 -0.075733 -0.096565
v 0.007184 0.080937 -0.287402
v 0.007199 0.081183 -0.264540
v 0.005453 0.072731 -0.266013
v 0.142988 0.060225 0.488372
v 0.167156 0.060343 0.483208
v -0.017360 -0.017081 -0.604055
v -0.016610 -0.057933 -0.608312
v -0.017002 -0.050423 -0.554081
v -0.541933 0.060077 -0.713862
v -0.503827 0.060045 -0.715027
v -0.540586 0.060050 -0.667002
v 0.201133 0.059825 -0.695905
v 0.244472 0.059887 -0.706829
v 0.254100 0.059828 -0.671507
v -0.013169 -0.181373 -0.728379
v -0.011658 -0.180683 -0.733306
v -0.008194 -0.159894 -0.229759
v -0.008244 -0.163901 -0.261734
v -0.006035 -0.160361 -0.227852
v -0.057445 0.063245 0.081207
v 0.008226 0.124778 -0.151227
v 0.008579 0.123251 -0.132162
v 0.008139 0.117475 -0.133592
v 0.007894 0.116880 -0.155723
v 0.330830 0.059831 -0.306273
v 0.304940 0.059761 -0.351523
v 0.357019 0.059878 -0.332334
v 0.289364 0.062165 -0.836017
v 0.312855 0.062508 -0.799823
v 0.288814 0.061826 -0.840984
v 0.280985 0.060900 -0.841018
v -0.024580 0.079807 0.589630
v -0.012442 -0.185222 -0.466034
v -0.012060 -0.187756 -0.480525
v -0.026243 0.062745 0.842707
v -0.020754 0.063039 0.864002
v -0.019474 0.063542 0.847318
v -0.010359 -0.074024 0.296080
v -0.010625 -0.082778 0.251513
v -0.009693 -0.085881 0.282159
v 0.464654 0.062476 -0.256051
v 0.467227 0.062006 -0.250230
v 0.475811 0.062430 -0.271447
v -0.035182 0.065127 -0.387154
v 0.004474 0.141458 -0.365721
v 0.005749 0.141359 -0.366258
v 0.005311 0.143574 -0.390483
v -0.020159 0.060946 0.952840
v -0.014949 0.060029 0.962711
v -0.015343 0.061311 0.962608
v -0.671283 0.060842 -0.839388
v -0.620223 0.060815 -0.839349
v -0.647706 0.060328 -0.835410
v -0.013410 -0.177695 -0.503110
v -0.013481 -0.179662 -0.531792
v -0.012936 -0.186681 -0.524820
v -0.447762 0.062207 -0.208971
v -0.441529 0.062139 -0.190134
v -0.433487 0.062199 -0.191641
v -0.014789 0.054658 0.191596
v -0.014427 0.054687 0.145719
v -0.015073 0.046332 0.157288
v -0.298981 0.063056 -0.218379
v -0.272601 0.063087 -0.174789
v -0.260579 0.063183 -0.219581
v -0.032948 0.139949 -0.352935
v -0.032165 0.142902 -0.382376
v -0.033770 0.139572 -0.377348
v -0.033843 0.138352 -0.350034
v 0.181808 0.062425 -0.808433
v -0.024495 0.059268 -0.086946
v -0.451373 0.060018 -0.725604
v -0.430382 0.060100 -0.785315
v -0.408714 0.060004 -0.740286
v 0.095897 0.063226 0.374589
v 0.109781 0.063290 0.308034
v -0.004759 0.045957 0.572983
v -0.004748 0.030076 0.543580
v -0.338028 0.059957 -0.002276
v -0.311080 0.059844 -0.039046
v -0.291302 0.059817 -0.005709
v -0.029802 0.153632 -0.604520
v -0.029715 0.154260 -0.623542
v -0.028935 0.148372 -0.624795
v -0.627718 0.061672 -0.609046
v -0.620460 0.061649 -0.592475
v 0.116347 0.060353 0.629758
v 0.098349 0.060267 0.616726
v 0.126625 0.060401 0.605494
v 0.120312 0.060950 0.628151
v -0.179635 0.059474 -0.478302
v -0.148845 0.059455 -0.500887
v -0.126421 0.059428 -0.466418
v -0.600127 0.062020 -0.551906
v -0.597731 0.061930 -0.542182
v -0.578465 0.062188 -0.532876
v -0.077186 0.062643 0.572103
v -0.047264 0.062911 0.586980
v 0.057534 0.063668 0.078781
v -0.009243 0.059440 0.900314
v -0.009760 0.059411 0.919870
v -0.377168 0.060022 -0.049946
v -0.363765 0.059946 -0.067302
v -0.366016 0.059994 -0.030251
v -0.502988 0.061850 -0.333211
v -0.488121 0.062271 -0.337773
v -0.065925 0.059386 -0.166149
v -0.039086 0.059420 -0.203707
v -0.039088 0.059429 -0.157002
v -0.111880 0.059399 -0.254486
v -0.080112 0.059363 -0.276573
v -0.012009 -0.093646 0.120723
v -0.031637 0.107308 0.144690
v 0.194285 0.063430 0.029922
v 0.173615 0.063442 0.065131
v 0.233986 0.063165 0.085844
v 0.004892 0.059720 0.957276
v 0.003371 0.060208 0.927677
v 0.013312 0.060177 0.932943
v 0.003870 0.065834 -0.128101
v 0.007382 0.096180 0.147623
v 0.007244 0.101019 0.124187
v 0.007314 0.107493 0.115614
v 0.231296 0.060020 0.164572
v 0.180436 0.059801 0.138388
v 0.202513 0.059831 0.103336
v 0.074495 0.063763 -0.215190
v -0.039253 0.059977 0.646756
v -0.039157 0.059932 0.602892
v -0.197489 0.059522 -0.140638
v -0.144493 0.059466 -0.097780
v -0.016666 0.058973 0.219828
v -0.013591 0.058606 0.227050
v -0.012970 0.057278 0.240764
v -0.028712 0.069953 0.143885
v -0.028148 0.064905 0.133491
v -0.027948 0.064790 0.160017
v -0.044425 0.063108 0.289385
v -0.047004 0.063142 0.266355
v 0.701941 0.060559 -0.796898
v 0.705786 0.060879 -0.797594
v 0.132749 0.061648 0.593074
v 0.135427 0.060931 0.585557
v -0.436876 0.062025 -0.179178
v -0.432376 0.062208 -0.174536
v -0.039066 0.063316 -0.036611
v -0.055025 0.063310 -0.024700
v -0.037160 0.063418 -0.023540
v -0.057243 0.061840 0.817983
v -0.010926 -0.117062 0.076520
v -0.011540 -0.117733 0.040749
v -0.010086 -0.124312 0.051021
v -0.013585 -0.156176 -0.836190
v -0.013298 -0.156205 -0.882592
v -0.013167 -0.164047 -0.884775
v -0.013274 -0.171625 -0.845106
v 0.000261 0.150585 -0.892577
v 0.000166 0.146347 -0.887077
v -0.000372 0.135909 -0.898448
v -0.001814 0.076281 0.675364
v 0.004149 0.075746 0.656907
v -0.023247 0.092964 0.382975
v -0.012396 0.091747 0.400319
v -0.000718 0.092305 0.394629
v 0.660797 0.062146 -0.689107
v 0.659086 0.060288 -0.685383
v 0.665945 0.061301 -0.698928
v 0.223985 0.059959 -0.751524
v -0.006652 0.006147 0.743736
v -0.005916 -0.004169 0.742179
v -0.006036 0.002722 0.767881
v -0.031525 0.063425 -0.569835
v -0.027747 0.064984 -0.570359
v -0.027413 0.064825 -0.597980
v -0.018203 0.038806 -0.341624
v 0.152313 0.062013 0.533674
v 0.009627 0.081153 -0.098841
v 0.007453 0.072075 -0.092141
v 0.008037 0.072221 -0.110436
v 0.130958 0.059789 0.268583
v 0.197594 0.060000 0.241914
v 0.184151 0.060032 0.294523
v -0.007373 0.035709 -0.863394
v -0.280988 0.060868 0.195931
v -0.272053 0.061626 0.219507
v -0.280178 0.061937 0.195299
v 0.030690 0.062157 0.878635
v 0.036732 0.062198 0.862348
v -0.594859 0.060148 -0.727031
v -0.556974 0.060150 -0.766817
v -0.012956 -0.167644 -0.374063
v -0.012955 -0.171818 -0.411867
v -0.012037 -0.175543 -0.386227
v -0.105086 0.062490 0.542233
v -0.115983 0.062272 0.571184
v 0.327985 0.062477 0.073645
v 0.002994 0.065400 -0.456578
v 0.007848 0.063661 -0.435956
v 0.385513 0.062443 -0.068059
v 0.377066 0.062382 -0.045032
v 0.386618 0.061675 -0.064579
v -0.236985 0.062524 0.149401
v -0.036170 0.086253 -0.452687
v -0.035294 0.078930 -0.453823
v -0.035639 0.076343 -0.434569
v 0.695082 0.062169 -0.812811
v 0.027995 0.063185 -0.661198
v 0.025354 0.062913 -0.741072
v 0.356721 0.061860 0.008050
v 0.354722 0.060948 0.012676
v 0.363107 0.060667 -0.008498
v -0.021374 0.061783 0.944102
v -0.019056 0.062601 0.935488
v -0.197004 0.060162 0.403008
v -0.193291 0.059969 0.392266
v 0.004202 0.075694 0.518504
v 0.003741 0.065174 0.537150
v -0.004388 -0.077347 0.205075
v -0.004115 -0.085759 0.247655
v -0.219035 0.059909 0.348258
v -0.186530 0.059892 0.343179
v -0.003905 -0.012467 0.629118
v -0.004117 -0.002122 0.659789
v -0.004143 -0.023274 0.661451
v -0.032748 0.134451 -0.280020
v -0.032591 0.132965 -0.263976
v 0.186999 0.059715 -0.641113
v 0.229804 0.059739 -0.625527
v 0.006530 0.116356 -0.030847
v 0.006501 0.117511 -0.051374
v -0.037861 0.059590 0.218845
v -0.039387 0.059564 0.183847
v 0.000284 0.163420 -0.922899
v -0.004792 -0.001839 0.383663
v -0.004119 -0.035757 0.406299
v -0.004316 -0.036419 0.367365
v 0.168865 0.059836 0.208794
v -0.374949 0.059993 -0.753755
v -0.311560 0.059837 -0.693931
v -0.365722 0.059893 -0.695143
v -0.027371 0.076269 0.345593
v -0.027858 0.081990 0.312977
v -0.027006 0.069862 0.303066
v -0.008405 0.038005 -0.695313
v -0.008460 0.037894 -0.719352
v -0.005837 -0.114886 -0.156085
v -0.007809 -0.077955 0.383989
v -0.006550 -0.082667 0.382528
v -0.005401 -0.081733 0.395026
v -0.007012 -0.076536 0.406878
v -0.005300 -0.115589 -0.096697
v -0.008560 -0.091591 -0.572311
v -0.009517 -0.129781 -0.587673
v -0.009084 -0.100004 -0.626766
v -0.010857 0.054778 0.320135
v -0.006562 -0.069114 -0.286254
v -0.006970 -0.086212 -0.322769
v 0.004569 0.080856 0.520206
v 0.004019 0.079197 0.528719
v -0.007929 0.128635 -0.973390
v -0.008111 0.114080 -0.967545
v -0.009833 0.123179 -0.984888
v 0.043708 0.061675 0.850941
v 0.040510 0.060484 0.855743
v 0.051490 0.061034 0.828450
v 0.053020 0.061760 0.824660
v -0.012294 -0.122458 -0.992162
v -0.012176 -0.098761 -0.997646
v -0.012004 -0.163818 -0.994417
v -0.007976 0.054687 0.220728
v -0.035157 0.079281 -0.519100
v 0.006210 0.093792 -0.592402
v 0.005378 0.078843 -0.597570
v 0.032622 0.059434 -0.452687
v 0.068881 0.059453 -0.472800
v 0.084620 0.059447 -0.443720
v 0.599459 0.060404 -0.561302
v -0.196634 0.063264 -0.129333
v -0.166442 0.063272 -0.078221
v -0.137705 0.063349 -0.093711
v 0.224783 0.062441 0.328796
v 0.219010 0.061581 0.350170
v 0.007795 0.090274 0.122941
v -0.197493 0.059672 0.139674
v -0.157634 0.059564 0.100133
v -0.144685 0.059561 0.157242
v 0.524528 0.060154 -0.531818
v 0.524246 0.060138 -0.584842
v -0.018154 0.046664 -0.357402
v -0.017996 0.054686 -0.377359
v 0.438465 0.060005 -0.602933
v 0.487230 0.060077 -0.616333
v 0.484943 0.060071 -0.565633
v -0.007344 0.044793 0.794126
v -0.006676 0.025824 0.787704
v -0.006819 0.032257 0.815217
v -0.005661 0.006208 -0.151525
v -0.005577 0.014798 -0.117156
v -0.005453 -0.006145 -0.131667
v 0.004281 0.149172 -0.491385
v 0.005435 0.146527 -0.473096
v 0.005621 0.147072 -0.500486
v -0.015223 0.017326 0.046185
v -0.015468 0.013509 0.009307
v -0.015809 -0.026650 -0.824862
v -0.015545 -0.018684 -0.863362
v -0.034748 0.132501 -0.368179
v -0.035168 0.122610 -0.401865
v -0.011861 -0.169768 -0.972443
v -0.011539 -0.168668 -0.981147
v -0.012192 -0.171231 -0.940013
v -0.010765 0.065425 0.843500
v 0.627258 0.062423 -0.652049
v 0.644646 0.062180 -0.657114
v 0.643477 0.062447 -0.666476
v -0.331795 0.061758 0.063554
v -0.338469 0.061637 0.047842
v -0.332198 0.060853 0.063284
v -0.279744 0.063225 -0.325681
v -0.328703 0.063059 -0.301642
v -0.289841 0.063144 -0.272331
v -0.004490 -0.103863 0.243922
v -0.004203 -0.092154 0.198424
v -0.029227 0.151028 -0.536851
v -0.016162 0.151002 -0.532934
v -0.024032 0.078367 -0.816061
v -0.023282 0.079715 -0.835880
v -0.022653 0.070313 -0.823955
v -0.013085 -0.185280 -0.615502
v -0.012273 -0.185986 -0.627571
v -0.012123 -0.188826 -0.598508
v -0.020447 0.071142 -0.873011
v -0.020502 0.082549 -0.901754
v -0.019451 0.065175 -0.883141
v -0.302306 0.059687 -0.581431
v -0.273417 0.059695 -0.621625
v -0.249373 0.059603 -0.565926
v 0.387735 0.060231 -0.818207
v 0.406931 0.060363 -0.835782
v 0.423119 0.060255 -0.818204
v -0.161529 0.062377 0.395377
v 0.292663 0.063313 -0.598781
v -0.400140 0.061936 -0.095391
v -0.364352 0.062455 -0.095593
v -0.006207 0.054687 0.400220
v -0.005753 0.054687 0.452077
v -0.005438 0.045583 0.420438
v -0.017902 0.003195 -0.536480
v -0.009304 0.059437 0.701643
v -0.009378 0.059250 0.632302
v -0.007420 0.054687 0.680868
v -0.019372 0.069374 0.755308
v -0.019447 0.065175 0.748898
v -0.019615 0.064999 0.778203
v -0.031265 0.062926 -0.719682
v -0.026354 0.064693 -0.726765
v -0.025532 0.064674 -0.758277
v 0.003450 0.068611 -0.387442
v -0.287030 0.059941 0.136128
v -0.284955 0.059946 0.096633
v -0.259037 0.059873 0.143927
v 0.004614 0.068373 -0.010563
v 0.006843 0.072681 -0.013578
v -0.004489 0.032417 0.876121
v -0.004239 0.040751 0.883729
v -0.005116 0.032921 0.892200
v -0.004742 0.028165 0.870090
v -0.339802 0.062862 -0.200920
v -0.336266 0.062764 -0.145343
v 0.050307 0.059686 0.391505
v 0.076932 0.059690 0.349196
v -0.006140 0.059030 -0.605131
v -0.006058 0.059024 -0.577499
v -0.008632 0.054687 -0.588794
v 0.547071 0.062755 -0.618943
v 0.563659 0.062692 -0.659806
v -0.028837 0.120855 -0.597775
v -0.028909 0.107966 -0.620733
v 0.000166 0.059341 0.266268
v 0.000234 0.059297 0.195101
v 0.019187 0.059514 0.258250
v 0.194052 0.060842 -0.841284
v -0.005081 0.004029 0.273009
v 0.089412 0.063650 -0.495229
v 0.147764 0.063644 -0.468815
v 0.143789 0.063552 -0.543405
v 0.069875 0.060112 0.639522
v 0.282448 0.062444 0.186144
v -0.448914 0.062855 -0.466382
v -0.412629 0.063015 -0.483918
v -0.447838 0.062934 -0.525869
v -0.006956 -0.128155 -0.293412
v -0.007406 -0.147136 -0.340598
v -0.034411 0.132277 -0.293690
v -0.004530 -0.079721 0.153491
v -0.508622 0.062664 -0.688391
v -0.461299 0.062805 -0.669748
v -0.501373 0.062579 -0.732377
v 0.321804 0.063372 -0.333885
v 0.329710 0.063303 -0.291921
v 0.369221 0.059863 -0.532363
v 0.409931 0.059943 -0.557458
v 0.427007 0.059962 -0.501049
v 0.000410 0.063565 -0.782173
v 0.007852 0.062748 -0.767803
v 0.215943 0.059621 -0.236128
v 0.188396 0.059561 -0.254753
v -0.451271 0.059933 -0.410474
v -0.435068 0.059884 -0.446873
v -0.396682 0.059795 -0.409113
v -0.005562 0.046048 0.944429
v -0.004744 0.041926 0.937022
v -0.004386 0.046126 0.944422
v 0.007442 0.106566 0.151218
v -0.006136 -0.136331 -0.225789
v -0.005135 0.045258 -0.368333
v -0.015468 0.038731 0.071273
v -0.015347 0.031156 0.045767
v -0.015215 0.031141 0.088552
v -0.348627 0.061959 0.020043
v -0.341831 0.062043 0.034047
v -0.335908 0.062088 0.023187
v -0.072720 0.059663 0.398877
v 0.215592 0.063589 -0.415992
v -0.012809 -0.170075 -0.916047
v -0.012435 -0.169364 -0.947484
v -0.005440 -0.000076 0.763845
v 0.007003 0.092010 0.404557
v 0.004203 0.089396 0.428147
v 0.005323 0.090251 0.412743
v -0.363367 0.060942 -0.013215
v -0.349485 0.059977 0.011426
v -0.354064 0.060685 0.008134
v -0.168751 0.062686 0.236702
v -0.144789 0.062667 0.312023
v -0.112565 0.062911 0.252410
v -0.392705 0.062021 -0.835646
v -0.369173 0.062036 -0.835648
v -0.369189 0.061703 -0.839935
v -0.023879 0.105968 -0.831195
v -0.023387 0.103609 -0.846822
v -0.024327 0.089119 -0.818959
v 0.042258 0.060911 0.855598
v -0.011289 -0.038409 0.334252
v -0.010422 -0.037506 0.400591
v 0.016685 0.059505 0.296944
v 0.032913 0.059601 0.272840
v 0.587821 0.062464 -0.559356
v 0.599615 0.062273 -0.561030
v -0.208040 0.062735 -0.748322
v -0.137679 0.062824 -0.740620
v -0.082231 0.059498 0.185088
v -0.106206 0.059486 0.116269
v -0.067373 0.059477 0.132734
v -0.428102 0.062533 -0.263079
v -0.366498 0.062867 -0.275000
v -0.400494 0.062757 -0.299381
v -0.487212 0.060134 -0.781524
v -0.497421 0.060210 -0.812605
v -0.450484 0.060201 -0.821166
v 0.007035 0.091965 0.364317
v 0.007255 0.093411 0.385775
v 0.005532 0.075303 0.356422
v 0.008491 0.089859 -0.071373
v 0.007747 0.099794 -0.049802
v 0.008367 0.090291 -0.055370
v 0.315161 0.059881 -0.670355
v 0.067205 0.059405 -0.189969
v 0.034531 0.059398 -0.233685
v 0.080521 0.059412 -0.240859
v 0.007432 0.109260 0.042788
v 0.007290 0.108605 0.072835
v 0.007561 0.099619 0.079195
v -0.023682 0.059517 0.462436
v -0.221224 0.062266 -0.810318
v -0.263202 0.062496 -0.782767
v -0.210638 0.062507 -0.782277
v -0.029141 0.070354 -0.573963
v 0.480314 0.060322 -0.291713
v 0.000170 0.062732 0.861850
v 0.013186 0.062444 0.897512
v 0.014663 0.062661 0.842149
v -0.008471 0.046123 -0.620859
v -0.007808 0.038119 -0.599350
v -0.008101 0.038156 -0.650230
v 0.348831 0.062548 -0.790371
v 0.393900 0.062454 -0.801085
v 0.522407 0.060873 -0.376463
v 0.527032 0.060347 -0.390404
v 0.530113 0.061744 -0.393186
v -0.004179 0.054670 0.831311
v -0.004157 0.043063 0.847289
v -0.004154 0.041096 0.808384
v -0.013610 -0.147495 -0.285696
v -0.014605 -0.133489 -0.320183
v -0.013684 -0.148305 -0.304627
v -0.013833 0.022334 -0.966872
v -0.012308 0.011665 -0.986580
v -0.013096 -0.000755 -0.971887
v -0.008015 0.012329 -0.844609
v 0.213526 0.063481 -0.550993
v 0.181885 0.063438 -0.591354
v -0.007319 0.169467 -0.968559
v -0.007670 0.170252 -0.983630
v -0.005114 0.162542 -0.981479
v -0.005520 0.058937 0.166490
v -0.005494 0.058921 0.123247
v 0.000236 0.059264 0.149069
v -0.014690 -0.065046 -0.876247
v -0.013825 -0.109437 -0.908168
v 0.000520 0.059590 0.571321
v 0.027895 0.059856 0.557966
v -0.012115 0.078828 0.573406
v -0.000462 0.078772 0.578291
v -0.000251 0.080374 0.545531
v -0.012679 0.081200 0.528353
v 0.002721 0.065382 -0.502133
v 0.002380 0.065671 -0.514021
v 0.288340 0.062402 0.171116
v 0.295639 0.061857 0.154632
v -0.019534 0.099808 -0.974127
v -0.007972 0.020015 -0.627122
v -0.097593 0.061925 0.689150
v 0.379268 0.060860 -0.046726
v 0.384001 0.060300 -0.062027
v 0.506385 0.060269 -0.808495
v 0.553189 0.060288 -0.807280
v -0.005485 0.059605 -0.841561
v -0.045368 0.062168 0.849348
v -0.042690 0.061674 0.867475
v -0.037912 0.062012 0.852480
v 0.023600 0.063441 -0.269493
v 0.032811 0.063637 -0.288922
v -0.034672 0.087192 0.087969
v 0.008146 0.101733 -0.344903
v 0.008051 0.088299 -0.348736
v 0.007945 0.088643 -0.362091
v 0.234686 0.062941 -0.726478
v 0.228369 0.063175 -0.671567
v 0.283319 0.063107 -0.675476
v 0.092652 0.063682 -0.445578
v 0.145071 0.063670 -0.427626
v 0.322703 0.063195 -0.633777
v 0.128000 0.060004 0.444199
v 0.160314 0.060298 0.461514
v -0.033528 0.071831 0.028498
v -0.029190 0.065870 0.028752
v -0.004353 0.061195 0.985888
v -0.000897 0.060251 0.989037
v 0.003308 0.060683 0.975383
v -0.021881 0.126170 -0.936322
v -0.022550 0.126336 -0.908356
v -0.016632 0.027181 -0.242015
v 0.167227 0.063084 -0.708362
v -0.004918 -0.050326 0.157721
v 0.310194 0.060316 0.064735
v 0.292675 0.060273 0.093198
v 0.315536 0.060671 0.103611
v -0.005398 0.058948 -0.236935
v -0.007303 0.054687 -0.218218
v -0.006662 0.054668 -0.246208
v -0.566147 0.060110 -0.589703
v -0.548991 0.060081 -0.554943
v -0.008723 0.030497 0.635947
v -0.009315 0.031696 0.569517
v -0.009099 0.017657 0.574571
v -0.008481 0.011463 0.622383
v -0.024000 0.075871 0.696218
v -0.021714 0.076151 0.695097
v -0.021770 0.076523 0.676596
v 0.251980 0.059668 -0.498346
v -0.004485 0.018136 0.661001
v -0.031454 0.063055 0.195650
v -0.027519 0.064773 0.198826
v 0.067440 0.063439 0.284863
v 0.113733 0.063340 0.261676
v 0.093997 0.063443 0.232551
v -0.010392 -0.131985 -0.019294
v -0.008312 -0.137123 -0.032642
v -0.007247 -0.136487 -0.019262
v -0.015520 0.031166 0.010637
v -0.005220 -0.067856 0.052090
v -0.005055 -0.085078 0.068926
v -0.005280 -0.084854 0.020837
v -0.034080 0.064422 -0.285737
v -0.034907 0.064836 -0.295584
v 0.009261 0.090282 -0.120479
v 0.009744 0.089282 -0.109177
v 0.009106 0.081274 -0.118411
v 0.421964 0.063058 -0.629849
v 0.535349 0.060298 -0.408056
v -0.048805 0.063282 0.117530
v -0.038984 0.063385 0.095904
v -0.005004 -0.132390 -0.017832
v -0.005282 -0.135624 -0.005194
v -0.005147 -0.137380 -0.022826
v -0.014603 0.006418 0.140895
v -0.014055 -0.032223 0.130221
v -0.014104 -0.009043 0.171464
v 0.456523 0.062623 -0.275891
v -0.121258 0.059639 -0.700219
v -0.093987 0.059749 -0.747934
v -0.025335 0.081263 0.551175
v -0.022965 0.073892 0.532710
v -0.022470 0.073252 0.552348
v 0.006867 0.095517 0.361295
v 0.006873 0.113271 0.043905
v 0.006633 0.112794 0.059731
v -0.651627 0.061640 -0.839384
v -0.006056 -0.104068 0.259537
v -0.005470 -0.106919 0.241237
v -0.004633 -0.104634 0.257366
v -0.015570 -0.010917 -0.017185
v -0.015786 -0.027916 -0.057702
v -0.478666 0.062517 -0.756157
v -0.444668 0.062750 -0.703164
v -0.410480 0.062608 -0.750228
v -0.016394 -0.088278 -0.472441
v -0.015162 -0.135355 -0.497912
v -0.004191 -0.045764 0.585530
v -0.004337 -0.040098 0.611237
v -0.005245 -0.045740 0.586874
v -0.006207 0.110112 0.119037
v -0.035159 0.070415 -0.295912
v -0.024105 0.175549 -0.891356
v -0.008514 0.175799 -0.899805
v 0.002012 0.147690 -0.815593
v 0.001638 0.138339 -0.840878
v -0.065491 0.063394 -0.480973
v -0.047122 0.063243 -0.459074
v -0.004084 0.054638 0.878675
v 0.003744 0.065228 -0.099901
v 0.007996 0.064001 -0.088546
v -0.021084 0.082071 0.516635
v -0.009354 -0.101517 0.223864
v -0.008059 -0.106760 0.226925
v -0.014835 0.039141 0.225555
v -0.015159 0.038744 0.185920
v -0.014785 0.027902 0.180648
v -0.014470 0.027160 0.215845
v 0.194982 0.060214 0.340343
v 0.216636 0.060235 0.302814
v -0.027346 0.078291 -0.729434
v -0.028582 0.078293 -0.684246
v -0.011840 0.008446 -0.996772
v -0.011876 -0.010127 -0.996424
v 0.023603 0.063440 -0.339610
v 0.031786 0.063609 -0.321784
v -0.202248 0.062334 0.307527
v -0.206028 0.062074 0.349351
v -0.186797 0.062359 0.334902
v -0.211350 0.062742 0.120799
v -0.164416 0.062973 0.111122
v 0.094522 0.061773 0.702962
v 0.089786 0.060953 0.716473
v 0.093480 0.060730 0.703784
v -0.003746 -0.019325 0.604075
v -0.004130 -0.033963 0.616743
v -0.003996 -0.041739 0.592449
v -0.014288 -0.158195 -0.483856
v -0.148809 0.061682 0.548045
v -0.008172 0.004460 -0.880861
v -0.006527 -0.034708 -0.388638
v -0.010995 -0.189834 -0.510547
v -0.010236 -0.186537 -0.509695
v 0.117930 0.063625 0.036843
v 0.092593 0.063611 0.096446
v 0.138398 0.063529 0.076284
v -0.003696 -0.038551 0.562910
v -0.009484 0.059105 0.565604
v -0.007815 0.054687 0.596750
v 0.451204 0.062322 -0.219947
v 0.452869 0.061596 -0.218845
v 0.459524 0.062291 -0.238461
v -0.012785 -0.140651 -0.178314
v -0.011265 -0.147682 -0.172316
v -0.010533 -0.147345 -0.155698
v 0.082040 0.061732 0.739292
v 0.086423 0.061018 0.726649
v -0.013525 -0.037021 0.168014
v -0.023626 0.059541 0.509135
v -0.015934 0.059473 0.510184
v -0.015854 0.059544 0.553357
v -0.006250 -0.108925 0.225510
v -0.004836 -0.110270 0.217860
v -0.004737 -0.106904 0.240317
v -0.292998 0.059605 -0.353015
v -0.331470 0.059656 -0.400394
v -0.300355 0.059606 -0.406211
v 0.040687 0.060086 -0.835762
v -0.025144 0.073315 0.417501
v -0.025649 0.064538 0.414253
v -0.025673 0.064507 0.448830
v -0.025221 0.073502 0.442746
v 0.004508 0.069602 0.239540
v 0.003845 0.065448 0.272308
v 0.004068 0.065503 0.226537
v -0.010886 -0.045357 0.349995
v -0.010260 -0.045943 0.388950
v 0.242479 0.063371 -0.593180
v 0.285196 0.063434 -0.531280
v -0.569644 0.060142 -0.485785
v 0.240003 0.062751 0.235681
v 0.260640 0.062757 0.206445
v 0.233729 0.062861 0.211645
v 0.506079 0.062405 -0.342185
v 0.511711 0.061789 -0.351633
v 0.513380 0.062338 -0.358318
v 0.507746 0.062559 -0.368689
v 0.500748 0.060134 -0.717681
v -0.003939 -0.077899 0.285900
v -0.003947 -0.087601 0.290322
v 0.446720 0.063039 -0.594074
v 0.486092 0.062938 -0.553909
v 0.485397 0.062920 -0.631189
v -0.016004 0.038804 -0.100911
v -0.015912 0.038812 -0.052568
v -0.027088 0.083972 0.401250
v -0.025928 0.071380 0.389417
v -0.032817 0.135068 -0.480958
v -0.031592 0.141888 -0.497412
v -0.034672 0.117132 -0.498347
v 0.183250 0.063567 -0.508956
v 0.008664 0.095796 -0.227338
v 0.008588 0.092960 -0.210400
v 0.008428 0.088859 -0.225630
v -0.457839 0.062521 -0.321998
v 0.065305 0.063667 -0.423447
v -0.674382 0.060354 -0.718281
v -0.674712 0.060273 -0.737944
v -0.666371 0.060241 -0.703433
v -0.004913 0.045900 0.538057
v -0.108919 0.061917 0.655989
v -0.108964 0.060934 0.655891
v -0.103533 0.061747 0.673062
v 0.004406 0.153677 -0.590085
v 0.002125 0.152900 -0.571904
v 0.005383 0.152698 -0.579044
v -0.011366 -0.064542 0.264556
v -0.011060 -0.057400 0.304018
v 0.006501 0.109216 -0.566520
v 0.006928 0.112268 -0.542176
v 0.006909 0.086490 -0.548946
v -0.030801 0.146449 -0.444554
v -0.031478 0.145460 -0.445430
v -0.031545 0.145672 -0.430581
v -0.028148 0.097632 0.333311
v -0.028553 0.097975 0.324827
v -0.028448 0.093597 0.335104
v 0.003182 0.065631 -0.236142
v 0.003181 0.065653 -0.229628
v -0.015983 0.059398 0.455642
v -0.010200 0.059006 0.490297
v -0.003096 0.069357 -0.830067
v -0.002988 0.068597 -0.798638
v -0.003733 0.064970 -0.834586
v -0.023658 0.175646 -0.926284
v -0.212379 0.060671 0.369797
v -0.207951 0.060006 0.371563
v -0.009422 -0.093720 0.254897
v -0.008737 -0.101343 0.245087
v -0.479373 0.061724 -0.839954
v -0.498355 0.062039 -0.835593
v -0.470521 0.062012 -0.835648
v -0.359664 0.060124 -0.011426
v -0.013071 -0.072730 -0.968001
v -0.012584 -0.072970 -0.984101
v -0.012653 -0.112585 -0.976371
v 0.068203 0.063742 -0.110876
v 0.090792 0.063758 -0.162202
v 0.178084 0.060732 0.460252
v 0.170713 0.060798 0.483728
v -0.004151 -0.099796 0.287130
v -0.372022 0.062938 -0.325948
v -0.334199 0.063107 -0.350034
v -0.485815 0.061633 -0.289346
v -0.478673 0.062243 -0.277555
v -0.024164 0.059594 -0.699804
v -0.019843 0.059202 -0.704106
v -0.020265 0.059160 -0.671493
v -0.378261 0.060105 -0.797506
v -0.111011 0.060343 0.645184
v 0.007596 0.088000 0.158870
v -0.399299 0.060820 -0.093653
v -0.403708 0.060599 -0.104892
v -0.400952 0.060059 -0.104298
v -0.404495 0.059816 -0.467367
v -0.007188 0.054687 -0.496529
v -0.006504 0.054687 -0.461552
v -0.006369 0.045920 -0.483509
v 0.179028 0.062622 0.448353
v -0.500819 0.060029 -0.440525
v -0.484209 0.059969 -0.492991
v -0.010593 0.169707 -0.968513
v -0.004145 0.054414 0.898338
v -0.004309 0.043521 0.904940
v -0.034459 0.132787 -0.329332
v -0.035151 0.125283 -0.341685
v -0.016961 -0.056962 -0.510713
v 0.003932 0.065237 0.576689
v 0.007903 0.063506 0.533491
v 0.007888 0.063554 -0.561503
v 0.007883 0.063350 -0.617581
v -0.003387 -0.046840 0.506241
v -0.003244 -0.054525 0.510724
v -0.003464 -0.057578 0.493568
v 0.001999 0.110215 -0.793043
v 0.003112 0.107422 -0.755304
v 0.002339 0.087889 -0.772606
v -0.035167 0.080942 -0.503135
v -0.007594 0.027958 0.742104
v -0.007951 0.029446 0.714935
v 0.088293 0.062613 0.663557
v 0.102048 0.062342 0.674568
v 0.111425 0.062356 0.648270
v 0.008221 0.081186 -0.164912
v 0.006132 0.071708 -0.154359
v -0.029533 0.140710 -0.563087
v -0.029604 0.123152 -0.570103
v 0.515460 0.062514 -0.374657
v 0.519756 0.061759 -0.369761
v 0.007079 0.114385 -0.013908
v 0.007129 0.114645 -0.029441
v -0.002287 0.176296 -0.972400
v -0.003406 0.176045 -0.984409
v -0.035226 0.060067 0.736113
v -0.031262 0.059895 0.666315
v -0.023515 0.059733 0.713644
v 0.229898 0.062068 0.320081
v 0.235914 0.061840 0.303534
v -0.012430 -0.065308 -0.992162
v -0.012159 -0.065224 -0.997766
v 0.009843 0.060199 0.854804
v 0.008193 0.060114 0.790941
v -0.010947 0.158617 -0.654000
v -0.013380 0.155709 -0.622031
v -0.000958 0.155594 -0.622413
v 0.378442 0.061681 -0.044462
v -0.008492 0.037994 -0.991907
v -0.007978 0.047369 -0.953715
v -0.008228 0.020043 -0.983078
v 0.244616 0.062610 0.273044
v 0.255158 0.062389 0.250328
v -0.446480 0.062471 -0.291007
v 0.643505 0.060948 -0.840280
v 0.659804 0.061995 -0.835734
v 0.667314 0.061708 -0.840204
v -0.003825 -0.070131 0.341717
v -0.003607 -0.064280 0.388506
v -0.003862 -0.078039 0.379913
v -0.003764 -0.081842 0.353379
v 0.652292 0.062412 -0.704434
v 0.666428 0.062187 -0.705348
v 0.336069 0.062025 0.056432
v 0.004023 0.067770 -0.138233
v 0.004087 0.067796 -0.173224
v 0.006011 0.071358 -0.131973
v 0.008239 0.093758 -0.329935
v 0.008366 0.089859 -0.308250
v -0.019681 0.059313 -0.737686
v -0.018494 0.054437 -0.720695
v -0.018670 0.054687 -0.699442
v -0.010658 0.097522 -0.998375
v -0.009580 0.090036 -0.991481
v -0.010170 0.064059 -0.999307
v -0.025084 0.088823 -0.782572
v -0.024704 0.078325 -0.787746
v -0.004392 0.031595 0.842553
v -0.004775 0.019886 0.831656
v -0.015058 -0.132193 -0.583052
v -0.006129 0.037843 -0.158565
v -0.005766 0.022738 -0.143674
v -0.005851 0.022675 -0.163245
v -0.700745 0.061601 -0.774857
v -0.691752 0.061977 -0.753740
v -0.700248 0.062059 -0.784150
v -0.015973 0.059312 0.346063
v -0.015848 0.059348 0.393173
v 0.179219 0.060319 0.447883
v 0.006746 0.111050 0.093233
v 0.595179 0.061785 -0.548035
v 0.596784 0.060809 -0.552055
v -0.011986 -0.190388 -0.549776
v -0.011297 -0.190498 -0.535438
v -0.011856 -0.190543 -0.533301
v -0.708661 0.061641 -0.838295
v -0.698945 0.060751 -0.838960
v -0.390972 0.062067 -0.076456
v -0.392197 0.060788 -0.078394
v -0.381407 0.060643 -0.054532
v 0.084290 0.060194 -0.835915
v 0.125301 0.059619 0.119789
v 0.128476 0.059583 0.067654
v 0.162834 0.059688 0.087501
v -0.558499 0.061722 -0.454178
v 0.384970 0.059905 -0.575563
v -0.299351 0.063244 -0.394546
v -0.295498 0.063283 -0.441486
v -0.011999 0.038377 0.302179
v -0.015858 -0.036375 -0.795019
v -0.015150 -0.086475 -0.795144
v 0.006469 0.078820 -0.312796
v 0.007551 0.085638 -0.328509
v -0.039076 0.063434 -0.425386
v -0.039073 0.063342 -0.470835
v -0.152330 0.062019 0.500839
v -0.357685 0.059783 -0.256624
v -0.310410 0.059688 -0.226735
v -0.353311 0.059800 -0.205138
v -0.263047 0.062890 -0.041747
v -0.003402 0.070972 -0.848306
v -0.003055 0.073991 -0.848980
v -0.001827 0.073264 -0.829336
v -0.589423 0.061591 -0.522855
v -0.004924 0.017074 0.487723
v -0.004122 -0.012589 0.498383
v -0.005004 0.015502 0.454898
v -0.000699 0.084048 -0.837849
v 0.000242 0.078041 -0.807783
v -0.016810 -0.041739 -0.229011
v 0.003774 0.065157 0.659795
v 0.007872 0.063350 0.679649
v 0.007917 0.063509 0.635809
v -0.004343 0.059035 0.511002
v -0.005194 0.054687 0.510665
v -0.005590 0.054687 0.479537
v -0.005233 0.176813 -0.958072
v -0.004246 0.176681 -0.936966
v 0.002658 0.065401 -0.493885
v -0.409465 0.061913 -0.117023
v -0.402904 0.061977 -0.103563
v -0.409106 0.062140 -0.121927
v -0.011918 -0.168251 -0.984503
v -0.004906 0.058960 -0.026188
v -0.005239 0.058946 -0.000596
v -0.013931 -0.160034 -0.683579
v -0.016132 0.037363 -0.930252
v 0.032036 0.063372 -0.595842
v 0.071886 0.063502 -0.569297
v 0.053541 0.063305 -0.633325
v -0.008436 -0.014954 -0.737206
v -0.007354 0.074832 0.724691
v 0.003736 0.075030 0.712479
v -0.229400 0.059668 0.017508
v -0.254144 0.059690 -0.026434
v -0.184909 0.059549 -0.023017
v -0.004177 0.058986 -0.384511
v -0.005499 0.054642 -0.363480
v -0.005977 0.054687 -0.400577
v 0.000602 0.059329 -0.374042
v -0.361175 0.060269 -0.835617
v -0.407680 0.060204 -0.828074
v -0.268109 0.063295 -0.358922
v -0.008811 0.059638 0.827579
v -0.009055 0.059713 0.790358
v -0.006758 0.054679 0.803687
v 0.005477 0.082560 0.518487
v -0.051339 0.060749 -0.841180
v -0.035229 0.060601 -0.840954
v -0.042983 0.060217 -0.835415
v -0.008291 0.046499 0.682655
v -0.008045 0.046473 0.720982
v 0.479840 0.060064 -0.515613
v 0.501479 0.060138 -0.468901
v -0.012254 -0.176073 -0.825152
v 0.078263 0.063041 -0.710475
v 0.043421 0.063115 -0.685963
v 0.099574 0.063240 -0.662961
v 0.262117 0.063504 -0.323259
v 0.262228 0.063491 -0.283981
v -0.004614 0.046058 0.617152
v -0.004533 0.016075 0.605938
v -0.322609 0.063028 -0.648052
v -0.015380 -0.112567 -0.630045
v 0.006737 0.078042 0.231789
v 0.006435 0.078117 0.262287
v -0.012164 -0.163879 -0.980110
v -0.033576 0.140591 -0.411831
v -0.033250 0.141079 -0.423030
v -0.011551 -0.072831 0.222453
v -0.012061 -0.075516 0.177285
v -0.011214 -0.085685 0.201634
v 0.004355 0.070317 0.279417
v 0.005944 0.078394 0.286314
v -0.013688 -0.140131 -0.213210
v -0.014912 -0.114913 -0.236646
v -0.013824 -0.140233 -0.252629
v -0.005322 -0.084955 0.377484
v -0.005969 -0.088398 0.360662
v -0.003564 -0.084503 0.382015
v -0.272318 0.062689 0.013404
v -0.248933 0.062724 0.052359
v -0.240368 0.059518 -0.386690
v -0.256243 0.059544 -0.345703
v 0.257682 0.060300 -0.835851
v -0.319044 0.059971 0.088738
v -0.315374 0.059942 0.079615
v -0.312366 0.059923 0.105368
v -0.010595 -0.156021 -0.735876
v -0.010749 0.038451 0.452338
v -0.010847 0.031008 0.452125
v 0.218745 0.060019 0.199483
v 0.005941 0.080093 0.309301
v 0.004271 0.070316 0.305784
v 0.714429 0.060613 -0.820588
v 0.723474 0.060639 -0.836658
v -0.008022 -0.090550 -0.488061
v -0.006568 -0.050929 0.551390
v -0.003589 -0.054599 0.448312
v -0.012571 -0.150280 -0.964228
v -0.012648 -0.164043 -0.946127
v -0.498063 0.062074 -0.325341
v -0.006339 -0.060498 0.500488
v -0.005964 -0.064559 0.479306
v -0.004107 -0.064843 0.479168
v -0.003990 -0.061131 0.498668
v 0.306504 0.060273 0.097967
v 0.321936 0.060456 0.085407
v -0.007097 0.172073 -0.991371
v -0.003580 0.161680 -0.989760
v 0.004184 0.133615 -0.702845
v 0.666400 0.060374 -0.705267
v 0.671014 0.061264 -0.711792
v -0.503186 0.060841 -0.839676
v 0.371208 0.062738 -0.113212
v 0.393978 0.062541 -0.093569
v 0.397879 0.062590 -0.130624
v 0.048796 0.061664 -0.842732
v 0.091910 0.062119 -0.835916
v 0.107574 0.061700 -0.841780
v -0.237501 0.061585 0.304891
v -0.240356 0.061926 0.291874
v 0.280195 0.059980 -0.739963
v -0.030979 0.147401 -0.475930
v 0.453751 0.060143 -0.354607
v 0.482475 0.060156 -0.417455
v 0.491957 0.060348 -0.365726
v -0.005228 0.014560 0.808154
v -0.004802 0.012838 0.801516
v -0.130385 0.060032 0.559938
v -0.001772 0.146106 -0.933419
v -0.001790 0.129218 -0.917818
v -0.002467 0.136282 -0.936498
v -0.008838 0.061950 0.966187
v 0.003921 0.061608 0.958789
v -0.056725 0.062743 0.639528
v -0.074305 0.062555 0.652167
v -0.057870 0.062665 0.674445
v -0.073718 0.063146 -0.662618
v 0.008317 0.090402 -0.271692
v -0.019369 0.067660 0.791620
v -0.007906 -0.163959 -0.399586
v 0.403817 0.060100 -0.242826
v 0.433421 0.060332 -0.229557
v -0.007500 -0.174677 -0.357167
v -0.027686 0.091772 0.402736
v -0.027428 0.090950 0.408455
v -0.023376 0.091543 0.409597
v -0.580396 0.060226 -0.509531
v -0.023327 0.085113 0.477422
v -0.027168 0.085951 0.476112
v -0.004790 -0.025571 0.266545
v -0.010695 -0.165890 -0.699736
v -0.011065 -0.179304 -0.680905
v -0.011185 -0.179052 -0.696555
v -0.003925 -0.063358 0.471889
v 0.165952 0.059660 0.031770
v 0.236916 0.059847 0.017361
v -0.008806 0.046136 -0.677354
v -0.011145 -0.164003 -0.866732
v -0.011507 -0.170806 -0.899337
v -0.005801 0.037626 -0.220080
v -0.004900 0.037747 -0.259063
v 0.336455 0.059806 -0.516814
v 0.276067 0.059720 -0.531500
v 0.303640 0.059766 -0.556897
v -0.005039 0.037685 0.465820
v -0.005229 0.037098 0.421574
v -0.013552 0.164795 -0.722878
v 0.015655 0.063213 -0.184981
v 0.002321 0.163942 -0.760287
v 0.002078 0.155895 -0.783041
v -0.025838 0.059201 -0.323627
v -0.009892 0.054679 0.436546
v -0.010599 0.054687 0.373730
v -0.010705 0.046302 0.424725
v 0.623618 0.060310 -0.615270
v 0.619818 0.060742 -0.602913
v 0.006444 0.072878 -0.001327
v -0.304360 0.062688 -0.047679
v -0.265630 0.062993 -0.091827
v 0.000018 0.081977 0.517937
v 0.023915 0.063569 0.411403
v 0.023946 0.063514 0.448471
v 0.041168 0.063286 0.449579
v 0.007225 0.078194 0.206853
v 0.006309 0.072572 0.199475
v -0.003852 0.059189 0.675325
v 0.000602 0.059727 0.651270
v -0.009652 0.059087 0.542210
v -0.008611 0.054675 0.510085
v -0.007951 0.054687 0.568284
v -0.008766 0.054687 -0.621045
v -0.032451 0.118356 -0.051317
v -0.032369 0.119137 -0.063418
v -0.233262 0.059862 0.261121
v -0.026769 0.163843 -0.757130
v 0.004047 0.085139 -0.732320
v -0.005704 -0.048951 0.572102
v 0.003358 0.146177 -0.736841
v 0.004230 0.106415 -0.718964
v -0.012709 -0.178366 -0.779742
v -0.012841 -0.177683 -0.793053
v -0.012565 -0.177700 -0.793118
v -0.090970 0.061985 0.706275
v -0.086649 0.062049 0.699174
v 0.023799 0.063402 0.485746
v 0.143804 0.059573 -0.024412
v -0.005464 -0.045079 -0.075052
v -0.005603 -0.076083 -0.083059
v -0.005735 -0.077039 -0.106656
v 0.150870 0.063298 -0.648241
v 0.060707 0.059465 -0.532585
v -0.019696 0.163993 -1.001700
v 0.000209 0.059248 0.109734
v 0.004161 0.065570 -0.017398
v 0.008148 0.081330 -0.073508
v 0.132358 0.059544 -0.532278
v 0.001380 0.070313 -0.715786
v -0.016468 -0.001191 -0.814909
v -0.015103 0.023209 0.084968
v -0.014926 0.023226 0.130911
v -0.032369 0.114310 0.024744
v -0.032057 0.113512 0.043439
v -0.011168 0.114109 0.035283
v -0.009053 -0.039477 -0.884030
v -0.299052 0.061567 0.148958
v -0.298870 0.060672 0.148752
v -0.342493 0.062930 -0.248236
v -0.006943 -0.128699 0.051638
v -0.008181 -0.129096 0.041278
v -0.005193 -0.130505 0.040412
v 0.058803 0.060733 0.806097
v 0.057190 0.062113 0.810987
v 0.663777 0.062205 -0.808422
v -0.027853 0.115864 -0.710435
v -0.027667 0.104057 -0.716253
v -0.028335 0.103251 -0.684487
v -0.213157 0.062012 0.362561
v -0.206517 0.061826 0.383642
v -0.174045 0.062341 0.380137
v -0.010220 0.044969 0.483760
v -0.018362 0.054744 -0.481756
v -0.039059 0.063364 -0.173165
v -0.038867 0.063321 -0.205800
v -0.007804 0.117176 -0.040169
v -0.658184 0.061263 -0.676136
v -0.659711 0.060174 -0.682380
v -0.651181 0.060206 -0.665638
v 0.363657 0.060252 -0.067799
v -0.031255 0.062839 0.520127
v -0.031256 0.062775 0.482819
v 0.170518 0.061751 -0.841307
v 0.196072 0.062132 -0.835878
v 0.677199 0.060955 -0.839930
v 0.687137 0.061652 -0.839739
v 0.702853 0.060905 -0.839328
v -0.626095 0.062252 -0.762318
v -0.591818 0.062242 -0.792921
v 0.005175 0.074151 -0.556948
v 0.006194 0.078039 -0.545971
v 0.005356 0.073604 -0.542529
v 0.003772 0.070092 -0.553567
v -0.346336 0.062427 -0.786375
v -0.014912 -0.110081 -0.196585
v -0.013843 -0.133157 -0.191000
v -0.013363 -0.171858 -0.788657
v 0.138631 0.062822 0.465645
v 0.175050 0.062678 0.463924
v -0.326098 0.060080 0.072699
v -0.322700 0.060671 0.086144
v -0.102957 0.059558 0.221533
v -0.050173 0.059570 0.232967
v 0.272581 0.059697 -0.389088
v -0.032589 0.064816 -0.536864
v 0.208180 0.062407 0.376308
v 0.215078 0.062236 0.359980
v 0.206229 0.062691 0.370762
v -0.015817 -0.058993 -0.749819
v -0.007645 0.054687 0.639835
v -0.008695 0.046493 0.631801
v -0.408571 0.059993 -0.193300
v -0.185363 0.063429 -0.376983
v -0.014471 0.078687 -0.999582
v -0.016311 0.099387 -0.999399
v -0.012547 0.085303 -1.002265
v -0.015936 0.059724 0.616303
v -0.173817 0.060691 0.471513
v -0.167922 0.060433 0.487899
v -0.004078 0.059539 0.760710
v -0.004306 0.054683 0.768326
v -0.004452 0.054686 0.726788
v 0.007929 0.063572 0.591288
v -0.020388 0.065824 0.578593
v -0.015366 0.062634 0.951998
v -0.006729 0.116404 -0.953398
v -0.003380 0.136347 -0.943229
v -0.002925 0.128168 -0.935773
v 0.007214 0.114247 0.028315
v 0.008296 0.087573 0.033776
v -0.015502 0.054687 -0.200618
v -0.016143 0.040365 -0.213865
v 0.312210 0.059904 -0.137136
v 0.287439 0.059815 -0.168628
v 0.341632 0.059945 -0.186076
v -0.005591 0.059040 -0.532583
v -0.008150 0.054622 -0.544382
v 0.006202 0.079338 -0.334673
v 0.004346 0.070610 -0.329718
v 0.004162 0.069818 -0.337110
v -0.433010 0.062977 -0.576439
v -0.376410 0.063067 -0.593249
v -0.399004 0.063062 -0.522829
v -0.020966 0.058946 -0.320469
v -0.159620 0.059621 0.204319
v -0.238944 0.059860 0.194848
v -0.206437 0.059728 0.169613
v -0.430494 0.060843 -0.164175
v -0.434734 0.060197 -0.177541
v 0.132915 0.063698 -0.299536
v 0.169938 0.063646 -0.323964
v 0.117048 0.063720 -0.346931
v -0.368272 0.059957 -0.112530
v -0.365029 0.059903 -0.149932
v -0.318579 0.059773 -0.126294
v -0.013576 -0.160107 -0.805919
v -0.031256 0.062814 0.426593
v -0.031265 0.062970 0.390801
v -0.005845 0.035580 0.904415
v -0.004789 0.035085 0.900546
v -0.258364 0.059775 -0.689207
v -0.034799 0.064804 -0.420391
v -0.031256 0.062812 0.551684
v -0.023979 0.064045 0.562314
v -0.024177 0.064331 0.532936
v 0.004384 0.103084 -0.692712
v 0.386488 0.059941 -0.638433
v 0.432196 0.060105 -0.317143
v -0.031645 0.059864 0.873615
v -0.040509 0.060011 0.824539
v 0.396187 0.061881 -0.087184
v 0.032350 0.059415 -0.130874
v 0.074706 0.059418 -0.091260
v -0.009912 -0.116631 0.120130
v -0.010034 0.064632 0.855168
v -0.005401 0.064390 0.851260
v -0.018948 0.082346 -0.955224
v -0.018464 0.061370 -0.914985
v -0.004251 0.157235 -0.986405
v -0.033254 0.126707 -0.506830
v 0.015696 0.063432 0.071451
v -0.004147 0.054666 0.799685
v -0.004234 0.045604 0.768380
v -0.211720 0.062352 0.273288
v -0.451000 0.061849 -0.210772
v -0.133431 0.063162 -0.642480
v 0.015750 0.063409 0.150451
v 0.298465 0.060958 0.146539
v -0.028478 0.156105 -0.709807
v -0.394515 0.059852 -0.625569
v -0.398520 0.059908 -0.674062
v -0.336643 0.059792 -0.645200
v -0.099202 0.059424 -0.036967
v -0.324881 0.059661 -0.461837
v -0.325839 0.059673 -0.499140
v 0.124339 0.060246 0.533153
v 0.097978 0.059946 0.485056
v 0.378678 0.060266 -0.103912
v 0.374445 0.060236 -0.045901
v 0.003687 0.156227 -0.696946
v -0.222643 0.063117 -0.638366
v 0.690127 0.060715 -0.757516
v -0.014888 -0.006489 0.073284
v -0.014475 -0.016264 0.113325
v -0.031257 0.062848 0.583144
v -0.125179 0.061602 -0.840833
v -0.141800 0.062039 -0.835752
v -0.023619 0.059323 -0.218482
v -0.017604 0.059016 -0.211355
v -0.399870 0.062554 -0.194386
v -0.392220 0.062675 -0.235985
v -0.007161 0.054687 0.023996
v -0.006609 0.045739 -0.000097
v -0.021062 0.163817 -0.999361
v 0.041260 0.063211 0.505326
v -0.027108 0.110916 -0.732204
v -0.025441 0.106863 -0.770164
v 0.351883 0.062862 -0.096165
v -0.005168 0.012999 0.335942
v -0.006702 0.127953 -0.964403
v -0.006766 0.141322 -0.972133
v 0.268291 0.060292 0.161606
v 0.253906 0.060072 0.122110
v 0.285651 0.060331 0.128512
v -0.023428 0.100612 0.289997
v 0.006311 0.101298 0.285659
v -0.012452 0.101511 0.279954
v -0.023426 0.102173 0.270775
v -0.549001 0.062390 -0.511616
v -0.553250 0.062453 -0.547150
v -0.011060 -0.105462 0.126384
v -0.512765 0.061540 -0.354206
v -0.033917 0.072315 0.067732
v -0.029061 0.065662 0.071598
v -0.229299 0.059553 -0.188602
v -0.259445 0.059591 -0.219047
v -0.198840 0.059503 -0.214076
v -0.005734 0.045478 0.363658
v -0.017109 0.007123 -0.753275
v -0.089198 0.059420 -0.501973
v -0.072200 0.059401 -0.468334
v -0.081785 0.059869 0.525290
v -0.125470 0.059919 0.514165
v 0.296645 0.060915 -0.840928
v 0.007831 0.059270 -0.279603
v 0.032063 0.059402 -0.304290
v -0.005317 -0.144236 -0.080646
v -0.004813 -0.146720 -0.125084
v -0.018083 0.054681 -0.332364
v -0.018098 0.038786 -0.318196
v -0.058140 0.059504 0.179483
v -0.039091 0.059527 0.136125
v 0.390518 0.060279 -0.092325
v 0.400230 0.060191 -0.117846
v 0.007974 0.063902 0.235873
v 0.015716 0.063395 0.278793
v 0.015762 0.063375 0.211702
v 0.031871 0.063754 -0.002683
v -0.039069 0.063322 -0.269874
v 0.072539 0.060899 0.767290
v 0.076258 0.060468 0.749927
v 0.079289 0.060904 0.746757
v -0.013626 -0.171799 -0.611505
v -0.354392 0.063051 -0.620629
v -0.553529 0.062020 -0.444651
v -0.523687 0.062425 -0.460502
v -0.019249 0.151504 -1.001658
v -0.005253 0.069161 0.748633
v -0.003671 0.065625 0.760218
v -0.001510 0.066020 0.736791
v -0.687804 0.060374 -0.802210
v -0.697125 0.060343 -0.835363
v -0.679298 0.060385 -0.835439
v 0.213034 0.060314 0.359413
v -0.557354 0.060107 -0.511823
v -0.487452 0.059955 -0.545866
v -0.031020 0.079027 -0.571445
v -0.032588 0.090076 -0.562519
v 0.116512 0.063428 -0.605592
v 0.674058 0.060422 -0.725795
v 0.680424 0.060904 -0.733275
v -0.015986 0.031166 -0.138010
v -0.016136 0.030062 -0.214679
v -0.644802 0.062079 -0.661819
v -0.643696 0.062103 -0.647112
v -0.623470 0.062246 -0.645033
v -0.007867 0.045849 -0.540126
v 0.070121 0.060356 0.754466
v 0.081781 0.060356 0.726201
v -0.006382 0.059049 -0.661524
v 0.005918 0.138233 -0.547237
v 0.005856 0.129911 -0.566386
v -0.039074 0.063003 0.226670
v -0.031415 0.063051 0.231827
v 0.003001 0.065335 -0.244310
v -0.020461 0.059111 -0.572876
v -0.005142 0.097822 -0.927192
v -0.003659 0.090769 -0.900886
v -0.006070 0.082926 -0.918920
v -0.032536 0.131820 -0.248634
v -0.011908 0.085793 0.462568
v -0.475119 0.062392 -0.780433
v -0.009643 0.108313 -0.988118
v 0.006710 0.098213 0.326913
v 0.000339 0.097847 0.329266
v 0.006827 0.097435 0.337032
v 0.000144 0.059419 0.421267
v -0.005414 0.058929 0.059121
v -0.007423 0.054687 0.100918
v -0.007330 0.054687 0.061071
v -0.049374 0.061814 0.846202
v -0.043376 0.060795 0.864761
v 0.609421 0.060273 -0.713131
v 0.632190 0.060322 -0.742751
v 0.645788 0.060426 -0.715928
v -0.238545 0.059909 -0.760283
v 0.245499 0.062134 -0.835864
v 0.005668 0.077937 -0.560213
v -0.009666 -0.130792 0.007903
v -0.007248 -0.134696 0.000114
v 0.295972 0.062639 0.145125
v -0.035103 0.078866 0.037283
v 0.184450 0.060260 0.433690
v 0.638162 0.062373 -0.766480
v 0.628802 0.062151 -0.819155
v -0.005065 0.037583 -0.467410
v -0.006435 0.038031 -0.507190
v -0.007001 0.046044 -0.506616
v -0.115520 0.063449 -0.228077
v -0.078925 0.063433 -0.211201
v -0.058791 0.063398 -0.245438
v -0.012220 -0.111009 0.038029
v -0.017512 0.167812 -0.754261
v 0.007162 0.101437 0.166421
v 0.003435 0.071835 0.442218
v 0.003859 0.074575 0.416570
v 0.452094 0.062987 -0.448720
v 0.514535 0.062719 -0.472837
v 0.004063 0.065411 0.611889
v 0.233394 0.062539 0.301666
v 0.002214 0.115051 0.006241
v -0.003932 -0.082346 0.391346
v 0.307046 0.060376 0.119575
v -0.010532 -0.093707 0.206951
v -0.010569 -0.101523 0.168925
v 0.058497 0.059427 -0.029733
v -0.012654 -0.044044 -0.982086
v -0.012196 -0.044581 -0.997104
v 0.005682 0.146327 -0.593231
v -0.317708 0.060176 -0.828072
v -0.291401 0.060238 -0.835716
v 0.032469 0.059441 -0.015735
v -0.121622 0.062361 0.516530
v 0.008169 0.105456 -0.274301
v -0.008956 -0.054534 0.430761
v -0.007461 -0.069442 0.433360
v -0.015067 0.031145 0.138903
v 0.385995 0.060164 -0.794143
v 0.444365 0.060194 -0.792198
v -0.268636 0.059930 0.220163
v -0.231412 0.059864 0.229101
v 0.081935 0.060294 0.703706
v -0.127664 0.062093 0.590625
v -0.176516 0.062022 -0.835829
v -0.130067 0.062360 -0.807413
v -0.040302 0.060187 0.867555
v 0.485879 0.062597 -0.299160
v -0.014031 -0.159953 -0.644990
v -0.013576 -0.171854 -0.672942
v -0.010855 -0.124783 0.026187
v -0.011300 -0.124550 0.004549
v -0.009019 -0.129879 0.025338
v 0.003993 0.075519 0.678321
v 0.046083 0.060407 0.833267
v -0.012990 -0.081083 0.102309
v -0.235307 0.060735 -0.840522
v -0.219629 0.061639 -0.840562
v -0.164832 0.060701 -0.840677
v 0.240481 0.060235 0.230747
v 0.257734 0.060269 0.233665
v 0.003817 0.060903 -0.849916
v 0.007218 0.107048 -0.006799
v 0.007182 0.111603 0.012366
v 0.008179 0.089145 0.001195
v -0.007552 -0.091582 0.325166
v -0.006231 -0.090623 0.346049
v -0.009484 -0.169591 -0.318348
v -0.009419 -0.173328 -0.348987
v -0.007393 -0.171230 -0.324002
v -0.660691 0.062013 -0.682942
v 0.468054 0.062955 -0.489396
v -0.006828 -0.020188 -0.500422
v -0.023681 0.063422 0.662838
v -0.019858 0.065353 0.639265
v -0.005998 0.009559 -0.484589
v 0.406022 0.062798 -0.737947
v -0.005805 0.037487 0.052273
v -0.005564 0.015813 0.064373
v -0.005544 0.018635 0.026782
v -0.021745 0.152932 -0.575201
v 0.439114 0.063073 -0.547136
v -0.203815 0.060833 0.390453
v -0.204403 0.060201 0.385082
v -0.075524 0.063386 -0.070892
v -0.004519 0.046217 0.663036
v -0.029149 0.131501 -0.593396
v -0.492151 0.062770 -0.637121
v -0.016653 0.026994 -0.887898
v -0.016156 0.028506 -0.911459
v -0.003863 0.059551 0.906188
v -0.003496 0.059367 0.925728
v -0.004007 0.055417 0.929453
v 0.004737 0.072106 0.389115
v -0.005177 0.058951 -0.124984
v -0.477893 0.060910 -0.271369
v -0.034351 0.061233 0.899286
v -0.037654 0.061122 0.884286
v -0.010830 -0.158802 -0.992451
v -0.010376 -0.127373 -0.968332
v -0.459865 0.062181 -0.239098
v -0.014462 -0.110903 -0.153456
v 0.102438 0.062614 0.637209
v 0.220628 0.059693 -0.104321
v 0.190116 0.059617 -0.129689
v 0.249455 0.059741 -0.139370
v -0.004393 0.048607 0.956559
v -0.226798 0.063214 -0.168695
v -0.008494 -0.037893 -0.701957
v -0.008926 -0.079354 -0.669287
v -0.028298 0.081356 0.283179
v -0.010199 -0.121905 -0.787370
v 0.419754 0.061805 -0.141764
v 0.410183 0.061528 -0.118910
v 0.419667 0.060865 -0.141925
v 0.002721 0.068671 -0.485419
v 0.002556 0.065541 -0.482780
v -0.294240 0.059646 -0.536892
v -0.262620 0.059587 -0.507033
v 0.299386 0.060387 0.140721
v -0.016082 -0.073207 -0.219530
v -0.006897 0.045895 -0.156957
v -0.006554 0.045890 -0.121318
v -0.005964 0.037883 -0.131402
v -0.007664 -0.048804 -0.553083
v 0.281614 0.059843 -0.110930
v -0.017369 0.058988 0.152347
v -0.010485 -0.179265 -0.558916
v -0.010276 -0.183149 -0.530938
v 0.636491 0.060401 -0.690050
v -0.009027 -0.177869 -0.388972
v 0.559429 0.062045 -0.467047
v 0.558670 0.060968 -0.465839
v 0.563597 0.061340 -0.475240
v 0.489091 0.062630 -0.352807
v -0.030854 0.146805 -0.456474
v -0.028786 0.146957 -0.456990
v -0.031314 0.145838 -0.466934
v -0.006873 0.054687 -0.075296
v -0.006859 0.054687 -0.099764
v 0.009469 0.088817 -0.091332
v -0.004265 0.004613 0.707994
v -0.004448 -0.013837 0.711320
v -0.004271 -0.011573 0.685933
v 0.006457 0.091013 0.302665
v 0.006621 0.092430 0.329067
v -0.028946 0.161964 -0.710323
v -0.021785 0.074665 0.731791
v -0.020020 0.074333 0.743439
v -0.005773 0.058946 0.199243
v -0.005731 0.058940 0.241686
v 0.004943 0.147241 -0.444036
v 0.004967 0.148151 -0.461228
v 0.588237 0.062337 -0.536944
v 0.304638 0.062668 0.125285
v 0.441539 0.062609 -0.243596
v 0.406536 0.060920 -0.840626
v 0.450236 0.060386 -0.835791
v -0.004292 -0.109276 0.126708
v 0.015669 0.063250 0.501126
v 0.007940 0.063802 0.498042
v -0.005161 0.045762 0.475220
v 0.504674 0.060281 -0.341411
v -0.011850 -0.173354 -0.364636
v -0.009682 -0.174567 -0.363492
v -0.222624 0.059719 0.090091
v -0.006268 0.010306 0.778125
v -0.005495 0.008855 0.788873
v -0.264800 0.061895 0.237815
v -0.271592 0.060597 0.220169
v -0.015840 0.060407 0.776486
v -0.031934 0.144248 -0.398529
v 0.076540 0.060034 0.582251
v 0.094783 0.060073 0.542536
v 0.118775 0.060295 0.576760
v 0.027400 0.063460 -0.539290
v 0.033335 0.063525 -0.505258
v 0.075927 0.063598 -0.527765
v 0.007736 0.116394 -0.085363
v 0.007460 0.109144 -0.060239
v 0.008035 0.107454 -0.086369
v -0.305532 0.059639 -0.314412
v -0.341284 0.059707 -0.333302
v -0.091125 0.060198 0.702771
v -0.079761 0.060079 0.702367
v -0.017362 -0.035944 -0.426696
v -0.017124 -0.053896 -0.449531
v -0.016722 -0.061310 -0.285423
v -0.013181 -0.186728 -0.549863
v -0.012308 -0.189900 -0.522026
v -0.025143 0.073840 0.461986
v -0.046987 0.062456 -0.835896
v -0.059450 0.063343 -0.285575
v -0.047009 0.063211 -0.282822
v 0.003028 0.065270 -0.541464
v 0.003249 0.065219 -0.533919
v 0.007872 0.063578 -0.538402
v 0.284889 0.062833 0.107954
v 0.296797 0.062819 0.118793
v -0.029881 0.078451 -0.597580
v -0.006533 0.054687 0.360251
v -0.006580 0.054687 0.307614
v -0.019017 0.065038 0.819651
v -0.018815 0.064145 0.831513
v -0.014581 0.065779 0.830104
v -0.537295 0.060686 -0.406679
v -0.531939 0.060018 -0.399718
v -0.526160 0.060053 -0.384225
v 0.708787 0.060505 -0.834778
v 0.083796 0.060448 0.728615
v -0.278891 0.059854 0.046084
v 0.007834 0.063686 -0.397347
v 0.007846 0.063673 -0.372164
v 0.015666 0.063195 -0.394985
v -0.009105 -0.064017 -0.747550
v -0.286728 0.059666 -0.173495
v -0.012196 -0.181817 -0.434276
v -0.011029 -0.185244 -0.452390
v -0.010556 -0.182144 -0.428796
v 0.015657 0.063286 -0.122868
v -0.165474 0.059423 -0.363170
v -0.108790 0.059376 -0.349374
v 0.008659 0.098012 -0.157347
v 0.005066 0.089665 -0.634959
v 0.005078 0.078586 -0.615651
v 0.004722 0.078307 -0.649006
v 0.003461 0.065586 -0.201377
v 0.159445 0.062769 -0.762197
v -0.127712 0.060061 0.599215
v -0.122719 0.060179 0.612611
v -0.023293 0.171585 -0.945853
v 0.004573 0.158180 -0.652082
v 0.197980 0.063595 -0.267744
v -0.047026 0.059426 -0.070840
v -0.035193 0.059308 -0.062194
v 0.655834 0.060404 -0.824107
v 0.683413 0.060539 -0.835554
v 0.674555 0.060469 -0.805101
v -0.017359 0.032085 -0.830360
v -0.039087 0.059494 0.092233
v -0.023802 0.059343 0.071847
v 0.328059 0.060878 -0.840715
v 0.321418 0.060323 -0.835802
v -0.012564 -0.172709 -0.909887
v -0.011640 -0.172544 -0.912516
v -0.011972 -0.173492 -0.894389
v -0.035874 0.111374 -0.385535
v -0.009510 0.113627 0.045954
v -0.031871 0.113161 0.058206
v -0.022909 0.072347 0.521023
v -0.039041 0.063337 -0.238113
v -0.253810 0.063166 -0.615407
v -0.184891 0.063299 -0.564638
v -0.011577 -0.165693 -0.996913
v -0.046962 0.063285 -0.505689
v -0.039072 0.063374 -0.497736
v -0.039137 0.063356 -0.522136
v -0.015078 -0.102619 -0.757306
v 0.025302 0.063602 0.280487
v -0.084093 0.060873 0.730796
v -0.011625 0.031051 0.362249
v -0.024531 0.174704 -0.864276
v -0.024849 0.172998 -0.837307
v -0.633160 0.060224 -0.697776
v 0.432714 0.062632 -0.767557
v 0.275315 0.062744 0.170267
v -0.005943 0.037341 -0.041697
v -0.005830 0.038014 -0.078831
v -0.008633 -0.005925 -0.992168
v -0.008445 -0.010133 -0.979882
v -0.008947 -0.022498 -0.992170
v -0.291863 0.059710 -0.119195
v -0.240745 0.059601 -0.125473
v -0.009079 -0.036257 -0.960335
v -0.009498 -0.068531 -0.947435
v -0.009176 -0.045020 -0.980181
v 0.205404 0.063590 -0.457327
v 0.229268 0.063558 -0.471590
v -0.176996 0.059580 0.045385
v -0.005425 -0.020441 -0.108789
v -0.005680 -0.048669 -0.139888
v -0.005466 -0.017900 0.702295
v -0.004575 -0.017978 0.703350
v -0.004661 -0.009133 0.734379
v -0.518525 0.060002 -0.596076
v -0.008887 0.059526 0.866965
v -0.039068 0.063377 0.061054
v -0.024424 0.059510 -0.633520
v -0.005863 0.067336 -0.900602
v -0.006501 0.059487 -0.887380
v -0.007273 0.058493 -0.913980
v -0.040757 0.062908 0.752393
v -0.060438 0.062553 0.733959
v 0.444039 0.060015 -0.451775
v -0.008404 0.030189 0.663463
v -0.008217 0.016838 0.654345
v -0.080326 0.062592 -0.793220
v -0.028759 0.070317 0.185270
v -0.065167 0.059386 -0.220783
v -0.043055 0.059413 -0.247060
v -0.006389 -0.148144 -0.286156
v -0.011525 -0.164266 -0.293107
v -0.011884 -0.165599 -0.310875
v -0.009361 -0.167893 -0.300604
v 0.116398 0.062722 0.559481
v 0.115106 0.062657 0.587308
v 0.299057 0.063474 -0.388053
v 0.264367 0.062471 0.228051
v -0.303175 0.060052 0.127882
v -0.204921 0.059510 -0.520435
v -0.189199 0.059519 -0.552037
v -0.003914 -0.076611 0.408303
v -0.454686 0.060336 -0.224456
v -0.459680 0.060143 -0.237824
v -0.440361 0.060070 -0.226134
v -0.446503 0.060159 -0.207505
v 0.633168 0.062192 -0.633231
v -0.032243 0.063948 0.076796
v 0.658140 0.061709 -0.681150
v -0.009441 0.026659 0.549677
v -0.009877 0.031490 0.518557
v -0.009548 0.017810 0.530674
v -0.010537 0.058979 0.452273
v -0.010035 -0.109234 0.148329
v -0.521077 0.062666 -0.587776
v -0.485045 0.062801 -0.572628
v -0.017569 0.059028 -0.158723
v 0.007715 0.119073 -0.261023
v -0.040319 0.059449 -0.493356
v -0.035183 0.059317 -0.453606
v 0.191791 0.060257 0.417780
v 0.198322 0.060360 0.396145
v 0.198553 0.060815 0.405348
v -0.011054 -0.163993 -0.830449
v -0.011460 -0.171674 -0.838192
v 0.015657 0.063212 -0.358918
v 0.023621 0.063453 -0.374930
v -0.004454 -0.035607 0.630100
v -0.034896 0.064743 -0.370736
v -0.034895 0.064713 -0.365777
v -0.004358 0.024546 0.771272
v -0.004366 0.030851 0.739631
v -0.007147 0.088641 -0.942549
v -0.007701 0.049471 -0.931349
v -0.004565 0.116874 -0.932992
v -0.002756 0.114676 -0.907748
v 0.048571 0.063476 0.325892
v 0.255791 0.063539 -0.415976
v 0.529381 0.062705 -0.721717
v 0.575023 0.062610 -0.712111
v 0.542166 0.062549 -0.773182
v -0.032433 0.064243 0.012271
v -0.013677 0.051748 -0.990142
v -0.012160 0.034959 -0.997950
v -0.011050 -0.178752 -0.406691
v -0.008091 -0.180183 -0.410935
v 0.583298 0.060221 -0.677404
v -0.013696 -0.161545 -0.760589
v -0.013290 -0.177249 -0.768331
v -0.013420 -0.178194 -0.734760
v -0.035757 0.076381 -0.393231
v -0.036213 0.078808 -0.415899
v 0.651566 0.062303 -0.675183
v -0.449530 0.061028 -0.207812
v -0.440936 0.061035 -0.187683
v -0.013095 -0.176637 -0.793632
v 0.147248 0.059520 -0.445161
v 0.106606 0.059495 -0.488539
v -0.596249 0.061214 -0.537736
v -0.023656 0.074664 0.729021
v -0.021632 0.075377 0.716820
v -0.133228 0.060662 -0.840792
v -0.165945 0.062593 -0.776237
v 0.011311 0.062928 0.811475
v 0.042939 0.062381 0.841417
v 0.051615 0.062375 0.811786
v -0.260038 0.061060 0.250473
v -0.260764 0.059903 0.240707
v -0.252988 0.059900 0.259101
v 0.269546 0.060445 0.214454
v -0.014267 -0.144553 -0.353913
v -0.014295 -0.148032 -0.396948
v -0.064044 0.060979 0.793536
v -0.004907 -0.120805 0.053189
v 0.323464 0.062825 -0.738486
v -0.002660 0.059028 0.951137
v 0.023633 0.063427 -0.214133
v 0.162168 0.059849 -0.730305
v -0.022008 0.097760 -0.888800
v -0.021828 0.074429 -0.850496
v 0.166810 0.063610 -0.135582
v 0.138209 0.063713 -0.196534
v -0.277294 0.059750 -0.659649
v -0.004056 -0.090609 0.347691
v -0.018563 0.052154 -0.855757
v -0.018064 0.045814 -0.867500
v -0.017536 0.037799 -0.853487
v -0.003925 0.059640 0.870909
v -0.012285 -0.188842 -0.587949
v 0.680190 0.061795 -0.732321
v 0.007778 0.124009 -0.180569
v 0.007737 0.117175 -0.182949
v -0.638118 0.062054 -0.635101
v -0.638042 0.061564 -0.633368
v 0.007036 0.088334 -0.508746
v 0.357303 0.060354 -0.000542
v -0.028643 0.094381 0.276689
v -0.060921 0.063346 -0.521960
v -0.020399 0.070404 0.740037
v -0.021383 0.071063 0.732690
v 0.004322 0.081516 0.453371
v 0.000192 0.059255 0.043592
v 0.028154 0.059447 0.081217
v 0.443594 0.062284 -0.200626
v 0.438089 0.061708 -0.184288
v 0.447564 0.061389 -0.205813
v -0.006248 0.091145 0.410518
v 0.007459 0.092452 0.397717
v -0.032395 0.120032 -0.079022
v -0.032938 0.121015 -0.099763
v -0.014542 0.136320 -0.999542
v -0.014266 0.146811 -0.998517
v -0.011109 0.143392 -0.996357
v 0.007712 0.121068 -0.224918
v 0.008166 0.105427 -0.238974
v -0.034842 0.062330 0.823519
v -0.032486 0.062749 0.792443
v -0.035001 0.064954 -0.486124
v -0.005655 0.018578 -0.078754
v -0.023989 0.059364 0.161644
v -0.017493 0.059023 0.188682
v -0.005614 -0.006850 -0.217123
v -0.005758 -0.036339 -0.181939
v -0.005894 -0.033380 -0.227965
v -0.033175 0.137393 -0.317154
v -0.033526 0.138043 -0.328788
v 0.087730 0.060295 0.668237
v 0.096072 0.060290 0.692860
v -0.017188 -0.045473 -0.338808
v -0.008043 -0.171814 -0.413532
v -0.041807 0.059467 -0.003679
v -0.025957 0.059161 -0.046247
v 0.132564 0.059522 -0.089729
v -0.109031 0.063473 -0.277456
v 0.007481 0.080972 -0.214538
v -0.007533 0.054705 0.242377
v -0.012656 -0.189668 -0.558009
v -0.013859 -0.159150 -0.420369
v -0.012853 -0.178647 -0.436925
v -0.011657 -0.132975 -0.066497
v -0.010494 -0.139483 -0.083984
v -0.009361 -0.138456 -0.056444
v -0.011134 0.023087 0.418255
v -0.011678 0.019182 0.352793
v -0.036535 0.085023 -0.329158
v -0.035574 0.073641 -0.346682
v -0.017326 0.058976 0.043335
v -0.572053 0.062132 -0.488073
v 0.627659 0.062062 -0.835763
v 0.597414 0.062310 -0.805309
v -0.151159 0.059508 0.001522
v -0.011582 0.056877 -1.002507
v 0.043878 0.063329 0.418005
v 0.103987 0.063058 0.440103
v -0.004387 0.058995 -0.424207
v 0.436531 0.060248 -0.187813
v 0.443875 0.060323 -0.213261
v 0.446760 0.060443 -0.207560
v 0.435543 0.060279 -0.179916
v -0.032021 0.063248 0.129227
v 0.667729 0.060457 -0.768920
v 0.270480 0.063024 0.070720
v -0.352354 0.059761 -0.590812
v -0.009418 -0.038709 0.464489
v -0.662801 0.062165 -0.770969
v -0.009564 -0.009798 -0.999348
v -0.009866 -0.026064 -0.999087
v -0.004757 -0.014862 0.330311
v -0.024928 0.080248 0.576256
v -0.020777 0.068033 0.585472
v -0.023254 0.118768 -0.869540
v -0.003989 0.054845 0.968692
v 0.007267 0.127655 -0.182276
v -0.008699 -0.084473 0.334203
v -0.098550 0.063458 -0.325258
v -0.071111 0.063403 -0.379855
v -0.008085 -0.002382 -0.666143
v -0.006679 0.045699 0.116995
v -0.005909 0.037435 0.135220
v -0.005811 0.037532 0.090694
v 0.119516 0.060247 -0.835895
v 0.135180 0.060826 -0.841461
v 0.006940 0.087667 -0.379812
v -0.009817 -0.163636 -0.523683
v -0.009888 -0.179590 -0.510363
v -0.009464 -0.074814 -0.813531
v 0.033117 0.059565 0.224061
v -0.396662 0.062865 -0.341473
v -0.375266 0.063031 -0.393716
v -0.006373 -0.163010 -0.279639
v -0.005913 -0.160826 -0.240089
v -0.006529 -0.166502 -0.278485
v -0.083947 0.060284 0.723899
v -0.076782 0.060179 0.737779
v -0.030592 0.148101 -0.515163
v -0.047005 0.062988 -0.716779
v -0.039089 0.062811 -0.756602
v -0.187906 0.063005 0.049150
v 0.008040 0.117149 -0.124630
v -0.221540 0.063358 -0.493199
v -0.186348 0.063383 -0.503536
v -0.145127 0.060894 0.557217
v -0.316707 0.059928 0.044802
v 0.005391 0.153865 -0.598622
v 0.409531 0.060270 -0.182705
v 0.253551 0.060290 0.198034
v 0.269339 0.060336 0.206409
v 0.008515 0.087785 0.049790
v 0.008351 0.078460 0.045009
v 0.007947 0.078531 0.031796
v 0.005100 0.078499 0.403871
v 0.035036 0.059642 0.341161
v -0.012646 -0.148316 -0.226172
v -0.011390 -0.155913 -0.229762
v -0.010691 -0.154828 -0.215237
v -0.011071 -0.153008 -0.200367
v 0.248971 0.062864 0.174635
v 0.263493 0.062875 0.140620
v -0.021340 0.059011 -0.286747
v 0.003023 0.068882 -0.458081
v 0.004679 0.072811 -0.448347
v -0.610452 0.061899 -0.572943
v -0.603492 0.061262 -0.554882
v -0.267451 0.062022 -0.835755
v -0.231320 0.062013 -0.835806
v -0.425849 0.062523 -0.235329
v -0.003995 0.058994 -0.344821
v -0.003948 0.058985 -0.315125
v -0.005559 0.054687 -0.338348
v 0.332365 0.060324 0.057478
v 0.004139 0.077684 0.567775
v -0.035295 0.119326 -0.330592
v -0.615845 0.061987 -0.828433
v 0.390572 0.060002 -0.285668
v -0.006511 0.032520 0.876191
v -0.005413 0.028250 0.870144
v -0.005595 0.032132 0.886582
v -0.006564 0.034054 0.888689
v 0.159706 0.060127 -0.820182
v 0.173300 0.059977 -0.780488
v -0.015611 0.030898 -0.024970
v -0.015775 0.002682 -0.037147
v 0.007188 0.124933 -0.317553
v 0.483519 0.060166 -0.767275
v 0.535483 0.060170 -0.728516
v 0.397603 0.062996 -0.678893
v 0.267005 0.063286 -0.621749
v -0.002046 0.066272 -0.730923
v 0.000955 0.064923 -0.728291
v 0.000775 0.064253 -0.744542
v -0.011697 -0.137965 -0.998798
v -0.011621 -0.099904 -1.000004
v -0.010636 -0.100112 -0.998412
v -0.431086 0.059892 -0.369018
v -0.008209 0.012742 -0.954491
v 0.003944 0.065626 0.394840
v 0.004043 0.065596 0.359034
v -0.027009 0.064702 -0.679589
v -0.005315 -0.001846 0.051069
v -0.005302 -0.012989 0.025189
v -0.026819 0.168176 -0.764739
v 0.296149 0.063319 -0.191896
v 0.255697 0.063421 -0.159689
v 0.308172 0.063227 -0.158619
v -0.005474 -0.064128 -0.034232
v -0.005355 -0.064100 0.012826
v -0.005429 -0.084654 -0.026202
v -0.039930 0.063023 0.449817
v 0.694526 0.060467 -0.778329
v 0.688047 0.060342 -0.756196
v -0.154276 0.059963 0.523083
v 0.564525 0.062296 -0.482058
v -0.028838 0.148356 -0.674307
v -0.028370 0.127568 -0.687894
v -0.028714 0.124983 -0.637887
v 0.076311 0.062202 0.750222
v -0.001945 0.062344 0.921809
v 0.057989 0.063592 0.152722
v -0.019359 0.059821 -0.839352
v -0.019694 0.062224 -0.856514
v -0.018391 0.054622 -0.836077
v 0.130819 0.062358 0.593868
v 0.126564 0.061819 0.611323
v 0.058398 0.060294 0.755260
v -0.016387 -0.004513 -0.159168
v -0.004171 -0.020661 0.686908
v -0.004366 -0.023922 0.679973
v 0.193394 0.063024 0.238863
v 0.228185 0.062682 0.268642
v -0.029237 0.099376 0.290980
v -0.028235 0.093636 0.304823
v 0.611865 0.061812 -0.840455
v -0.032714 0.113346 0.012534
v -0.033941 0.099077 0.024009
v -0.018494 0.054683 -0.774144
v -0.032288 0.063849 -0.553094
v -0.034835 0.064642 -0.350764
v -0.035003 0.064976 -0.334769
v 0.105120 0.063509 0.166769
v 0.132959 0.063460 0.144594
v -0.369722 0.059743 -0.474078
v -0.348385 0.059710 -0.511003
v -0.062981 0.063334 -0.544310
v 0.064171 0.060308 0.725868
v 0.498476 0.062475 -0.325700
v 0.499928 0.061849 -0.324666
v -0.035924 0.110829 -0.405647
v -0.036869 0.089565 -0.384887
v -0.031316 0.062954 0.285085
v -0.025399 0.064430 0.483231
v -0.008189 -0.026943 0.566505
v -0.004704 -0.117045 0.018088
v -0.591191 0.062101 -0.529485
v 0.216058 0.063450 -0.107546
v 0.224629 0.063366 -0.066056
v 0.003880 0.075271 0.700266
v 0.343509 0.060248 0.032136
v 0.537822 0.062676 -0.517004
v 0.523540 0.062824 -0.577229
v -0.028147 0.161817 -0.692481
v -0.016112 0.162311 -0.698935
v -0.125831 0.063051 0.139394
v 0.026594 0.063570 -0.424925
v -0.005750 0.009068 -0.201004
v 0.112374 0.060770 0.649731
v 0.186280 0.059559 -0.415410
v 0.162890 0.063246 0.208760
v -0.020828 0.059072 -0.380149
v -0.037161 0.059304 -0.389661
v -0.025540 0.059253 -0.396620
v -0.020711 0.143366 -0.384070
v -0.007321 0.143619 -0.384527
v -0.009117 0.144624 -0.404699
v 0.134634 0.060455 0.581875
v -0.006080 -0.155972 -0.241039
v -0.005555 -0.154697 -0.202889
v 0.000514 0.102622 -0.839587
v 0.001525 0.095651 -0.807274
v -0.007243 0.043914 -0.879802
v -0.439013 0.060069 -0.187568
v -0.023543 0.059698 0.651047
v -0.015840 0.059908 0.682885
v 0.136645 0.062655 0.538767
v 0.143837 0.062462 0.546100
v 0.151216 0.062453 0.526967
v 0.418220 0.062278 -0.818228
v -0.017498 -0.002538 -0.367062
v 0.692883 0.062053 -0.767450
v 0.688754 0.061680 -0.752414
v -0.023673 0.062865 0.814023
v -0.023549 0.063228 0.774486
v -0.694928 0.061617 -0.839266
v -0.409831 0.060967 -0.117511
v -0.407717 0.060004 -0.117382
v -0.005108 -0.152455 -0.154358
v -0.113142 0.059440 -0.533441
v -0.061226 0.059435 -0.530437
v -0.644437 0.062186 -0.693174
v -0.616777 0.062357 -0.687751
v -0.012437 0.024667 0.286033
v -0.013506 0.022703 0.249062
v -0.032276 0.063665 0.107873
v -0.028695 0.065078 0.119247
v -0.415089 0.060100 -0.135484
v -0.416391 0.060760 -0.132840
v -0.419979 0.062941 -0.435090
v -0.353027 0.063145 -0.437742
v 0.000142 0.060415 0.833316
v 0.000120 0.060333 0.775889
v 0.005358 0.073037 -0.344354
v 0.006588 0.079384 -0.346126
v 0.422596 0.062131 -0.835807
v 0.375068 0.061782 -0.840641
v 0.173560 0.063501 -0.060803
v -0.016395 -0.052280 -0.183130
v -0.008899 0.046248 0.607074
v -0.010399 -0.147987 -0.708393
v -0.006564 0.054578 0.866989
v -0.007207 0.042975 0.853278
v -0.007057 0.042814 0.878743
v -0.018364 0.101984 -0.992207
v -0.026199 0.069800 -0.730894
v -0.005554 -0.008494 -0.241416
v 0.000134 0.059353 0.328384
v 0.024290 0.059602 0.356929
v -0.024741 0.107096 -0.789631
v -0.018352 0.031170 -0.615914
v -0.039074 0.063438 -0.382927
v -0.031254 0.059545 -0.700878
v -0.031254 0.059753 -0.780996
v -0.023955 0.059775 -0.742917
v -0.297100 0.062362 0.073234
v -0.266701 0.062502 0.098149
v -0.014474 -0.136565 -0.756995
v -0.013739 -0.164008 -0.712184
v -0.004253 0.059070 0.550238
v -0.005275 0.036960 0.331519
v -0.005388 0.037125 0.367550
v 0.400296 0.062315 -0.099752
v 0.412420 0.062221 -0.128585
v -0.008894 -0.145095 -0.110460
v -0.006678 -0.148550 -0.121218
v -0.006520 -0.147751 -0.113572
v 0.007841 0.063544 -0.507553
v -0.010153 -0.111218 -0.992167
v -0.011036 -0.146010 -0.997637
v 0.548281 0.062562 -0.492665
v -0.012311 -0.183523 -0.683867
v -0.011670 -0.181848 -0.717001
v -0.011183 -0.175095 -0.725281
v -0.497774 0.062179 -0.812333
v 0.362949 0.059974 -0.696169
v 0.080939 0.062562 0.695867
v -0.392790 0.060031 -0.084392
v 0.204641 0.061914 0.389332
v -0.011347 0.146760 -0.992330
v -0.010252 0.154440 -0.981715
v -0.009933 0.136026 -0.983781
v -0.112727 0.059473 -0.579388
v -0.068269 0.059467 -0.588961
v -0.063328 0.059463 0.086708
v -0.039089 0.059478 0.037180
v -0.544649 0.062156 -0.424786
v -0.019723 0.104080 0.241970
v 0.006828 0.104755 0.233985
v -0.015305 0.105040 0.223804
v 0.565718 0.060349 -0.540807
v -0.034975 0.125500 -0.283760
v -0.035230 0.119370 -0.311518
v -0.005522 -0.053532 0.542098
v -0.004253 -0.051188 0.559275
v -0.046993 0.063269 -0.324370
v -0.039069 0.063396 -0.348401
v -0.036774 0.095648 -0.320331
v 0.030284 0.059395 -0.191885
v -0.004996 -0.024203 0.196815
v -0.007086 0.054687 -0.123888
v -0.007459 0.054687 -0.150119
v -0.005517 0.058957 -0.163223
v 0.063976 0.059400 -0.138994
v -0.019102 0.149418 -0.509668
v 0.133165 0.059657 -0.647063
v 0.175472 0.059648 -0.593024
v -0.012967 -0.119252 -0.053313
v -0.012734 -0.124878 -0.071621
v -0.013421 -0.179558 -0.648477
v -0.015396 -0.085798 -0.159980
v 0.505631 0.060112 -0.664584
v -0.028036 0.093118 0.385725
v -0.087731 0.059394 -0.207155
v 0.005842 0.140235 -0.507088
v 0.006315 0.131159 -0.500227
v 0.006552 0.122605 -0.521352
v -0.305300 0.063274 -0.482099
v 0.523699 0.062392 -0.382635
v -0.176296 0.060138 -0.835818
v -0.006794 0.054743 0.270372
v -0.081341 0.059354 -0.322335
v -0.010962 -0.160301 -0.252793
v -0.011292 -0.161599 -0.269701
v -0.010679 -0.144190 -0.931344
v -0.035189 0.070661 -0.428264
v -0.004048 -0.098287 0.151599
v -0.004815 -0.084673 0.104685
v -0.171237 0.060039 0.466299
v -0.145743 0.063356 -0.542350
v -0.032083 0.107022 0.153728
v -0.009246 -0.046496 0.446225
v -0.008201 -0.051727 0.477138
v -0.034837 0.064604 -0.358180
v -0.039082 0.062941 -0.705506
v -0.003940 0.059557 0.807993
v -0.029521 0.070323 0.130335
v 0.000082 0.059956 -0.815594
v 0.008031 0.059851 -0.821525
v 0.007870 0.059727 -0.789078
v -0.020458 0.064348 -0.844872
v -0.022927 0.063755 -0.840518
v 0.196812 0.063294 -0.642119
v 0.068835 0.062650 -0.790047
v 0.086642 0.062838 -0.756036
v 0.120662 0.062624 -0.787493
v -0.221400 0.059489 -0.353506
v 0.004135 0.065595 0.161132
v 0.008015 0.064020 0.162974
v -0.223030 0.061919 0.341780
v -0.590967 0.062424 -0.728648
v -0.556994 0.062324 -0.787452
v -0.006006 0.038001 -0.201896
v -0.635174 0.060238 -0.651944
v -0.596608 0.060163 -0.688718
v -0.599158 0.060166 -0.642975
v -0.385664 0.060073 -0.071272
v -0.353826 0.063160 -0.500138
v -0.316382 0.063223 -0.531649
v -0.330419 0.062014 0.053284
v -0.015805 0.029973 -0.065328
v -0.016038 0.007496 -0.089855
v -0.014176 -0.134698 -0.833256
v 0.275821 0.063119 0.015427
v -0.690428 0.061502 -0.748812
v -0.683511 0.062019 -0.735078
v -0.682841 0.062082 -0.739451
v 0.319967 0.060275 0.027829
v 0.315669 0.060128 -0.006752
v 0.348548 0.060292 -0.008064
v 0.348063 0.060243 0.022310
v 0.003945 0.068769 -0.321175
v 0.003709 0.065399 -0.321573
v -0.039068 0.063358 -0.292586
v -0.015087 -0.113889 -0.707314
v -0.016081 0.021467 -0.139997
v -0.650841 0.060266 -0.757182
v -0.007136 -0.105804 0.243164
v -0.015391 0.042642 0.102187
v -0.031632 0.059968 -0.835913
v -0.023726 0.060457 -0.839576
v -0.023816 0.060095 -0.793826
v -0.029191 0.151858 -0.552110
v -0.011785 0.151578 -0.542180
v 0.000371 0.059567 0.541931
v 0.446693 0.060004 -0.548448
v -0.004014 -0.067705 0.463836
v -0.010504 0.119206 -0.067391
v 0.006646 0.118358 -0.063946
v -0.006391 -0.139622 -0.040000
v -0.007185 -0.142954 -0.071620
v -0.005494 -0.141462 -0.052894
v -0.005391 -0.008612 -0.001466
v -0.004345 0.046088 0.732493
v -0.004425 0.046234 0.692160
v -0.004544 0.054687 0.688614
v -0.056326 0.059435 -0.016161
v 0.026056 0.059395 -0.365969
v 0.072375 0.059424 -0.349143
v -0.010117 0.073772 0.739820
v -0.014078 0.073086 0.746718
v -0.004052 0.070424 0.737134
v -0.036695 0.086706 -0.419642
v -0.036529 0.095747 -0.417787
v -0.037265 0.089188 -0.360052
v -0.014928 0.019159 -0.937125
v -0.014386 -0.006076 -0.933452
v -0.008182 -0.042927 0.510242
v -0.007438 -0.053215 0.526439
v 0.148400 0.062632 0.505482
v -0.014379 0.139007 -0.339027
v 0.006258 0.139734 -0.347477
v -0.010992 0.141579 -0.364415
v 0.286375 0.060092 -0.784817
v -0.026608 0.072543 0.372859
v -0.344962 0.060168 -0.824154
v -0.235220 0.060186 -0.835789
v -0.224590 0.059524 -0.492145
v -0.017046 -0.035020 -0.264879
v -0.006684 -0.163867 -0.303850
v -0.635060 0.061725 -0.625394
v -0.004886 -0.120022 -0.047627
v -0.484433 0.060551 -0.288232
v -0.034459 0.098768 0.050636
v 0.001054 0.060375 0.910080
v 0.000199 0.060492 0.870879
v 0.016389 0.060056 0.893642
v 0.004533 0.085987 -0.709561
v 0.004723 0.078184 -0.677827
v 0.004423 0.078158 -0.708554
v 0.630767 0.061670 -0.625174
v -0.711942 0.061687 -0.803683
v -0.708474 0.061030 -0.795382
v 0.315028 0.062897 -0.004242
v 0.338243 0.062710 0.013406
v 0.348933 0.062722 -0.037764
v 0.080871 0.063680 -0.047627
v 0.631886 0.062442 -0.729220
v 0.598449 0.062466 -0.759215
v -0.005927 0.059373 -0.814988
v -0.008409 0.054607 -0.800531
v -0.550973 0.062542 -0.715156
v 0.006300 0.071731 -0.176948
v -0.035001 0.105420 -0.520291
v -0.030808 0.070318 0.118210
v -0.127032 0.062518 0.428131
v 0.003266 0.070419 0.701068
v -0.078329 0.063340 0.003144
v -0.038790 0.063284 -0.013256
v -0.011170 -0.170544 -0.338531
v -0.416551 0.061785 -0.132650
v -0.650989 0.060897 -0.659997
v 0.206135 0.060312 0.379448
v 0.005582 0.072374 -0.248463
v 0.182928 0.062028 0.449359
v -0.439901 0.059944 -0.660187
v 0.006780 0.137094 -0.308870
v 0.006667 0.136802 -0.302523
v 0.007161 0.132361 -0.294845
v 0.006879 0.137907 -0.324427
v -0.526042 0.061132 -0.380905
v -0.519292 0.060188 -0.370968
v -0.004477 -0.104642 0.212416
v -0.009731 -0.185309 -0.461334
v -0.004533 0.062102 0.935651
v 0.000161 0.060146 0.740711
v -0.039186 0.062157 -0.841100
v -0.031841 0.063096 -0.835980
v -0.031276 0.062279 -0.840835
v -0.390251 0.059822 -0.307398
v -0.327732 0.059704 -0.279370
v -0.017961 0.033102 -0.719569
v -0.017296 0.000035 -0.699187
v -0.028278 0.096670 0.349449
v -0.028055 0.094608 0.370596
v -0.023421 0.096286 0.350843
v 0.007400 0.121012 -0.336971
v -0.004533 0.039430 0.924166
v 0.000181 0.125355 -0.874769
v -0.021967 0.152052 -0.963909
v 0.004772 0.087392 0.447436
v 0.266516 0.063196 -0.036053
v 0.006966 0.106505 0.180324
v 0.063374 0.063700 0.044154
v 0.167892 0.060048 0.349714
v -0.018370 0.054680 -0.809869
v 0.000717 0.088467 -0.819818
v -0.003492 0.065371 -0.779456
v -0.015150 -0.049865 -0.019694
v -0.014542 -0.078541 -0.036692
v -0.005185 0.015131 0.382989
v -0.004507 -0.010134 0.422891
v -0.015717 0.038750 -0.003437
v -0.236953 0.060661 0.305583
v -0.014676 0.054687 0.113410
v -0.004122 0.054584 0.954951
v -0.690961 0.060269 -0.754034
v -0.694600 0.060391 -0.773423
v -0.661582 0.060304 -0.780307
v 0.007395 0.081186 -0.248625
v -0.503382 0.060050 -0.408769
v -0.005380 0.045800 -0.412718
v -0.004605 0.037678 -0.377419
v -0.004778 0.037773 -0.435230
v -0.367877 0.059738 -0.375927
v -0.388638 0.059794 -0.345295
v -0.008003 0.068557 -0.952074
v -0.347138 0.061382 0.025989
v 0.127525 0.063630 -0.072683
v 0.136344 0.063662 -0.111705
v -0.012025 -0.178242 -0.411074
v -0.377053 0.060826 -0.839906
v -0.008970 0.095439 -0.976644
v 0.291946 0.062776 0.143982
v -0.677652 0.062056 -0.747236
v -0.013591 0.068117 0.799561
v -0.023774 0.059315 0.031478
v -0.008388 -0.007774 -0.720369
v 0.585029 0.061914 -0.525928
v 0.579982 0.062539 -0.542268
v -0.018709 0.137576 -1.001327
v 0.007310 0.115381 -0.055964
v -0.024673 0.163824 -0.836728
v -0.024703 0.143568 -0.804241
v -0.007350 -0.044120 -0.519025
v -0.006941 -0.032832 -0.487914
v 0.015727 0.062980 -0.656665
v 0.015702 0.063103 -0.589406
v 0.023778 0.063270 -0.603844
v 0.004736 0.076130 0.608468
v -0.007768 0.037519 -0.797893
v -0.014801 -0.052525 0.010654
v -0.587979 0.062446 -0.657392
v -0.076682 0.061837 0.751817
v -0.075935 0.060788 0.753394
v -0.035118 0.123024 -0.463197
v -0.290824 0.061898 0.166657
v -0.275671 0.061951 0.182196
v -0.027195 0.064753 -0.635928
v -0.591550 0.060257 -0.827088
v -0.581056 0.060297 -0.835437
v -0.534131 0.060298 -0.835438
v 0.007310 0.130783 -0.256657
v -0.312616 0.063166 -0.590858
v -0.007354 0.038120 -0.538826
v 0.004821 0.090503 -0.673387
v -0.086367 0.060647 -0.841108
v 0.155778 0.063670 -0.390540
v 0.097753 0.059470 -0.050982
v -0.005818 0.037238 0.014503
v -0.005942 0.037696 -0.009634
v -0.011361 -0.041583 -1.000332
v -0.011537 -0.072415 -1.000368
v 0.347796 0.063058 -0.180764
v 0.099223 0.062336 0.687806
v -0.029804 0.092018 0.197786
v -0.029827 0.080915 0.205473
v -0.030036 0.092618 0.207301
v -0.122280 0.063323 -0.052559
v -0.089043 0.063340 -0.029055
v 0.003815 0.065403 0.312174
v 0.007939 0.063853 0.292057
v 0.007842 0.059253 -0.226288
v -0.544759 0.062597 -0.657212
v 0.005161 0.107378 0.157995
v 0.007024 0.106856 0.170458
v 0.007017 0.107046 0.165117
v -0.010674 -0.014591 0.424059
v -0.005106 -0.022138 0.154498
v -0.005053 -0.033673 0.129996
v -0.362930 0.063134 -0.550161
v -0.009600 -0.146370 -0.131612
v -0.006870 -0.150695 -0.137847
v -0.007732 -0.151980 -0.370001
v -0.580964 0.060815 -0.839420
v -0.027031 0.070313 -0.703479
v -0.017725 0.054687 -0.291094
v -0.406852 0.059931 -0.242940
v -0.006592 0.045750 0.051173
v -0.014264 -0.137758 -0.795799
v 0.016125 0.059545 0.401974
v -0.006635 -0.128413 -0.256490
v -0.000568 0.161795 -0.942711
v -0.006446 -0.035850 0.624930
v -0.007725 -0.023087 0.606777
v 0.575506 0.060992 -0.503909
v -0.065041 0.059448 0.032928
v -0.006665 -0.022031 0.676466
v -0.005890 -0.025502 0.674695
v 0.188459 0.059551 -0.305061
v 0.635365 0.060378 -0.639160
v -0.144534 0.063474 -0.325058
v 0.003914 0.078276 -0.729263
v -0.012392 0.077810 0.599045
v -0.006023 -0.143297 -0.239353
v -0.008271 -0.085677 0.346923
v -0.007761 -0.084624 0.362012
v -0.042281 0.059366 -0.432404
v -0.028515 0.059206 -0.428485
v 0.004746 0.068825 0.204244
v -0.000233 0.175592 -0.885319
v 0.000354 0.059867 0.698002
v 0.011910 0.059844 0.681011
v -0.010604 0.058942 0.428461
v -0.005648 0.014473 0.000596
v -0.003920 0.063572 -0.841500
v 0.000052 0.060176 -0.842219
v -0.004843 0.074291 0.733401
v -0.004936 0.058986 -0.465045
v -0.230651 0.061460 0.323316
v -0.228640 0.061952 0.323328
v -0.010869 0.124923 -0.996663
v -0.013932 0.123256 -1.000161
v -0.685049 0.060411 -0.740786
v -0.005880 0.045680 0.293672
v -0.003427 -0.033288 0.543024
v -0.004610 0.002188 0.772442
v -0.002426 0.058660 0.973755
v -0.007593 -0.157356 -0.204168
v -0.005908 -0.157350 -0.201970
v 0.691314 0.060524 -0.812097
v -0.018894 0.054668 -0.580561
v -0.019030 0.054687 -0.610006
v 0.005802 0.140348 -0.394288
v 0.006584 0.138454 -0.352984
v 0.006777 0.132744 -0.346994
v -0.023719 0.073895 0.508709
v -0.024604 0.064466 0.513104
v -0.023801 0.064839 0.521488
v 0.460351 0.060302 -0.246256
v 0.456480 0.060362 -0.229543
v -0.038964 0.063448 -0.123360
v -0.039031 0.063359 -0.088725
v -0.013699 -0.139043 -0.886439
v -0.012972 -0.137974 -0.948489
v -0.012913 -0.156222 -0.926184
v -0.029490 0.148428 -0.595645
v -0.029238 0.140277 -0.589118
v 0.143796 0.060373 0.545908
v 0.136055 0.060392 0.569261
v 0.608369 0.060431 -0.835713
v 0.651799 0.060452 -0.835712
v -0.008246 0.022504 -0.672586
v 0.007097 0.105835 -0.532241
v -0.013875 -0.005879 0.201853
v -0.013002 -0.038813 0.203193
v 0.007872 0.059573 -0.736213
v -0.018279 0.054687 -0.358075
v -0.012718 -0.185713 -0.485811
v -0.004929 0.064997 0.804068
v 0.000252 0.063465 0.799817
v 0.222778 0.059606 -0.374075
v 0.228112 0.059618 -0.416789
v -0.108249 0.063404 -0.135839
v -0.094636 0.063388 -0.096316
v -0.072762 0.063415 -0.149845
v -0.560398 0.060092 -0.462496
v -0.544780 0.060062 -0.445904
v -0.005330 0.058985 0.280420
v -0.006596 0.054687 0.290102
v -0.006457 0.045908 -0.082339
v -0.004490 -0.042919 0.310485
v -0.006569 0.054676 0.823328
v -0.007236 0.043408 0.827461
v -0.003780 -0.083929 0.334132
v 0.563421 0.060291 -0.482408
v 0.542609 0.060308 -0.493465
v 0.572303 0.060449 -0.500467
v -0.014778 0.054687 0.081347
v 0.003436 0.070427 -0.568511
v -0.017311 -0.019714 -0.307290
v -0.009343 -0.179620 -0.480009
v -0.018048 0.031096 -0.475799
v -0.017690 0.013888 -0.446144
v -0.005164 -0.093143 0.024119
v -0.005254 -0.096645 -0.013596
v -0.016536 -0.022021 -0.741252
v -0.011041 -0.009694 -1.000026
v -0.013281 -0.010331 0.236268
v 0.129857 0.059840 0.329261
v 0.007064 0.072475 -0.052905
v 0.155664 0.059739 0.152034
v -0.018373 0.058973 -0.085899
v -0.015391 0.054687 -0.096635
v -0.018709 0.058920 -0.060828
v -0.221763 0.060807 0.346547
v -0.217662 0.061634 0.357335
v 0.132866 0.059471 -0.300111
v 0.140295 0.059485 -0.259511
v -0.435055 0.061248 -0.174644
v -0.017838 0.031153 -0.326228
v 0.002263 0.128200 -0.814736
v 0.105329 0.059454 -0.146077
v 0.146856 0.059529 -0.138384
v 0.554088 0.062676 -0.566076
v -0.035117 0.117554 -0.485313
v 0.008067 0.088617 0.019822
v -0.337805 0.062050 -0.835639
v -0.337784 0.061724 -0.839885
v -0.158345 0.059893 0.510867
v -0.154207 0.059928 0.475966
v -0.611373 0.060378 -0.574054
v -0.602897 0.060170 -0.579476
v 0.418136 0.062432 -0.144469
v 0.423786 0.062610 -0.159944
v 0.465048 0.062867 -0.402278
v -0.013107 -0.184370 -0.646218
v -0.028640 0.100514 0.294390
v -0.016907 -0.029962 -0.645400
v 0.218533 0.059625 -0.501047
v 0.204214 0.059591 -0.462135
v -0.489389 0.062643 -0.469328
v -0.477933 0.062613 -0.416130
v 0.000777 0.159748 -0.884503
v -0.011821 0.163970 -0.980194
v 0.000038 0.174187 -0.861409
v 0.000794 0.171956 -0.827617
v 0.227457 0.063464 -0.140912
v 0.329330 0.062751 0.027092
v 0.005998 0.133125 -0.436976
v 0.235875 0.060855 0.303422
v 0.241498 0.062099 0.287141
v -0.033581 0.130941 -0.262942
v -0.034365 0.124996 -0.259948
v 0.002641 0.147688 -0.774042
v -0.031257 0.062832 -0.778567
v -0.006799 -0.097943 -0.271739
v -0.007132 -0.110994 -0.307860
v 0.062475 0.063704 -0.000655
v 0.136032 0.063586 -0.007696
v -0.021270 0.066310 0.524810
v 0.439400 0.062566 -0.217219
v -0.006650 -0.033762 -0.431365
v -0.011735 0.170358 -0.980200
v -0.431790 0.061680 -0.839930
v -0.423928 0.062005 -0.835653
v -0.014752 -0.143715 -0.455830
v -0.004818 -0.108993 0.006038
v -0.004737 -0.116007 -0.019089
v 0.006703 0.133976 -0.266849
v 0.006784 0.131798 -0.241743
v 0.126489 0.060916 0.611179
v 0.121001 0.062013 0.626843
v -0.145178 0.059442 -0.200067
v -0.034220 0.116805 -0.522398
v -0.590124 0.060333 -0.526596
v 0.006248 0.090267 -0.570468
v 0.005011 0.076533 -0.582458
v -0.011130 0.058928 0.354618
v -0.253079 0.062265 0.184842
v -0.016778 0.123120 -0.135330
v 0.003332 0.125658 -0.160690
v -0.055178 0.063389 -0.124461
v 0.000104 0.059394 -0.547027
v 0.007840 0.059314 -0.508883
v -0.191056 0.063400 -0.323288
v 0.549530 0.062132 -0.835763
v -0.012740 -0.061988 0.167177
v 0.601576 0.061622 -0.562478
v -0.056097 0.062773 0.603061
v -0.047472 0.062864 0.634218
v -0.320941 0.062474 -0.008240
v -0.305023 0.062479 0.026489
v 0.000069 0.059476 -0.680131
v 0.000066 0.059684 -0.749624
v -0.545121 0.060219 -0.806260
v -0.011289 -0.184899 -0.620912
v 0.007704 0.078822 0.010679
v 0.006234 0.072402 0.010636
v -0.004369 -0.057961 0.299553
v -0.003835 -0.077967 0.311367
v -0.007689 -0.060368 0.488928
v -0.007824 -0.054552 0.505427
v 0.006000 0.079008 -0.433134
v 0.463890 0.061440 -0.242330
v -0.000981 0.168872 -0.773382
v 0.008434 0.104699 -0.109411
v -0.014214 0.055063 0.220546
v 0.039356 0.063031 -0.709702
v 0.539164 0.060148 -0.655705
v 0.003466 0.065113 -0.354220
v -0.047992 0.062789 0.681987
v -0.039220 0.063015 0.681723
v -0.039142 0.063074 0.633859
v -0.021187 0.098052 -0.917073
v -0.018142 0.046759 -0.768178
v -0.404315 0.059827 -0.560049
v -0.419033 0.059872 -0.603053
v -0.314461 0.060802 -0.839981
v -0.005220 0.007745 -0.282733
v -0.005524 -0.010380 -0.301891
v 0.003944 0.162057 -0.695010
v -0.013821 -0.072820 0.053284
v 0.050047 0.063404 0.379334
v -0.360978 0.062112 -0.029787
v -0.341954 0.062460 -0.047166
v -0.015305 0.046560 0.111713
v -0.015434 0.038703 0.119694
v -0.011168 -0.162057 -0.275916
v -0.008485 -0.166080 -0.278196
v -0.098619 0.062051 0.670233
v -0.010977 -0.167897 -0.760015
v -0.177661 0.060118 0.453701
v -0.008543 -0.114734 0.150368
v -0.486486 0.062205 -0.309904
v 0.015753 0.063439 0.341232
v 0.025148 0.063662 0.362082
v 0.025209 0.063645 0.322182
v -0.005406 -0.100660 -0.061055
v -0.005080 -0.120727 -0.082909
v -0.005689 -0.100287 -0.106080
v -0.009753 0.054687 0.444255
v 0.003599 0.067845 -0.206029
v -0.640757 0.060289 -0.813075
v -0.006945 0.043723 0.911644
v -0.007092 0.042736 0.898284
v -0.006362 0.034967 0.896684
v -0.015328 0.054687 -0.038069
v -0.161652 0.060614 0.508807
v -0.003124 0.144014 -0.944850
v -0.002511 0.147260 -0.942974
v -0.002726 0.141262 -0.942001
v -0.023182 0.070313 -0.806228
v 0.003001 0.065543 -0.554803
v 0.238751 0.060248 0.291696
v -0.009628 0.096112 0.352357
v -0.020715 0.058943 -0.436347
v 0.706811 0.061672 -0.839135
v 0.694234 0.061985 -0.835467
v -0.004402 0.027718 0.699196
v -0.004415 0.008367 0.732727
v 0.055735 0.062832 -0.751929
v 0.041909 0.062650 -0.791068
v -0.617021 0.060547 -0.586931
v -0.000935 0.138330 -0.327403
v -0.029219 0.122162 -0.125453
v -0.091647 0.061696 0.708601
v -0.006617 0.045723 0.082187
v -0.033718 0.071554 -0.530115
v -0.033669 0.069608 -0.514626
v -0.053160 0.062182 0.821122
v -0.004405 0.059009 -0.400853
v -0.005970 0.054687 -0.423956
v -0.558460 0.062511 -0.602713
v -0.005183 0.054687 0.538265
v -0.031546 0.063136 0.160136
v 0.086388 0.059435 -0.414438
v 0.005513 0.077377 0.328212
v -0.198392 0.061652 0.405027
v -0.022926 0.154071 -0.599952
v -0.001095 0.153761 -0.597640
v -0.000762 0.072256 -0.789510
v -0.001174 0.072935 -0.812573
v 0.007845 0.063666 -0.326667
v 0.344531 0.060036 -0.113137
v -0.004843 0.043240 0.502407
v 0.030202 0.060168 0.884203
v -0.004175 -0.099513 0.180227
v -0.011461 -0.184207 -0.657762
v -0.011469 -0.183150 -0.680305
v -0.012198 -0.042163 0.253311
v -0.533540 0.062049 -0.398284
v -0.539806 0.062111 -0.412449
v -0.653944 0.062038 -0.669805
v -0.022342 0.060168 0.939895
v -0.009173 0.046211 0.552440
v -0.009569 0.046420 0.512456
v -0.260078 0.063323 -0.489331
v 0.217555 0.063343 -0.015313
v -0.007760 0.046178 0.754304
v -0.271805 0.061901 0.214190
v -0.113734 0.063428 -0.188016
v -0.057630 0.063379 -0.174543
v 0.052311 0.060317 0.817738
v -0.068756 0.062503 0.688670
v -0.420903 0.062832 -0.379200
v 0.002562 0.168250 -0.764045
v -0.014285 -0.075785 -0.001949
v -0.031803 0.144691 -0.411496
v 0.190850 0.060828 0.426668
v 0.190957 0.061841 0.426793
v -0.005989 -0.033003 -0.261181
v -0.006519 -0.087754 -0.230847
v -0.013002 -0.149395 -0.247758
v 0.538912 0.060330 -0.465856
v 0.631560 0.060804 -0.626922
v 0.135233 0.062140 -0.835891
v -0.022105 0.070315 -0.838241
v -0.024288 0.064903 -0.835442
v -0.056409 0.059877 0.555838
v 0.007875 0.106907 -0.353021
v -0.003562 -0.046839 0.538292
v -0.361184 0.059717 -0.426775
v -0.504131 0.060033 -0.336854
v -0.499114 0.060419 -0.325012
v 0.034287 0.059823 -0.778535
v 0.511456 0.060336 -0.413818
v 0.517086 0.060372 -0.378995
v -0.000322 0.175854 -0.909695
v 0.000146 0.171728 -0.911120
v -0.511559 0.060091 -0.367703
v -0.229270 0.062057 0.304456
v -0.028737 0.079418 0.267833
v -0.028079 0.070332 0.247656
v -0.027035 0.064737 0.278988
v 0.543159 0.061784 -0.425822
v 0.536701 0.061294 -0.410363
v -0.434278 0.059876 -0.525215
v -0.402365 0.059814 -0.518874
v -0.022609 0.169564 -0.781020
v -0.004243 0.058984 -0.276308
v 0.000507 0.059306 -0.296423
v -0.027029 0.167891 -0.757361
v -0.003324 -0.035406 0.515102
v -0.002905 0.121538 -0.112522
v -0.117932 0.060907 0.632052
v -0.006926 0.053556 -0.873299
v -0.035147 0.070613 -0.323057
v -0.034706 0.064914 -0.323796
v -0.065488 0.063387 -0.332037
v -0.007934 -0.100166 0.264106
v -0.004122 0.065343 0.778055
v -0.447347 0.061998 -0.835663
v -0.065150 0.059967 -0.817098
v -0.018924 0.054291 -0.672089
v -0.019060 0.054456 -0.641207
v -0.020384 0.059146 -0.638086
v -0.253350 0.060025 -0.796203
v -0.223106 0.062343 0.243024
v 0.017015 0.063034 0.763159
v 0.025858 0.062972 0.727782
v 0.015656 0.063322 -0.058145
v -0.004968 -0.064552 0.127975
v -0.701012 0.060602 -0.780714
v -0.006295 -0.111688 0.203875
v -0.004581 -0.112461 0.199521
v -0.029812 0.148382 -0.579360
v 0.007498 0.129716 -0.228392
v -0.008292 -0.154125 -0.177389
v 0.007994 0.063924 -0.059600
v 0.007328 0.106125 0.170064
v -0.004246 -0.110184 0.174840
v -0.003879 -0.114733 0.161472
v -0.033399 0.108727 0.048280
v -0.019620 0.070878 0.747102
v -0.028212 0.059656 0.913322
v -0.039178 0.059551 -0.580774
v -0.039078 0.059618 -0.646221
v -0.031254 0.059467 -0.634477
v -0.001008 0.146313 -0.437468
v -0.014786 -0.016901 -0.910908
v 0.005844 0.136585 -0.412460
v 0.006591 0.124425 -0.381565
v 0.254323 0.059802 -0.065585
v -0.006084 -0.116747 0.156745
v -0.004231 -0.113941 0.192986
v -0.080603 0.062550 0.618798
v -0.026943 0.064648 0.295591
v -0.026880 0.064660 0.331291
v -0.028855 0.153516 -0.596077
v -0.028980 0.152929 -0.577133
v -0.006078 -0.076789 -0.164087
v -0.112519 0.059417 -0.178135
v 0.007892 0.059987 0.735631
v 0.224923 0.059671 -0.169672
v 0.240169 0.059686 -0.204823
v 0.554041 0.060391 -0.464263
v 0.549720 0.060837 -0.444631
v 0.031693 0.059466 -0.523544
v -0.294066 0.060019 0.151598
v -0.293850 0.060736 0.161336
v -0.035210 0.117785 -0.288608
v -0.037204 0.090303 -0.306429
v -0.002508 0.165879 -0.981322
v -0.003338 0.157034 -0.986319
v -0.015044 0.046586 0.203257
v -0.029980 0.148254 -0.556513
v -0.051373 0.061848 -0.841185
v -0.011692 -0.175365 -0.841714
v -0.297118 0.062930 -0.135206
v -0.012056 -0.138895 -0.128638
v -0.013092 -0.133835 -0.155636
v -0.525339 0.062276 -0.425799
v -0.511505 0.062424 -0.426213
v 0.000401 0.059431 0.980133
v 0.375511 0.060342 -0.835777
v 0.006467 0.103060 0.259495
v 0.006971 0.089952 0.237442
v 0.070188 0.062515 0.724225
v 0.018235 0.059476 0.215143
v 0.035000 0.059510 0.162902
v 0.370561 0.060274 -0.025937
v 0.635337 0.060315 -0.780865
v 0.003623 0.065307 -0.371129
v -0.039108 0.059645 0.269328
v -0.447109 0.059906 -0.587244
v -0.028290 0.092691 0.364171
v 0.373963 0.062597 -0.063791
v 0.007786 0.081145 -0.190361
v -0.509259 0.060095 -0.349830
v -0.039087 0.063062 0.339110
v 0.042404 0.063549 0.243184
v -0.029810 0.100165 0.163430
v -0.030232 0.100545 0.155038
v -0.030285 0.079392 0.153379
v -0.030261 0.079375 0.161675
v -0.009684 -0.086521 -0.981140
v -0.009701 -0.084868 -0.966246
v 0.465431 0.062698 -0.326358
v 0.490270 0.062651 -0.312997
v -0.244252 0.063113 -0.127654
v -0.018638 0.040542 -0.660583
v 0.059030 0.062400 -0.822141
v 0.363149 0.062644 -0.029888
v -0.364460 0.061996 -0.018050
v -0.357705 0.061649 0.000196
v -0.011398 -0.184155 -0.644879
v -0.005587 -0.008237 -0.164906
v -0.015232 -0.113846 -0.284964
v 0.073123 0.059953 0.529412
v -0.003958 0.059278 0.710379
v -0.033327 0.065032 -0.513981
v -0.033830 0.065038 -0.506184
v -0.358495 0.060132 -0.811253
v -0.006933 -0.127005 0.069055
v -0.045921 0.060148 0.841600
v -0.004555 0.004414 0.755949
v 0.004608 0.067988 0.081654
v 0.006621 0.072025 0.101760
v -0.008523 -0.179248 -0.446014
v -0.007781 -0.177797 -0.414185
v -0.008800 -0.182674 -0.434395
v -0.008047 0.017451 -0.922380
v -0.009012 -0.035606 -0.912304
v -0.013019 0.057466 -0.999188
v -0.005862 0.054687 -0.268311
v -0.005369 0.054651 -0.306392
v -0.017650 0.131231 -0.237335
v -0.005275 0.129088 -0.205485
v 0.007093 0.130164 -0.221064
v 0.004451 0.070202 0.339769
v -0.011071 -0.167905 -0.791349
v 0.324733 0.059829 -0.611588
v 0.282609 0.059791 -0.625920
v 0.482797 0.062570 -0.770519
v 0.461814 0.062430 -0.798792
v 0.015666 0.063133 -0.534940
v 0.083370 0.059411 -0.287088
v -0.011700 -0.127377 -0.033829
v -0.035212 0.065139 -0.395581
v -0.018268 0.105856 0.192794
v -0.030715 0.105576 0.196965
v -0.006839 0.054387 0.933502
v -0.006909 0.053785 0.911989
v -0.006345 0.046222 0.933223
v -0.197426 0.060716 0.407010
v 0.000149 0.062962 0.837407
v 0.021877 0.060170 0.909503
v -0.031083 0.101648 0.169580
v -0.030685 0.091539 0.168700
v -0.021042 0.129925 -0.972360
v -0.146111 0.059426 -0.436072
v 0.566555 0.061582 -0.483062
v 0.567364 0.060512 -0.487239
v -0.322693 0.059743 -0.181154
v -0.008479 -0.010611 0.591267
v 0.332741 0.060215 -0.819204
v -0.041054 0.063315 -0.564528
v 0.553300 0.061881 -0.452108
v -0.007837 0.145920 -0.975239
v -0.191968 0.061562 0.420498
v 0.000568 0.171425 -0.876824
v -0.228548 0.060682 0.328816
v -0.370632 0.060647 -0.029330
v -0.012527 -0.079216 0.138544
v 0.007973 0.064049 0.384973
v 0.015709 0.063417 0.394118
v 0.007986 0.063952 0.342818
v 0.004691 0.068558 0.159997
v 0.187019 0.059584 -0.198915
v -0.031297 0.062965 0.352660
v -0.345486 0.060836 -0.839847
v -0.034795 0.064826 -0.413654
v -0.020982 0.058928 -0.408842
v 0.052205 0.063610 -0.466846
v -0.210152 0.063161 -0.082776
v 0.021136 0.060701 0.921180
v 0.006755 0.089962 -0.480507
v 0.227613 0.060205 0.254843
v 0.248944 0.060223 0.259933
v 0.007502 0.123012 -0.240662
v -0.586779 0.060228 -0.801256
v 0.245102 0.063503 -0.510028
v 0.277994 0.063507 -0.458304
v -0.254473 0.060629 0.262764
v 0.568296 0.062566 -0.522173
v -0.017724 0.030760 -0.754536
v -0.004989 -0.150840 -0.136726
v 0.120179 0.062453 0.620459
v 0.111212 0.062672 0.602624
v -0.021874 0.058842 -0.358400
v -0.039067 0.063370 -0.544640
v -0.027498 0.064809 0.232990
v -0.510277 0.060763 -0.348834
v -0.013113 -0.183855 -0.680465
v 0.466332 0.060274 -0.817199
v 0.611190 0.062450 -0.601232
v 0.616035 0.062312 -0.599133
v -0.011303 -0.093674 0.162766
v 0.007921 0.063715 0.414227
v -0.056013 0.059362 -0.396140
v -0.032818 0.064869 -0.531393
v -0.027578 0.059869 0.918038
v -0.015503 0.054681 -0.172678
v -0.016122 0.038808 -0.176815
v -0.538202 0.060121 -0.416965
v -0.005203 -0.146666 -0.098305
v -0.001268 0.176889 -0.944424
v -0.005539 -0.145285 -0.084255
v -0.008244 -0.144753 -0.098957
v 0.244132 0.060325 0.274209
v 0.244188 0.060893 0.280714
v -0.028402 0.116050 -0.661589
v -0.499211 0.062710 -0.540133
v -0.164494 0.063037 0.077553
v -0.197555 0.062019 0.401515
v 0.005728 0.140339 -0.456801
v -0.004628 0.059029 0.477893
v 0.000252 0.059487 0.462619
v -0.013284 -0.158185 -0.344632
v -0.012221 -0.170950 -0.361760
v -0.006504 0.030695 0.856934
v -0.006086 0.023601 0.821138
v -0.005252 0.019962 0.831803
v -0.355562 0.062096 -0.001486
v -0.028443 0.070313 -0.606419
v 0.023884 0.063410 0.528910
v -0.001486 0.104741 -0.882479
v 0.622626 0.061826 -0.608120
v 0.467145 0.060771 -0.250315
v -0.681053 0.060946 -0.727335
v 0.107606 0.060787 -0.841789
v 0.001771 0.169982 -0.794738
v -0.012799 -0.162060 -0.332016
v -0.012072 -0.168981 -0.340471
v -0.017612 0.011624 -0.405640
v 0.003469 0.069439 -0.521726
v -0.012095 -0.158535 -0.276410
v -0.346447 0.060456 0.025948
v -0.013184 0.128032 -0.188099
v 0.007499 0.128394 -0.192498
v -0.031266 0.062929 0.671026
v -0.006029 -0.056725 0.525330
v -0.005954 -0.033590 0.639820
v -0.012708 -0.177230 -0.803465
v -0.007870 -0.009326 0.628183
v 0.005971 0.076597 -0.527618
v -0.018058 0.124465 -1.000342
v -0.024695 0.074161 0.483015
v -0.030779 0.079241 0.168199
v -0.444728 0.062172 -0.812338
v 0.023723 0.063405 -0.466647
v -0.005034 -0.130286 0.026787
v 0.005741 0.078705 -0.457188
v 0.113476 0.061794 0.648041
v -0.011389 -0.189585 -0.564388
v -0.034859 0.064925 -0.428070
v -0.370750 0.061674 -0.029229
v 0.389558 0.060224 -0.140942
v -0.540304 0.060045 -0.472458
v -0.019252 0.058887 -0.039502
v -0.031271 0.059335 -0.160834
v -0.031266 0.059315 -0.223334
v -0.031252 0.101501 0.207609
v -0.206773 0.063386 -0.352601
v -0.018134 0.025629 -0.660860
v -0.017539 0.001035 -0.651252
v -0.011445 -0.150019 -0.184090
v 0.240001 0.063237 0.041863
v -0.024852 0.170717 -0.849836
v 0.005899 0.071759 -0.193750
v -0.015763 0.060157 0.733720
v -0.004060 -0.091037 0.311519
v -0.013380 -0.086443 0.051521
v -0.005365 0.000372 0.189569
v 0.508350 0.061168 -0.344137
v -0.203853 0.062017 -0.835822
v -0.007266 -0.064096 0.469673
v -0.008259 0.037705 -0.745640
v -0.009469 0.054687 0.469586
v 0.008213 0.078443 0.101435
v 0.333915 0.063227 -0.240454
v -0.018333 0.042801 -0.700745
v -0.016209 -0.005500 -0.116880
v -0.135560 0.060170 0.574480
v -0.006938 -0.116178 -0.280377
v -0.000454 0.104807 -0.858913
v 0.143010 0.060921 0.561651
v -0.034579 0.065044 -0.496639
v -0.013573 -0.099858 -0.018834
v 0.611825 0.060981 -0.840420
v 0.616143 0.062490 -0.700819
v 0.292489 0.063384 -0.244810
v 0.008194 0.088666 0.092876
v 0.170802 0.062678 0.474706
v 0.015739 0.063395 0.427308
v 0.077502 0.059545 -0.625677
v -0.008239 0.014010 -0.761293
v -0.004057 -0.055991 0.351029
v 0.454192 0.062115 -0.835810
v 0.477775 0.062119 -0.835816
v 0.438002 0.061802 -0.840671
v 0.005266 0.155999 -0.624201
v 0.564738 0.061834 -0.840457
v -0.020453 0.059092 -0.588823
v 0.006606 0.090649 0.271851
v 0.569621 0.060207 -0.728477
v -0.118086 0.059557 -0.644263
v -0.065049 0.059523 -0.639325
v -0.027008 0.085008 0.429268
v 0.001544 0.078156 -0.774630
v 0.390663 0.063016 -0.262573
v 0.000452 0.064292 0.754161
v 0.000270 0.063817 0.779863
v 0.007899 0.063320 0.765257
v -0.163562 0.059961 0.489785
v -0.013773 0.006744 0.227839
v 0.032005 0.063538 -0.470716
v 0.007108 0.109348 -0.026673
v -0.142239 0.063398 -0.157239
v -0.267853 0.059575 -0.292250
v -0.316966 0.061958 0.099009
v -0.005959 0.153642 -0.589223
v 0.400153 0.060381 -0.099992
v 0.390525 0.060413 -0.078712
v -0.018872 0.066800 0.812226
v -0.007011 -0.067221 0.459892
v 0.501515 0.060943 -0.840562
v 0.003606 0.065222 -0.333349
v 0.107001 0.059508 0.011065
v 0.000159 0.059264 -0.202088
v -0.008971 -0.163786 -0.465681
v -0.004657 0.012989 0.525445
v -0.010171 -0.059615 0.353887
v -0.061791 0.062860 0.474372
v -0.059900 0.062970 0.408507
v -0.000756 0.155764 -0.937235
v 0.437621 0.060030 -0.407350
v 0.623755 0.062283 -0.614980
v -0.475444 0.060037 -0.355794
v -0.019787 0.123780 -0.997079
v -0.017846 0.114858 -0.998738
v 0.006436 0.086975 -0.445564
v 0.003255 0.135223 -0.277737
v -0.579105 0.062181 -0.506907
v 0.003246 0.065029 0.701556
v 0.002568 0.064984 0.719343
v 0.008250 0.105443 -0.252461
v 0.033624 0.059968 -0.816064
v -0.005735 0.045570 0.330585
v -0.005775 0.017403 0.810126
v -0.123661 0.059878 -0.784073
v -0.244021 0.062175 0.229523
v -0.030395 0.090537 0.224947
v -0.029843 0.092737 0.217544
v -0.029775 0.080661 0.219616
v -0.032794 0.129569 -0.215670
v -0.009290 0.026833 -0.999498
v -0.011059 0.034394 -1.001382
v -0.001583 0.176351 -0.960649
v -0.019529 0.059558 -0.791328
v -0.072215 0.061763 0.767133
v -0.004007 -0.116409 0.128258
v -0.035159 0.119105 -0.437572
v 0.015707 0.063108 0.665440
v 0.007844 0.059270 -0.182977
v -0.012045 -0.189126 -0.576297
v 0.519447 0.062611 -0.395111
v 0.535677 0.062382 -0.412649
v 0.270268 0.059736 -0.235020
v 0.308559 0.059804 -0.270390
v -0.321171 0.062714 -0.091700
v -0.048975 0.063368 -0.372325
v -0.228840 0.060010 0.320019
v 0.358354 0.062498 -0.003269
v 0.365028 0.062148 -0.012980
v -0.005203 -0.136285 -0.079372
v -0.010268 -0.056930 -0.998765
v -0.002218 0.176281 -0.917552
v -0.011622 0.054687 0.275490
v -0.007000 0.067171 0.799939
v 0.386153 0.059882 -0.464792
v -0.005232 -0.137570 -0.060330
v -0.073121 0.062189 0.752581
v -0.035265 0.072381 -0.308968
v -0.605751 0.060188 -0.766746
v -0.004440 0.057143 0.990520
v -0.007870 0.059960 0.987343
v -0.004057 0.074517 -0.877580
v 0.143584 0.063271 0.237177
v -0.001924 0.162444 -0.974039
v 0.001047 0.065152 0.733287
v 0.007842 0.063287 0.735995
v -0.008431 0.029299 -0.992326
v 0.072635 0.059647 0.286506
v -0.012363 0.058742 0.252927
v -0.009211 -0.009473 0.537469
v 0.217624 0.062486 0.346746
v -0.026741 0.168574 -0.765336
v -0.015999 -0.085965 -0.622031
v -0.007463 0.054687 -0.187124
v 0.397455 0.060920 -0.090434
v 0.064353 0.060183 0.682961
v -0.005705 0.038116 0.915804
v -0.008789 -0.022323 0.541730
v -0.012281 0.060415 0.976504
v 0.001345 0.085985 -0.797526
v 0.032744 0.059504 -0.606856
v 0.547861 0.062345 -0.809972
v -0.006758 -0.030721 0.636225
v -0.047503 0.063330 -0.409063
v 0.423514 0.060406 -0.155001
v 0.429244 0.061408 -0.164536
v -0.028838 0.157907 -0.647087
v -0.028681 0.159461 -0.662992
v -0.029540 0.155634 -0.658186
v -0.005532 0.025459 0.855237
v -0.006792 -0.015483 0.672596
v -0.007108 -0.023379 0.640390
v 0.001718 0.164280 -0.784438
v 0.407956 0.060279 -0.117613
v -0.009522 -0.030148 0.479183
v -0.006729 -0.168207 -0.295448
v 0.368459 0.062394 -0.022621
v 0.007840 0.059297 -0.398194
v 0.032482 0.059426 -0.402879
v 0.004292 0.150364 -0.515390
v 0.005295 0.150050 -0.507439
v 0.004466 0.068210 0.125819
v 0.007574 0.129398 -0.215404
v 0.008221 0.108392 -0.204526
v 0.105843 0.061807 0.670432
v 0.099677 0.060387 0.685323
v 0.105121 0.060818 0.671767
v 0.006210 0.131662 -0.472379
v -0.030056 0.082242 0.241542
v -0.010058 -0.106485 -0.929906
v 0.002851 0.065952 -0.387464
v -0.007466 -0.079255 -0.428671
v -0.106560 0.059674 0.332595
v -0.028829 0.155779 -0.621671
v -0.010211 0.174865 -0.996899
v -0.066626 0.059570 -0.678883
v 0.337819 0.062574 0.048630
v -0.624499 0.060688 -0.602381
v -0.620236 0.060138 -0.600317
v 0.000337 0.069598 -0.728639
v 0.606542 0.060333 -0.819694
v 0.371156 0.061809 -0.026092
v 0.007537 0.100182 -0.024379
v 0.008240 0.089874 -0.017024
v 0.388215 0.062888 -0.199059
v 0.568141 0.062540 -0.551896
v -0.014318 0.176046 -0.923246
v -0.639876 0.062275 -0.719459
v 0.060677 0.060685 -0.842535
v 0.291924 0.060397 0.156485
v 0.003617 0.070446 0.679989
v -0.048763 0.062773 0.707516
v -0.706218 0.060459 -0.800764
v -0.031580 0.105902 0.189297
v -0.032403 0.106475 0.166177
v -0.032558 0.126869 -0.180772
v -0.032660 0.125019 -0.161658
v -0.006003 0.037789 0.167632
v -0.005683 0.014528 0.167500
v 0.419153 0.063143 -0.477177
v -0.064276 0.061936 0.793630
v -0.697517 0.060936 -0.766822
v 0.177231 0.061904 0.465392
v 0.501533 0.061796 -0.840583
v 0.509102 0.062089 -0.835961
v 0.000323 0.059301 -0.023025
v -0.522408 0.062019 -0.379631
v -0.009498 -0.059436 -0.992170
v -0.031623 0.112860 0.070207
v -0.284039 0.059619 -0.264518
v 0.007893 0.063186 -0.668260
v -0.017147 0.001655 -0.267954
v -0.007726 -0.123534 0.093982
v -0.006318 -0.125250 0.088124
v 0.002605 0.168301 -0.768326
v 0.068401 0.060164 -0.835920
v -0.030753 0.101540 0.198240
v -0.039788 0.063006 0.727048
v -0.028513 0.160338 -0.677843
v -0.029166 0.160956 -0.689738
v -0.029164 0.156202 -0.679323
v -0.116560 0.060132 0.622760
v -0.023653 0.059350 -0.156625
v -0.028457 0.154534 -0.601821
v 0.001035 0.066359 -0.482433
v -0.011793 -0.176678 -0.790417
v -0.017891 0.054719 -0.313741
v -0.026508 0.064646 0.372016
v -0.013453 -0.025304 -0.958971
v -0.004806 0.120458 -0.089329
v 0.362047 0.059840 -0.497146
v 0.417706 0.060277 -0.149083
v -0.001139 0.125191 -0.904814
v -0.009136 -0.122789 0.085399
v -0.012829 -0.156207 -0.294830
v -0.501723 0.062656 -0.511775
v -0.030198 0.148153 -0.549051
v -0.008409 0.066845 0.821582
v 0.228328 0.059672 -0.556482
v -0.016457 0.060291 0.826636
v -0.007425 0.054687 0.162626
v -0.007400 0.054687 0.133045
v -0.004203 -0.116144 0.167927
v -0.006175 -0.014179 0.707943
v 0.030206 0.059461 0.041672
v 0.057645 0.059446 0.027808
v 0.082318 0.059486 0.055104
v -0.005566 -0.088341 -0.072141
v -0.004415 -0.062686 0.273886
v 0.006990 0.105638 0.202522
v -0.013025 -0.170911 -0.880780
v -0.043957 0.060060 0.712030
v -0.468622 0.062380 -0.300813
v -0.040581 0.059963 -0.789166
v -0.015765 -0.092396 -0.257936
v -0.011029 -0.132104 -0.043014
v -0.000973 0.117968 -0.884783
v -0.005128 -0.025796 0.076305
v 0.005843 0.079112 -0.406272
v 0.193964 0.061362 0.418140
v 0.000069 0.059403 -0.617601
v 0.007949 0.116876 -0.102057
v 0.007444 0.122031 -0.118181
v -0.010645 -0.117118 0.097332
v -0.011514 -0.176668 -0.771303
v -0.352123 0.062496 -0.079473
v 0.189196 0.062741 0.354106
v -0.007458 0.175553 -0.991516
v -0.003810 0.175600 -0.988458
v -0.004627 0.018822 0.811034
v -0.006189 0.059548 -0.861211
v 0.008409 0.080667 -0.053463
v 0.007254 0.089894 0.205968
v -0.013060 -0.132027 -0.139885
v -0.028320 0.098972 0.313467
v -0.029005 0.098378 0.315051
v -0.019450 0.064824 0.807901
v 0.492155 0.062309 -0.812278
v 0.355540 0.059857 -0.583070
v 0.104578 0.060396 0.662796
v 0.141952 0.059753 -0.694976
v -0.039113 0.063077 0.586662
v -0.012057 0.026359 0.308919
v -0.004650 0.008187 0.786250
v 0.117211 0.062944 -0.732794
v 0.255856 0.059724 -0.583341
v -0.006779 0.054087 0.894399
v 0.586476 0.060271 -0.784064
v 0.602284 0.060250 -0.744225
v -0.008583 -0.171798 -0.442538
v 0.080559 0.059603 -0.662380
v -0.012941 0.058682 0.240788
v -0.008637 -0.148801 -0.447873
v -0.241349 0.063284 -0.305774
v 0.515720 0.060853 -0.361703
v -0.032429 0.117500 -0.039359
v 0.259516 0.059699 -0.266503
v 0.485763 0.061787 -0.292430
v 0.491727 0.062183 -0.306951
v 0.097500 0.060354 0.650329
v 0.147760 0.060785 0.545603
v -0.009957 -0.019504 0.474984
v -0.005741 0.022780 -0.010327
v -0.004941 -0.124904 0.018062
v -0.006693 -0.132273 0.023952
v -0.545955 0.061675 -0.839310
v -0.278594 0.060013 0.197740
v 0.019803 0.059447 0.165483
v -0.013216 -0.179673 -0.470272
v -0.005752 0.014414 -0.031373
v 0.008531 0.079713 -0.031040
v -0.035292 0.117177 -0.421326
v 0.008126 0.079242 -0.013784
v 0.432494 0.062460 -0.177059
v -0.015254 0.046589 0.068083
v 0.008662 0.092798 -0.190068
v -0.010950 0.014774 -1.000324
v -0.158688 0.059441 -0.241537
v -0.229142 0.062749 0.084341
v -0.023509 0.059851 0.745289
v -0.009004 -0.073577 -0.699017
v -0.005054 -0.067602 0.092505
v -0.014612 -0.046621 -0.895028
v 0.011349 0.059295 -0.331399
v -0.003418 0.145184 -0.950454
v -0.016478 -0.058008 -0.631706
v -0.004577 0.155422 -0.975791
v -0.013339 0.108509 -1.001209
v -0.032365 0.059349 -0.519624
v -0.006853 -0.023375 0.663510
v -0.027071 0.124166 -0.152765
v -0.030479 0.064901 -0.524942
v 0.007312 0.120608 -0.097079
v 0.651886 0.060476 -0.671189
v 0.024361 0.062678 -0.796034
v 0.110370 0.062403 -0.815201
v -0.007560 0.054687 0.178002
v -0.005168 0.022705 -0.450729
v 0.598504 0.062559 -0.667861
v -0.010635 0.114621 -0.997454
v 0.005663 0.147404 -0.515082
v 0.347808 0.062380 0.024719
v 0.046515 0.062481 0.780592
v -0.529112 0.061498 -0.388041
v -0.015053 0.054687 -0.016704
v -0.011022 -0.139168 -0.096062
v -0.006330 -0.074678 0.422858
v -0.005632 0.014493 0.122548
v -0.011133 -0.140777 -0.112135
v 0.007068 0.087481 -0.524838
v -0.034871 0.069941 -0.496139
v 0.046129 0.062566 0.753988
v -0.006892 -0.037967 -0.466425
v -0.033187 0.115092 -0.025576
v -0.074111 0.060204 0.749526
v -0.030750 0.104721 0.229883
v 0.406835 0.061226 -0.111284
v -0.005114 0.063803 -0.866279
v 0.014174 0.059340 -0.004915
v 0.026827 0.063009 0.695306
v 0.420373 0.062886 -0.286554
v -0.011748 -0.172690 -0.359294
v -0.015786 0.046641 -0.133160
v 0.090948 0.062252 0.709582
v -0.005393 -0.009266 0.733435
v -0.000724 0.077694 0.602022
v 0.007756 0.079089 -0.001331
v -0.627709 0.060088 -0.614693
v -0.030527 0.066645 -0.430308
v 0.012938 0.063057 0.777470
v 0.048877 0.062715 0.712972
v -0.030491 0.101558 0.183603
v -0.009579 0.059139 0.943609
v -0.288077 0.061576 0.178278
v -0.023430 0.098853 0.313283
v -0.003706 0.099548 0.307512
v -0.013183 0.067017 0.819043
v -0.103630 0.062346 0.587047
v -0.598934 0.060158 -0.604695
v -0.030979 0.101552 0.190239
v -0.039077 0.059669 -0.681430
v -0.010874 0.005346 0.427760
vn -0.9997 0.0201 0.0155
vn -0.9989 0.0433 0.0187
vn -0.9988 -0.0147 0.0460
vn -0.8711 0.4890 0.0462
vn -0.7615 0.6480 0.0157
vn -0.9980 -0.0522 0.0354
vn -0.9989 -0.0265 0.0390
vn -0.9998 -0.0214 -0.0039
vn -0.9990 -0.0430 0.0120
vn -0.9994 0.0338 -0.0126
vn -0.9929 -0.1165 0.0246
vn -0.9433 -0.3301 0.0354
vn -0.9810 -0.1940 0.0002
vn -0.7009 0.7000 0.1372
vn -0.9490 0.2766 0.1517
vn -0.9814 -0.1553 0.1126
vn -1.0000 -0.0049 -0.0038
vn -0.9986 0.0520 0.0113
vn -0.9999 -0.0112 -0.0092
vn -0.9854 -0.1699 0.0106
vn -1.0000 0.0031 -0.0088
vn -0.8907 -0.4545 -0.0078
vn -0.8864 -0.4621 0.0268
vn -0.9245 0.3805 0.0230
vn -0.9997 -0.0091 -0.0224
vn -0.7682 0.6388 -0.0426
vn -0.8698 0.4918 0.0406
vn -0.9992 0.0336 -0.0203
vn -0.9992 0.0376 -0.0145
vn -0.9895 0.1429 0.0227
vn -0.9999 -0.0057 0.0098
vn -0.6592 0.7513 -0.0325
vn -0.7644 0.6446 0.0142
vn -0.9994 -0.0334 -0.0009
vn -0.8795 0.4746 0.0343
vn -0.9996 -0.0183 -0.0220
vn -0.9992 0.0136 -0.0364
vn -0.9999 -0.0170 -0.0029
vn -0.9995 -0.0300 0.0032
vn -0.9992 -0.0396 0.0061
vn -0.9996 -0.0230 -0.0139
vn -0.9999 -0.0030 -0.0103
vn -0.8556 0.5173 -0.0203
vn -0.8588 0.5122 0.0120
vn -0.7557 0.6547 -0.0178
vn -0.9975 -0.0596 0.0385
vn -0.8973 0.4383 0.0529
vn -0.8003 0.5983 0.0408
vn -0.9993 0.0261 -0.0280
vn -0.9995 0.0267 -0.0163
vn -0.9971 -0.0577 0.0503
vn -0.9965 -0.0723 0.0409
vn -0.9984 -0.0305 0.0470
vn -0.9990 -0.0347 0.0288
vn -0.9974 0.0695 0.0209
vn -0.9989 -0.0461 0.0109
vn -0.9972 0.0748 0.0085
vn -0.9976 0.0683 0.0061
vn -0.9998 -0.0201 -0.0015
vn -0.9998 0.0142 -0.0111
vn -0.9999 -0.0116 0.0039
vn -0.8430 0.5330 -0.0722
vn -0.7534 0.6575 -0.0069
vn -0.9968 0.0774 -0.0221
vn -0.9997 -0.0238 0.0073
vn -0.9883 0.1523 -0.0045
vn -0.8608 0.5077 -0.0357
vn -0.8212 -0.5632 -0.0917
vn -0.9886 -0.1376 -0.0606
vn -0.8802 -0.4746 0.0062
vn -0.9958 -0.0811 0.0436
vn -0.9469 0.3194 0.0375
vn -0.7378 -0.6736 -0.0427
vn -0.9067 0.4185 0.0528
vn -0.9942 0.1075 0.0091
vn -0.9975 0.0702 -0.0021
vn -0.9939 0.1088 0.0167
vn -0.9988 0.0477 0.0073
vn -0.8753 -0.1381 0.4635
vn -0.9998 -0.0183 -0.0095
vn -0.9915 -0.1045 0.0770
vn -0.9920 0.1265 0.0027
vn -0.8742 0.4752 0.0997
vn -0.9930 -0.0165 0.1172
vn -0.0227 0.9951 0.0962
vn -0.6860 0.6941 0.2181
vn -0.9788 -0.0358 0.2017
vn -0.9743 -0.2252 -0.0017
vn -0.8982 -0.0374 0.4380
vn -0.9996 -0.0238 -0.0166
vn -0.7568 0.6534 0.0140
vn 0.9221 0.3726 -0.1039
vn 0.6707 -0.7386 0.0684
vn 0.7075 -0.6929 0.1391
vn 0.7174 -0.6603 0.2220
vn 0.6594 0.3531 0.6638
vn -0.9920 0.1246 -0.0188
vn -0.9903 0.1191 -0.0715
vn -0.9890 0.1376 -0.0538
vn -0.9692 -0.1567 -0.1900
vn -0.9680 -0.1725 -0.1821
vn -0.9780 -0.0114 -0.2084
vn -0.9765 0.1316 -0.1705
vn -0.9945 -0.1043 -0.0096
vn -0.9569 0.2896 -0.0230
vn -0.8188 0.5443 -0.1825
vn -0.9430 -0.3314 -0.0294
vn -0.9941 0.0172 0.1069
vn -0.9970 0.0144 -0.0764
vn -0.9900 0.0959 -0.1030
vn -0.9968 0.0720 0.0338
vn -0.9985 0.0445 0.0318
vn -0.9917 0.0402 -0.1218
vn -0.9821 0.1152 -0.1492
vn -0.9981 0.0037 -0.0617
vn -0.9999 0.0048 -0.0111
vn -0.9921 0.1230 -0.0252
vn -0.7922 0.6102 0.0082
vn -0.8758 -0.2819 -0.3917
vn -0.0832 0.9561 -0.2809
vn 0.0581 -0.9793 -0.1941
vn 0.2748 -0.7393 -0.6148
vn -0.1829 -0.0749 -0.9803
vn 0.0755 -0.9899 -0.1202
vn -0.2333 -0.4237 -0.8753
vn 0.0354 -0.9883 -0.1487
vn 0.1888 0.9792 0.0749
vn 0.9342 -0.1208 0.3356
vn 0.2654 0.9435 0.1983
vn 0.9975 -0.0335 -0.0620
vn -0.0124 0.6457 -0.7635
vn 0.7693 -0.1999 -0.6068
vn -0.6509 -0.6473 -0.3967
vn 0.9229 -0.3684 -0.1118
vn 0.9979 -0.0462 0.0460
vn 0.9056 -0.3992 0.1434
vn 0.8061 0.4597 -0.3728
vn 0.8160 -0.3382 0.4688
vn 0.5737 -0.7328 -0.3658
vn -0.9803 0.1527 -0.1252
vn -0.9992 -0.0379 -0.0109
vn -0.9564 -0.1357 -0.2586
vn -0.8603 -0.4023 0.3132
vn -0.8979 0.4068 -0.1685
vn -0.9668 -0.2216 0.1275
vn -0.9996 0.0074 -0.0268
vn 0.7386 -0.6553 0.1584
vn -0.5866 -0.7882 0.1860
vn 0.9775 -0.2057 0.0473
vn -0.9600 -0.2741 0.0567
vn 0.0103 -0.9731 0.2300
vn -0.1311 -0.9902 0.0474
vn -0.9767 0.1637 -0.1389
vn -0.8777 0.1515 0.4547
vn -0.2985 -0.9418 0.1549
vn -0.1017 0.9935 0.0510
vn -0.8189 0.4124 0.3993
vn -0.9494 0.0787 0.3041
vn -0.1363 -0.9903 0.0253
vn -0.0823 -0.9962 0.0282
vn -0.7256 -0.6521 0.2199
vn -0.1033 0.9943 0.0247
vn -0.1999 0.9787 0.0459
vn -0.7172 0.6421 0.2708
vn -0.7483 -0.6308 0.2052
vn -0.1437 -0.9893 0.0251
vn 0.9632 0.2686 0.0044
vn 0.8548 -0.5189 -0.0078
vn 0.8643 -0.5029 -0.0072
vn -0.4771 0.1140 -0.8714
vn -0.8726 0.4686 -0.1377
vn -0.0511 0.8764 -0.4788
vn -0.6377 0.5616 0.5271
vn -0.9834 0.1165 -0.1391
vn -0.7921 -0.5681 0.2230
vn -0.7746 -0.6304 0.0504
vn -0.9163 -0.2066 -0.3431
vn -0.9595 -0.2139 0.1834
vn -0.9914 0.1298 0.0153
vn -0.9725 -0.1802 -0.1477
vn 0.8760 -0.4808 -0.0383
vn 0.9970 0.0735 -0.0255
vn 0.9011 -0.4329 0.0262
vn 0.7557 0.6429 -0.1245
vn 0.8457 -0.5070 -0.1664
vn 0.9973 -0.0558 -0.0476
vn 0.8497 -0.5116 0.1277
vn 0.9317 -0.3631 -0.0092
vn 0.9855 0.1697 -0.0045
vn 0.9262 -0.3770 0.0034
vn 0.9011 0.4337 -0.0054
vn -0.9745 -0.1976 0.1062
vn -0.9834 0.1481 -0.1047
vn -0.9785 -0.1612 -0.1285
vn -0.9450 -0.2777 0.1727
vn -0.8481 0.3594 -0.3894
vn -0.9759 -0.1836 -0.1177
vn -0.7352 0.2712 0.6213
vn 0.8693 0.4943 0.0076
vn 0.9666 0.2561 -0.0113
vn 0.9826 -0.1855 0.0034
vn 0.6432 0.5135 0.5680
vn 0.9477 -0.3004 -0.1075
vn 0.7841 0.3175 -0.5332
vn 0.9226 -0.3778 0.0781
vn 0.7986 -0.5674 -0.2007
vn 0.8603 -0.2941 0.4165
vn 0.9258 -0.3362 -0.1729
vn 0.9938 0.0543 -0.0967
vn 0.9148 -0.3822 0.1309
vn 0.5755 -0.8163 0.0490
vn 0.9794 0.1701 0.1086
vn 0.7701 -0.5541 0.3161
vn -0.9198 -0.3441 0.1886
vn -0.9106 0.0586 0.4091
vn -0.7629 -0.6219 -0.1766
vn -0.5909 0.5694 -0.5715
vn 0.4528 -0.8750 0.1713
vn 0.9592 0.1861 0.2127
vn 0.7956 -0.4987 0.3441
vn -0.9584 -0.2210 0.1806
vn -0.9869 0.1543 0.0466
vn -0.9750 -0.1801 -0.1302
vn -0.9511 -0.2955 0.0896
vn -0.8727 0.2604 -0.4129
vn -0.5713 -0.7231 -0.3882
vn 0.7313 0.6645 0.1540
vn 0.9331 -0.3352 -0.1300
vn 0.8857 0.4571 -0.0807
vn 0.7179 0.6722 0.1809
vn 0.9814 -0.1912 -0.0150
vn 0.7934 -0.3978 0.4607
vn -0.8191 0.5016 0.2784
vn -0.6580 -0.7188 0.2243
vn -0.8466 -0.4212 0.3252
vn -0.6501 0.7226 0.2349
vn -0.5002 -0.8423 0.2007
vn -0.9461 0.1547 0.2845
vn -0.1206 -0.9908 0.0620
vn -0.3882 -0.9125 0.1291
vn -0.9446 -0.1389 0.2974
vn -0.1975 0.9784 0.0607
vn -0.8354 -0.4357 0.3351
vn -0.7999 -0.3163 0.5100
vn -0.9401 0.3187 -0.1210
vn -0.8115 -0.5746 0.1063
vn 0.9999 0.0140 0.0008
vn 0.9999 0.0162 0.0006
vn 1.0000 0.0099 -0.0003
vn -0.8814 -0.1749 0.4388
vn -0.9238 -0.0322 0.3815
vn 0.0013 1.0000 0.0003
vn 0.9857 -0.1682 0.0028
vn 0.9708 -0.2168 -0.1025
vn 0.9537 -0.3008 0.0083
vn 0.9817 -0.1898 0.0160
vn -0.6259 0.7773 0.0641
vn -0.5177 0.8537 0.0562
vn -0.9991 -0.0106 -0.0414
vn 0.9999 0.0029 -0.0166
vn 0.9999 0.0009 -0.0144
vn 0.9999 -0.0026 -0.0146
vn -0.0215 0.9998 -0.0011
vn -0.0253 0.9997 0.0026
vn -0.2264 0.9740 -0.0002
vn -0.0006 1.0000 -0.0076
vn -0.0003 1.0000 -0.0078
vn 0.0002 0.9988 -0.0490
vn 0.0126 0.9982 0.0583
vn 0.4743 0.8794 0.0411
vn 0.5433 0.8378 0.0544
vn -0.9999 0.0110 0.0027
vn -0.9999 0.0111 0.0094
vn -1.0000 0.0054 0.0056
vn 0.1039 0.9942 0.0273
vn 0.0367 0.9990 0.0240
vn 0.0642 0.9979 0.0123
vn 0.0049 1.0000 0.0018
vn 0.0053 1.0000 0.0022
vn 0.0060 1.0000 0.0021
vn 0.9998 0.0053 -0.0180
vn 0.9998 0.0079 -0.0190
vn 0.9998 0.0105 -0.0154
vn -0.5298 0.8453 0.0692
vn -0.9990 -0.0143 0.0430
vn -0.8574 0.5109 0.0619
vn 0.9909 0.1343 -0.0109
vn 0.9949 0.1001 -0.0096
vn 0.9999 0.0099 -0.0119
vn 0.2247 -0.9714 0.0771
vn 0.2020 -0.9763 0.0773
vn 0.9389 0.0584 0.3391
vn 0.8476 0.3600 0.3898
vn 0.9176 -0.0559 0.3936
vn 0.2978 -0.9449 0.1360
vn 0.0022 1.0000 -0.0008
vn 0.0021 1.0000 -0.0004
vn 0.0028 1.0000 -0.0001
vn 0.0012 0.8833 -0.4689
vn -0.0019 0.9999 -0.0128
vn -0.0240 0.9894 -0.1430
vn -0.0437 -0.3584 -0.9326
vn 0.0292 0.9967 0.0764
vn 0.0808 0.9947 0.0633
vn 0.0172 0.9978 0.0642
vn -0.0017 -1.0000 -0.0005
vn 0.0009 -1.0000 -0.0013
vn 0.0007 -1.0000 -0.0015
vn 0.0008 -1.0000 -0.0010
vn -0.9984 -0.0536 0.0164
vn -0.9960 -0.0865 0.0235
vn -0.9686 -0.2432 0.0519
vn -0.9997 -0.0254 0.0026
vn -0.9995 -0.0311 0.0024
vn -0.9995 -0.0319 0.0045
vn 0.0048 1.0000 -0.0023
vn 0.0054 1.0000 -0.0026
vn 0.0084 1.0000 -0.0022
vn -0.9990 -0.0429 0.0101
vn -0.9991 -0.0409 0.0099
vn -0.9982 -0.0591 0.0108
vn 0.2014 0.9795 -0.0014
vn 0.0150 0.9999 -0.0006
vn 0.0153 0.9999 -0.0012
vn 0.0047 -1.0000 0.0013
vn 0.0053 -1.0000 0.0016
vn 0.0058 -1.0000 0.0012
vn -0.9982 -0.0579 0.0140
vn -0.9958 -0.0898 0.0163
vn -0.9970 -0.0755 0.0193
vn 0.0038 1.0000 0.0017
vn 0.0062 1.0000 0.0023
vn 0.0059 1.0000 0.0019
vn -0.9896 0.1428 0.0186
vn -0.9915 0.1281 0.0205
vn -0.0005 1.0000 -0.0033
vn -0.0008 1.0000 -0.0036
vn -0.0006 1.0000 -0.0050
vn 0.0685 0.9976 -0.0070
vn 0.7471 0.5920 0.3022
vn 0.1935 0.9693 -0.1516
vn 0.6853 0.7279 0.0238
vn 0.7677 0.6408 0.0068
vn 0.9998 -0.0080 -0.0158
vn 0.9998 -0.0153 -0.0082
vn 0.9999 -0.0122 -0.0079
vn 0.9999 -0.0016 -0.0104
vn 0.0005 1.0000 -0.0036
vn -0.0011 1.0000 -0.0032
vn 0.0004 1.0000 -0.0021
vn -0.6392 0.7501 0.1695
vn -0.7657 0.6135 0.1932
vn -0.0307 0.9994 0.0139
vn -0.0005 1.0000 -0.0063
vn -0.0007 1.0000 -0.0067
vn -0.0006 1.0000 -0.0075
vn 1.0000 0.0030 -0.0049
vn 0.3363 -0.9343 0.1186
vn 0.8679 -0.4939 0.0527
vn 0.1875 -0.6834 -0.7055
vn 0.1115 0.0356 -0.9931
vn 0.1294 -0.9465 -0.2958
vn -0.0009 -1.0000 -0.0028
vn -0.0007 -1.0000 -0.0041
vn -0.0009 -1.0000 -0.0040
vn -0.0008 -1.0000 -0.0031
vn 0.9997 -0.0260 -0.0043
vn 0.9998 -0.0198 -0.0035
vn 0.9998 -0.0191 -0.0053
vn -0.8412 0.4112 0.3511
vn -0.4935 -0.8481 0.1928
vn -0.7328 -0.6231 0.2735
vn -0.4704 0.8654 0.1728
vn 0.0028 -1.0000 0.0017
vn 0.0048 -1.0000 0.0016
vn 0.0029 -1.0000 0.0013
vn 0.0037 -1.0000 0.0015
vn 0.0041 -1.0000 0.0017
vn 0.0033 -1.0000 0.0017
vn 0.9983 -0.0477 -0.0344
vn 0.9988 -0.0390 -0.0287
vn 0.9970 -0.0641 -0.0430
vn -0.9530 -0.2983 0.0528
vn -0.7817 -0.6147 0.1051
vn -0.6133 -0.7806 0.1208
vn -0.0093 1.0000 0.0007
vn -0.0096 1.0000 0.0001
vn 0.0019 1.0000 0.0009
vn -0.9569 -0.2903 -0.0008
vn -0.9998 -0.0200 0.0032
vn -0.9577 -0.2879 0.0037
vn 0.0011 -1.0000 -0.0007
vn -0.9954 -0.0826 -0.0476
vn -0.9938 -0.0847 -0.0726
vn -0.9966 -0.0545 -0.0626
vn -0.9697 -0.2433 0.0213
vn -0.9691 -0.2440 0.0371
vn -0.9997 0.0133 0.0219
vn 0.0299 0.9956 0.0889
vn 0.0318 0.9977 0.0606
vn 0.0093 0.9966 0.0815
vn 0.1024 0.9945 0.0232
vn 0.0752 0.9970 0.0162
vn 0.7801 0.6255 0.0156
vn -0.9995 -0.0312 0.0021
vn -0.9995 -0.0303 0.0016
vn -0.9993 -0.0375 0.0033
vn 0.9998 -0.0188 -0.0045
vn 0.9998 -0.0211 -0.0039
vn 0.9998 -0.0192 -0.0034
vn 0.9985 -0.0335 -0.0440
vn 0.9058 -0.4227 -0.0275
vn 0.8955 -0.4436 -0.0356
vn 0.1891 0.9787 0.0800
vn 0.9263 -0.0201 0.3762
vn 0.6575 0.7104 0.2510
vn -1.0000 -0.0038 0.0061
vn -1.0000 -0.0030 0.0055
vn -0.9998 -0.0169 0.0067
vn -0.2572 -0.9650 0.0504
vn 0.7152 -0.6978 0.0394
vn 0.0727 -0.9930 0.0929
vn 0.0546 0.9985 -0.0031
vn -0.0004 1.0000 -0.0033
vn 0.0064 0.9999 -0.0130
vn -0.6203 -0.7765 0.1108
vn 0.3899 -0.9123 0.1251
vn 0.3590 -0.9228 0.1397
vn -0.9818 -0.1350 0.1333
vn -0.9479 -0.3173 -0.0273
vn 0.3746 0.9265 0.0351
vn 0.5600 0.8274 0.0410
vn 0.9989 0.0467 -0.0004
vn 0.0026 -1.0000 0.0009
vn 0.0023 -1.0000 0.0007
vn 0.0028 -1.0000 0.0012
vn 0.0019 1.0000 -0.0000
vn 0.0023 1.0000 0.0007
vn 0.0025 1.0000 0.0006
vn -0.0029 1.0000 0.0012
vn -0.0039 1.0000 0.0011
vn 0.0043 1.0000 0.0013
vn 0.0534 -0.9986 0.0006
vn 0.0066 -1.0000 0.0012
vn 0.0063 -1.0000 0.0016
vn -0.7520 0.6579 0.0398
vn 0.0013 0.9985 0.0551
vn 0.1527 -0.9865 0.0588
vn 0.1375 -0.9891 0.0533
vn 0.7015 -0.6641 0.2587
vn 0.9057 -0.2336 0.3536
vn 0.0044 -1.0000 0.0006
vn 0.0015 -1.0000 0.0006
vn 0.0015 -1.0000 0.0008
vn -0.9239 -0.3827 0.0025
vn -0.9071 0.4209 0.0053
vn -0.9519 0.3060 0.0174
vn 0.0120 0.9995 0.0278
vn 0.0338 0.9989 0.0318
vn 0.0422 0.9989 0.0205
vn 0.0189 0.9996 0.0199
vn 0.0053 1.0000 -0.0020
vn -0.9984 -0.0555 0.0123
vn -0.9953 -0.0953 0.0173
vn -0.9954 -0.0943 0.0169
vn 0.7461 -0.5755 0.3348
vn 0.3992 -0.9029 0.1596
vn 0.9223 0.0552 0.3826
vn -0.0308 -0.9995 -0.0027
vn -0.5597 -0.8286 0.0096
vn -0.6440 -0.7650 -0.0001
vn 0.4647 -0.8649 0.1896
vn 0.0968 -0.9944 0.0430
vn 0.6819 -0.6632 0.3085
vn -0.9992 -0.0385 0.0137
vn -0.9994 -0.0326 0.0110
vn -0.9986 -0.0496 0.0159
vn -0.9926 -0.0944 -0.0764
vn -0.9863 -0.0919 -0.1368
vn -0.9923 -0.0931 -0.0814
vn -0.0016 -1.0000 0.0001
vn -0.0013 -1.0000 0.0004
vn -0.3627 0.9318 0.0109
vn -0.9674 0.2498 0.0427
vn -0.9691 0.2462 -0.0163
vn -0.3099 0.9508 -0.0037
vn -0.9364 -0.3440 0.0693
vn -0.9352 -0.3541 -0.0018
vn -0.9664 0.2564 0.0205
vn 0.0006 -1.0000 -0.0002
vn 0.0012 -1.0000 -0.0002
vn 0.0010 -1.0000 -0.0003
vn 0.0596 -0.9980 0.0198
vn 0.1154 -0.9927 0.0349
vn 0.6978 -0.6712 0.2500
vn -0.9997 -0.0261 -0.0019
vn -0.9998 -0.0213 -0.0026
vn -0.9998 -0.0181 -0.0027
vn 0.0021 0.9997 0.0244
vn 0.0296 0.9994 0.0194
vn 0.0542 0.9982 0.0263
vn -0.9992 -0.0398 -0.0052
vn -0.9987 -0.0512 0.0019
vn -0.9995 -0.0317 -0.0056
vn 0.0020 -1.0000 0.0005
vn 0.0019 1.0000 -0.0013
vn 0.0019 1.0000 -0.0012
vn 0.0027 1.0000 -0.0006
vn 0.9841 -0.1777 -0.0070
vn 0.8251 0.5649 -0.0080
vn 0.8758 0.4825 -0.0137
vn 0.9780 -0.2082 -0.0149
vn 0.9995 0.0323 -0.0015
vn 0.9994 0.0343 -0.0029
vn 0.9998 0.0223 0.0003
vn -0.9784 -0.2064 0.0117
vn -0.9988 0.0478 0.0063
vn -0.9997 0.0253 0.0056
vn -0.9712 -0.2383 0.0025
vn 0.9997 -0.0238 -0.0078
vn 0.9997 -0.0253 -0.0060
vn 0.9996 -0.0268 -0.0037
vn 0.0029 -1.0000 -0.0005
vn 0.0154 -0.9999 0.0013
vn -0.9701 -0.1915 0.1490
vn -0.9362 0.3516 -0.0024
vn -0.6199 0.7631 0.1829
vn 0.9999 0.0146 -0.0087
vn 0.9999 0.0134 -0.0068
vn 0.9988 -0.0483 -0.0047
vn -0.0058 -1.0000 0.0012
vn -0.0021 -1.0000 0.0012
vn -0.0158 -0.9999 0.0006
vn -0.1558 -0.9857 0.0648
vn -0.0524 -0.9983 0.0238
vn -0.0051 -1.0000 0.0011
vn -0.0005 0.9989 -0.0470
vn -0.0003 1.0000 -0.0047
vn 0.0014 0.9940 -0.1098
vn 0.0041 0.9968 0.0803
vn 0.6827 0.7304 0.0205
vn 0.4851 0.8722 0.0633
vn -0.0005 1.0000 -0.0038
vn -0.2225 0.9739 0.0450
vn 0.0072 0.9990 0.0432
vn 0.0076 0.9990 0.0430
vn 0.7100 0.7037 0.0277
vn 0.0390 0.9982 0.0463
vn -0.0029 1.0000 0.0020
vn 0.0011 1.0000 0.0017
vn -0.9974 -0.0713 0.0055
vn -0.9431 -0.3303 -0.0387
vn -0.9336 -0.3579 0.0167
vn -0.9985 -0.0320 -0.0437
vn -0.9990 -0.0136 -0.0415
vn -0.9994 -0.0124 -0.0308
vn 0.9999 -0.0163 -0.0003
vn 0.9999 -0.0113 0.0021
vn 0.9999 -0.0145 -0.0020
vn 0.2612 0.9653 -0.0037
vn 0.2058 0.9786 0.0012
vn 0.0287 0.9996 -0.0012
vn -0.3614 0.9319 0.0310
vn -0.0206 0.9990 0.0390
vn -0.0252 0.9986 0.0475
vn 0.9997 0.0250 -0.0024
vn 0.9997 0.0238 0.0049
vn 0.9997 -0.0241 -0.0005
vn 0.0324 -0.9995 -0.0000
vn 0.0356 -0.9994 -0.0004
vn 0.0018 -1.0000 -0.0000
vn 0.9999 0.0029 -0.0117
vn 0.9999 -0.0054 -0.0106
vn 1.0000 -0.0002 -0.0069
vn 0.0291 -0.9996 0.0003
vn 0.0027 -1.0000 0.0001
vn 0.0024 -1.0000 0.0003
vn -0.0008 1.0000 -0.0015
vn -0.0010 1.0000 -0.0010
vn -0.0007 1.0000 -0.0013
vn 0.9997 -0.0245 -0.0037
vn 0.9996 -0.0265 -0.0035
vn -0.9993 -0.0361 0.0130
vn -0.9995 -0.0150 0.0288
vn 0.9954 -0.0943 -0.0181
vn 0.8376 -0.5459 -0.0213
vn 0.9255 -0.3769 -0.0385
vn -0.9864 0.1619 0.0299
vn -0.9978 0.0646 0.0177
vn -0.9932 0.1154 0.0167
vn 0.0031 -1.0000 0.0010
vn 0.0018 -1.0000 0.0006
vn 0.0023 -1.0000 0.0011
vn 0.8651 -0.4531 -0.2150
vn 0.0013 1.0000 -0.0028
vn 0.0021 1.0000 -0.0014
vn 0.0014 1.0000 -0.0032
vn 0.0053 1.0000 0.0026
vn 0.0091 1.0000 0.0025
vn 0.0100 0.9999 0.0023
vn -0.4610 -0.8845 0.0715
vn -0.5140 -0.8571 0.0355
vn -0.7195 -0.6363 0.2784
vn 0.2490 -0.9598 0.1295
vn -0.0339 0.9989 0.0333
vn -0.0137 0.9997 0.0206
vn -0.0018 1.0000 0.0006
vn -0.0013 1.0000 0.0006
vn -0.0011 1.0000 0.0004
vn 0.0008 1.0000 -0.0035
vn 0.0012 1.0000 -0.0024
vn 0.0005 1.0000 -0.0042
vn 1.0000 0.0090 -0.0031
vn 0.9999 0.0163 -0.0043
vn 0.9999 0.0137 -0.0034
vn 0.2556 0.9667 -0.0091
vn 0.2231 0.9748 -0.0013
vn 0.0340 0.9994 -0.0013
vn -0.8109 0.5815 0.0653
vn 0.1381 0.9867 0.0859
vn -0.3991 0.9144 0.0679
vn -0.6625 0.7460 0.0674
vn -0.9380 -0.3465 -0.0041
vn -0.8722 -0.4891 -0.0024
vn -0.0017 -1.0000 0.0015
vn -0.0004 -1.0000 0.0013
vn 0.9982 0.0597 0.0010
vn 0.9980 0.0604 0.0163
vn -0.0025 1.0000 0.0019
vn 0.0001 1.0000 0.0014
vn 0.0090 1.0000 0.0019
vn -0.0205 0.9997 0.0112
vn -0.0150 0.9999 0.0041
vn -0.0019 1.0000 -0.0065
vn 0.0009 1.0000 -0.0060
vn -0.9929 0.1179 -0.0130
vn -0.9899 0.1395 -0.0239
vn -0.9992 0.0405 -0.0047
vn -0.9997 0.0237 -0.0036
vn -0.9995 0.0298 -0.0101
vn -0.9997 0.0186 -0.0181
vn -0.9998 0.0019 -0.0207
vn -0.0892 -0.9956 0.0270
vn -0.0096 -1.0000 0.0026
vn -0.0625 -0.9978 0.0231
vn -0.1792 -0.9819 0.0613
vn 0.0021 -1.0000 0.0002
vn 0.0002 0.9995 -0.0300
vn -0.0006 0.9991 -0.0414
vn -0.1544 0.2816 -0.9470
vn -0.4238 -0.9050 -0.0379
vn -0.4520 -0.8912 -0.0378
vn 0.7549 -0.6553 -0.0251
vn 0.9985 -0.0548 -0.0067
vn 1.0000 -0.0016 -0.0030
vn 0.9968 -0.0793 -0.0024
vn -0.0025 -1.0000 0.0022
vn -0.0011 -1.0000 0.0013
vn -0.0012 -1.0000 0.0009
vn 0.9997 -0.0225 -0.0043
vn 0.9984 -0.0558 -0.0063
vn 0.9979 -0.0648 -0.0047
vn 0.9997 -0.0249 -0.0030
vn 0.9851 -0.1705 -0.0225
vn 0.9805 -0.1962 -0.0135
vn 0.9844 -0.1750 -0.0176
vn 0.9991 -0.0429 -0.0036
vn 0.5331 -0.8392 0.1074
vn 0.6620 -0.7456 0.0756
vn -0.9962 0.0867 -0.0050
vn 0.0011 -1.0000 -0.0034
vn 0.0015 -1.0000 -0.0057
vn 0.0011 -1.0000 -0.0066
vn 0.6247 -0.4607 -0.6304
vn 0.5997 -0.7892 -0.1323
vn 0.9530 -0.2856 -0.1011
vn 0.9797 -0.1052 -0.1708
vn 0.2579 -0.9632 0.0755
vn 0.0063 -1.0000 0.0007
vn 0.0740 -0.9969 0.0270
vn 0.5613 -0.7970 0.2229
vn 1.0000 0.0010 -0.0092
vn -0.0010 -1.0000 -0.0011
vn -0.0438 -0.9990 0.0022
vn -0.1918 -0.9814 -0.0117
vn -0.1629 -0.9717 0.1709
vn -0.7234 0.6899 0.0281
vn -0.8069 0.5902 0.0234
vn -0.9984 -0.0464 -0.0335
vn 0.0007 -1.0000 0.0004
vn -0.0015 -1.0000 0.0008
vn -0.0112 -0.9999 0.0004
vn 0.9990 0.0434 0.0103
vn 0.9988 0.0496 0.0052
vn 0.9997 0.0208 0.0090
vn 0.9382 -0.3460 0.0123
vn -0.0011 -1.0000 -0.0018
vn -0.9432 -0.3281 0.0527
vn -0.6514 -0.7379 0.1764
vn 0.0101 -0.8320 0.5547
vn 0.9989 -0.0475 0.0001
vn 0.9984 -0.0563 -0.0006
vn 0.6608 -0.7496 -0.0379
vn -0.5523 -0.4371 -0.7098
vn -0.0650 -0.9234 -0.3783
vn -0.6355 0.7341 0.2391
vn -0.6853 0.6808 0.2585
vn -0.0480 0.9987 0.0156
vn 0.9913 -0.1308 0.0115
vn 0.9709 -0.2381 0.0238
vn 0.9999 0.0015 0.0131
vn -0.0106 -0.9999 0.0008
vn -0.0110 -0.9999 0.0003
vn -0.0361 -0.9993 0.0006
vn -0.0913 0.9958 -0.0063
vn 0.9544 -0.2978 -0.0212
vn 0.9883 -0.1521 -0.0077
vn 0.7498 -0.6604 -0.0404
vn -0.3805 0.9247 0.0129
vn -0.3483 0.9243 0.1561
vn -0.7936 0.4906 0.3598
vn -0.8283 -0.4207 0.3701
vn 0.9998 -0.0200 -0.0073
vn 0.9997 -0.0221 -0.0074
vn 0.9998 -0.0199 -0.0064
vn -0.0027 -0.9942 -0.1077
vn 0.0046 -0.9957 -0.0928
vn 0.0005 -1.0000 -0.0066
vn -0.0100 -0.9999 0.0056
vn -0.0015 -1.0000 0.0011
vn -0.9987 -0.0514 -0.0013
vn -0.7660 -0.6426 -0.0185
vn -0.4746 -0.8791 -0.0431
vn 0.1260 0.9912 0.0401
vn 0.9203 0.2535 0.2981
vn 0.7445 0.6226 0.2408
vn 0.8466 -0.5314 -0.0292
vn 0.9619 -0.2726 -0.0184
vn -0.0118 -0.9978 -0.0646
vn 0.9998 0.0173 0.0056
vn 1.0000 0.0083 0.0001
vn 0.9999 0.0133 0.0065
vn 0.2260 0.9741 0.0042
vn -0.0071 1.0000 0.0036
vn -0.0437 0.9988 0.0209
vn -0.0105 0.9999 0.0038
vn -0.0171 0.9999 -0.0004
vn -0.0191 0.9998 0.0006
vn -0.0030 1.0000 0.0005
vn -0.9046 -0.1357 0.4042
vn -0.4475 -0.8735 0.1917
vn -0.6223 -0.7340 0.2720
vn -0.0015 -1.0000 0.0012
vn 0.0004 -1.0000 0.0011
vn 0.0005 -1.0000 0.0005
vn 0.5652 -0.8249 -0.0000
vn 0.6540 -0.7565 -0.0026
vn 0.0412 -0.9992 -0.0000
vn 0.9127 0.1951 0.3590
vn 0.7907 -0.5063 0.3442
vn 0.4536 -0.8696 0.1949
vn -0.0095 1.0000 0.0011
vn -0.0016 1.0000 0.0008
vn -0.0004 1.0000 -0.0061
vn -0.0008 0.9990 -0.0448
vn 0.9997 -0.0067 -0.0248
vn -0.0011 -1.0000 -0.0012
vn -0.0012 -1.0000 -0.0017
vn -0.0010 -1.0000 -0.0016
vn -0.4403 0.8771 0.1920
vn -0.5707 0.7781 0.2625
vn -0.7596 -0.5632 0.3254
vn -0.8998 -0.2583 0.3517
vn 0.9999 0.0048 -0.0124
vn 0.9985 -0.0550 -0.0034
vn 0.0039 -1.0000 0.0017
vn 0.1789 0.9839 0.0027
vn 0.0220 0.9998 -0.0005
vn 0.0149 0.9999 0.0016
vn -0.0029 -1.0000 0.0009
vn -0.0025 -1.0000 0.0010
vn -0.0023 -1.0000 0.0012
vn -0.9993 -0.0369 -0.0003
vn -0.9994 -0.0347 -0.0025
vn -0.9994 -0.0339 -0.0026
vn 0.8032 0.4889 0.3404
vn 0.7033 -0.6365 0.3164
vn 0.0803 0.9962 0.0344
vn 0.3169 0.9382 0.1393
vn 0.9025 -0.1328 0.4098
vn 0.7017 0.6285 0.3354
vn -0.9986 -0.0524 -0.0028
vn -0.9818 -0.1898 -0.0094
vn -0.9970 -0.0771 -0.0031
vn -0.0006 -1.0000 -0.0003
vn -0.0004 -1.0000 -0.0007
vn -0.0011 -1.0000 -0.0005
vn -0.9958 -0.0910 0.0134
vn -0.9936 -0.1127 -0.0043
vn 0.0089 1.0000 0.0019
vn 0.0055 1.0000 0.0021
vn 0.0056 1.0000 0.0019
vn -0.8501 0.4433 0.2841
vn -0.8434 0.4512 0.2918
vn -0.0819 0.9962 0.0294
vn -0.0921 0.9953 0.0291
vn -0.4742 0.8793 0.0439
vn 0.0007 0.9992 0.0389
vn 0.1495 0.9873 0.0538
vn 0.2962 0.9493 0.1053
vn 0.8195 0.4845 0.3061
vn 0.0007 -1.0000 -0.0046
vn 0.0006 -0.9985 -0.0553
vn -0.6662 0.7445 0.0431
vn 0.0124 0.9945 0.1044
vn -0.8180 -0.4393 0.3713
vn -0.6695 -0.6851 0.2871
vn -0.6556 0.6993 0.2848
vn 0.0007 -1.0000 -0.0019
vn 0.0006 -1.0000 -0.0023
vn 0.0007 -1.0000 -0.0018
vn -0.0008 -0.9970 -0.0771
vn 0.0022 -0.9984 -0.0570
vn -0.0004 -1.0000 -0.0048
vn 0.9996 0.0081 -0.0253
vn 0.9984 -0.0559 -0.0057
vn -0.9710 0.2383 -0.0197
vn -0.9787 0.2045 -0.0187
vn 0.7298 -0.0605 -0.6810
vn 0.7196 -0.6340 -0.2833
vn 0.9641 0.0028 -0.2655
vn 0.8189 -0.0000 -0.5739
vn 0.0096 0.9981 0.0611
vn 0.0092 0.9979 0.0635
vn 0.0497 0.9969 0.0604
vn -0.0296 -0.9996 0.0025
vn -0.5205 -0.8538 0.0137
vn -0.5121 -0.8589 0.0082
vn -0.0049 1.0000 0.0012
vn -0.0055 1.0000 0.0020
vn -0.0063 1.0000 0.0017
vn -0.0027 1.0000 0.0011
vn -0.0024 1.0000 0.0013
vn -0.0017 1.0000 0.0010
vn 0.4928 0.8670 0.0738
vn 0.9976 0.0673 -0.0175
vn 0.6892 0.7224 0.0563
vn 0.7898 0.2511 -0.5595
vn 0.7800 0.5002 -0.3761
vn -0.7840 0.2896 -0.5491
vn -0.0353 0.9966 0.0743
vn 0.5502 0.8335 0.0504
vn 0.7385 0.6732 0.0365
vn 0.0436 0.9971 0.0617
vn 0.9999 -0.0053 0.0135
vn 0.9999 0.0066 0.0095
vn 0.9999 -0.0026 0.0102
vn 0.6463 -0.7631 -0.0037
vn 0.5484 -0.8362 -0.0006
vn 0.0418 -0.9991 0.0004
vn 0.9836 -0.1799 -0.0109
vn 0.8969 0.4419 -0.0131
vn 0.6835 -0.7299 0.0047
vn 0.5141 -0.8577 -0.0004
vn 0.9537 -0.3007 0.0059
vn 0.9850 -0.1719 0.0113
vn 0.0019 -1.0000 -0.0001
vn 0.0021 -1.0000 0.0001
vn 0.0058 -1.0000 0.0047
vn 0.9999 -0.0167 -0.0001
vn 0.9999 -0.0170 -0.0009
vn 0.9999 -0.0160 0.0004
vn 0.8693 0.4942 -0.0046
vn 0.2816 0.9595 0.0047
vn 0.2258 0.9742 -0.0016
vn -0.9284 -0.3699 0.0344
vn -0.9998 -0.0060 0.0171
vn 0.7530 0.5714 0.3263
vn 0.7833 -0.5121 0.3525
vn -0.9959 0.0799 0.0427
vn -0.9978 0.0547 0.0377
vn -0.9969 0.0633 0.0470
vn -0.0085 1.0000 0.0006
vn -0.0099 0.9999 0.0019
vn 0.0071 1.0000 0.0009
vn 0.0117 0.9999 -0.0008
vn -0.0015 -1.0000 -0.0004
vn -0.0023 1.0000 -0.0011
vn -0.0015 1.0000 -0.0017
vn -0.0014 1.0000 -0.0023
vn -0.0256 0.9957 0.0893
vn -0.5322 0.8325 0.1538
vn -0.0644 0.9977 0.0215
vn -0.0161 0.9998 0.0082
vn 0.0053 -1.0000 0.0024
vn 0.0066 -1.0000 0.0019
vn 0.0064 -1.0000 0.0021
vn 0.9945 -0.1045 -0.0064
vn 0.9523 -0.3052 0.0017
vn 0.9583 -0.2856 -0.0057
vn 0.9938 -0.1104 -0.0141
vn 0.0661 -0.9978 0.0017
vn 0.0066 -1.0000 0.0016
vn 0.0033 -1.0000 -0.0025
vn 0.0013 -1.0000 -0.0027
vn 0.0012 -1.0000 -0.0021
vn 0.8768 0.3174 0.3612
vn 0.7298 -0.6077 0.3132
vn 0.8908 0.2640 0.3697
vn -0.0010 1.0000 -0.0036
vn -0.0009 1.0000 -0.0031
vn -0.0006 1.0000 -0.0049
vn -0.6195 0.7262 0.2982
vn -0.0084 1.0000 0.0030
vn -0.0102 0.9999 0.0045
vn -0.0003 -1.0000 0.0002
vn -0.0010 -1.0000 0.0002
vn 0.0002 -1.0000 0.0002
vn -0.1539 -0.9863 0.0600
vn -0.0182 -0.9998 0.0090
vn -0.1970 -0.9769 0.0829
vn -0.7407 -0.6025 0.2973
vn -0.0024 -1.0000 0.0017
vn -0.0025 -1.0000 0.0015
vn -0.0026 -1.0000 0.0011
vn 0.9930 -0.1178 0.0069
vn 0.9971 0.0748 -0.0107
vn 0.9988 0.0499 0.0023
vn 0.7175 0.6954 0.0401
vn 0.9997 0.0137 -0.0218
vn -0.0069 -1.0000 -0.0003
vn 0.0170 -0.9999 0.0004
vn 0.0244 -0.9997 -0.0012
vn 0.0913 0.9955 0.0267
vn 0.8457 0.4486 0.2889
vn 0.7131 0.6580 0.2418
vn 0.0579 0.9981 0.0228
vn -0.9999 -0.0080 0.0103
vn -0.9999 -0.0099 0.0026
vn -1.0000 -0.0059 0.0068
vn 0.0042 1.0000 0.0013
vn 0.0053 1.0000 0.0021
vn 0.0050 1.0000 0.0017
vn -0.0011 -1.0000 0.0006
vn -0.0010 -1.0000 0.0003
vn -0.0007 -1.0000 0.0001
vn -0.9998 -0.0201 -0.0039
vn -0.9996 -0.0265 -0.0027
vn -0.9996 -0.0276 -0.0027
vn 0.9997 0.0210 -0.0121
vn 0.9999 0.0135 -0.0043
vn 0.9999 0.0137 -0.0027
vn 0.9996 0.0263 -0.0103
vn 0.2082 0.9731 0.0981
vn 0.2818 0.9557 0.0853
vn 0.4428 0.8965 0.0129
vn -0.2309 0.9730 0.0040
vn -0.9601 0.2249 0.1664
vn 0.0012 -1.0000 -0.0008
vn 0.0008 -1.0000 -0.0007
vn 0.0015 -1.0000 -0.0009
vn 0.9999 0.0069 -0.0155
vn -0.9977 0.0676 -0.0036
vn -0.9990 0.0448 -0.0028
vn -0.9986 0.0525 -0.0068
vn 0.8584 0.4055 0.3141
vn 0.7547 -0.5920 0.2827
vn 0.7844 -0.5545 0.2780
vn -0.9999 -0.0073 0.0150
vn -0.9998 -0.0151 0.0103
vn -0.9999 -0.0079 0.0097
vn -0.0799 0.9967 -0.0134
vn 0.3790 0.9253 -0.0100
vn 0.3709 0.9219 -0.1117
vn -0.0388 0.9960 -0.0802
vn -0.9973 -0.0699 0.0211
vn -0.9949 -0.0970 0.0277
vn -0.9917 -0.1250 0.0310
vn -0.0007 1.0000 -0.0001
vn 0.0003 1.0000 -0.0000
vn 0.0008 1.0000 -0.0001
vn -0.9999 -0.0018 0.0140
vn -0.9999 -0.0126 0.0117
vn -0.9997 -0.0167 0.0155
vn -0.9998 -0.0084 -0.0160
vn -0.9997 -0.0096 -0.0217
vn -0.9998 -0.0072 -0.0182
vn -0.9995 0.0292 -0.0107
vn -0.7565 0.5827 0.2969
vn -0.7575 0.5654 0.3265
vn -0.0688 0.9965 0.0468
vn -0.1263 -0.9909 0.0466
vn -0.0399 -0.9989 0.0237
vn -0.5150 -0.8427 0.1568
vn -0.0007 -1.0000 -0.0022
vn -0.0008 -1.0000 -0.0028
vn -0.0009 -1.0000 -0.0024
vn -0.9999 -0.0112 0.0109
vn -0.9997 -0.0206 0.0123
vn -0.9995 -0.0273 0.0132
vn -0.6693 -0.7171 0.1947
vn -0.1474 -0.9883 0.0394
vn -0.6667 -0.7198 0.1933
vn 0.0022 -1.0000 0.0006
vn -0.7948 0.5437 0.2695
vn -0.0400 0.9991 0.0119
vn 0.0049 1.0000 0.0009
vn 0.0096 0.9999 0.0045
vn 0.0079 1.0000 0.0017
vn -0.0044 0.9987 0.0516
vn 0.0062 1.0000 0.0026
vn 0.9998 0.0162 -0.0076
vn 0.9999 0.0093 -0.0099
vn 0.9999 -0.0127 -0.0085
vn 1.0000 0.0046 -0.0030
vn -0.9999 -0.0139 0.0009
vn -0.9997 -0.0241 0.0010
vn -0.9997 -0.0227 0.0015
vn -0.0149 -0.9999 0.0015
vn -0.0539 -0.9985 0.0028
vn -0.0509 -0.9987 0.0005
vn 0.9807 -0.1955 0.0020
vn 0.9817 -0.1902 0.0060
vn 0.9983 0.0587 0.0026
vn 0.0008 -1.0000 -0.0008
vn -0.0363 -0.9986 0.0391
vn -0.0349 -0.9994 -0.0010
vn -0.9998 -0.0171 0.0100
vn -0.9996 -0.0255 0.0107
vn -0.9996 -0.0277 0.0115
vn -0.9955 0.0556 0.0763
vn -0.9877 0.0553 0.1465
vn -0.0042 0.9993 0.0372
vn 0.0037 0.9983 0.0585
vn 0.0262 0.9981 0.0558
vn -0.0582 0.9972 0.0469
vn -0.0453 0.9979 0.0468
vn 0.9999 -0.0164 -0.0021
vn 0.9998 -0.0219 -0.0013
vn 0.0067 1.0000 0.0008
vn -0.0034 1.0000 0.0009
vn 0.0041 1.0000 0.0015
vn 0.1312 0.9901 0.0506
vn 0.0601 0.9979 0.0220
vn 0.0036 1.0000 0.0015
vn 0.0046 1.0000 0.0020
vn 0.0046 1.0000 0.0019
vn 0.9998 -0.0143 -0.0120
vn 0.9292 -0.3695 -0.0030
vn 0.9457 -0.3250 0.0109
vn 0.7618 0.5123 0.3964
vn 0.9243 0.0197 0.3812
vn 0.9860 -0.1545 0.0628
vn -0.9928 0.1197 0.0089
vn -0.9976 0.0654 0.0221
vn 0.0014 -1.0000 -0.0001
vn 0.0017 -1.0000 -0.0000
vn 0.9999 -0.0144 -0.0008
vn 0.9999 -0.0157 -0.0006
vn -0.0005 -1.0000 -0.0043
vn -0.0049 -0.9933 -0.1150
vn -0.0011 -1.0000 -0.0051
vn 0.0320 -0.9994 0.0127
vn 0.0962 -0.9941 0.0496
vn 0.5195 -0.8208 0.2376
vn -0.0495 0.9974 -0.0522
vn -0.4662 -0.8650 0.1857
vn -0.4745 -0.8601 0.1873
vn 0.3523 -0.9120 0.2099
vn 0.6086 -0.7762 0.1647
vn -0.9993 -0.0038 -0.0365
vn -0.9990 -0.0011 -0.0447
vn -0.9968 -0.0658 -0.0455
vn -0.0025 1.0000 0.0006
vn -0.0023 1.0000 0.0009
vn -0.0813 0.9965 0.0219
vn -0.0113 0.9999 -0.0000
vn -0.9988 0.0123 0.0466
vn -0.9992 0.0161 0.0368
vn 0.1169 -0.9920 0.0473
vn 0.0135 -0.9999 0.0054
vn 0.3673 -0.9193 0.1410
vn 0.9053 -0.2564 0.3387
vn 0.0017 -1.0000 -0.0026
vn 0.0016 -1.0000 -0.0031
vn -0.0067 -1.0000 -0.0025
vn -0.8167 0.5768 0.0167
vn -0.5177 0.8553 0.0235
vn -0.9999 0.0106 -0.0056
vn -0.0043 1.0000 0.0023
vn -0.0033 1.0000 0.0017
vn -0.0033 1.0000 0.0018
vn -0.5587 -0.8209 0.1182
vn 0.0472 -0.9884 0.1445
vn 0.7312 -0.6762 0.0900
vn -0.0006 -0.2618 -0.9651
vn 0.0025 0.8108 -0.5854
vn -0.0111 -0.7513 -0.6598
vn 0.1655 0.9836 0.0723
vn -0.9998 -0.0158 0.0132
vn -0.9997 -0.0126 0.0215
vn -0.9996 -0.0245 0.0140
vn 0.1448 0.9894 -0.0136
vn 0.1781 0.9840 -0.0047
vn 0.0062 1.0000 -0.0035
vn -0.5578 0.8066 0.1956
vn -0.0273 0.9996 0.0065
vn -0.0209 0.9997 0.0085
vn 0.5911 0.7768 0.2173
vn 0.8172 -0.5082 0.2719
vn 0.8842 -0.3733 0.2808
vn -0.9996 -0.0267 0.0031
vn -0.9997 -0.0252 -0.0005
vn -0.9996 -0.0273 0.0033
vn 0.9999 0.0099 -0.0048
vn 1.0000 0.0073 -0.0055
vn 0.9998 -0.0218 -0.0037
vn -0.0161 0.9954 0.0948
vn 0.0274 0.9947 0.0987
vn 0.9994 -0.0345 -0.0022
vn 1.0000 0.0077 -0.0064
vn 0.9915 -0.1291 -0.0143
vn -0.9980 0.0628 0.0082
vn -0.9983 0.0549 0.0195
vn -0.9997 0.0246 0.0083
vn -0.0020 1.0000 0.0003
vn -0.0965 0.9941 0.0496
vn -0.9723 -0.2336 0.0130
vn -0.9999 -0.0158 0.0069
vn 0.0039 1.0000 0.0009
vn 0.0033 1.0000 0.0007
vn 0.0158 0.9998 0.0087
vn 0.0692 0.9972 0.0286
vn -0.0236 0.9997 -0.0011
vn -0.0247 0.9997 -0.0010
vn -0.0064 1.0000 -0.0003
vn -0.9391 -0.2264 -0.2584
vn -0.6395 0.7317 -0.2361
vn -1.0000 -0.0056 0.0076
vn -0.9999 -0.0138 0.0087
vn -0.9998 -0.0150 0.0091
vn 0.9998 -0.0203 0.0007
vn 0.9227 -0.3855 -0.0064
vn 0.8248 0.5654 -0.0031
vn 0.9268 -0.3741 -0.0334
vn 0.6691 0.7104 0.2184
vn 0.6753 -0.7032 0.2226
vn 0.6385 -0.7440 0.1970
vn 0.7933 0.5554 0.2493
vn -0.0010 1.0000 -0.0000
vn -0.0099 1.0000 -0.0000
vn 0.0004 1.0000 -0.0002
vn -0.9978 0.0579 -0.0317
vn -0.7651 0.6438 -0.0126
vn -0.7329 0.6802 -0.0144
vn 0.0044 1.0000 0.0017
vn 0.0070 1.0000 0.0041
vn 0.9999 -0.0171 -0.0012
vn -0.9948 -0.1007 0.0178
vn -0.9968 -0.0781 0.0161
vn 0.0015 -1.0000 -0.0005
vn 0.0010 -1.0000 -0.0009
vn -0.0380 0.9978 0.0544
vn 0.6376 0.7693 0.0415
vn 0.0002 1.0000 -0.0064
vn 0.0005 1.0000 -0.0049
vn -0.0001 1.0000 -0.0080
vn 0.0040 -1.0000 0.0020
vn 0.0050 -1.0000 0.0017
vn 0.0053 -1.0000 0.0021
vn -0.9995 0.0132 -0.0279
vn -0.9967 0.0129 -0.0805
vn -0.9980 -0.0452 -0.0451
vn -0.0403 0.9991 0.0148
vn -0.0134 0.9999 0.0060
vn -0.1865 -0.9816 0.0396
vn -0.0075 -1.0000 -0.0038
vn -0.0081 -1.0000 -0.0010
vn 0.8701 0.3702 0.3255
vn 0.5901 -0.7770 0.2191
vn 0.7840 -0.5413 0.3039
vn -0.0082 -1.0000 0.0008
vn -0.0051 -1.0000 -0.0005
vn -0.3324 -0.9431 -0.0030
vn -0.0098 -0.9999 0.0036
vn -0.9877 -0.1515 0.0388
vn -0.7132 -0.6851 0.1482
vn 0.8927 -0.1547 -0.4232
vn 0.4703 0.8707 -0.1437
vn 0.9999 -0.0148 -0.0065
vn 0.9999 -0.0037 -0.0095
vn -0.0016 -1.0000 -0.0002
vn -0.0008 -1.0000 -0.0005
vn -0.0009 -1.0000 -0.0002
vn 0.9448 0.1103 -0.3086
vn 0.7299 0.0568 -0.6811
vn 0.0816 0.9961 0.0340
vn -0.2676 -0.9556 0.1236
vn -0.0036 -1.0000 0.0016
vn 0.9998 0.0063 -0.0170
vn 0.9997 0.0004 -0.0243
vn 0.9995 -0.0259 -0.0182
vn -0.6019 0.7551 0.2600
vn -0.7633 0.5484 0.3416
vn -0.6701 -0.6794 0.2988
vn -0.8113 -0.4631 0.3570
vn 0.0045 1.0000 0.0030
vn 0.0120 0.9999 0.0004
vn -0.8684 0.4956 0.0150
vn -0.9485 -0.3168 -0.0078
vn -0.9435 -0.3314 -0.0010
vn -0.0009 -1.0000 -0.0008
vn -0.0012 -1.0000 -0.0005
vn -0.2386 0.9711 0.0011
vn -0.5917 -0.7818 0.1964
vn -0.6146 -0.7594 0.2134
vn -0.0485 -0.9986 0.0193
vn -0.0048 1.0000 0.0020
vn -0.0074 1.0000 0.0030
vn -0.0046 1.0000 0.0022
vn -0.9187 -0.3920 0.0481
vn -0.9595 -0.2797 0.0346
vn -0.7603 -0.6459 0.0689
vn -0.2549 0.9649 0.0639
vn -0.0559 0.9983 0.0147
vn -0.0013 -1.0000 0.0005
vn -0.0010 -1.0000 0.0004
vn -0.0003 -1.0000 0.0003
vn -0.4347 -0.8902 0.1366
vn -0.0049 0.7980 -0.6027
vn -0.0008 0.9984 -0.0561
vn -0.0056 0.9990 -0.0436
vn 0.9078 -0.4190 -0.0180
vn -0.0271 -0.9996 0.0035
vn -0.5791 -0.8145 0.0352
vn -0.5392 -0.8419 0.0205
vn -0.0431 0.9945 0.0959
vn -0.0155 0.9952 0.0967
vn -0.0108 0.9971 0.0752
vn -0.0006 1.0000 -0.0021
vn 0.0002 1.0000 -0.0012
vn 0.0006 1.0000 -0.0018
vn 0.9998 -0.0216 -0.0025
vn 0.9997 0.0242 0.0045
vn 0.9949 -0.0992 0.0159
vn -0.4411 0.8757 0.1964
vn -0.8455 -0.3656 0.3893
vn -0.6666 0.6763 0.3134
vn 0.0121 0.9999 0.0010
vn 0.0195 0.9998 0.0013
vn 0.0051 1.0000 0.0021
vn 0.0055 1.0000 0.0022
vn 0.9948 -0.0868 -0.0527
vn 0.9937 -0.0949 -0.0599
vn 0.9936 -0.1012 -0.0504
vn -0.9999 0.0045 0.0104
vn 0.0006 -0.9987 -0.0514
vn 0.0010 -0.7626 -0.6469
vn 0.0001 -0.9988 -0.0497
vn 0.9998 -0.0171 -0.0034
vn 0.9998 -0.0179 -0.0044
vn 0.9999 -0.0151 -0.0028
vn 0.0235 -0.9997 0.0002
vn -0.5629 0.8034 0.1943
vn -0.4175 0.8971 0.1450
vn -0.0269 0.9996 0.0069
vn -0.9991 -0.0390 -0.0156
vn -0.9996 -0.0227 -0.0190
vn -0.9996 -0.0198 -0.0179
vn -0.0008 1.0000 -0.0031
vn -0.0007 1.0000 -0.0035
vn 0.0546 0.9981 0.0278
vn 0.7813 0.5187 0.3471
vn 0.1102 0.9926 0.0507
vn -0.4036 -0.9149 -0.0045
vn -0.0077 -1.0000 -0.0005
vn -0.0303 -0.9995 -0.0023
vn -0.6466 0.7099 0.2793
vn -0.5755 0.7794 0.2475
vn -0.0102 0.9999 0.0066
vn 0.0017 -1.0000 0.0010
vn 0.0014 -1.0000 0.0008
vn 0.0029 -1.0000 0.0010
vn -0.9851 -0.1179 -0.1252
vn -0.6861 0.7262 -0.0442
vn -0.0136 0.9999 -0.0030
vn -0.0042 1.0000 -0.0053
vn -0.1395 0.9902 0.0047
vn -0.5995 -0.8003 0.0053
vn -0.9934 -0.1144 0.0049
vn -0.9860 -0.1668 0.0084
vn -0.9960 -0.0883 0.0148
vn -0.9876 -0.1555 0.0224
vn -0.9860 -0.1654 0.0226
vn 0.9988 -0.0472 0.0121
vn 0.7605 -0.6370 0.1260
vn 0.6014 -0.7898 0.1204
vn 0.0036 -1.0000 0.0013
vn 0.0026 -1.0000 0.0007
vn 0.0028 -1.0000 0.0008
vn -0.9015 0.4287 0.0595
vn -0.8479 -0.5301 0.0072
vn -0.8346 0.5486 0.0502
vn -0.9953 0.0943 0.0221
vn 0.9997 -0.0235 -0.0031
vn 1.0000 0.0015 -0.0034
vn 0.9999 -0.0173 -0.0000
vn 0.9995 -0.0310 0.0068
vn -0.5157 -0.8566 -0.0173
vn -0.9372 -0.3486 -0.0098
vn -0.3485 -0.9297 0.1190
vn -0.0795 -0.9962 0.0345
vn -0.0115 -0.9999 0.0067
vn -0.0081 1.0000 -0.0001
vn -0.0020 1.0000 -0.0004
vn -0.0003 1.0000 -0.0005
vn 0.1984 -0.9762 0.0876
vn 0.6872 -0.6689 0.2836
vn 0.8762 0.3056 0.3728
vn 0.8547 0.3214 0.4075
vn -0.9980 0.0473 -0.0415
vn -0.9993 0.0168 -0.0338
vn -0.9940 0.0327 -0.1042
vn 0.6734 -0.7393 0.0005
vn 0.9957 -0.0921 -0.0021
vn 0.9942 -0.1076 -0.0020
vn 0.5578 -0.8300 -0.0030
vn -0.3864 0.9195 0.0723
vn -0.0078 0.9984 0.0561
vn 0.0129 0.9999 0.0033
vn 0.0095 1.0000 0.0030
vn 0.0057 1.0000 0.0026
vn 0.0119 0.9994 0.0334
vn 0.0515 0.9971 0.0558
vn 0.0108 0.9999 0.0012
vn 0.0338 0.9994 0.0119
vn 0.1295 0.9902 0.0516
vn 0.9999 0.0131 -0.0026
vn 0.9998 0.0216 -0.0022
vn 1.0000 0.0080 0.0031
vn 0.9912 -0.1323 0.0038
vn 0.9370 -0.3493 0.0008
vn 0.9473 -0.3203 -0.0092
vn 0.8152 0.4884 0.3113
vn 0.6499 -0.7181 0.2489
vn 0.1147 0.9925 0.0413
vn 0.7691 0.6390 0.0065
vn 0.8324 0.5540 -0.0091
vn 0.2092 0.9779 -0.0036
vn -0.0028 -1.0000 0.0008
vn -0.0023 -1.0000 0.0008
vn 0.0049 1.0000 0.0019
vn 0.0157 0.9998 0.0077
vn 0.0898 0.9952 0.0383
vn -0.8937 0.1629 0.4181
vn -0.2620 -0.9574 0.1216
vn -0.7140 -0.6340 0.2971
vn -0.9740 0.2267 0.0032
vn -0.0111 -0.9999 0.0016
vn -0.0198 -0.9998 0.0010
vn -0.0136 -0.9999 0.0011
vn 0.2576 0.9662 0.0004
vn 0.0326 0.9995 0.0014
vn -0.0103 0.9999 -0.0007
vn -0.0079 1.0000 -0.0006
vn -0.0017 1.0000 -0.0001
vn -0.0362 -0.9993 0.0002
vn -0.5108 -0.8597 0.0010
vn -0.5861 -0.8102 0.0016
vn -0.9997 -0.0167 0.0163
vn -0.9999 -0.0007 0.0168
vn -0.5373 -0.8169 0.2099
vn -0.1466 -0.9874 0.0591
vn -0.0986 -0.9940 0.0471
vn -0.9075 -0.0792 0.4125
vn -0.1004 0.9939 0.0459
vn 0.8591 0.5087 0.0560
vn 0.3487 0.9355 0.0576
vn -0.6760 -0.6958 0.2427
vn -0.9036 -0.2825 0.3219
vn -0.2430 0.9661 0.0869
vn 0.0599 0.9817 0.1809
vn 0.6804 0.7319 0.0373
vn 0.9342 0.3331 0.1278
vn -0.0034 1.0000 0.0020
vn 0.0016 -1.0000 -0.0001
vn -0.0112 0.9999 0.0051
vn 0.2369 0.9715 0.0008
vn 0.0149 0.9999 -0.0000
vn 0.0049 -1.0000 0.0018
vn 0.0030 -1.0000 0.0011
vn 0.0031 -1.0000 0.0011
vn 0.4908 0.8475 0.2019
vn 0.8668 -0.3667 0.3378
vn 0.9769 -0.2136 -0.0035
vn 0.9996 0.0202 -0.0195
vn 0.9996 0.0206 -0.0196
vn 0.9995 0.0253 -0.0171
vn 0.9999 0.0023 -0.0098
vn 0.9999 0.0112 -0.0130
vn -0.9995 -0.0252 -0.0188
vn -0.9985 -0.0442 0.0316
vn -0.9980 -0.0632 0.0103
vn -0.9987 -0.0513 0.0020
vn 0.0056 -1.0000 0.0021
vn 0.0035 -1.0000 0.0012
vn 0.0053 -1.0000 0.0023
vn 0.0598 0.9980 0.0212
vn 0.2890 0.9512 0.1080
vn 0.8478 0.4500 0.2806
vn -0.0086 1.0000 0.0028
vn -0.0102 0.9999 0.0042
vn -0.0065 1.0000 0.0018
vn 1.0000 0.0016 -0.0066
vn 0.9999 0.0072 -0.0081
vn 0.9997 0.0209 -0.0110
vn 1.0000 0.0039 -0.0001
vn 1.0000 0.0089 0.0002
vn 1.0000 -0.0014 -0.0001
vn 0.9993 0.0354 -0.0074
vn 0.9997 0.0226 -0.0032
vn 0.9999 0.0114 -0.0009
vn -0.9915 -0.0811 -0.1015
vn -0.9980 -0.0520 -0.0353
vn 0.0010 1.0000 -0.0018
vn 0.0375 0.9992 0.0127
vn 0.9998 0.0116 -0.0153
vn 0.9996 -0.0158 -0.0246
vn -0.0003 0.9995 -0.0319
vn -0.1248 0.9907 0.0537
vn -0.0015 1.0000 -0.0030
vn -0.7275 -0.6859 0.0170
vn -0.5822 -0.8130 0.0057
vn -0.0015 1.0000 0.0001
vn -0.0016 1.0000 0.0002
vn -0.0012 1.0000 -0.0003
vn -0.1669 0.8705 -0.4629
vn 0.2310 0.9685 -0.0928
vn 0.0289 0.9983 -0.0502
vn 0.0102 0.9928 -0.1190
vn -0.9998 -0.0182 -0.0051
vn -0.9998 -0.0193 -0.0055
vn -0.9998 -0.0176 -0.0049
vn -0.0340 0.9994 0.0008
vn -0.2814 0.9596 0.0053
vn -0.2674 0.9635 0.0081
vn -0.3390 0.9269 0.1609
vn -0.0150 0.9999 0.0069
vn 0.9686 -0.2486 -0.0040
vn 0.3445 0.9387 0.0152
vn 0.9438 0.3304 -0.0077
vn 0.9426 0.3329 -0.0282
vn -0.0005 -0.9979 -0.0654
vn -0.0255 -0.1138 -0.9932
vn -0.0006 -0.9977 -0.0680
vn 0.9957 -0.0908 0.0196
vn 0.9956 -0.0941 0.0050
vn 0.9571 -0.2893 0.0152
vn -0.0016 -1.0000 0.0004
vn -0.1681 0.9858 -0.0050
vn -0.1911 0.9816 -0.0024
vn -0.9999 -0.0140 -0.0082
vn -0.9998 -0.0140 -0.0118
vn -0.9999 -0.0126 -0.0096
vn 0.8739 0.4861 0.0013
vn 0.2318 0.9728 0.0011
vn 0.5585 -0.8044 0.2025
vn -0.0667 0.9971 0.0356
vn -0.9992 -0.0392 0.0035
vn -0.9993 -0.0383 0.0041
vn 0.0037 -1.0000 -0.0019
vn 0.0024 -1.0000 -0.0019
vn 0.0035 -1.0000 -0.0011
vn -0.9998 0.0120 -0.0128
vn -0.9999 0.0031 -0.0167
vn -0.9976 -0.0691 -0.0112
vn -0.0025 1.0000 0.0018
vn -0.0016 1.0000 0.0017
vn -0.0022 1.0000 0.0012
vn -0.9994 0.0329 -0.0040
vn -0.9977 -0.0672 0.0031
vn 0.0029 1.0000 0.0002
vn 0.0780 0.9965 0.0295
vn 0.0738 0.9969 0.0270
vn 0.6883 0.6839 0.2418
vn 0.0017 -1.0000 0.0003
vn -0.9548 -0.2974 -0.0007
vn -0.9994 0.0360 0.0011
vn -0.9991 0.0424 0.0046
vn -0.6084 -0.7710 0.1882
vn 0.7769 0.5023 0.3797
vn 0.6090 -0.7347 0.2990
vn 0.8926 0.1228 0.4338
vn -0.6300 -0.7766 -0.0016
vn -0.9773 -0.2116 -0.0068
vn -0.9686 -0.2487 0.0038
vn -0.8120 0.5828 -0.0314
vn 0.9835 -0.1807 -0.0066
vn 0.9506 -0.3099 0.0185
vn -0.9993 -0.0341 -0.0120
vn -0.9993 -0.0307 -0.0228
vn -0.9996 -0.0205 -0.0173
vn -0.4727 -0.8658 0.1641
vn 0.8754 -0.4742 0.0942
vn 0.9972 0.0731 -0.0146
vn 0.9996 -0.0128 -0.0246
vn 0.0068 1.0000 0.0020
vn 0.0056 1.0000 0.0027
vn 0.0145 0.9999 0.0035
vn 0.0533 -0.9983 0.0239
vn 0.0510 -0.9984 0.0240
vn 0.1497 -0.9862 0.0705
vn 0.6736 -0.6752 0.3007
vn -0.9999 -0.0163 0.0059
vn -0.9999 -0.0123 0.0012
vn -0.9999 -0.0150 0.0052
vn -0.5414 0.8053 0.2414
vn -0.8799 -0.4718 0.0569
vn -0.8289 -0.4384 0.3476
vn 0.9940 -0.1089 -0.0129
vn 0.9941 -0.1084 0.0080
vn 0.8416 0.5401 0.0075
vn -0.7518 -0.6257 0.2082
vn -0.8669 0.4700 0.1663
vn -0.5158 -0.8519 0.0902
vn 0.8001 -0.5975 0.0544
vn 0.4748 -0.8750 0.0944
vn -0.6056 -0.7884 0.1084
vn -0.0839 -0.9960 0.0299
vn -0.0029 -1.0000 0.0007
vn 1.0000 -0.0068 -0.0064
vn 0.9999 -0.0120 -0.0068
vn 0.9999 -0.0147 -0.0064
vn -0.0863 -0.9954 0.0418
vn -0.0029 -1.0000 0.0008
vn -0.1595 -0.9848 0.0687
vn -0.0090 -1.0000 0.0010
vn -0.3153 -0.9489 0.0118
vn 0.9871 -0.1597 -0.0060
vn 0.9460 -0.3240 -0.0047
vn 0.8999 -0.4352 -0.0275
vn 0.0014 -1.0000 -0.0006
vn 0.0023 -1.0000 -0.0014
vn -0.0084 1.0000 0.0043
vn -0.0109 0.9999 0.0081
vn -0.0075 1.0000 0.0041
vn -0.9997 -0.0222 -0.0026
vn -0.9997 -0.0221 -0.0037
vn -0.9996 -0.0280 -0.0023
vn -0.9999 -0.0130 -0.0008
vn -0.9996 -0.0267 0.0015
vn -0.9997 -0.0235 -0.0004
vn -0.9999 -0.0058 -0.0157
vn -0.9992 -0.0352 -0.0212
vn -0.7841 0.6196 0.0347
vn -0.9655 -0.2604 0.0054
vn -0.6109 0.7913 0.0255
vn -0.7746 0.6322 0.0198
vn -0.5947 0.8011 0.0669
vn -0.0454 0.9990 -0.0021
vn -0.0024 1.0000 0.0009
vn -0.0608 0.9982 0.0003
vn -0.0004 1.0000 -0.0008
vn 0.0025 1.0000 -0.0003
vn 0.0003 1.0000 -0.0011
vn 0.9998 0.0210 -0.0018
vn 0.9998 0.0170 -0.0078
vn 0.9999 0.0168 -0.0039
vn -0.9997 -0.0207 0.0094
vn -0.9998 -0.0164 0.0081
vn -0.9995 -0.0305 0.0089
vn 0.9854 -0.1704 -0.0035
vn 0.9859 -0.1669 -0.0084
vn 0.9453 -0.3263 -0.0007
vn 0.0055 -1.0000 0.0017
vn 0.0552 -0.9984 0.0155
vn -0.9998 -0.0185 -0.0041
vn -0.9998 -0.0188 -0.0049
vn -0.9998 -0.0182 -0.0031
vn -0.0011 -1.0000 -0.0007
vn -0.0008 -1.0000 -0.0010
vn 0.0010 -1.0000 -0.0019
vn 0.0009 -1.0000 -0.0015
vn -0.4704 -0.8807 -0.0550
vn 0.8586 -0.5112 -0.0383
vn -0.6233 -0.7755 0.1003
vn -0.5431 -0.8347 0.0909
vn 0.5710 -0.8156 0.0932
vn -0.0040 1.0000 0.0010
vn 0.7991 0.5999 0.0404
vn 0.6056 0.7918 0.0800
vn 0.9996 -0.0270 -0.0052
vn 1.0000 0.0053 -0.0069
vn 0.0021 -1.0000 0.0003
vn 0.0001 0.9994 -0.0332
vn 0.0005 1.0000 -0.0077
vn 0.0030 0.7735 -0.6338
vn -0.0019 -0.7826 -0.6225
vn -0.9295 0.3673 0.0344
vn -0.9314 -0.3612 0.0461
vn -0.8305 -0.5552 0.0440
vn -0.1073 0.9942 0.0073
vn -0.0886 0.9959 0.0191
vn -0.1553 0.9872 0.0357
vn -0.9977 -0.0650 0.0191
vn -0.9971 -0.0737 0.0181
vn -0.9923 -0.1210 0.0247
vn 0.0930 0.9950 0.0351
vn 0.6404 0.7065 0.3011
vn 0.2004 0.9741 0.1044
vn -0.6219 0.7576 -0.1983
vn 0.1926 0.9765 0.0966
vn 0.6851 0.7234 0.0857
vn 0.4520 0.8901 0.0588
vn -0.9057 0.2938 0.3057
vn -0.5289 -0.8315 0.1698
vn -0.6857 0.6754 0.2714
vn -0.0110 -0.8924 -0.4510
vn -0.0001 -0.0173 -0.9998
vn -0.0010 -0.9980 -0.0634
vn -0.9982 -0.0598 0.0042
vn -0.9985 -0.0549 0.0061
vn -0.9933 -0.1151 0.0089
vn -0.0580 0.9980 0.0247
vn -0.5164 0.8259 0.2263
vn -0.0080 1.0000 0.0035
vn -0.9676 -0.2523 0.0047
vn -0.9676 -0.2526 0.0009
vn -0.9992 0.0409 0.0013
vn -0.0033 1.0000 0.0013
vn -0.5082 0.8588 0.0650
vn -0.4255 0.9017 0.0768
vn -0.9325 0.3610 0.0118
vn -0.9533 0.3019 0.0139
vn 0.0003 1.0000 -0.0090
vn -0.0296 -0.9996 -0.0010
vn -0.0009 -1.0000 -0.0013
vn -0.0007 -1.0000 -0.0021
vn 0.0040 1.0000 0.0019
vn 0.0040 1.0000 0.0015
vn 1.0000 -0.0069 -0.0062
vn 1.0000 0.0073 -0.0025
vn -0.0043 -1.0000 0.0015
vn -0.0027 -1.0000 0.0010
vn -0.0029 -1.0000 0.0012
vn -0.9364 0.3481 0.0441
vn -0.9793 0.2021 0.0080
vn -0.9976 -0.0682 -0.0099
vn -0.7420 0.5810 0.3345
vn -0.8730 0.2607 0.4123
vn 0.0772 -0.9965 0.0315
vn 0.0053 -1.0000 0.0020
vn 0.2397 -0.9669 0.0873
vn 0.7146 -0.6501 0.2584
vn -0.0008 -1.0000 -0.0003
vn -0.1403 0.9886 0.0550
vn -0.6935 0.6738 0.2552
vn -0.0102 0.9999 0.0026
vn -0.0095 1.0000 0.0026
vn -0.0160 0.9999 0.0013
vn 0.0017 1.0000 0.0011
vn -0.5608 -0.8278 -0.0121
vn -0.5291 -0.8485 -0.0073
vn -0.1293 -0.9900 0.0560
vn -0.0041 -1.0000 0.0014
vn -0.0401 -0.9990 0.0195
vn -0.8124 0.4739 0.3397
vn -0.0163 0.9999 0.0050
vn 0.0004 -1.0000 0.0002
vn -0.0057 -1.0000 0.0002
vn -0.0053 -1.0000 0.0001
vn -0.0007 -1.0000 0.0005
vn -0.0007 -1.0000 0.0003
vn -0.0003 -1.0000 0.0006
vn -0.9978 -0.0640 0.0182
vn -0.9162 0.4004 0.0154
vn 0.0032 1.0000 0.0008
vn 0.0033 1.0000 0.0014
vn 0.0046 1.0000 0.0023
vn 0.1244 -0.9922 0.0043
vn 0.0662 -0.9976 -0.0190
vn 0.0596 -0.9981 0.0147
vn 0.9875 0.1578 -0.0046
vn 1.0000 0.0076 0.0028
vn 0.9997 0.0235 0.0027
vn 0.9911 0.1329 0.0018
vn 0.0060 -1.0000 0.0021
vn 0.0034 -1.0000 0.0014
vn 0.0036 -1.0000 0.0012
vn -0.0010 1.0000 -0.0004
vn -0.0062 -1.0000 0.0010
vn -0.0091 -1.0000 0.0013
vn -0.0017 -1.0000 0.0003
vn -0.0018 -1.0000 0.0004
vn -0.0008 -1.0000 -0.0001
vn -0.0015 -1.0000 0.0002
vn -0.0012 -1.0000 0.0002
vn -0.4344 -0.8971 0.0807
vn -0.8193 -0.5660 0.0911
vn -0.8169 -0.5027 0.2828
vn -0.9935 -0.1135 -0.0026
vn -0.8330 0.5525 0.0290
vn -0.9713 0.2378 -0.0052
vn 0.0028 1.0000 0.0008
vn 0.0041 1.0000 -0.0003
vn 0.0538 -0.9983 0.0217
vn 0.5650 -0.7880 0.2447
vn 0.8902 0.3437 0.2991
vn 0.7082 -0.6669 0.2316
vn -0.6939 0.6521 0.3053
vn -0.0663 0.9973 0.0307
vn -0.1628 0.9866 0.0038
vn -0.0012 1.0000 0.0014
vn -0.1780 0.9839 0.0124
vn -0.7050 0.6801 0.2008
vn -0.9826 -0.1848 0.0205
vn -0.9916 -0.1277 0.0196
vn -0.9131 -0.4046 0.0513
vn -0.9997 -0.0223 -0.0042
vn -0.9997 -0.0213 -0.0074
vn -0.9998 -0.0178 -0.0074
vn -0.9988 -0.0490 -0.0049
vn 0.9985 -0.0482 -0.0262
vn 0.9993 -0.0266 -0.0243
vn 0.9985 -0.0355 -0.0416
vn 0.0550 0.9984 0.0159
vn 0.7707 0.6370 0.0153
vn 0.0262 0.9957 0.0883
vn 0.0027 0.9984 0.0566
vn -0.0305 0.9967 0.0750
vn 0.5431 0.8085 0.2264
vn 0.5209 -0.8232 0.2257
vn 0.9206 0.0372 0.3887
vn 0.0009 -1.0000 -0.0020
vn -0.9980 -0.0608 0.0165
vn -0.9865 -0.1575 0.0449
vn -0.9796 -0.1912 0.0624
vn -0.2629 0.9646 -0.0213
vn -0.9705 0.2372 -0.0428
vn -0.8892 0.4573 -0.0132
vn -0.9998 -0.0178 0.0011
vn 0.8877 0.3609 0.2860
vn 0.9944 -0.1045 0.0181
vn 0.9050 -0.4245 0.0272
vn 0.8540 -0.5199 -0.0186
vn 0.0033 -1.0000 0.0012
vn 0.0048 -1.0000 0.0019
vn 0.0050 -1.0000 0.0018
vn 0.9997 -0.0225 0.0025
vn -0.9115 -0.2064 0.3557
vn -0.7401 0.6114 0.2802
vn -0.3226 0.9383 0.1249
vn 0.0646 0.9976 0.0250
vn 0.0946 0.9949 0.0352
vn -0.0015 -1.0000 -0.0003
vn -0.0007 -1.0000 -0.0015
vn -0.9945 -0.1038 0.0140
vn -0.9938 -0.1097 0.0169
vn -0.8226 -0.5649 0.0648
vn -0.0093 1.0000 0.0020
vn -0.0088 1.0000 0.0031
vn 0.8041 0.4868 0.3413
vn 0.7346 0.6784 -0.0075
vn 0.2305 0.9731 -0.0003
vn 0.1519 0.9864 0.0620
vn 0.2268 0.9700 0.0875
vn 0.9255 0.0395 0.3768
vn -0.0065 1.0000 0.0031
vn -0.9979 -0.0613 -0.0206
vn -0.9974 -0.0704 -0.0169
vn -0.9963 -0.0844 -0.0173
vn 0.0011 1.0000 -0.0026
vn -0.0078 1.0000 -0.0028
vn -0.0038 1.0000 -0.0040
vn 0.7652 0.5594 0.3186
vn 0.6248 -0.7334 0.2677
vn 0.7713 -0.5485 0.3228
vn -0.6442 0.7494 0.1528
vn -0.0663 0.9977 0.0161
vn -0.2006 -0.9769 0.0741
vn -0.0164 -0.9998 0.0057
vn 0.9925 -0.1004 0.0691
vn 0.9378 0.3470 0.0123
vn 0.9998 0.0193 -0.0047
vn 1.0000 -0.0009 -0.0043
vn -0.1786 -0.9814 0.0710
vn -0.0022 -1.0000 0.0012
vn 1.0000 0.0047 0.0027
vn 1.0000 0.0059 0.0036
vn 0.9997 -0.0232 0.0067
vn -0.6542 0.7523 0.0777
vn -0.3639 0.9276 0.0838
vn 0.0011 -1.0000 -0.0014
vn 0.6066 0.7942 0.0348
vn 0.5991 0.7992 0.0481
vn -0.0065 -1.0000 0.0009
vn -0.0061 -1.0000 0.0008
vn 0.9994 -0.0221 -0.0253
vn 0.9998 0.0195 -0.0029
vn 0.9998 0.0191 -0.0051
vn 0.9998 0.0174 -0.0048
vn -0.0008 -1.0000 -0.0019
vn -0.0010 -1.0000 -0.0015
vn -0.9985 -0.0536 0.0086
vn -0.9988 -0.0490 0.0075
vn -0.9986 -0.0515 0.0069
vn 0.9996 0.0270 -0.0043
vn 0.9997 0.0238 0.0029
vn 0.9996 0.0273 -0.0114
vn -0.9708 -0.2322 0.0596
vn -0.8721 -0.4777 0.1063
vn -0.5777 -0.7995 0.1646
vn -0.9004 -0.4267 0.0847
vn 0.9997 0.0252 -0.0077
vn 0.9998 -0.0203 -0.0065
vn 0.9997 -0.0224 -0.0055
vn 0.9998 -0.0197 -0.0056
vn -0.9999 -0.0073 0.0097
vn 0.9999 -0.0124 -0.0048
vn 0.9999 -0.0126 -0.0058
vn 0.8337 0.4259 0.3515
vn 0.8209 0.5666 0.0717
vn 0.9826 -0.0604 -0.1757
vn 0.9949 -0.0379 -0.0938
vn 0.9937 0.0151 -0.1112
vn 0.9233 0.2752 0.2678
vn 0.2184 -0.9747 0.0476
vn 0.5635 -0.8014 0.2005
vn 0.7545 0.6044 0.2559
vn -0.9997 -0.0044 -0.0242
vn -0.9385 0.1477 -0.3121
vn -0.9970 -0.0380 -0.0669
vn 0.9742 -0.2257 -0.0061
vn -0.9961 -0.0878 -0.0072
vn 0.9996 -0.0203 -0.0186
vn 0.9921 -0.1247 -0.0145
vn 0.0030 -1.0000 -0.0003
vn 0.0004 -1.0000 -0.0005
vn 0.0007 -1.0000 -0.0004
vn 0.3419 -0.9277 0.1496
vn -0.0014 -1.0000 0.0002
vn -0.0026 1.0000 0.0011
vn -0.0023 1.0000 0.0013
vn -0.0015 1.0000 0.0010
vn 0.2343 0.9682 0.0881
vn 0.8959 0.3197 0.3085
vn 0.9997 0.0183 0.0141
vn -0.0027 -1.0000 0.0007
vn -0.0021 -1.0000 0.0004
vn -0.0018 -1.0000 0.0006
vn 0.0035 -1.0000 0.0009
vn 0.0022 -1.0000 0.0004
vn -1.0000 -0.0030 -0.0025
vn -0.9511 -0.3085 -0.0131
vn 0.0015 -1.0000 -0.0001
vn -0.9999 0.0075 0.0070
vn -0.9986 -0.0488 0.0198
vn -0.9983 -0.0582 0.0069
vn 1.0000 0.0089 -0.0036
vn 0.9999 0.0102 -0.0020
vn 1.0000 0.0029 -0.0032
vn 0.5189 0.8537 0.0435
vn 0.9796 0.2007 0.0051
vn 0.9834 0.1802 0.0198
vn -1.0000 -0.0072 0.0065
vn -1.0000 -0.0028 0.0057
vn -0.9998 -0.0186 -0.0098
vn -0.9997 -0.0210 -0.0129
vn -0.9953 0.0967 0.0022
vn -0.9991 0.0422 -0.0006
vn -0.4437 -0.8929 -0.0765
vn 0.8545 -0.5150 -0.0683
vn -0.8348 -0.5495 -0.0343
vn -0.1197 0.9869 0.1084
vn 0.0098 0.9999 0.0074
vn 0.1782 0.9803 0.0855
vn 0.0177 0.9998 0.0108
vn -0.7285 0.6226 0.2857
vn -0.6247 0.7377 0.2559
vn -0.7748 -0.5410 0.3270
vn -0.0025 1.0000 0.0012
vn -0.0034 1.0000 0.0014
vn -0.0029 1.0000 0.0010
vn 0.9982 -0.0605 0.0023
vn 1.0000 0.0011 -0.0009
vn -0.5360 0.8433 0.0390
vn -0.0484 0.9961 0.0732
vn -0.9950 -0.0943 -0.0327
vn -0.9966 -0.0658 -0.0501
vn -0.9949 0.0956 -0.0323
vn -0.9647 -0.2633 -0.0107
vn 0.0577 -0.9958 -0.0713
vn -0.0675 -0.9963 -0.0539
vn -0.9934 -0.1096 -0.0333
vn -0.9963 -0.0804 -0.0290
vn -0.9958 -0.0877 -0.0261
vn -0.0013 -1.0000 -0.0008
vn -0.0013 -1.0000 -0.0011
vn 0.0005 -1.0000 -0.0053
vn 0.0006 -0.9988 -0.0499
vn 0.0006 -1.0000 -0.0047
vn -0.0083 1.0000 0.0036
vn 0.0012 1.0000 -0.0020
vn -0.6541 0.7028 0.2796
vn -0.0095 0.9999 0.0044
vn 0.9987 -0.0513 -0.0078
vn 0.9964 -0.0845 -0.0068
vn 0.9991 0.0428 -0.0054
vn -0.9998 -0.0176 -0.0000
vn -0.5972 -0.8021 0.0029
vn -0.6703 -0.7420 0.0035
vn -0.9835 -0.1808 0.0025
vn -0.8088 0.5813 0.0896
vn -0.8965 0.4426 0.0216
vn -0.9219 0.3874 0.0030
vn -0.2005 0.9797 -0.0033
vn -0.8961 0.4434 -0.0206
vn -0.7743 0.6324 -0.0232
vn 0.9811 -0.1933 -0.0085
vn -0.0051 -1.0000 0.0010
vn -0.0020 -1.0000 0.0010
vn -0.0028 -1.0000 -0.0001
vn 0.8244 -0.4806 -0.2989
vn 0.9317 -0.3613 0.0363
vn 0.9980 -0.0610 0.0183
vn 0.9987 -0.0501 0.0085
vn 0.3710 -0.9088 0.1907
vn 0.5866 -0.7908 0.1744
vn -0.0045 1.0000 0.0019
vn -0.0051 1.0000 0.0023
vn 0.0030 -1.0000 0.0008
vn 0.0022 -1.0000 0.0009
vn 0.6096 -0.7927 -0.0025
vn 0.5294 -0.8484 -0.0043
vn 0.9702 -0.2421 -0.0067
vn 0.0036 1.0000 0.0001
vn 0.0033 1.0000 -0.0004
vn -0.9997 0.0150 -0.0218
vn -0.9998 0.0177 -0.0116
vn 0.0419 -0.9991 0.0003
vn 0.0346 -0.9994 0.0006
vn 0.0074 -1.0000 0.0006
vn 0.0036 -0.5070 -0.8619
vn 0.9999 0.0134 -0.0040
vn -0.0006 1.0000 -0.0011
vn 0.0006 1.0000 -0.0009
vn 0.0005 1.0000 -0.0017
vn 0.0059 -1.0000 0.0015
vn 0.3823 0.9141 0.1352
vn -0.0047 1.0000 0.0015
vn -0.0031 1.0000 0.0007
vn -0.0037 1.0000 0.0006
vn 0.9999 0.0108 -0.0107
vn 0.9999 0.0094 -0.0145
vn -0.9684 0.2484 0.0238
vn 0.9998 0.0183 -0.0033
vn -0.0022 1.0000 -0.0016
vn -0.0020 1.0000 -0.0018
vn -0.0014 1.0000 -0.0030
vn 0.0029 1.0000 0.0009
vn 0.0035 1.0000 0.0011
vn 0.0018 -1.0000 -0.0002
vn 0.2699 0.9628 -0.0113
vn 0.0810 0.9967 -0.0070
vn 0.0019 -1.0000 0.0004
vn -0.0024 -1.0000 0.0007
vn -0.0022 -1.0000 0.0003
vn -0.0025 -1.0000 0.0002
vn -0.8316 -0.5200 0.1948
vn -0.3725 -0.8785 0.2993
vn 0.7878 -0.5887 0.1814
vn 0.9426 0.3309 0.0451
vn 0.9996 0.0250 -0.0115
vn 0.9981 0.0622 -0.0044
vn -1.0000 -0.0029 0.0028
vn -0.9999 -0.0147 0.0043
vn -0.9998 -0.0215 0.0024
vn -0.3602 0.9206 0.1509
vn -0.1513 0.9862 0.0666
vn -0.0101 0.9999 0.0038
vn -0.0001 -1.0000 0.0010
vn 0.0013 1.0000 0.0001
vn 0.0015 1.0000 0.0003
vn -0.9962 -0.0865 -0.0120
vn -0.9930 -0.1174 -0.0162
vn -0.7421 -0.6398 0.1999
vn 0.7799 0.6099 0.1406
vn 0.2526 0.9602 0.1192
vn 0.9972 -0.0268 0.0695
vn -0.8077 -0.4801 0.3422
vn -0.1160 -0.9923 0.0439
vn -0.8221 -0.4568 0.3399
vn -0.0053 1.0000 0.0023
vn -0.0053 1.0000 0.0020
vn -0.0036 1.0000 0.0012
vn -0.0196 0.9812 -0.1923
vn 0.0057 0.9971 -0.0763
vn -0.0169 0.8479 -0.5299
vn -0.9996 -0.0088 -0.0284
vn -0.9990 -0.0292 -0.0353
vn -0.9994 -0.0148 -0.0303
vn 0.6915 -0.7035 0.1641
vn -0.9996 -0.0260 0.0125
vn -0.9992 -0.0373 0.0145
vn 0.0080 -1.0000 0.0003
vn 0.0034 -1.0000 0.0006
vn 0.0107 0.9999 0.0034
vn 0.2055 0.9744 0.0908
vn -0.0006 1.0000 -0.0054
vn -0.0011 1.0000 -0.0047
vn -0.0004 -1.0000 0.0009
vn 0.0006 -1.0000 0.0003
vn -0.0073 1.0000 0.0019
vn -0.0045 1.0000 0.0018
vn -0.0050 1.0000 0.0022
vn -0.0006 -1.0000 -0.0019
vn -0.0006 -1.0000 -0.0036
vn -0.0007 -1.0000 -0.0046
vn 0.9995 -0.0306 -0.0078
vn 0.9156 0.4008 0.0321
vn 0.9909 -0.1346 -0.0018
vn 0.9995 0.0198 0.0242
vn 0.9984 0.0556 0.0081
vn 0.9998 0.0185 0.0007
vn 0.0009 -1.0000 -0.0019
vn 0.0010 -1.0000 -0.0016
vn 0.0007 -1.0000 -0.0000
vn 0.0027 -1.0000 -0.0000
vn 0.0005 -1.0000 -0.0000
vn 0.9973 0.0734 0.0064
vn 0.9915 0.1296 0.0074
vn 0.9991 0.0410 0.0058
vn -0.0178 -0.9998 0.0011
vn -0.0002 1.0000 -0.0092
vn -0.0003 1.0000 -0.0068
vn -0.9725 -0.2231 -0.0669
vn 0.0187 -0.9998 0.0077
vn 0.1239 0.9922 0.0104
vn 0.0196 0.9997 0.0117
vn 0.0145 0.9999 0.0075
vn 0.9986 0.0527 -0.0065
vn 0.9995 0.0323 -0.0069
vn 0.9994 0.0338 -0.0061
vn 0.0006 1.0000 -0.0071
vn 0.0006 1.0000 -0.0079
vn 0.5546 -0.7947 0.2469
vn 0.2565 -0.9593 0.1183
vn 0.9186 0.1108 0.3794
vn 0.9998 -0.0212 -0.0004
vn 0.9999 -0.0138 0.0007
vn 1.0000 -0.0099 0.0007
vn -0.9965 -0.0823 0.0106
vn -0.9989 -0.0460 0.0062
vn -0.9971 -0.0754 0.0090
vn -0.9983 -0.0323 -0.0483
vn -0.9983 -0.0156 -0.0556
vn -0.9988 -0.0102 -0.0471
vn 0.9998 -0.0207 0.0026
vn 0.0010 1.0000 -0.0017
vn 0.0007 1.0000 -0.0022
vn -0.7562 -0.6531 -0.0397
vn -0.3607 -0.9280 -0.0936
vn -0.9747 -0.1971 -0.1055
vn 0.5658 -0.8245 0.0034
vn 0.6349 -0.7726 0.0004
vn 0.0332 -0.9994 0.0006
vn -0.9999 -0.0106 -0.0131
vn -0.9999 -0.0105 -0.0134
vn 0.0611 -0.9981 -0.0000
vn 0.0065 -1.0000 0.0011
vn 0.0502 0.9977 0.0452
vn 0.1416 0.9890 0.0427
vn 0.1962 0.9792 0.0508
vn 0.0292 0.9984 0.0475
vn 0.7098 0.6881 0.1509
vn 0.9777 0.2094 0.0138
vn 0.3441 0.9290 0.1365
vn 0.8337 0.4435 0.3290
vn -0.9944 -0.0812 -0.0678
vn 1.0000 0.0027 -0.0062
vn -0.6714 0.7074 0.2208
vn 0.7151 -0.6394 0.2824
vn 0.2136 -0.9735 0.0817
vn 0.0008 -1.0000 -0.0029
vn 0.0003 -1.0000 -0.0030
vn 0.8571 -0.4768 -0.1949
vn -0.0439 0.9988 0.0237
vn -0.5877 0.7863 0.1907
vn -0.0346 0.9994 0.0101
vn -0.0263 0.9997 0.0002
vn -0.0104 0.9999 -0.0002
vn -0.9961 0.0875 0.0072
vn 0.9998 0.0158 -0.0104
vn 0.9934 -0.1148 -0.0027
vn 0.9977 -0.0634 -0.0243
vn 0.0007 1.0000 -0.0050
vn 0.0009 1.0000 -0.0035
vn -0.0004 1.0000 -0.0006
vn 0.0005 1.0000 -0.0004
vn 0.0012 1.0000 -0.0025
vn 0.0059 -1.0000 0.0022
vn 0.0123 -0.9999 0.0063
vn -0.8935 -0.4463 -0.0505
vn -0.9866 0.1319 -0.0956
vn -0.0671 0.9855 0.1560
vn 0.7217 -0.3111 0.6184
vn 0.6283 0.7426 0.2319
vn -0.9990 -0.0358 -0.0258
vn -0.9994 -0.0276 -0.0223
vn -0.9998 0.0017 0.0176
vn 0.0003 1.0000 -0.0042
vn 1.0000 0.0084 -0.0026
vn 0.0050 -1.0000 0.0020
vn 0.0038 -1.0000 0.0015
vn 0.4475 -0.8751 0.1841
vn 0.7112 -0.7028 0.0133
vn 0.9954 -0.0949 0.0131
vn 0.9976 -0.0646 0.0266
vn -0.0018 -1.0000 -0.0001
vn -0.0016 -1.0000 0.0002
vn -0.9999 -0.0088 0.0099
vn -1.0000 0.0021 0.0073
vn -0.9999 -0.0131 0.0105
vn -0.9997 -0.0219 0.0125
vn -0.7679 0.6401 0.0242
vn -0.0107 0.9996 0.0270
vn -0.0378 0.9991 0.0210
vn 1.0000 0.0092 -0.0014
vn -0.1752 0.9845 0.0026
vn -0.9529 0.3032 0.0115
vn 0.0032 1.0000 0.0009
vn 0.0036 1.0000 0.0016
vn 0.0027 1.0000 0.0013
vn -0.9126 -0.4065 0.0447
vn -0.8092 -0.5835 0.0690
vn -0.5756 -0.8119 0.0977
vn -0.9999 -0.0123 0.0040
vn 1.0000 0.0024 -0.0040
vn 0.9999 0.0110 -0.0054
vn 1.0000 0.0073 -0.0036
vn -0.4924 0.8320 -0.2555
vn -0.7104 0.6633 0.2355
vn 0.9991 0.0086 -0.0416
vn 0.9997 0.0197 -0.0148
vn 0.9925 -0.1125 -0.0484
vn -0.0021 -1.0000 0.0006
vn 0.0019 1.0000 -0.0015
vn 0.4185 -0.8960 0.1484
vn -0.0017 1.0000 0.0020
vn -0.0393 0.9992 0.0058
vn 0.9994 -0.0332 0.0017
vn 0.6261 -0.7754 0.0825
vn 0.6263 -0.7746 0.0882
vn -0.9998 -0.0169 0.0071
vn -0.9998 -0.0206 0.0086
vn -0.9998 -0.0204 0.0090
vn 0.0067 1.0000 0.0043
vn -0.0007 -1.0000 -0.0020
vn -0.0002 -1.0000 -0.0029
vn -0.7924 0.6080 0.0495
vn -0.9552 -0.2953 0.0190
vn -0.9583 -0.2856 0.0090
vn 0.4246 0.9022 0.0758
vn 0.7711 0.6355 0.0390
vn 0.4413 0.8967 0.0348
vn 0.0069 0.8929 -0.4502
vn -0.5272 -0.8383 0.1388
vn -0.2633 -0.9562 0.1278
vn 0.5070 -0.8534 0.1213
vn -1.0000 -0.0057 0.0077
vn -0.9999 -0.0082 0.0077
vn -0.0008 1.0000 -0.0044
vn -0.0008 1.0000 -0.0050
vn -0.9997 -0.0231 -0.0007
vn -0.9995 -0.0312 0.0003
vn 0.6650 -0.7303 0.1561
vn 0.4405 -0.8720 0.2135
vn -0.3755 -0.9051 0.1994
vn 0.0241 0.9967 0.0771
vn -0.8573 -0.2563 0.4465
vn -0.4530 0.8915 0.0095
vn -0.0001 0.9998 0.0217
vn 0.9995 0.0254 -0.0168
vn 0.9996 0.0024 -0.0264
vn 0.0042 1.0000 0.0001
vn -0.0042 1.0000 -0.0007
vn 0.9665 -0.2417 -0.0859
vn 0.7986 0.6018 -0.0073
vn 0.2176 0.9760 -0.0050
vn 0.0751 0.9957 0.0539
vn -0.9878 -0.1532 0.0281
vn -0.8462 -0.5281 0.0709
vn -0.9997 -0.0152 0.0208
vn -0.9999 -0.0127 0.0047
vn -0.9996 -0.0267 0.0068
vn -0.9994 -0.0302 0.0163
vn 0.0037 -1.0000 0.0022
vn 0.0035 -1.0000 0.0010
vn -0.9959 -0.0831 -0.0364
vn -0.9973 -0.0694 -0.0221
vn -0.9856 -0.0078 -0.1688
vn -0.9936 0.0043 -0.1133
vn -0.0251 0.9997 0.0002
vn -0.0142 0.9999 -0.0002
vn -0.0095 0.9999 0.0042
vn -0.0103 0.9999 0.0025
vn -0.0085 1.0000 0.0034
vn -0.0038 1.0000 0.0018
vn 0.8684 0.4201 0.2634
vn 0.5989 -0.7774 0.1922
vn 0.4574 -0.8782 0.1398
vn 1.0000 0.0002 0.0047
vn 0.9989 -0.0436 0.0147
vn 0.9990 -0.0435 0.0133
vn -0.9990 -0.0444 0.0046
vn -0.9272 0.1802 0.3283
vn 0.9998 -0.0218 -0.0015
vn 0.9997 -0.0221 -0.0046
vn 0.6280 -0.7779 0.0203
vn 0.9932 -0.1157 -0.0165
vn 0.0022 1.0000 0.0005
vn 0.0018 1.0000 0.0011
vn 0.0026 1.0000 0.0013
vn 0.9996 -0.0228 0.0151
vn -0.6088 -0.7933 0.0040
vn -0.9943 -0.1069 0.0044
vn 0.1885 0.9788 0.0798
vn 0.8969 0.1967 0.3962
vn 0.1892 0.9774 0.0943
vn -0.9883 -0.1489 0.0342
vn -0.9438 -0.3241 0.0643
vn -0.9342 -0.3536 0.0467
vn 0.7777 0.5684 0.2685
vn 0.7846 -0.5575 0.2714
vn -0.9996 -0.0271 0.0122
vn -0.0156 -0.9999 0.0007
vn -0.0417 -0.9991 0.0016
vn -0.0324 -0.9995 0.0018
vn -0.4617 -0.8793 0.1168
vn 0.6157 -0.7811 0.1042
vn 0.5747 -0.8115 0.1063
vn -0.0019 -1.0000 0.0003
vn -0.0019 -1.0000 0.0001
vn 0.0026 -0.9990 -0.0456
vn -0.9987 -0.0491 0.0107
vn -0.7900 0.6130 0.0118
vn -0.8444 0.5356 0.0022
vn -0.9974 -0.0726 0.0014
vn 0.9778 -0.2090 0.0125
vn 0.8562 0.5167 0.0035
vn 0.8690 0.4948 0.0046
vn -0.9991 -0.0398 0.0154
vn -0.9988 -0.0468 0.0163
vn 0.0010 1.0000 -0.0021
vn 0.0014 1.0000 -0.0013
vn -0.1387 -0.9888 0.0559
vn 0.0099 0.9999 0.0050
vn 0.0090 0.9999 0.0058
vn 0.0051 1.0000 0.0026
vn 0.3040 0.9427 0.1379
vn 0.8074 0.4607 0.3685
vn 0.1954 0.9775 0.0798
vn 0.0115 0.9999 0.0064
vn 0.0012 -1.0000 -0.0007
vn 0.9999 0.0147 -0.0055
vn 0.9999 -0.0107 -0.0018
vn 0.0025 1.0000 -0.0006
vn 0.0034 1.0000 0.0005
vn 0.0024 1.0000 -0.0008
vn -1.0000 0.0080 0.0014
vn -1.0000 0.0034 0.0033
vn -0.9947 -0.1011 0.0205
vn -0.9989 -0.0365 0.0307
vn -0.9880 0.1511 -0.0310
vn -0.9902 0.1390 -0.0147
vn -0.9956 0.0903 -0.0234
vn 0.0008 1.0000 -0.0013
vn 0.9999 0.0092 -0.0055
vn 0.9994 -0.0351 0.0029
vn 0.9977 -0.0679 0.0007
vn -0.0070 1.0000 0.0027
vn -0.0024 1.0000 -0.0007
vn -0.1204 -0.9913 0.0525
vn -0.0113 -0.9999 0.0055
vn -0.0724 -0.9970 0.0288
vn 0.9997 0.0225 -0.0017
vn -0.6754 0.6969 0.2412
vn -0.6576 -0.7170 0.2312
vn -0.8932 0.3277 0.3079
vn 0.1019 0.9940 0.0405
vn 0.0616 0.9970 0.0458
vn 0.7598 0.6495 0.0304
vn -0.9991 -0.0411 0.0141
vn -0.9991 -0.0398 0.0142
vn 0.9998 0.0122 -0.0158
vn 0.9997 0.0224 -0.0109
vn 0.9990 -0.0387 -0.0223
vn -0.2781 0.9599 0.0358
vn -0.9215 0.3883 -0.0040
vn -0.6334 0.7735 0.0194
vn -0.4190 0.9056 0.0652
vn -0.5346 0.8417 0.0763
vn -0.9999 -0.0017 0.0122
vn 0.6021 0.7592 0.2473
vn 0.6252 0.7655 -0.1524
vn -0.2043 -0.9778 0.0457
vn -0.6386 -0.7695 0.0092
vn 0.9717 -0.2353 -0.0214
vn 0.9455 -0.3254 -0.0159
vn 0.8761 0.4800 -0.0457
vn -0.5421 0.8403 -0.0095
vn -0.6682 -0.6906 0.2766
vn -0.0793 -0.9962 0.0361
vn -0.9911 -0.1300 0.0295
vn -0.9676 -0.2476 0.0497
vn 0.0018 0.8486 -0.5291
vn 0.0003 0.9993 -0.0387
vn 0.0042 0.9970 -0.0777
vn -0.1398 -0.9881 0.0634
vn -0.9997 -0.0041 -0.0252
vn -0.9997 -0.0020 -0.0262
vn -0.9998 -0.0063 -0.0206
vn -0.0000 1.0000 0.0004
vn 0.0004 1.0000 0.0003
vn 0.4646 -0.8690 0.1702
vn 0.6601 -0.7118 0.2401
vn 0.6725 -0.7315 0.1127
vn -0.0040 1.0000 0.0016
vn -0.0031 1.0000 0.0012
vn -0.8663 0.3468 0.3595
vn -0.1054 0.9934 0.0463
vn -0.0622 -0.9981 -0.0030
vn -0.6446 -0.7645 -0.0075
vn -0.7148 -0.6993 -0.0064
vn -0.0005 -1.0000 -0.0026
vn -0.1337 -0.9895 0.0544
vn 0.9999 0.0113 -0.0081
vn -0.7385 -0.6032 0.3013
vn -0.7581 -0.5632 0.3287
vn -0.1882 -0.9784 0.0860
vn -0.0023 -1.0000 -0.0001
vn 0.9828 -0.1837 -0.0190
vn 0.9977 -0.0651 -0.0181
vn 0.9968 0.0751 -0.0277
vn 0.1857 0.9669 -0.1752
vn -0.0015 -1.0000 0.0006
vn -0.0018 -1.0000 0.0003
vn 0.5865 -0.7993 -0.1312
vn 0.9828 -0.1834 0.0202
vn 0.9995 -0.0323 0.0032
vn -0.9885 0.1506 0.0129
vn -0.9985 0.0554 0.0024
vn -0.9998 -0.0180 -0.0015
vn 0.8899 0.4561 -0.0061
vn 0.2401 0.9707 0.0029
vn 0.2266 0.9740 -0.0014
vn 0.1778 0.9841 -0.0035
vn 0.9999 0.0113 -0.0029
vn 0.9974 -0.0722 -0.0011
vn 0.9984 -0.0563 -0.0002
vn 0.9996 -0.0164 -0.0239
vn 0.9994 -0.0036 -0.0349
vn 0.9983 -0.0446 -0.0378
vn -0.9306 0.1508 0.3336
vn -0.9996 -0.0244 0.0150
vn -0.9998 -0.0176 0.0094
vn 0.0106 0.9999 0.0053
vn 0.1415 0.9889 0.0443
vn 0.1247 0.9911 0.0468
vn 0.9885 -0.1512 0.0015
vn 0.9400 -0.3411 0.0050
vn -0.9997 -0.0189 0.0124
vn -0.9978 0.0356 -0.0563
vn 0.0561 0.9981 0.0267
vn 0.7449 0.5787 0.3320
vn 0.9937 0.1104 0.0165
vn 0.9734 0.2287 0.0104
vn 0.9458 0.3158 -0.0755
vn 0.7520 0.6377 -0.1668
vn -0.0103 -0.9999 0.0013
vn -0.0176 -0.9998 0.0009
vn 0.0067 -1.0000 0.0024
vn 0.5978 0.7688 0.2273
vn 0.8984 0.3047 0.3162
vn -0.9994 -0.0003 -0.0337
vn -0.9581 -0.0057 -0.2864
vn -0.0174 -0.9998 0.0007
vn -0.0138 -0.9999 0.0021
vn 0.0047 0.9964 0.0845
vn 0.0037 0.9963 0.0864
vn -0.0096 0.9964 0.0848
vn 0.8067 0.4955 0.3221
vn 0.9978 0.0126 -0.0650
vn 0.9999 -0.0002 -0.0111
vn 0.9999 -0.0024 -0.0135
vn 0.1521 0.9865 0.0604
vn 0.5856 0.7758 0.2348
vn -0.0061 1.0000 0.0041
vn 0.0052 -0.1026 -0.9947
vn -0.0036 0.9980 -0.0631
vn 0.0022 0.7709 -0.6369
vn 1.0000 0.0092 -0.0033
vn 1.0000 0.0020 -0.0023
vn 0.9999 0.0100 0.0049
vn 1.0000 -0.0011 -0.0016
vn 0.0122 0.9999 0.0047
vn 0.2609 0.9591 0.1096
vn 0.6952 0.6519 0.3030
vn 0.9467 -0.3220 -0.0134
vn 0.9390 -0.3438 -0.0068
vn 0.9229 -0.3841 -0.0282
vn 0.9997 -0.0259 -0.0037
vn 0.9973 -0.0726 -0.0058
vn -0.7261 -0.6875 -0.0050
vn -0.9947 -0.1032 -0.0041
vn -0.9830 -0.1832 -0.0090
vn 0.9354 0.0278 -0.3526
vn 0.9961 0.0164 -0.0872
vn 0.9569 0.0237 -0.2895
vn -0.9994 -0.0060 -0.0329
vn -0.9962 -0.0823 -0.0285
vn 0.9994 -0.0351 0.0045
vn 0.3216 -0.9242 0.2062
vn -0.9996 -0.0272 -0.0025
vn 0.9988 0.0491 -0.0021
vn 0.9999 0.0143 -0.0044
vn 0.9999 0.0123 -0.0006
vn -0.8245 0.4768 0.3048
vn -0.6548 0.7116 0.2545
vn -0.0429 0.9990 0.0148
vn -0.0448 -0.9990 0.0001
vn -0.0537 -0.9986 -0.0001
vn 0.0868 -0.9956 0.0351
vn 0.7745 0.6318 0.0326
vn 0.7961 0.4877 0.3582
vn 0.5539 -0.7972 0.2403
vn 0.2203 -0.9750 -0.0277
vn 0.8212 -0.5705 -0.0131
vn -0.3443 -0.9387 0.0174
vn -0.1124 0.4984 -0.8596
vn 0.0089 -0.7826 -0.6224
vn -0.5951 0.7562 0.2719
vn -0.7620 -0.5393 0.3586
vn -0.7995 -0.4923 0.3441
vn -0.0459 -0.9649 -0.2586
vn 0.0026 -1.0000 0.0008
vn -0.8226 0.4459 0.3527
vn 0.0017 -1.0000 -0.0003
vn 0.0014 -1.0000 -0.0004
vn -0.0023 1.0000 0.0007
vn -0.0018 1.0000 0.0004
vn -0.9997 0.0206 0.0147
vn -0.9998 -0.0178 -0.0072
vn -0.9999 -0.0159 -0.0057
vn 0.9790 -0.2035 -0.0142
vn 0.9871 -0.1602 -0.0065
vn -0.2264 0.9740 0.0014
vn -0.2169 0.9762 -0.0004
vn -0.0069 1.0000 0.0039
vn -0.0026 -1.0000 0.0006
vn -0.0023 -1.0000 0.0005
vn -0.0048 1.0000 0.0025
vn 0.9877 -0.1500 -0.0433
vn 0.9904 -0.1255 -0.0586
vn 0.9758 -0.2121 -0.0540
vn -0.8315 0.4504 0.3251
vn 0.9999 0.0107 -0.0041
vn 0.9996 0.0267 -0.0063
vn 0.9999 0.0166 -0.0039
vn 0.9913 -0.1138 -0.0656
vn 0.9863 -0.1596 -0.0409
vn -0.9999 -0.0089 0.0057
vn 0.8899 0.4561 0.0101
vn 0.2061 0.9785 0.0038
vn 0.2335 0.9724 0.0030
vn 0.7444 -0.6677 -0.0038
vn 0.9984 -0.0567 -0.0053
vn 0.9966 -0.0818 -0.0088
vn 0.0233 0.9996 0.0183
vn -0.0266 0.9996 0.0062
vn 0.7556 0.6328 -0.1689
vn -0.7651 0.5430 0.3460
vn -0.7231 0.6177 0.3092
vn -0.0651 0.9974 0.0313
vn -0.8322 -0.5465 -0.0941
vn 0.5657 -0.8246 0.0038
vn 0.5716 -0.8205 0.0035
vn -0.9995 -0.0324 -0.0024
vn -0.9973 -0.0623 -0.0388
vn -0.0054 1.0000 -0.0024
vn -0.0011 1.0000 -0.0023
vn -0.0011 1.0000 -0.0030
vn 1.0000 -0.0092 -0.0016
vn 0.0177 0.9987 0.0480
vn 0.7852 0.6173 0.0490
vn -0.0025 -1.0000 0.0009
vn -0.0024 -1.0000 0.0008
vn -0.0020 -1.0000 0.0006
vn 0.4993 -0.8617 0.0903
vn 0.9827 -0.1854 -0.0050
vn 0.9543 -0.2987 0.0138
vn 0.0721 -0.9973 0.0128
vn -0.0004 -0.9975 -0.0703
vn -0.0004 -1.0000 -0.0062
vn -0.0020 1.0000 0.0007
vn -0.7220 -0.6919 0.0011
vn -0.5892 -0.8079 0.0030
vn -0.9836 -0.1803 0.0080
vn 0.9270 0.2640 0.2665
vn 0.0042 -0.6801 -0.7331
vn 0.0280 -0.7032 -0.7105
vn -0.0066 -0.9987 -0.0509
vn -0.9988 0.0489 0.0068
vn -0.9997 0.0222 0.0086
vn 0.0037 -1.0000 0.0014
vn 0.7154 -0.6979 -0.0326
vn -0.0003 1.0000 -0.0043
vn -0.0004 1.0000 -0.0036
vn 0.0020 1.0000 0.0003
vn 0.9999 0.0110 -0.0031
vn 0.9999 0.0137 -0.0014
vn -0.0009 1.0000 -0.0025
vn -0.9997 -0.0227 -0.0036
vn 0.9955 -0.0935 0.0130
vn 0.9885 -0.1508 0.0143
vn -0.9996 -0.0227 -0.0146
vn -0.9679 0.2512 -0.0049
vn -0.9641 0.2650 -0.0148
vn -0.9990 -0.0418 0.0134
vn -0.9990 -0.0410 0.0157
vn -0.9982 -0.0585 0.0155
vn 0.9872 -0.1593 0.0072
vn 0.9930 -0.1174 0.0113
vn -0.9927 -0.1193 0.0146
vn -0.9993 -0.0383 0.0052
vn -0.9973 -0.0723 0.0082
vn -0.6090 -0.7778 0.1552
vn -0.4766 -0.8630 0.1676
vn 0.5778 -0.7986 0.1686
vn -0.0053 1.0000 0.0025
vn -0.0015 -1.0000 0.0001
vn -0.0017 -1.0000 0.0002
vn -0.0016 -1.0000 -0.0001
vn 0.0005 -0.9901 -0.1401
vn -0.1532 -0.9865 0.0585
vn -0.0059 -1.0000 -0.0003
vn -0.1089 -0.9930 0.0448
vn 0.9998 -0.0192 -0.0033
vn -0.9996 0.0250 0.0102
vn -0.9999 0.0078 0.0104
vn 0.0053 -1.0000 0.0018
vn 0.9948 -0.1020 0.0046
vn 0.9892 -0.1468 0.0010
vn 0.1728 -0.9820 0.0760
vn 0.4212 -0.6829 -0.5969
vn 0.9998 -0.0197 -0.0061
vn -0.8492 -0.5211 0.0854
vn 0.9999 -0.0161 -0.0037
vn -0.9998 -0.0110 -0.0150
vn -0.9997 -0.0203 -0.0114
vn -0.0566 0.9982 0.0192
vn -0.6097 -0.7804 0.1391
vn -0.6316 -0.7635 0.1346
vn 0.4703 -0.8694 0.1518
vn 0.7538 -0.6491 0.1017
vn 0.0143 -0.9999 0.0055
vn 0.3541 -0.9242 0.1432
vn 0.2146 -0.5735 -0.7906
vn 0.5569 -0.2763 -0.7833
vn 0.9997 0.0165 -0.0155
vn 0.2071 -0.9753 0.0765
vn 0.8467 -0.3862 0.3660
vn -0.0048 -0.6921 -0.7218
vn 0.0072 1.0000 0.0022
vn 0.0467 0.9987 0.0202
vn 0.0182 0.9998 0.0090
vn -0.1626 0.5523 -0.8176
vn 0.0009 0.9990 -0.0443
vn -0.0398 0.1972 -0.9795
vn -0.7233 0.6419 0.2545
vn -0.0905 0.9953 0.0355
vn 0.0008 -1.0000 -0.0021
vn -0.8944 0.4470 0.0153
vn 0.0045 -1.0000 0.0017
vn 0.0043 -1.0000 0.0019
vn 0.0029 -1.0000 0.0009
vn -0.5104 -0.8331 0.2129
vn 0.5946 -0.7742 0.2169
vn -0.0078 -1.0000 0.0034
vn 0.9957 -0.0742 -0.0553
vn 0.9949 -0.0793 -0.0618
vn 0.9937 -0.0626 -0.0933
vn -0.0361 0.9977 0.0576
vn 0.0521 0.9977 0.0443
vn -0.0108 0.9999 0.0014
vn -0.0129 0.9999 0.0034
vn -0.0119 0.9999 0.0019
vn 0.0002 1.0000 -0.0028
vn 0.9973 -0.0727 -0.0065
vn -0.7226 0.6902 0.0380
vn 0.9999 0.0064 -0.0109
vn 0.0047 -1.0000 0.0020
vn 0.0024 -1.0000 0.0007
vn 0.5766 -0.8134 0.0768
vn -0.4788 0.8739 0.0838
vn -0.7742 0.6282 0.0777
vn -0.0627 0.9943 0.0864
vn -0.1593 -0.9842 0.0773
vn 0.1333 0.9865 0.0954
vn -0.9608 0.2722 0.0521
vn 0.9999 0.0104 -0.0036
vn 0.9995 -0.0316 -0.0043
vn 0.9924 -0.1157 -0.0417
vn 0.9910 -0.1334 -0.0060
vn 0.9986 -0.0517 0.0088
vn 0.0027 -1.0000 0.0007
vn 0.0029 -1.0000 0.0012
vn 0.9982 0.0603 -0.0050
vn 0.9990 -0.0454 -0.0002
vn 0.9937 -0.1122 -0.0020
vn 0.9988 0.0464 0.0179
vn 0.9993 0.0352 0.0153
vn 0.0015 -1.0000 -0.0002
vn 0.9999 0.0130 -0.0052
vn 0.9999 0.0132 -0.0035
vn -0.0039 0.9945 0.1049
vn 0.0302 0.9995 -0.0010
vn 0.9995 -0.0292 -0.0148
vn 0.9991 0.0387 -0.0153
vn -0.0217 -0.9998 -0.0010
vn -0.9768 -0.2131 -0.0186
vn -0.9992 -0.0399 0.0078
vn -0.9982 0.0586 0.0107
vn 0.0958 -0.9943 0.0470
vn 0.7114 -0.6123 0.3450
vn 0.9265 -0.3761 0.0140
vn -0.0055 1.0000 0.0028
vn -0.0042 1.0000 0.0018
vn 0.0307 0.9876 0.1537
vn -0.0023 1.0000 0.0019
vn -0.0057 1.0000 0.0022
vn 0.0089 1.0000 0.0018
vn 0.9916 -0.1273 0.0237
vn 0.9627 -0.2700 0.0191
vn 0.6947 -0.7193 0.0027
vn 0.0694 -0.9976 0.0020
vn -0.6160 -0.7877 0.0068
vn -0.9962 -0.0860 0.0144
vn -0.9953 -0.0966 0.0074
vn 0.9512 -0.3084 -0.0060
vn -0.5983 0.7998 0.0477
vn -0.7333 0.6786 0.0420
vn -0.0017 -1.0000 0.0014
vn -0.9978 -0.0488 -0.0455
vn 0.9995 -0.0092 -0.0315
vn -0.4473 -0.8781 0.1697
vn 0.9994 0.0282 -0.0176
vn 0.9998 0.0096 -0.0146
vn -0.4242 -0.9046 -0.0418
vn -0.7120 -0.6995 -0.0610
vn 0.5949 -0.8030 -0.0365
vn -0.0925 0.9951 0.0356
vn -0.0184 0.9998 0.0030
vn -0.0028 1.0000 0.0015
vn 1.0000 -0.0037 -0.0019
vn 1.0000 -0.0010 -0.0038
vn 1.0000 -0.0033 -0.0053
vn 0.0002 1.0000 -0.0032
vn 0.0003 -1.0000 -0.0006
vn 0.0007 -1.0000 -0.0006
vn 0.0011 -1.0000 -0.0006
vn -0.0591 0.0126 -0.9982
vn 0.0325 -0.9995 0.0002
vn 0.7630 0.6167 0.1936
vn 0.9943 -0.1041 0.0218
vn 0.9840 -0.1738 -0.0398
vn -0.9996 -0.0264 -0.0082
vn -0.9999 -0.0122 0.0046
vn -0.9998 -0.0175 0.0045
vn -0.7241 0.6890 0.0308
vn -0.4763 0.8784 0.0395
vn -0.0038 0.9991 0.0419
vn 0.9999 -0.0163 -0.0007
vn -0.8397 0.4304 0.3311
vn -0.6982 -0.6571 0.2842
vn -0.0041 1.0000 0.0015
vn -0.0039 1.0000 0.0015
vn -0.6270 -0.7738 0.0907
vn -0.7264 -0.6814 0.0894
vn 0.3046 -0.9465 0.1066
vn 0.6739 -0.7026 0.2285
vn 0.7006 0.6697 0.2462
vn 0.0007 1.0000 -0.0044
vn -0.9998 -0.0073 -0.0207
vn -0.9996 0.0070 -0.0263
vn -0.9998 0.0132 -0.0148
vn -0.0703 0.9971 0.0292
vn -0.5975 0.7645 0.2418
vn -0.0100 0.9999 0.0040
vn -0.9987 0.0496 0.0139
vn -0.9649 -0.2624 0.0120
vn -0.0813 0.9967 -0.0005
vn -0.0465 0.9989 -0.0008
vn 0.0192 0.9980 0.0610
vn -0.9036 -0.1773 0.3901
vn -0.4692 -0.8606 0.1980
vn -0.1935 -0.9768 0.0921
vn 0.0036 -1.0000 0.0008
vn -0.1252 0.9921 0.0020
vn -0.1420 0.9899 0.0010
vn 0.0032 0.6822 -0.7312
vn 0.0001 0.9992 -0.0409
vn 0.0115 -0.7886 -0.6148
vn 0.0351 0.6390 -0.7684
vn 0.0184 -0.2078 -0.9780
vn -0.0023 1.0000 -0.0022
vn -0.0015 1.0000 -0.0049
vn 0.9672 -0.2512 -0.0385
vn 0.9902 -0.1387 -0.0155
vn 0.9444 -0.3288 0.0004
vn 0.9661 -0.2576 -0.0144
vn -0.0008 1.0000 -0.0066
vn -0.9993 -0.0362 0.0068
vn -0.9977 -0.0668 0.0141
vn -0.9994 -0.0073 -0.0334
vn 0.0047 1.0000 0.0027
vn 0.1172 0.9923 0.0409
vn -0.2553 -0.9616 0.1011
vn -0.8035 -0.5065 0.3127
vn -0.0009 -1.0000 0.0011
vn 0.0011 -1.0000 0.0012
vn 0.0019 -1.0000 0.0001
vn -0.7892 0.5018 -0.3542
vn 0.2133 0.9734 0.0840
vn 0.5422 0.8190 0.1880
vn 0.0408 0.9991 0.0131
vn -0.9998 -0.0164 -0.0058
vn -0.9974 -0.0714 0.0054
vn -0.9970 0.0773 0.0070
vn -0.0035 -1.0000 0.0017
vn -0.0012 1.0000 0.0001
vn -0.9039 -0.0630 -0.4231
vn -0.8378 -0.0581 -0.5429
vn 0.1316 0.0141 -0.9912
vn -0.0345 -0.9994 0.0023
vn -0.6028 -0.7710 0.2053
vn -0.5131 -0.8427 0.1633
vn 0.7866 -0.6152 -0.0526
vn 0.9747 -0.2177 -0.0504
vn 0.9995 -0.0318 -0.0020
vn 0.2336 0.9723 -0.0007
vn -0.9115 0.4109 0.0157
vn -0.1470 0.9866 0.0710
vn 0.9903 -0.0880 -0.1079
vn 0.9859 -0.0778 -0.1481
vn 0.9890 -0.1081 -0.1006
vn 0.6872 0.7260 0.0280
vn 0.9999 0.0078 -0.0154
vn -0.9797 -0.2001 0.0074
vn -0.9998 0.0172 0.0099
vn 0.0030 -1.0000 0.0010
vn 0.0023 -1.0000 0.0006
vn 0.0036 -1.0000 0.0011
vn 0.5485 -0.8361 -0.0073
vn 0.9724 -0.2329 -0.0161
vn 0.9802 -0.1971 0.0200
vn 0.7155 -0.6981 -0.0264
vn 0.9291 -0.3054 0.2087
vn -0.0027 1.0000 -0.0006
vn -0.0016 1.0000 -0.0012
vn -0.0024 1.0000 0.0001
vn -0.5568 -0.8306 0.0003
vn -0.0022 -1.0000 0.0010
vn -0.0020 -1.0000 0.0009
vn -0.0030 -1.0000 0.0010
vn -0.5708 -0.7825 0.2487
vn -0.2864 -0.9490 0.1317
vn 0.0011 1.0000 -0.0001
vn 0.0014 1.0000 -0.0000
vn 0.0006 1.0000 -0.0002
vn -0.0028 -1.0000 0.0007
vn -0.0033 -1.0000 0.0011
vn -0.9997 -0.0251 -0.0031
vn -0.1357 0.9907 0.0020
vn -0.1805 0.9836 0.0035
vn -0.5521 -0.8145 0.1781
vn 0.8568 -0.5067 0.0956
vn -0.0012 -1.0000 -0.0018
vn -0.7282 0.6540 0.2047
vn -0.0764 0.9971 0.0018
vn -0.2943 0.9557 0.0091
vn -0.3707 0.9286 0.0160
vn 0.9999 0.0063 -0.0141
vn 0.0015 -1.0000 -0.0006
vn 0.0010 -1.0000 -0.0012
vn 0.0013 -1.0000 -0.0006
vn 0.0042 -1.0000 0.0014
vn -0.0123 -0.9999 0.0015
vn -0.0211 -0.9998 0.0011
vn 0.6003 0.7562 0.2604
vn 0.0023 -1.0000 0.0002
vn 0.0008 -1.0000 0.0003
vn -0.9441 -0.3255 0.0528
vn -0.0012 -1.0000 -0.0011
vn -0.0322 0.9984 0.0457
vn 0.1883 0.9814 0.0367
vn -0.9960 -0.0805 -0.0381
vn -0.9964 -0.0789 -0.0298
vn -0.7348 -0.5501 -0.3968
vn -0.9922 0.1234 -0.0196
vn 0.0418 0.9991 0.0007
vn 0.9881 -0.1527 0.0183
vn 1.0000 0.0008 -0.0031
vn -0.0110 0.9999 0.0028
vn -0.7518 0.5779 0.3175
vn -0.0006 1.0000 -0.0028
vn 0.0213 0.9998 0.0008
vn 0.5787 -0.7840 0.2246
vn -0.9983 -0.0516 -0.0274
vn -0.0014 -1.0000 -0.0010
vn -0.0013 -1.0000 0.0003
vn -0.0006 -1.0000 0.0004
vn -0.0014 -1.0000 -0.0003
vn 0.0051 -1.0000 0.0027
vn 0.0047 -1.0000 0.0024
vn 0.0017 -1.0000 0.0016
vn 0.0559 -0.9982 0.0214
vn 0.9999 -0.0007 -0.0152
vn -0.0006 1.0000 -0.0027
vn 0.5790 -0.7846 0.2217
vn -0.9999 -0.0095 0.0075
vn -0.9998 -0.0156 0.0075
vn -0.0699 0.9976 0.0016
vn -0.0315 0.7442 -0.6672
vn -0.0219 0.9865 -0.1623
vn -0.0286 -0.9996 0.0003
vn -0.6503 -0.7597 0.0067
vn -0.0072 1.0000 0.0032
vn -0.0048 1.0000 0.0017
vn 0.9908 -0.1350 0.0024
vn 0.9977 0.0682 -0.0007
vn -0.9476 0.0189 -0.3190
vn 0.0080 1.0000 0.0010
vn -0.9993 -0.0010 -0.0381
vn -0.9992 -0.0026 -0.0407
vn 0.0071 1.0000 0.0020
vn 0.9999 0.0114 -0.0014
vn 0.9889 -0.0999 -0.1096
vn 0.9628 -0.0361 -0.2677
vn 0.0043 -1.0000 0.0011
vn 0.0059 -1.0000 0.0021
vn 0.0043 -1.0000 0.0024
vn 0.0082 0.9970 0.0772
vn 0.5906 0.8048 0.0588
vn -0.0065 0.9975 0.0709
vn 0.0355 0.9966 0.0746
vn -0.0068 1.0000 0.0030
vn -0.0060 1.0000 0.0024
vn -0.9947 -0.1000 0.0244
vn -0.9142 0.1410 0.3799
vn -0.9301 -0.3669 0.0178
vn -0.9995 0.0251 0.0191
vn 0.9980 0.0630 -0.0025
vn -0.9997 -0.0242 -0.0065
vn -0.0005 -1.0000 -0.0003
vn -0.0002 -1.0000 -0.0004
vn -0.0007 -1.0000 -0.0007
vn -0.0013 -1.0000 0.0014
vn -0.0011 -1.0000 0.0018
vn 0.0144 -0.6678 -0.7442
vn 0.0018 -1.0000 -0.0003
vn 0.0028 -1.0000 -0.0001
vn 0.9339 -0.3521 0.0630
vn 0.9997 -0.0244 0.0044
vn -0.9498 -0.3126 0.0107
vn -0.9999 -0.0110 0.0070
vn 0.0016 -1.0000 0.0007
vn -0.0041 -1.0000 0.0005
vn 0.0157 -0.9998 0.0079
vn 0.0039 -1.0000 0.0025
vn 0.2206 0.9754 0.0014
vn 0.0139 0.9999 -0.0004
vn 0.0263 0.9997 0.0003
vn -0.0037 1.0000 -0.0007
vn -0.1752 0.9845 0.0102
vn 0.5951 -0.7790 0.1977
vn 0.1080 -0.9933 0.0415
vn 0.6781 -0.6982 0.2296
vn -0.9995 -0.0305 -0.0022
vn -0.0012 1.0000 -0.0020
vn -0.3076 0.9413 0.1387
vn -0.0092 1.0000 0.0035
vn 0.0865 0.0116 -0.9962
vn 0.5972 0.7903 0.1372
vn 0.5869 0.8083 0.0466
vn 0.7168 0.6412 0.2741
vn -0.0047 -1.0000 0.0007
vn 0.0303 -0.9954 -0.0907
vn -0.0067 -0.9924 -0.1228
vn 0.2453 -0.9653 0.0902
vn 0.0008 -1.0000 -0.0020
vn -0.0028 -1.0000 0.0005
vn -0.0017 -1.0000 0.0001
vn -0.9920 -0.0623 -0.1099
vn -0.9974 0.0150 0.0710
vn -0.0001 1.0000 -0.0026
vn 0.1217 -0.9912 0.0527
vn 0.6130 -0.7437 0.2666
vn -1.0000 -0.0003 0.0021
vn -1.0000 0.0055 0.0072
vn -0.0067 1.0000 0.0011
vn -0.3245 0.9343 0.1476
vn -0.0071 1.0000 0.0033
vn 0.9988 0.0471 -0.0142
vn 0.0363 -0.9993 0.0113
vn 0.0439 -0.9990 0.0111
vn 0.5104 -0.8599 -0.0032
vn 0.9995 0.0293 -0.0079
vn 0.9998 0.0194 -0.0062
vn 0.0051 1.0000 0.0003
vn -0.2337 0.9723 0.0008
vn 0.7610 0.6156 -0.2045
vn -0.4624 -0.8751 0.1424
vn 0.9938 -0.0727 -0.0840
vn 0.9940 -0.0840 -0.0701
vn 0.9936 -0.0850 -0.0740
vn -0.8379 0.5430 0.0548
vn 0.0355 0.9955 0.0884
vn -0.0003 1.0000 -0.0060
vn 0.9962 0.0156 -0.0856
vn 0.7041 0.7083 0.0495
vn -0.0128 0.9974 0.0710
vn 0.7000 0.7126 0.0476
vn 0.0315 -0.9995 0.0012
vn 0.6362 -0.7715 0.0016
vn 0.9853 -0.1708 0.0011
vn 0.9929 -0.1191 0.0029
vn -0.7586 0.6101 0.2287
vn -0.7819 -0.5752 0.2403
vn 0.0029 -1.0000 0.0006
vn 0.0037 -1.0000 0.0009
vn 0.0017 -1.0000 -0.0002
vn -0.0011 -1.0000 -0.0027
vn -0.0006 0.9989 -0.0462
vn 0.9883 -0.1472 -0.0395
vn -0.8792 -0.4737 0.0513
vn -0.5386 -0.8384 0.0837
vn 0.1091 0.9931 0.0419
vn -0.9960 -0.0865 -0.0214
vn 0.1044 -0.9935 0.0458
vn 0.0026 1.0000 -0.0026
vn 0.0019 1.0000 -0.0054
vn 0.9993 0.0299 -0.0232
vn 0.9986 0.0441 -0.0305
vn 0.9982 0.0542 -0.0258
vn -0.0001 1.0000 0.0004
vn 0.0016 1.0000 0.0003
vn 0.0025 1.0000 -0.0011
vn -0.9969 -0.0768 0.0142
vn -0.0013 0.9976 0.0686
vn 1.0000 -0.0018 0.0093
vn 0.9986 -0.0524 -0.0045
vn 0.9968 -0.0723 0.0335
vn 0.0045 1.0000 0.0011
vn 0.0045 1.0000 0.0013
vn 0.9011 0.4337 0.0035
vn 0.1171 0.9922 0.0432
vn 0.0031 0.9993 0.0372
vn 0.6999 -0.6977 0.1529
vn 0.1159 -0.9922 0.0450
vn -0.9959 -0.0887 0.0198
vn -0.9940 -0.1070 0.0213
vn 0.0004 -1.0000 0.0003
vn -0.9995 0.0038 -0.0311
vn -0.9928 0.0067 -0.1192
vn 0.9997 0.0215 -0.0068
vn -0.0003 -1.0000 -0.0067
vn 0.0056 -0.9915 -0.1301
vn -0.0106 0.9999 0.0020
vn 0.9997 0.0246 -0.0049
vn -0.0011 -1.0000 -0.0026
vn -0.9961 -0.0857 0.0201
vn -0.9712 -0.2335 0.0469
vn -0.9995 -0.0317 0.0038
vn 0.0005 -1.0000 -0.0026
vn 0.0005 -1.0000 -0.0024
vn -0.0831 -0.9960 0.0334
vn -0.0023 -1.0000 0.0003
vn 0.0143 -0.9999 0.0098
vn -0.0181 0.9998 0.0078
vn -0.0004 0.9904 -0.1382
vn -0.0009 0.9999 -0.0100
vn -0.2108 -0.9758 0.0573
vn 0.1307 0.9899 0.0551
vn -0.9994 -0.0350 -0.0022
vn -0.9996 -0.0278 -0.0011
vn -0.9591 -0.2804 0.0378
vn -0.9859 -0.1660 0.0218
vn -0.8363 -0.5444 0.0651
vn 0.7757 0.6309 0.0159
vn 0.0744 -0.9969 0.0272
vn -0.9990 -0.0417 0.0139
vn -0.0158 0.0137 -0.9998
vn -0.0129 0.9002 -0.4353
vn 0.0056 -0.0326 -0.9995
vn 0.0038 -1.0000 0.0031
vn 0.0128 -0.9999 0.0070
vn -0.5388 -0.0782 -0.8388
vn 0.9985 0.0542 0.0038
vn 0.9984 0.0560 -0.0083
vn 1.0000 0.0004 0.0062
vn -0.8917 -0.4485 0.0612
vn -0.6533 -0.7474 0.1211
vn -0.6382 -0.7641 0.0941
vn -0.4794 -0.8724 0.0956
vn 0.5266 -0.8456 0.0874
vn -0.7770 0.5269 0.3444
vn 0.0042 1.0000 0.0008
vn 0.9998 -0.0153 -0.0146
vn -0.2915 0.9566 0.0028
vn -0.9418 0.3362 0.0032
vn 0.9996 -0.0203 -0.0183
vn 0.0005 1.0000 -0.0047
vn 0.9985 0.0542 0.0002
vn 0.9999 0.0124 0.0007
vn 0.9999 0.0107 -0.0020
vn -0.0070 0.9989 0.0462
vn 0.0028 1.0000 -0.0002
vn -0.7447 -0.5989 0.2944
vn -0.1888 -0.9789 0.0782
vn -0.0001 1.0000 0.0007
vn 1.0000 0.0067 -0.0025
vn -0.9998 -0.0152 -0.0106
vn -0.0029 1.0000 -0.0006
vn -0.9986 -0.0497 -0.0155
vn -0.9979 -0.0588 -0.0254
vn 0.8110 -0.5848 0.0157
vn 0.5070 -0.8615 -0.0269
vn 0.9950 -0.1000 -0.0070
vn 0.9913 -0.1317 0.0072
vn 0.6310 -0.7757 -0.0071
vn -0.5933 -0.7583 0.2701
vn -0.9557 -0.1330 0.2624
vn -0.9034 -0.3441 0.2560
vn 0.9986 -0.0414 -0.0341
vn 0.9999 -0.0166 0.0012
vn -0.0681 0.9974 0.0253
vn -0.9988 -0.0470 0.0108
vn 0.0118 0.9999 0.0060
vn 0.0021 -1.0000 0.0004
vn 0.8042 -0.5838 0.1112
vn -0.0029 1.0000 0.0011
vn 0.9999 -0.0107 -0.0053
vn 0.9998 -0.0174 -0.0057
vn -0.9981 -0.0560 0.0239
vn 0.9999 -0.0170 -0.0023
vn 0.6094 0.7512 0.2536
vn 0.8971 0.2122 0.3876
vn 0.5908 -0.7675 0.2488
vn 0.9756 -0.1607 0.1495
vn 0.7746 0.6325 0.0023
vn -0.0013 -1.0000 -0.0006
vn 0.2757 -0.9541 0.1171
vn -0.9996 -0.0262 0.0053
vn 0.9968 0.0792 -0.0044
vn 0.9978 0.0664 -0.0062
vn 0.9987 0.0510 -0.0051
vn 0.9999 -0.0147 -0.0069
vn 0.0030 -1.0000 0.0009
vn -0.4987 -0.8668 -0.0015
vn 0.9995 -0.0300 -0.0076
vn 0.9977 -0.0664 -0.0129
vn -0.3816 -0.9185 0.1040
vn 0.6761 0.6720 0.3021
vn 0.6417 -0.7115 0.2865
vn 0.8920 -0.2254 0.3919
vn 0.0083 1.0000 0.0017
vn -0.5392 0.8421 -0.0104
vn -0.1805 0.9832 0.0263
vn -0.8211 0.5708 0.0014
vn 0.9701 -0.2428 -0.0003
vn 0.9812 -0.1931 -0.0055
vn 0.9992 0.0233 0.0329
vn 1.0000 0.0012 0.0033
vn 0.9992 -0.0351 0.0170
vn 1.0000 0.0017 0.0045
vn 0.9997 -0.0233 -0.0009
vn 0.9991 -0.0427 -0.0059
vn -0.9666 0.2564 -0.0027
vn -0.6803 0.6968 0.2273
vn -0.4638 0.8401 0.2812
vn 0.7029 -0.7113 0.0044
vn 0.6472 -0.7623 -0.0086
vn 0.3493 0.8654 0.3593
vn 0.5381 0.8421 0.0360
vn 0.1414 0.9880 0.0620
vn 0.1298 0.9900 0.0552
vn 0.0107 0.9999 0.0048
vn 0.0007 -0.7619 -0.6477
vn 0.0004 -0.9982 -0.0597
vn 0.9997 0.0218 -0.0052
vn 0.0197 0.9998 0.0022
vn 0.1960 0.9806 0.0055
vn 0.9992 0.0403 -0.0065
vn 0.1462 -0.9872 0.0630
vn -0.8516 -0.4984 0.1621
vn -0.5220 -0.8460 0.1089
vn -0.0030 -1.0000 0.0008
vn -0.9978 -0.0581 0.0321
vn -0.7093 -0.6639 0.2370
vn -0.6531 0.7102 0.2630
vn -0.6186 -0.7446 0.2510
vn -0.0094 -1.0000 0.0015
vn -0.3592 0.9318 0.0520
vn 0.0048 -1.0000 0.0022
vn 0.0056 -1.0000 0.0020
vn 0.0071 -1.0000 0.0024
vn -0.0145 0.9999 -0.0012
vn -0.0065 1.0000 -0.0007
vn -0.0011 1.0000 -0.0017
vn 0.9931 0.1155 0.0204
vn 0.9994 0.0320 0.0147
vn 0.9987 0.0464 0.0198
vn -0.0020 -1.0000 0.0002
vn -0.0020 -1.0000 0.0005
vn -0.2364 -0.9685 0.0781
vn -0.0076 -1.0000 0.0033
vn -1.0000 -0.0085 0.0004
vn -0.9999 -0.0167 -0.0006
vn -0.9998 -0.0216 0.0045
vn -0.9914 -0.1305 0.0045
vn -0.8780 -0.4783 0.0203
vn -0.9984 -0.0563 0.0093
vn -0.0265 0.9975 -0.0650
vn 0.0060 1.0000 -0.0001
vn -0.0025 1.0000 -0.0003
vn 0.6135 0.7673 0.1865
vn 0.7400 0.6611 -0.1243
vn 0.2244 0.9745 -0.0005
vn 0.0049 1.0000 0.0014
vn 0.0130 0.9999 0.0035
vn -0.9951 -0.0965 -0.0234
vn 0.9959 -0.0900 -0.0036
vn 0.9951 -0.0984 -0.0012
vn -0.5965 0.7989 0.0774
vn -0.2853 0.9570 0.0527
vn -0.3183 0.9414 0.1113
vn -0.7176 -0.6228 0.3115
vn -0.1144 -0.9926 0.0403
vn -0.3356 -0.9295 0.1528
vn 0.0028 -0.9993 -0.0375
vn 0.1757 -0.9829 0.0547
vn -0.0028 -1.0000 0.0013
vn 0.2574 0.9663 -0.0042
vn 0.2463 0.9692 0.0043
vn 0.0209 0.9998 -0.0001
vn 0.9999 -0.0148 -0.0041
vn -0.0018 -1.0000 0.0005
vn -0.8115 -0.5784 0.0833
vn -0.1927 -0.9738 0.1210
vn -0.2567 -0.9581 0.1268
vn 0.0368 0.9993 -0.0008
vn -0.0011 -1.0000 -0.0002
vn -0.0007 -1.0000 -0.0005
vn -0.0008 -1.0000 -0.0000
vn 0.9993 0.0367 -0.0012
vn 0.9997 -0.0194 -0.0130
vn 0.9896 -0.1435 -0.0123
vn 0.9938 -0.1110 -0.0049
vn 0.9097 0.4153 -0.0067
vn 0.0004 1.0000 -0.0064
vn -0.1693 -0.9836 0.0621
vn -0.2279 -0.9692 0.0929
vn -0.9995 0.0166 -0.0270
vn 0.9308 0.3654 0.0071
vn 0.0015 1.0000 0.0002
vn -0.0028 -1.0000 0.0001
vn -0.0110 -0.9999 -0.0008
vn 0.0026 -1.0000 -0.0027
vn 0.0022 -0.9994 -0.0340
vn 0.0030 -1.0000 -0.0008
vn -0.9994 -0.0334 -0.0051
vn -0.0054 -1.0000 0.0004
vn -0.0323 -0.9995 0.0003
vn -0.1599 -0.5430 -0.8244
vn -0.1140 -0.9651 -0.2358
vn -0.6114 -0.7902 -0.0424
vn 0.8006 -0.5988 -0.0225
vn 0.5341 -0.8447 -0.0348
vn -0.9982 0.0599 -0.0050
vn 0.0104 0.9992 0.0373
vn -0.6136 0.7889 0.0338
vn -0.9855 -0.1159 0.1242
vn -0.0840 0.9964 0.0072
vn -0.0006 1.0000 -0.0023
vn -0.0007 1.0000 -0.0017
vn 0.5772 -0.5677 -0.5870
vn -0.0036 1.0000 0.0009
vn -0.2329 0.9725 -0.0053
vn -0.1568 0.9876 -0.0048
vn -0.9998 -0.0174 -0.0048
vn -0.0041 1.0000 -0.0002
vn -0.6174 -0.7577 0.2112
vn -1.0000 0.0047 0.0081
vn -0.6918 0.7217 0.0249
vn -0.5322 0.8455 0.0424
vn 0.0007 1.0000 -0.0054
vn 0.0149 0.9999 0.0060
vn 0.9996 0.0298 0.0010
vn 0.9988 0.0481 0.0004
vn 0.9974 -0.0111 -0.0714
vn 0.9998 -0.0159 -0.0081
vn 0.9974 -0.0181 -0.0692
vn -0.0021 -1.0000 0.0005
vn 0.9999 -0.0166 0.0018
vn 0.9999 -0.0138 -0.0002
vn 0.9999 -0.0155 -0.0046
vn 0.0009 1.0000 -0.0011
vn 0.0011 1.0000 -0.0005
vn 0.0009 1.0000 -0.0008
vn -0.0022 -1.0000 0.0007
vn 1.0000 -0.0016 -0.0024
vn 1.0000 -0.0063 -0.0041
vn -0.6071 -0.7657 0.2125
vn 0.7078 -0.6806 0.1892
vn 0.5950 -0.7714 0.2257
vn -0.5663 -0.8242 -0.0083
vn -0.0654 0.9979 0.0025
vn -0.0431 -0.9991 -0.0011
vn 0.9931 -0.1063 -0.0499
vn 0.9926 -0.1205 -0.0162
vn 0.9982 -0.0510 -0.0308
vn -0.0154 0.9999 0.0049
vn -0.0225 0.9997 0.0029
vn -0.9998 -0.0165 0.0106
vn -0.9995 -0.0271 0.0139
vn -0.0029 1.0000 -0.0093
vn -0.9859 -0.1658 0.0207
vn 0.0005 -1.0000 0.0001
vn -0.0053 -1.0000 0.0011
vn 0.9999 0.0098 -0.0120
vn -0.9115 -0.4073 0.0579
vn -0.9220 -0.3843 0.0469
vn -0.6182 -0.7819 0.0810
vn 0.0076 1.0000 0.0030
vn 0.0111 0.9999 0.0033
vn 0.0021 1.0000 0.0004
vn 0.3281 0.9328 0.1490
vn -0.0931 -0.9950 0.0368
vn -0.0010 -1.0000 -0.0009
vn -0.0008 -1.0000 -0.0002
vn 0.9978 -0.0642 0.0184
vn -0.2176 -0.9710 0.0994
vn -0.1904 -0.9601 -0.2046
vn -0.0092 -0.9999 0.0041
vn -0.1989 -0.9768 0.0795
vn 0.1775 0.9804 0.0852
vn -0.3159 0.9487 0.0088
vn 0.8193 0.4601 0.3421
vn -0.9999 -0.0019 0.0101
vn -0.9998 0.0099 0.0155
vn -0.9999 -0.0101 0.0139
vn -0.6160 -0.7692 0.1699
vn -0.9842 -0.1744 0.0308
vn -0.0042 1.0000 0.0007
vn -0.0038 1.0000 0.0002
vn -0.5416 -0.8406 -0.0009
vn 0.9993 0.0377 -0.0029
vn -0.0007 -1.0000 -0.0008
vn -0.0024 -1.0000 -0.0006
vn -0.0038 -1.0000 -0.0020
vn 0.1761 -0.9825 0.0608
vn 0.1038 -0.9939 0.0377
vn 0.6185 -0.7513 0.2302
vn 0.9992 -0.0389 -0.0037
vn 0.9961 -0.0885 0.0012
vn 0.0146 0.9999 0.0002
vn -0.0243 0.9997 0.0004
vn 0.5276 -0.8332 0.1657
vn -0.5872 0.7825 0.2072
vn -0.5021 0.8436 -0.1906
vn 0.9999 -0.0110 0.0017
vn 1.0000 -0.0041 -0.0005
vn 0.9973 -0.0428 -0.0604
vn 0.9998 -0.0125 -0.0160
vn 0.9899 -0.1142 -0.0836
vn 0.9941 -0.0811 -0.0717
vn 0.0054 1.0000 0.0005
vn 0.0013 1.0000 -0.0003
vn 0.0018 1.0000 -0.0023
vn 0.0026 1.0000 -0.0013
vn 0.0010 1.0000 -0.0040
vn -0.2127 0.9771 -0.0083
vn -0.9935 -0.0721 -0.0877
vn -0.9852 -0.0347 -0.1677
vn -0.5429 -0.8331 0.1062
vn 0.2867 -0.9536 0.0926
vn 0.0026 -1.0000 0.0004
vn -0.9996 -0.0263 -0.0034
vn -0.9792 -0.2027 -0.0097
vn -0.9946 -0.1033 -0.0088
vn -0.9967 -0.0813 -0.0033
vn -0.9945 -0.1052 -0.0019
vn 0.1240 0.9903 0.0619
vn -0.7555 -0.5697 0.3235
vn -0.8581 -0.3472 0.3783
vn -0.9722 -0.2231 -0.0709
vn 0.0011 -1.0000 -0.0005
vn -0.8932 -0.2549 0.3705
vn -0.9128 0.3479 0.2141
vn -0.0351 0.9987 0.0378
vn -0.0496 0.3648 -0.9298
vn -0.0009 1.0000 -0.0072
vn 0.0214 0.9998 0.0062
vn 0.0808 0.9963 0.0296
vn 0.0443 0.9989 0.0161
vn -0.8274 -0.4493 0.3368
vn -0.2425 -0.9656 0.0940
vn -0.1423 -0.9884 0.0538
vn 0.1883 -0.9789 0.0798
vn -0.9985 -0.0542 0.0063
vn -0.9987 -0.0498 0.0052
vn -0.6457 -0.7416 0.1821
vn 0.0014 -1.0000 0.0001
vn 0.9995 -0.0328 0.0019
vn 0.7421 -0.6699 -0.0215
vn -0.0248 0.9997 -0.0004
vn 0.0011 -1.0000 -0.0020
vn 0.0010 -1.0000 -0.0023
vn -0.9981 -0.0543 -0.0299
vn -0.9930 -0.1041 -0.0563
vn 0.0022 1.0000 0.0009
vn -0.0011 -1.0000 -0.0015
vn 0.6737 -0.7272 0.1316
vn -0.9962 -0.0854 0.0140
vn -0.9965 -0.0828 -0.0098
vn -0.9985 -0.0547 -0.0006
vn 0.6598 -0.7390 -0.1364
vn 0.0272 -0.9986 -0.0453
vn 0.5328 0.8136 0.2328
vn 0.9987 0.0499 -0.0056
vn 0.9997 0.0258 -0.0042
vn -0.3429 0.9290 0.1389
vn -0.9272 -0.2665 0.2634
vn 0.9982 -0.0593 0.0078
vn 0.1202 -0.9912 0.0551
vn -0.9986 -0.0474 0.0230
vn 0.0008 1.0000 0.0001
vn -0.9895 -0.1066 0.0976
vn -0.9524 -0.2564 0.1652
vn 0.9939 -0.1076 -0.0260
vn 0.0288 -0.9996 -0.0002
vn 0.0039 -1.0000 0.0001
vn 0.2079 0.9744 0.0856
vn 0.8755 0.2958 0.3821
vn 0.8427 0.4059 0.3538
vn -0.0039 0.9960 0.0892
vn 0.8748 0.4801 0.0646
vn -0.4817 0.8746 0.0542
vn -0.5357 0.8432 0.0456
vn 0.5692 0.0454 -0.8209
vn 0.7534 0.1479 -0.6407
vn 0.8419 0.1627 -0.5146
vn 0.9995 0.0305 -0.0076
vn 0.9994 0.0340 -0.0053
vn -0.0229 0.9997 0.0078
vn -0.0250 0.9997 0.0084
vn -0.8838 0.4676 -0.0129
vn 0.9999 0.0107 0.0018
vn -0.0338 -0.9994 0.0007
vn -0.5129 -0.8584 0.0085
vn 1.0000 -0.0038 0.0017
vn 1.0000 -0.0078 -0.0032
vn 0.9999 -0.0115 -0.0026
vn -0.6131 0.7883 0.0519
vn -0.7060 0.7063 0.0523
vn 0.0066 -1.0000 0.0003
vn 0.3804 -0.9126 0.1501
vn -0.9999 -0.0138 0.0022
vn 0.9997 0.0215 -0.0143
vn -0.0064 -1.0000 0.0011
vn -0.0301 -0.9995 0.0006
vn 0.0018 -1.0000 0.0004
vn 0.0022 -1.0000 0.0007
vn 0.9921 -0.1256 -0.0006
vn 0.9881 -0.1520 -0.0230
vn -0.8265 -0.5627 -0.0132
vn -0.9984 -0.0558 0.0076
vn -0.9935 -0.1122 0.0202
vn -0.9779 -0.2066 0.0310
vn -0.9173 -0.3958 0.0443
vn -0.8604 -0.5058 0.0619
vn -0.9999 -0.0058 0.0097
vn -1.0000 -0.0026 0.0088
vn -0.9967 -0.0813 0.0043
vn -0.9893 -0.1456 0.0066
vn -0.5105 -0.8599 -0.0006
vn -0.2801 0.9507 0.1331
vn 0.0054 0.9973 -0.0734
vn 0.0018 1.0000 -0.0054
vn -0.0017 -1.0000 0.0007
vn -0.0530 -0.0314 -0.9981
vn 0.0071 1.0000 0.0025
vn 0.0044 1.0000 0.0023
vn 0.4918 -0.8707 -0.0027
vn 0.0134 -0.9999 0.0028
vn 0.0131 -0.9999 0.0035
vn 0.4081 -0.8968 0.1709
vn 0.3948 -0.9020 0.1746
vn -0.1826 0.9831 0.0123
vn 0.0010 -1.0000 -0.0007
vn 0.0056 1.0000 0.0026
vn -0.9984 -0.0538 0.0180
vn -0.0027 1.0000 -0.0005
vn 0.8148 -0.0169 -0.5794
vn 0.8677 -0.0159 -0.4968
vn 0.9999 0.0143 -0.0030
vn -0.7751 0.6306 0.0382
vn -0.9611 -0.2760 0.0111
vn -0.9995 -0.0234 -0.0217
vn 0.7891 -0.5506 0.2724
vn 0.5143 0.8547 0.0705
vn -0.9931 -0.1151 0.0216
vn 0.0015 1.0000 0.0001
vn 0.0019 1.0000 -0.0003
vn 1.0000 0.0004 -0.0058
vn 0.9959 0.0902 0.0004
vn 0.9987 0.0511 0.0012
vn 0.9988 0.0487 0.0013
vn 0.0016 -0.9986 -0.0527
vn 0.0058 -0.6793 -0.7338
vn 0.9964 -0.0774 -0.0357
vn 0.9997 -0.0193 -0.0115
vn 0.9995 -0.0295 -0.0149
vn 0.9999 -0.0156 -0.0021
vn 0.0029 -1.0000 0.0008
vn -0.0044 1.0000 0.0019
vn -0.0033 1.0000 0.0014
vn 0.9998 -0.0171 -0.0102
vn 0.9986 -0.0529 0.0012
vn 0.2567 -0.9303 0.2622
vn -0.1064 -0.9934 0.0430
vn -0.0540 -0.9983 0.0204
vn -0.8623 0.5064 0.0068
vn 0.0057 1.0000 -0.0023
vn 0.0004 1.0000 -0.0032
vn -0.0039 1.0000 0.0020
vn 0.9990 0.0417 0.0178
vn -0.0010 1.0000 -0.0008
vn -0.0008 1.0000 -0.0011
vn -0.7629 -0.5781 0.2895
vn -0.0024 -1.0000 0.0012
vn 0.6036 0.7961 0.0425
vn 0.0027 -1.0000 0.0013
vn 0.0042 -1.0000 0.0011
vn 0.0322 -0.9994 0.0145
vn 0.9998 0.0196 0.0004
vn 0.9933 -0.1145 -0.0129
vn 0.9902 -0.1381 -0.0215
vn 0.9898 -0.1243 0.0696
vn 0.0031 -1.0000 0.0006
vn -0.9850 -0.1705 0.0248
vn -0.9265 -0.3715 0.0603
vn -0.8731 -0.4838 0.0604
vn -0.8654 -0.4986 0.0494
vn 0.0050 1.0000 0.0021
vn 0.0045 1.0000 0.0023
vn -0.4424 -0.8967 0.0170
vn 0.9811 -0.1932 -0.0115
vn 0.9708 -0.2396 -0.0093
vn -0.5804 0.7714 0.2609
vn -0.9085 -0.1461 0.3916
vn 0.0040 0.9967 -0.0813
vn -0.0114 0.9932 -0.1160
vn -0.0078 1.0000 0.0031
vn 0.6077 -0.7942 -0.0008
vn 0.7100 -0.7042 -0.0001
vn 0.9891 -0.1471 -0.0021
vn 0.0888 -0.9952 0.0413
vn 0.8200 0.5721 0.0180
vn -0.9985 0.0550 0.0049
vn 0.0013 1.0000 -0.0098
vn 0.0032 -1.0000 0.0010
vn -0.9755 -0.2181 0.0283
vn -0.7441 -0.6542 0.1355
vn -0.7114 -0.6897 0.1350
vn -0.9669 -0.2526 0.0360
vn 0.0007 -1.0000 -0.0066
vn 0.0009 -1.0000 -0.0031
vn -0.9999 -0.0106 0.0044
vn -1.0000 -0.0004 0.0060
vn 0.9994 0.0357 -0.0033
vn 0.0009 -1.0000 -0.0007
vn 0.0009 -1.0000 -0.0016
vn 0.0010 1.0000 -0.0026
vn 0.0008 1.0000 -0.0026
vn 0.8394 0.4491 -0.3062
vn 0.6897 0.7037 -0.1703
vn 0.3277 0.9443 -0.0288
vn -0.2461 -0.0456 -0.9682
vn 0.3312 0.5714 -0.7509
vn 0.8128 0.1168 -0.5708
vn 0.9999 -0.0124 -0.0023
vn 0.9553 0.2949 0.0231
vn 0.8563 0.5165 -0.0024
vn -0.9070 0.4209 -0.0119
vn 0.9999 0.0100 -0.0006
vn 1.0000 0.0037 -0.0029
vn -0.9869 0.1477 -0.0646
vn 0.0038 1.0000 0.0012
vn 0.0029 1.0000 0.0012
vn 0.0044 1.0000 0.0013
vn 0.0005 -1.0000 -0.0004
vn 0.0005 -1.0000 -0.0005
vn 1.0000 -0.0006 -0.0019
vn 1.0000 0.0010 -0.0031
vn 1.0000 0.0064 -0.0032
vn 0.0113 0.9999 0.0004
vn 0.0675 -0.9975 0.0185
vn 0.1227 -0.9913 0.0469
vn -0.2110 -0.9718 0.1055
vn 0.2263 0.9693 0.0958
vn -0.9992 -0.0371 -0.0119
vn -0.9998 -0.0161 -0.0116
vn -0.9999 -0.0090 -0.0068
vn 0.1192 0.9920 0.0426
vn 0.0201 0.9997 0.0119
vn 0.0016 1.0000 0.0010
vn -0.7632 -0.6040 -0.2297
vn -0.9884 -0.1519 -0.0045
vn -0.9922 -0.1247 0.0069
vn 0.1750 0.9830 0.0551
vn 0.7940 0.5409 0.2774
vn 0.0062 -1.0000 0.0019
vn -1.0000 0.0056 0.0038
vn 0.9972 -0.0719 0.0216
vn 0.4573 -0.8563 0.2399
vn 0.0057 1.0000 0.0024
vn 0.0067 1.0000 0.0029
vn -0.9788 0.2035 0.0220
vn -0.9946 -0.1038 0.0026
vn 0.0112 0.6544 -0.7560
vn -0.9808 0.1939 0.0232
vn -0.9963 0.0864 0.0036
vn -0.9907 -0.1364 -0.0025
vn -0.2874 0.9560 -0.0597
vn -0.5799 0.7851 -0.2177
vn -0.6017 0.7883 0.1284
vn 0.0024 1.0000 0.0013
vn 0.0031 1.0000 0.0013
vn -0.0019 -1.0000 -0.0002
vn -0.0001 1.0000 -0.0010
vn 0.1530 0.9861 0.0644
vn 0.7464 0.5812 0.3242
vn -0.9985 0.0549 -0.0064
vn -0.9999 -0.0101 -0.0083
vn -0.1825 0.9832 0.0014
vn -0.8978 0.4400 0.0205
vn -0.9988 -0.0461 0.0163
vn 0.9999 -0.0112 0.0002
vn -0.5735 0.7806 0.2486
vn 0.0027 1.0000 0.0014
vn 0.0029 1.0000 0.0013
vn 0.6364 0.7711 0.0201
vn 0.0675 -0.9972 0.0322
vn -0.0006 -1.0000 -0.0023
vn 0.0046 1.0000 0.0016
vn 0.0037 1.0000 0.0006
vn -0.3628 0.9284 0.0805
vn -0.0001 0.9950 0.1002
vn -0.0034 1.0000 0.0017
vn -0.0191 0.9998 -0.0007
vn 1.0000 0.0056 0.0026
vn 0.4968 -0.8511 0.1697
vn 0.0012 -1.0000 -0.0003
vn 0.0043 1.0000 0.0020
vn -0.4820 -0.8761 -0.0098
vn -0.0086 -1.0000 -0.0032
vn -0.0307 -0.9995 0.0013
vn -0.0212 0.9958 0.0892
vn 0.0087 0.9970 0.0766
vn 0.0013 0.9988 0.0493
vn 0.2588 -0.9627 0.0794
vn 1.0000 0.0052 -0.0077
vn 0.9972 -0.0752 -0.0031
vn 0.9975 -0.0489 -0.0505
vn 0.9989 -0.0344 -0.0314
vn 0.9995 -0.0324 -0.0061
vn -0.2052 -0.9748 0.0874
vn -0.0001 -1.0000 0.0011
vn -0.0270 -0.9996 0.0032
vn 0.0130 0.9999 0.0047
vn 0.0839 0.9961 0.0288
vn 0.1190 0.9922 0.0368
vn 0.0002 1.0000 -0.0080
vn -1.0000 -0.0074 0.0008
vn 0.1653 0.9844 0.0600
vn 0.8394 0.4286 0.3343
vn -0.2413 0.9704 0.0124
vn -0.2583 0.9661 0.0057
vn 0.0209 0.0288 -0.9994
vn -0.7854 -0.4994 0.3657
vn -0.1900 -0.9778 0.0881
vn 0.6599 -0.7491 0.0588
vn -0.0004 -1.0000 -0.0005
vn -0.0005 -1.0000 -0.0007
vn -0.0000 -1.0000 -0.0004
vn -0.0071 1.0000 0.0029
vn -0.0055 1.0000 0.0013
vn -0.9997 -0.0015 0.0237
vn -0.9994 -0.0206 0.0295
vn -0.3387 0.9406 0.0222
vn -0.9925 0.0755 0.0959
vn -0.1760 -0.9818 0.0711
vn -0.7250 -0.6120 0.3158
vn -0.0040 1.0000 0.0015
vn -0.0027 1.0000 0.0007
vn 0.0863 -0.9963 0.0016
vn 0.4916 -0.8707 -0.0167
vn 0.9391 -0.2662 -0.2171
vn 0.8631 -0.4708 -0.1830
vn 0.0001 0.9990 -0.0443
vn 0.0003 0.6833 -0.7301
vn 0.0026 1.0000 0.0012
vn -0.9998 -0.0181 0.0060
vn -0.9974 0.0713 0.0065
vn 0.9999 -0.0160 -0.0037
vn -0.9876 -0.1567 -0.0025
vn -0.9999 -0.0133 0.0038
vn -1.0000 -0.0094 0.0003
vn -0.9823 -0.0875 -0.1654
vn -0.9984 -0.0406 -0.0386
vn 0.9999 -0.0126 0.0033
vn 0.0341 -0.9994 0.0004
vn 0.0065 -1.0000 0.0002
vn -0.9996 -0.0015 -0.0285
vn -0.9996 -0.0282 -0.0011
vn -0.0011 -1.0000 -0.0019
vn -0.2296 0.9733 0.0048
vn -0.0050 -1.0000 -0.0020
vn 0.0053 -1.0000 -0.0037
vn -0.0440 -0.9990 -0.0048
vn -0.0096 0.9999 0.0042
vn -0.0074 1.0000 0.0034
vn -0.9997 -0.0240 -0.0040
vn -0.9996 -0.0282 -0.0020
vn 0.7710 -0.6368 -0.0066
vn 0.9994 0.0339 -0.0012
vn 0.9998 0.0214 -0.0009
vn 0.2931 0.9474 0.1288
vn 0.1887 0.9786 0.0826
vn -0.7527 -0.6541 0.0749
vn -0.6157 -0.7844 0.0753
vn -0.5238 -0.8457 0.1027
vn 0.2487 0.9686 -0.0007
vn 0.9988 -0.0135 -0.0478
vn 0.9432 -0.0247 -0.3313
vn 0.0072 1.0000 0.0034
vn 0.7070 -0.7044 -0.0630
vn 0.8085 -0.5876 -0.0318
vn 0.9979 -0.0637 -0.0068
vn 0.0002 1.0000 -0.0065
vn 0.0010 -1.0000 -0.0017
vn 0.0116 0.9999 0.0042
vn -0.1481 -0.9865 0.0699
vn 0.5991 0.7685 0.2246
vn 0.9769 0.1098 -0.1831
vn 0.9717 0.1022 -0.2128
vn 0.9781 0.0156 -0.2073
vn -0.0006 -1.0000 -0.0010
vn 0.0008 -1.0000 -0.0009
vn 0.0006 -1.0000 0.0004
vn -0.0053 -1.0000 0.0006
vn -0.6831 0.6649 0.3020
vn 0.0032 0.9983 0.0590
vn 0.5925 0.8041 0.0483
vn -0.0039 0.9993 0.0367
vn 0.0021 -1.0000 0.0016
vn -0.9972 0.0731 0.0145
vn -0.9989 0.0478 0.0021
vn -0.5359 -0.8314 0.1471
vn 0.4903 -0.8587 0.1492
vn -0.0080 1.0000 0.0015
vn -0.1910 0.9816 -0.0012
vn -0.9996 0.0264 0.0035
vn 0.0030 -1.0000 0.0002
vn 0.9999 0.0101 -0.0023
vn 0.9914 -0.1301 -0.0113
vn 0.9729 -0.2313 -0.0073
vn 0.5603 -0.8283 -0.0014
vn 0.0005 -1.0000 0.0002
vn -0.0261 0.9979 0.0585
vn 0.0010 -1.0000 -0.0005
vn 0.0014 -1.0000 -0.0013
vn 0.0012 -1.0000 -0.0011
vn -0.9956 -0.0928 0.0142
vn -0.9951 -0.0974 0.0153
vn -0.9987 -0.0502 -0.0012
vn -0.9995 -0.0292 0.0076
vn 0.0011 -1.0000 -0.0003
vn -0.8998 0.4329 0.0534
vn -0.0007 -1.0000 0.0002
vn 0.9993 0.0385 0.0015
vn 0.9995 0.0313 0.0015
vn 0.9994 0.0347 0.0002
vn -0.0018 1.0000 -0.0002
vn 0.1528 0.9856 0.0719
vn -0.0008 -0.9989 -0.0476
vn 0.9950 -0.0991 -0.0152
vn -0.0009 -1.0000 0.0002
vn -0.8569 -0.5112 0.0663
vn -0.8702 -0.4913 0.0379
vn 0.9999 -0.0157 0.0010
vn -0.9702 -0.1978 -0.1403
vn 1.0000 0.0073 -0.0028
vn 0.9998 0.0184 -0.0071
vn -0.0677 -0.9974 0.0229
vn -0.0003 1.0000 -0.0014
vn -0.9912 0.1282 -0.0317
vn -0.9978 -0.0633 0.0182
vn -0.9977 -0.0662 0.0134
vn -0.7061 0.6775 0.2061
vn 0.0046 1.0000 -0.0020
vn -0.0008 -1.0000 -0.0012
vn 0.8256 -0.5635 0.0294
vn -0.9877 -0.1410 0.0682
vn 0.0283 -0.9996 -0.0057
vn -0.0041 -1.0000 -0.0060
vn -0.0045 -1.0000 -0.0035
vn -0.9603 -0.2057 -0.1884
vn -0.5889 0.0466 -0.8069
vn 0.0011 -1.0000 -0.0009
vn 0.0024 -1.0000 0.0008
vn 0.0008 1.0000 -0.0029
vn 0.0004 1.0000 -0.0066
vn -0.0000 1.0000 -0.0052
vn -0.0016 -1.0000 -0.0000
vn 0.9711 0.2389 -0.0005
vn 0.2505 0.9681 0.0011
vn -0.4601 0.8707 0.1739
vn -0.0026 1.0000 -0.0016
vn -0.0014 1.0000 -0.0049
vn 0.9985 0.0553 0.0056
vn -0.0052 -1.0000 0.0017
vn -0.0018 -1.0000 0.0001
vn -0.0020 -1.0000 -0.0001
vn -0.1450 -0.9872 0.0669
vn -0.0022 1.0000 -0.0000
vn -0.0015 1.0000 -0.0008
vn -0.0366 0.9992 0.0136
vn -1.0000 -0.0034 0.0036
vn -1.0000 0.0027 0.0048
vn -0.9998 -0.0198 -0.0063
vn 0.0052 1.0000 0.0013
vn -0.9290 0.0184 0.3697
vn -0.5522 0.8043 0.2195
vn -0.0819 0.9956 0.0459
vn 0.0021 -1.0000 0.0017
vn 0.0051 -1.0000 0.0025
vn 0.0036 -1.0000 0.0018
vn 0.2001 -0.9766 0.0787
vn 0.8636 -0.3041 -0.4022
vn 0.7650 0.6114 -0.2022
vn -0.1826 0.9832 -0.0075
vn -0.9998 -0.0195 -0.0038
vn -1.0000 0.0089 0.0030
vn -0.0012 -1.0000 -0.0007
vn -0.7666 -0.6351 0.0949
vn -0.9996 0.0296 -0.0026
vn 0.0053 -0.9991 -0.0422
vn 0.0266 -0.7776 -0.6282
vn -0.0423 -0.9991 -0.0064
vn -0.6268 0.7781 0.0410
vn -0.0092 0.9988 0.0481
vn 0.0579 -0.9983 0.0011
vn 0.0016 -1.0000 -0.0003
vn 0.3759 -0.9076 0.1869
vn 0.0181 0.9977 0.0651
vn 0.5364 0.8415 0.0638
vn -0.4698 -0.8760 0.1094
vn -0.4929 -0.8625 0.1142
vn 0.4063 -0.9077 0.1048
vn 1.0000 0.0043 -0.0022
vn 1.0000 0.0038 -0.0022
vn 1.0000 0.0068 -0.0025
vn 0.9980 -0.0636 -0.0016
vn 0.0010 -1.0000 0.0004
vn 0.0006 -1.0000 -0.0001
vn 0.2849 0.9324 0.2224
vn -0.0178 0.9564 0.2915
vn 0.6779 0.5330 0.5063
vn -0.9993 -0.0379 -0.0066
vn -0.9992 0.0384 -0.0077
vn -1.0000 -0.0038 -0.0040
vn -0.9986 -0.0397 -0.0336
vn -0.9994 -0.0176 -0.0303
vn -0.9985 -0.0527 0.0177
vn -0.9607 -0.2720 0.0551
vn 0.0123 0.9999 0.0063
vn -0.0069 0.9970 0.0770
vn 0.4545 0.8896 0.0451
vn -0.0087 0.9949 0.1008
vn 0.0009 -1.0000 -0.0024
vn -0.9976 -0.0643 0.0239
vn -0.0003 -1.0000 -0.0049
vn -0.0013 -0.9974 -0.0726
vn -1.0000 -0.0069 0.0059
vn 0.9995 -0.0284 -0.0115
vn -0.7300 0.6153 0.2977
vn 1.0000 -0.0061 -0.0043
vn -0.4322 -0.8828 0.1840
vn -0.9960 0.0880 0.0123
vn 0.0726 -0.9973 -0.0094
vn 0.3202 -0.9453 -0.0621
vn -0.0050 -1.0000 -0.0000
vn 0.9999 -0.0041 -0.0141
vn 0.9895 -0.1444 -0.0057
vn 0.9788 -0.2039 -0.0184
vn 0.7639 0.5301 0.3681
vn -0.5215 0.8316 0.1912
vn -0.7793 -0.5390 0.3197
vn 0.0063 1.0000 0.0015
vn 0.0138 0.9999 0.0059
vn 0.0067 1.0000 0.0024
vn 0.0012 -1.0000 -0.0005
vn 0.0012 1.0000 0.0004
vn 0.0025 1.0000 -0.0013
vn 0.0021 1.0000 -0.0025
vn 0.5040 -0.8637 0.0015
vn 0.9838 -0.1789 0.0116
vn -0.0023 1.0000 -0.0016
vn 0.9482 -0.3174 -0.0099
vn -0.9990 0.0439 -0.0057
vn -0.9471 -0.2098 0.2427
vn -0.0054 1.0000 0.0018
vn 0.9971 -0.0720 0.0254
vn -0.0004 1.0000 0.0006
vn -0.1135 0.9935 0.0064
vn -0.7933 -0.6022 0.0900
vn -0.7599 0.5619 0.3268
vn -0.8987 -0.1379 0.4163
vn 0.1265 -0.9907 0.0502
vn 0.9198 -0.3920 -0.0167
vn 0.8573 0.5117 -0.0565
vn -0.0012 -1.0000 -0.0010
vn 0.6727 0.7386 0.0444
vn 0.3798 0.9232 0.0585
vn 0.9957 0.0920 0.0055
vn 0.8990 0.4375 0.0204
vn -0.8989 -0.0621 0.4337
vn -0.4359 -0.8690 0.2342
vn 0.9994 -0.0329 0.0069
vn 0.8841 -0.4665 0.0269
vn 0.0296 0.9995 0.0129
vn 0.0699 -0.9975 0.0054
vn -0.0051 0.6513 -0.7588
vn -0.0959 0.9926 -0.0746
vn -0.0348 0.5606 -0.8274
vn -0.0022 -1.0000 0.0006
vn -0.9996 -0.0261 -0.0060
vn -0.9997 -0.0231 -0.0058
vn -0.8001 0.5979 0.0488
vn -0.4920 0.8660 0.0893
vn 0.0388 0.9954 0.0874
vn 0.9989 0.0472 -0.0055
vn 0.7431 -0.6564 0.1305
vn 0.9977 -0.0560 -0.0384
vn -0.9991 -0.0325 -0.0260
vn 0.7895 0.6116 0.0510
vn 0.0041 1.0000 0.0013
vn 0.8535 0.5204 0.0285
vn 0.0016 1.0000 0.0006
vn 0.0060 -1.0000 0.0022
vn -0.9913 -0.1316 -0.0029
vn 0.9964 -0.0721 -0.0451
vn 0.8999 0.4356 -0.0202
vn -0.9997 -0.0216 0.0086
vn -0.9994 -0.0328 0.0092
vn 0.9999 0.0153 -0.0018
vn 0.9998 0.0211 -0.0038
vn -1.0000 0.0012 0.0034
vn 0.0010 -1.0000 -0.0015
vn -0.5565 -0.8048 0.2064
vn -0.9703 -0.2420 -0.0006
vn 0.9812 -0.1930 -0.0032
vn -0.3330 -0.9352 0.1207
vn -0.0515 -0.9986 0.0108
vn -0.0020 -1.0000 -0.0015
vn 0.9875 -0.1570 -0.0101
vn -0.0012 -1.0000 0.0004
vn 0.9973 0.0733 -0.0020
vn 0.9996 0.0286 -0.0036
vn 0.9993 0.0368 -0.0057
vn -0.0019 -1.0000 0.0005
vn 0.9995 -0.0027 -0.0316
vn -0.8905 0.2901 0.3506
vn 0.0019 1.0000 0.0008
vn -0.9274 -0.3702 0.0542
vn -0.0227 -0.0843 -0.9962
vn 0.9985 -0.0069 -0.0541
vn 0.0153 0.9998 0.0081
vn 0.0012 1.0000 0.0037
vn 0.0107 0.9987 0.0499
vn -0.0348 -0.9994 0.0008
vn 1.0000 -0.0018 -0.0016
vn 0.6598 0.6926 0.2915
vn 0.0113 0.9999 0.0025
vn -0.4061 -0.0427 -0.9128
vn 0.9875 0.1566 0.0172
vn -0.9991 -0.0407 -0.0143
vn -0.9997 -0.0146 -0.0191
vn 0.9999 -0.0150 -0.0080
vn 0.9998 -0.0204 -0.0083
vn 0.0066 1.0000 -0.0026
vn 0.0186 0.9998 -0.0017
vn -0.0186 0.9998 -0.0019
vn 0.7839 0.6208 0.0114
vn 0.9999 0.0088 0.0059
vn -0.9997 -0.0239 0.0095
vn -0.0042 1.0000 0.0010
vn -0.8287 0.4866 0.2765
vn -0.6901 -0.6890 0.2215
vn -0.9992 0.0391 -0.0064
vn -0.4147 0.8949 0.1650
vn -0.0181 0.9998 0.0080
vn -0.9224 0.3861 -0.0082
vn -0.0004 -1.0000 -0.0027
vn -0.0001 -0.9968 -0.0800
vn -0.0000 -0.9983 -0.0577
vn 0.9914 0.1305 0.0024
vn -0.0012 1.0000 -0.0016
vn 0.9993 0.0324 -0.0197
vn 0.9999 -0.0040 -0.0095
vn -0.0032 -0.5672 -0.8235
vn 0.0010 1.0000 -0.0002
vn 0.0016 -1.0000 0.0004
vn 0.9985 0.0539 -0.0024
vn 0.9986 0.0533 -0.0015
vn -0.4954 0.0053 -0.8687
vn -0.2081 -0.0326 -0.9776
vn 0.0053 1.0000 0.0018
vn 0.6478 0.7258 0.2317
vn -0.9983 -0.0578 0.0113
vn -0.9985 -0.0534 0.0087
vn -0.9962 -0.0870 0.0057
vn -0.0013 1.0000 0.0010
vn -0.0005 1.0000 0.0007
vn 0.9027 0.4303 -0.0023
vn 0.2094 0.9778 -0.0002
vn -0.0033 1.0000 -0.0002
vn 0.2452 0.9668 0.0716
vn 0.3662 0.9299 0.0361
vn 0.6198 0.7847 0.0107
vn -0.9998 -0.0168 0.0117
vn 1.0000 0.0095 -0.0008
vn 1.0000 0.0044 -0.0014
vn -0.0018 1.0000 -0.0006
vn -0.8003 -0.5898 0.1077
vn -0.4907 -0.8558 0.1638
vn 0.9999 0.0089 -0.0116
vn 0.0004 -0.7888 -0.6147
vn -0.9958 -0.0878 -0.0255
vn -0.9144 -0.4046 0.0094
vn -0.0030 -1.0000 0.0011
vn 0.9964 0.0847 0.0018
vn -0.9997 -0.0249 -0.0041
vn 0.0072 -1.0000 0.0005
vn 0.9998 0.0190 -0.0089
vn -0.0014 -1.0000 0.0004
vn 0.9990 -0.0167 -0.0424
vn -0.7997 -0.5846 0.1366
vn -0.9984 -0.0538 0.0177
vn 0.7023 -0.6392 0.3134
vn -0.9832 -0.1747 0.0524
vn -0.5185 -0.8208 0.2395
vn 0.0015 -1.0000 -0.0000
vn 0.0958 -0.9943 0.0462
vn -0.0007 1.0000 0.0001
vn 0.9788 -0.2016 -0.0358
vn 0.0664 0.9972 0.0352
vn 0.9998 0.0161 -0.0089
vn -0.9709 -0.2355 0.0439
vn -0.9305 -0.3580 0.0779
vn 0.0018 1.0000 -0.0000
vn -0.0049 -1.0000 -0.0004
vn -0.0230 -0.9997 -0.0012
vn 0.9590 -0.2834 0.0065
vn 0.5613 0.8273 0.0221
vn 0.0714 -0.9974 0.0043
vn 0.0055 -1.0000 0.0022
vn -0.0026 -1.0000 0.0009
vn -0.6406 -0.7673 -0.0302
vn 0.9999 0.0097 -0.0037
vn 0.8451 0.2295 -0.4828
vn -0.1890 -0.8757 -0.4443
vn 0.2347 0.9041 0.3570
vn 0.7436 -0.6685 -0.0107
vn -0.9424 0.0208 0.3339
vn -0.1115 0.9930 0.0377
vn 0.9165 0.0421 -0.3979
vn 0.3557 0.0133 -0.9345
vn -0.4620 -0.8650 0.1959
vn 0.9978 0.0659 -0.0049
vn 1.0000 0.0037 0.0059
vn 0.6870 -0.6836 0.2465
vn 0.6034 -0.7965 0.0392
vn -0.4942 -0.8641 0.0953
vn 0.6163 -0.7837 0.0775
vn 0.0023 -1.0000 -0.0009
vn -0.9264 -0.3721 0.0572
vn -0.9815 -0.1913 0.0023
vn 0.9947 0.1021 -0.0084
vn 0.9313 0.3635 0.0213
vn 0.9994 0.0340 -0.0111
vn -0.9956 -0.0869 0.0356
vn -0.7532 0.6567 0.0369
vn -0.6748 0.7198 0.1632
vn 0.0848 -0.9954 0.0455
vn 0.2790 -0.9528 0.1200
vn -0.0813 0.9966 -0.0115
vn -0.1223 0.9924 0.0093
vn -0.9998 -0.0181 -0.0097
vn -0.9998 -0.0125 -0.0149
vn -0.9998 -0.0159 -0.0100
vn -0.9999 0.0127 0.0086
vn -0.9997 -0.0230 -0.0091
vn 0.0552 -0.9982 0.0232
vn 0.0574 -0.9982 0.0179
vn -0.0026 -1.0000 0.0003
vn 0.0002 -0.9977 -0.0677
vn 0.0017 -0.9978 -0.0656
vn 1.0000 0.0027 -0.0054
vn 0.9999 0.0102 -0.0011
vn -0.9997 -0.0234 0.0121
vn -0.9994 -0.0311 0.0142
vn -0.0015 -1.0000 -0.0027
vn -0.9342 -0.3568 -0.0034
vn -0.9863 -0.1644 0.0124
vn 0.5577 0.8293 0.0354
vn 0.1913 0.9814 0.0159
vn -0.0005 1.0000 0.0006
vn 0.0009 1.0000 -0.0000
vn -0.2109 -0.9731 0.0930
vn -0.0125 -0.9999 0.0067
vn -0.0010 -1.0000 -0.0014
vn -0.0009 -1.0000 -0.0018
vn -0.0011 -1.0000 -0.0022
vn 0.7803 -0.6253 -0.0040
vn 0.9939 -0.1105 -0.0056
vn 0.9985 0.0544 -0.0004
vn 0.0009 1.0000 -0.0012
vn 0.0011 1.0000 -0.0003
vn 0.9999 0.0120 -0.0045
vn -0.9833 -0.1822 0.0045
vn -0.9999 0.0126 0.0036
vn 0.9999 -0.0124 0.0004
vn -0.0011 -1.0000 -0.0009
vn 0.1075 -0.9928 0.0524
vn 0.1631 -0.9845 0.0646
vn -0.9698 -0.2437 0.0004
vn 0.9773 -0.2100 -0.0287
vn -1.0000 -0.0069 0.0027
vn 0.9988 -0.0472 -0.0147
vn -0.9996 -0.0293 0.0053
vn -0.9999 -0.0114 0.0018
vn 0.9999 0.0159 -0.0044
vn 0.9998 0.0194 -0.0041
vn -0.9998 -0.0205 -0.0064
vn -0.4044 -0.0066 -0.9145
vn -0.9996 -0.0211 0.0177
vn 0.0038 -1.0000 0.0011
vn 0.9552 -0.2957 -0.0142
vn 0.0033 -1.0000 0.0010
vn -0.5471 -0.8370 0.0030
vn -0.9542 -0.2992 0.0036
vn -0.4428 -0.8966 -0.0070
vn -0.8791 -0.3388 0.3354
vn -0.7880 0.5312 0.3114
vn -0.8701 -0.3197 0.3750
vn -0.9996 -0.0278 0.0045
vn 0.9997 -0.0149 -0.0182
vn 0.0017 -1.0000 0.0004
vn 0.0012 1.0000 -0.0003
vn -0.9974 0.0677 -0.0249
vn -0.0014 -1.0000 -0.0002
vn 1.0000 0.0022 -0.0067
vn -0.0231 0.9957 -0.0895
vn -0.0329 0.7993 -0.6000
vn -0.0956 -0.9949 0.0315
vn -0.0036 -1.0000 0.0003
vn -0.6254 -0.7326 0.2686
vn -0.0168 -0.9998 0.0069
vn 0.1224 0.9909 0.0566
vn 0.1326 0.9895 0.0570
vn 0.0053 1.0000 0.0016
vn -0.5549 -0.8315 -0.0279
vn -0.3339 0.9388 0.0849
vn -0.9998 -0.0195 -0.0051
vn -0.0016 -1.0000 -0.0007
vn 0.0013 -1.0000 -0.0004
vn -0.0056 1.0000 0.0019
vn -0.0060 1.0000 0.0023
vn 0.9999 -0.0071 -0.0147
vn 0.9806 0.1220 -0.1534
vn 0.6519 0.7575 0.0352
vn 0.6392 0.7685 0.0307
vn 0.0025 1.0000 0.0013
vn 0.0128 0.9999 0.0023
vn 0.9996 0.0292 -0.0001
vn 0.7258 -0.6414 0.2488
vn 0.8475 0.4241 0.3192
vn 0.0009 -1.0000 -0.0001
vn -0.9532 0.2993 0.0428
vn -0.9912 0.1292 0.0291
vn 0.9991 0.0388 -0.0164
vn -0.1682 0.9857 -0.0043
vn 1.0000 -0.0077 -0.0055
vn 1.0000 -0.0038 -0.0076
vn 0.0015 1.0000 -0.0001
vn 0.0023 1.0000 0.0002
vn -0.9306 0.3307 0.1567
vn 0.0166 0.9998 0.0055
vn 0.9997 -0.0248 -0.0037
vn 0.6786 -0.7289 -0.0902
vn -0.0255 0.8716 -0.4896
vn 0.0022 0.9968 -0.0794
vn -0.9992 -0.0393 0.0039
vn 0.9998 0.0205 -0.0027
vn 1.0000 0.0018 -0.0025
vn 0.6509 0.7563 0.0656
vn 0.5642 0.8234 0.0614
vn 0.7348 -0.6311 0.2485
vn 0.6713 0.7019 0.2381
vn -0.0012 -1.0000 0.0003
vn -0.9947 0.1022 -0.0080
vn -0.5966 -0.7620 0.2519
vn 0.9984 -0.0536 -0.0179
vn 0.9807 -0.1952 -0.0110
vn -0.6121 -0.7908 0.0031
vn -0.0113 0.9999 0.0042
vn -0.0297 0.9963 0.0812
vn -0.0136 0.9955 0.0937
vn -0.0012 1.0000 0.0006
vn 0.0275 -0.9996 -0.0006
vn 0.0005 -1.0000 -0.0006
vn -0.0017 1.0000 0.0003
vn 0.0002 0.9994 -0.0352
vn -0.9993 -0.0348 0.0144
vn 0.9047 0.1778 0.3872
vn -0.0113 0.9999 0.0013
vn -0.0171 0.9999 0.0012
vn -0.0017 -1.0000 0.0005
vn -0.0014 -1.0000 0.0003
vn -0.0082 1.0000 0.0045
vn -0.0096 0.9999 0.0040
vn 0.0266 -0.9996 -0.0019
vn 0.0413 -0.9991 -0.0031
vn -0.0003 -1.0000 -0.0022
vn 0.9562 -0.2920 -0.0215
vn 0.9895 -0.1443 -0.0021
vn 0.8700 -0.4931 -0.0083
vn 0.9998 0.0177 -0.0051
vn 1.0000 0.0024 -0.0034
vn -0.9470 -0.3157 0.0584
vn -0.9889 -0.1441 0.0364
vn 0.9896 -0.1437 -0.0037
vn 0.8600 -0.3063 0.4082
vn 0.0639 0.9966 0.0519
vn 0.9982 0.0601 -0.0031
vn -0.9804 -0.1818 0.0765
vn -0.0004 1.0000 -0.0038
vn 0.0016 -1.0000 -0.0000
vn 0.0011 -1.0000 -0.0002
vn 0.5271 0.7949 0.3004
vn -0.0203 0.9998 0.0007
vn -0.0042 1.0000 0.0005
vn -0.0047 1.0000 0.0005
vn -0.9978 -0.0598 -0.0293
vn -0.9994 -0.0351 -0.0028
vn -0.0018 -1.0000 -0.0002
vn -0.0013 -1.0000 -0.0007
vn -0.0016 -1.0000 -0.0005
vn 0.0059 -0.7521 -0.6590
vn 0.9998 -0.0180 0.0042
vn 0.9997 -0.0225 -0.0017
vn 0.8529 0.5196 0.0505
vn -0.9995 -0.0309 0.0106
vn -0.0010 -1.0000 -0.0013
vn -0.0012 -1.0000 -0.0001
vn 0.0074 1.0000 0.0021
vn -0.0272 0.9996 0.0092
vn -0.0103 0.9999 0.0042
vn -0.9984 0.0565 -0.0010
vn -1.0000 -0.0037 0.0022
vn -0.8009 -0.5438 0.2506
vn -0.4687 -0.8359 0.2857
vn -0.0296 0.9995 0.0107
vn 0.9989 -0.0478 -0.0039
vn -0.1750 -0.9827 0.0604
vn -0.8816 -0.4676 0.0649
vn -0.0209 0.9998 0.0023
vn 0.0285 0.9996 -0.0008
vn -0.0074 1.0000 0.0007
vn -0.0105 0.9999 -0.0007
vn 0.9998 0.0187 -0.0060
vn 0.9999 0.0106 -0.0065
vn 0.0016 -1.0000 -0.0004
vn -0.9315 -0.3447 0.1159
vn 0.9444 -0.3287 -0.0088
vn -0.0015 -1.0000 -0.0011
vn -0.9958 -0.0860 0.0300
vn -0.9991 -0.0399 0.0120
vn -0.9089 -0.4085 0.0837
vn -0.8953 -0.4453 0.0070
vn -0.6199 -0.7588 0.1999
vn 0.9899 -0.0867 -0.1123
vn 0.9878 -0.1059 -0.1143
vn 0.9856 -0.0736 -0.1523
vn -0.9993 0.0264 -0.0262
vn -0.0030 -1.0000 0.0007
vn -0.0025 -1.0000 0.0007
vn 0.9412 0.3379 -0.0058
vn 0.3572 -0.9243 0.1345
vn -0.0052 0.9966 0.0827
vn -0.4235 -0.9059 -0.0086
vn 0.0378 0.8242 -0.5650
vn -0.0119 0.9908 -0.1351
vn 1.0000 0.0016 -0.0007
vn 1.0000 -0.0056 0.0054
vn -0.0000 1.0000 -0.0048
vn 0.0019 1.0000 -0.0055
vn -0.5668 -0.7782 0.2705
vn 0.0164 0.9980 0.0608
vn -0.0441 0.9974 0.0568
vn -0.9169 -0.2760 0.2882
vn 0.9958 0.0913 0.0013
vn -0.9742 -0.2219 0.0400
vn -0.9809 -0.1772 -0.0809
vn -0.0607 0.9980 0.0194
vn 0.6957 -0.7172 -0.0395
vn 0.9853 -0.1708 -0.0053
vn -0.0044 1.0000 0.0009
vn 0.9961 -0.0881 -0.0092
vn -0.2093 0.9778 0.0046
vn 0.0007 -1.0000 -0.0002
vn 0.0012 -1.0000 -0.0004
vn 0.9927 -0.1206 -0.0047
vn -0.8440 0.4186 0.3354
vn 0.0035 0.9977 0.0680
vn -0.0073 0.9988 0.0475
vn 0.9227 -0.3841 -0.0322
vn 0.9419 -0.3345 -0.0307
vn 0.2522 0.9677 -0.0035
vn 0.0046 -1.0000 0.0017
vn 0.9997 0.0224 -0.0052
vn 0.0901 -0.9956 0.0254
vn 1.0000 -0.0033 0.0052
vn 0.7358 -0.6770 -0.0145
vn 0.7962 -0.6004 -0.0751
vn -0.9995 -0.0294 0.0132
vn -0.4606 0.8613 0.2144
vn -0.7697 0.5514 0.3218
vn -0.3054 0.9410 0.1457
vn -0.6716 -0.7248 0.1535
vn -0.9980 0.0628 0.0086
vn -0.9967 0.0792 0.0160
vn -0.0011 1.0000 -0.0003
vn -0.0010 1.0000 -0.0007
vn 0.0033 1.0000 0.0005
vn -0.9997 0.0204 0.0110
vn -0.0552 0.9983 0.0200
vn -0.0002 1.0000 0.0004
vn 0.0011 1.0000 -0.0006
vn 0.1053 -0.9936 0.0407
vn -0.0170 0.9999 0.0034
vn -0.0046 1.0000 0.0020
vn 0.4882 0.8716 0.0448
vn -0.9995 -0.0317 0.0097
vn -0.7249 0.6886 0.0179
vn 0.6969 -0.5921 0.4048
vn 0.7458 0.4688 0.4732
vn 0.9999 -0.0159 -0.0025
vn 1.0000 -0.0085 -0.0049
vn -0.9885 -0.1497 0.0214
vn 0.0039 -1.0000 0.0028
vn 0.6727 -0.6641 0.3262
vn 0.0001 0.9991 -0.0425
vn -0.9831 0.0757 -0.1666
vn -0.6105 0.7819 -0.1262
vn -0.0006 -1.0000 0.0012
vn 0.9993 0.0321 -0.0188
vn 0.9999 0.0089 0.0103
vn -0.0025 -1.0000 0.0003
vn -0.0019 -1.0000 -0.0001
vn -0.4670 -0.8582 0.2131
vn -0.5739 -0.7834 0.2386
vn 0.0029 -1.0000 -0.0032
vn 0.0015 -1.0000 0.0015
vn 0.0437 -0.9988 0.0216
vn 0.5831 0.8121 0.0211
vn 0.9966 0.0821 -0.0084
vn -0.0074 -1.0000 0.0051
vn -0.0294 0.9995 0.0112
vn 0.0009 -1.0000 0.0001
vn 0.0013 -1.0000 0.0003
vn -0.9968 -0.0699 0.0375
vn -0.9906 -0.1358 0.0137
vn -0.9343 0.3560 0.0155
vn 0.8447 0.4143 0.3390
vn 0.9310 -0.1042 0.3499
vn -0.0017 -1.0000 -0.0002
vn -0.1752 0.9844 0.0180
vn 0.7141 -0.6999 0.0117
vn 0.0371 -0.9993 -0.0001
vn -0.8300 0.5575 0.0140
vn 0.9999 0.0099 -0.0014
vn -0.0015 -1.0000 -0.0007
vn -0.0068 0.9982 0.0603
vn -0.6614 -0.7086 0.2460
vn 0.9977 -0.0678 0.0039
vn -0.9064 -0.2466 -0.3429
vn -0.5581 0.7840 -0.2719
vn 0.0037 1.0000 0.0007
vn -0.9362 -0.3455 0.0653
vn 0.5512 0.8339 0.0275
vn -0.0200 0.9871 -0.1586
vn 0.0030 -1.0000 -0.0055
vn -0.9924 -0.1228 -0.0078
vn -0.9888 -0.1493 -0.0011
vn -0.7337 -0.6795 -0.0010
vn -0.0011 -1.0000 -0.0029
vn 0.0024 -1.0000 0.0006
vn -0.0098 0.9999 0.0043
vn 0.0217 0.9998 0.0028
vn 0.0108 0.9999 0.0017
vn 0.0415 0.9991 -0.0005
vn 0.9999 0.0096 -0.0052
vn -0.2090 -0.9752 0.0732
vn -0.4505 -0.8840 0.1247
vn 0.8984 -0.4296 0.0911
vn -0.9984 0.0551 -0.0108
vn 0.9684 0.2495 0.0029
vn -0.5842 -0.8075 0.0813
vn 0.2926 0.9562 0.0011
vn 0.9768 0.2133 0.0181
vn 0.9993 0.0357 0.0084
vn 0.9990 -0.0436 0.0057
vn -0.9810 0.1933 0.0146
vn -0.8785 0.3929 0.2719
vn -0.4963 -0.8569 0.1395
vn -0.0066 -1.0000 -0.0012
vn -0.0072 -1.0000 -0.0012
vn -0.0077 -1.0000 -0.0010
vn -0.0249 0.9981 0.0561
vn -0.9996 -0.0170 -0.0216
vn 0.9987 0.0503 -0.0023
vn 0.9992 0.0357 -0.0153
vn -0.0005 -1.0000 -0.0006
vn 0.0030 -1.0000 0.0012
vn -0.4769 -0.8732 0.1006
vn 0.4509 -0.8831 0.1300
vn -0.0123 0.9999 0.0016
vn -0.8321 0.5545 0.0044
vn -0.8330 0.5533 0.0024
vn -0.7566 0.6491 0.0789
vn -0.6483 0.7610 0.0242
vn 1.0000 -0.0070 -0.0054
vn -0.0008 -1.0000 0.0002
vn -0.0049 -1.0000 0.0033
vn 0.0840 -0.9957 0.0395
vn 0.5611 -0.7983 0.2185
vn 0.0029 -1.0000 -0.0006
vn -0.1034 -0.9940 0.0366
vn -0.8082 -0.5182 0.2799
vn -0.9989 0.0468 0.0100
vn -0.9999 -0.0112 -0.0014
vn 0.9953 0.0166 -0.0955
vn 0.6662 -0.6644 -0.3388
vn -0.9994 0.0314 0.0110
vn -0.9989 0.0454 -0.0109
vn -0.0089 0.6716 -0.7408
vn 0.4695 -0.8825 -0.0279
vn -0.0044 1.0000 0.0017
vn -0.0036 1.0000 0.0015
vn -0.9767 -0.2136 0.0221
vn -0.9926 -0.1203 0.0182
vn -0.0089 1.0000 0.0038
vn -0.0080 1.0000 0.0034
vn 0.3650 -0.9229 0.1225
vn -0.0012 -1.0000 -0.0020
vn 0.0006 -0.9975 -0.0709
vn 0.8232 0.5659 0.0458
vn 0.9999 -0.0005 0.0109
vn 0.0133 0.9999 0.0056
vn 0.0069 -1.0000 0.0008
vn 0.4648 -0.8619 0.2027
vn 0.0026 -1.0000 -0.0004
vn 0.9704 0.2411 -0.0105
vn -0.0013 -1.0000 0.0012
vn -0.9999 -0.0055 0.0113
vn 0.0122 0.9999 0.0053
vn 0.9900 -0.1399 -0.0153
vn -0.3520 -0.9260 0.1366
vn 0.0066 1.0000 -0.0002
vn 0.0028 1.0000 0.0006
vn -0.9891 -0.1365 -0.0546
vn -0.9923 -0.1136 -0.0498
vn -0.9979 -0.0466 -0.0451
vn -0.9974 -0.0484 -0.0540
vn 0.9999 -0.0139 -0.0052
vn 0.9999 -0.0142 0.0016
vn 0.0039 1.0000 0.0015
vn 0.0510 0.9985 0.0199
vn -0.9996 -0.0292 -0.0044
vn 0.0035 0.9999 -0.0136
vn 0.0194 0.9998 0.0072
vn -0.5154 0.8240 0.2355
vn -0.7383 0.5963 0.3152
vn 0.7465 -0.6647 -0.0298
vn 1.0000 0.0015 -0.0023
vn -0.9992 -0.0408 0.0056
vn 0.0037 -1.0000 0.0018
vn 0.7202 -0.6937 0.0041
vn -0.8011 0.5842 -0.1306
vn -0.7339 0.6761 0.0656
vn -0.0004 -1.0000 -0.0030
vn -0.5376 -0.8388 0.0856
vn -0.0953 -0.9952 0.0243
vn 1.0000 -0.0098 0.0018
vn 0.9462 -0.3235 0.0014
vn 0.9324 -0.3614 0.0067
vn 0.9976 -0.0659 -0.0199
vn 0.9985 -0.0527 -0.0158
vn 0.7320 -0.6793 0.0520
vn 0.9998 -0.0175 -0.0063
vn 0.9999 -0.0166 -0.0016
vn -0.9660 -0.0620 -0.2510
vn 0.9827 -0.1835 0.0250
vn 0.9904 -0.1378 0.0052
vn -0.0119 0.9971 0.0756
vn 0.0108 0.9974 0.0712
vn 0.4029 0.9126 0.0695
vn 0.9901 -0.1403 -0.0047
vn 0.9985 -0.0540 -0.0021
vn 0.0013 -1.0000 -0.0011
vn 0.0008 1.0000 -0.0048
vn 0.0005 1.0000 -0.0070
vn 0.0206 0.9998 -0.0003
vn 0.0013 -1.0000 0.0001
vn -0.9875 -0.1563 0.0179
vn -0.7269 0.6788 0.1042
vn -0.0086 0.9994 0.0350
vn -0.8709 0.4891 0.0482
vn -0.9660 -0.2570 0.0301
vn -0.9642 -0.2650 -0.0054
vn -0.9823 -0.1770 0.0616
vn -0.6707 -0.6887 0.2752
vn 0.1771 0.9841 0.0114
vn 0.0933 -0.9951 0.0328
vn -0.9851 -0.1616 -0.0581
vn -0.9996 -0.0088 -0.0267
vn -0.9988 -0.0378 -0.0307
vn -0.0009 -1.0000 -0.0003
vn -0.0012 -1.0000 -0.0009
vn 0.8964 0.2446 0.3697
vn 0.5657 -0.7871 0.2457
vn -0.0013 -1.0000 -0.0003
vn 0.0006 -1.0000 -0.0027
vn -0.9995 -0.0285 0.0142
vn -0.0011 -1.0000 -0.0025
vn -0.0012 -1.0000 -0.0021
vn 0.0004 -1.0000 -0.0048
vn -0.0170 0.9998 -0.0066
vn 0.8203 0.4688 0.3277
vn 0.9252 0.0732 -0.3723
vn -0.8125 0.4578 0.3610
vn 0.9937 0.1115 -0.0101
vn -0.7785 -0.5665 0.2700
vn -0.7173 -0.6122 0.3327
vn -0.9989 -0.0444 0.0149
vn 0.2475 0.9689 0.0053
vn 0.0205 0.9998 0.0026
vn 0.2460 0.9693 -0.0028
vn 0.9511 -0.3089 -0.0035
vn 0.0020 -1.0000 0.0006
vn -0.1680 0.9858 0.0006
vn 0.0014 -1.0000 -0.0002
vn -0.0287 0.3199 -0.9470
vn -0.5726 0.7840 -0.2396
vn -0.4984 -0.8669 0.0028
vn -0.0022 1.0000 -0.0007
vn -0.0030 1.0000 0.0013
vn 0.5617 -0.8064 0.1849
vn 0.9988 -0.0494 0.0070
vn 0.0045 -1.0000 0.0018
vn 0.1099 -0.9930 0.0434
vn 0.9995 0.0302 -0.0022
vn -0.0006 -1.0000 -0.0014
vn -0.0007 -1.0000 -0.0001
vn 0.0012 1.0000 -0.0011
vn 0.0015 1.0000 -0.0004
vn -0.8577 -0.2983 0.4188
vn 0.0065 1.0000 0.0025
vn -0.9996 -0.0286 -0.0051
vn 0.0372 -0.9849 0.1688
vn 0.0961 0.9948 0.0328
vn 0.0111 0.9999 0.0030
vn -0.5090 -0.8608 -0.0040
vn -0.0710 0.9973 -0.0211
vn -0.9366 0.3504 0.0065
vn -0.7528 -0.5801 0.3111
vn -0.2512 -0.9676 -0.0267
vn 0.0005 -1.0000 -0.0046
vn 0.0253 0.9996 0.0157
vn 0.1086 0.9921 0.0630
vn -0.9976 -0.0675 0.0164
vn 0.1685 0.9857 0.0041
vn -0.0014 -1.0000 -0.0006
vn 0.0013 1.0000 -0.0000
vn 0.0012 1.0000 -0.0005
vn -0.8133 0.5705 0.1142
vn -0.5119 -0.8509 0.1181
vn 0.0016 -1.0000 -0.0005
vn 0.0016 -1.0000 -0.0002
vn -0.9930 -0.1178 0.0025
vn -0.9999 0.0156 0.0015
vn -0.0721 -0.9970 0.0286
vn 0.1946 -0.9751 0.1065
vn 0.4195 0.9076 -0.0149
vn 0.0914 -0.9853 0.1441
vn -0.7588 -0.6485 0.0607
vn 0.1377 -0.9893 0.0484
vn 0.7808 -0.5401 0.3141
vn -0.9999 0.0015 -0.0106
vn -0.0047 1.0000 0.0012
vn -0.0027 1.0000 0.0010
vn -0.0034 1.0000 0.0019
vn -0.0714 0.9969 0.0343
vn 0.9985 0.0540 0.0030
vn 0.6612 -0.7502 -0.0042
vn 0.0562 -0.9984 0.0006
vn -0.9961 -0.0868 0.0129
vn -0.9577 -0.2823 0.0550
vn -0.9907 -0.1349 0.0177
vn -0.9938 -0.1094 0.0193
vn -0.8353 -0.5365 0.1201
vn -0.0604 0.9978 0.0256
vn -0.9835 -0.1803 -0.0145
vn -0.0039 1.0000 0.0010
vn 0.9960 -0.0688 -0.0579
vn 0.6604 0.6812 0.3160
vn 0.5631 -0.7702 0.2995
vn -0.8171 -0.4755 0.3260
vn -0.0777 -0.6735 -0.7351
vn 0.7086 0.7050 0.0296
vn -0.9937 -0.1107 0.0157
vn -0.9430 -0.3288 0.0522
vn -1.0000 -0.0086 0.0010
vn 0.9679 -0.2503 0.0207
vn -0.0010 -1.0000 -0.0003
vn -0.9829 -0.1827 0.0223
vn -0.4625 -0.8679 0.1811
vn -0.0134 0.9968 0.0788
vn 0.7781 0.6270 0.0390
vn -0.0297 0.9996 0.0005
vn -0.4922 -0.8556 0.1604
vn -0.7457 -0.6547 0.1235
vn 0.2055 -0.9763 -0.0677
vn -0.9993 -0.0325 0.0173
vn 0.9728 -0.2308 0.0196
vn -0.5021 -0.1214 -0.8562
vn -0.9948 -0.0991 0.0235
vn -0.9956 -0.0929 -0.0113
vn -0.0002 1.0000 -0.0073
vn -0.0240 0.9997 -0.0014
vn 0.9990 -0.0443 0.0049
vn 0.9922 -0.1247 -0.0045
vn 0.8390 0.4552 0.2981
vn 0.7049 -0.7090 -0.0222
vn -0.6519 0.7260 -0.2187
vn -0.6936 0.6367 0.3368
vn 0.0028 -1.0000 0.0003
vn -0.4181 -0.9084 0.0037
vn -0.0052 -1.0000 -0.0000
vn -0.0044 -1.0000 0.0007
vn -0.9988 0.0479 0.0026
vn -0.0017 1.0000 0.0007
vn -0.9996 -0.0277 -0.0038
vn -0.9997 -0.0224 -0.0039
vn -0.0013 -1.0000 -0.0002
vn -0.9287 -0.3668 0.0553
vn 0.0042 1.0000 0.0015
vn -0.9999 0.0014 -0.0137
vn 0.9268 -0.3752 -0.0150
vn -0.0216 -0.9998 0.0048
vn 0.9994 -0.0338 0.0009
vn -0.9992 -0.0382 0.0109
vn 0.9998 0.0198 -0.0005
vn 0.8933 -0.2104 0.3971
vn 0.0032 0.9950 -0.0997
vn -0.9672 -0.2500 0.0444
vn 0.9996 0.0261 0.0094
vn -0.9981 -0.0595 0.0152
vn 0.9872 -0.1591 0.0087
vn 0.0042 1.0000 0.0014
vn -0.9996 -0.0259 -0.0085
vn -1.0000 0.0036 0.0045
vn -0.1800 -0.9813 0.0679
vn 0.0019 -1.0000 0.0005
vn 0.0020 -1.0000 0.0004
vn 1.0000 0.0015 -0.0070
vn 0.9974 -0.0539 -0.0476
vn 0.7410 -0.6249 0.2456
vn -0.5834 0.7645 -0.2742
vn -0.9989 -0.0447 0.0106
vn 0.0011 -0.5466 -0.8374
vn 0.0027 1.0000 -0.0001
vn 0.9996 0.0265 0.0088
vn 0.1231 0.9912 0.0496
vn 0.0132 0.9999 0.0007
vn 0.0012 -1.0000 -0.0010
vn 1.0000 -0.0049 0.0049
vn -0.0025 -1.0000 0.0008
vn 0.9998 0.0174 -0.0062
vn -0.0017 -1.0000 -0.0003
vn 0.0002 0.9996 -0.0271
vn 0.0003 0.9991 -0.0423
vn 0.0003 0.7636 -0.6457
vn 0.5912 0.8043 0.0595
vn 0.0009 0.6712 -0.7413
vn 0.0017 -1.0000 0.0002
vn -0.6790 -0.7336 -0.0299
vn 0.9999 -0.0088 0.0099
vn -0.0009 -1.0000 -0.0005
vn -0.0007 -1.0000 -0.0013
vn 0.0018 -1.0000 -0.0011
vn -0.9938 -0.1115 0.0013
vn 0.9771 -0.2082 -0.0430
vn 0.0054 1.0000 0.0020
vn 0.2630 0.9643 0.0308
vn 0.2015 0.9794 0.0157
vn 0.0642 0.9979 0.0036
vn -0.0635 -0.9979 0.0150
vn -0.9996 -0.0202 0.0205
vn -0.0086 1.0000 -0.0011
vn -0.5281 0.8070 0.2645
vn 0.0012 -1.0000 -0.0009
vn 0.0011 -1.0000 -0.0015
vn 0.0001 0.9994 0.0335
vn 0.1629 -0.9837 0.0765
vn 0.2838 -0.9512 0.1209
vn -0.5668 0.8194 0.0857
vn -0.7700 -0.6277 0.1145
vn 0.0013 -0.6821 -0.7313
vn 0.6614 0.7257 0.1892
vn 0.0276 -0.9996 0.0002
vn 0.9999 -0.0013 -0.0162
vn 0.9998 0.0215 -0.0025
vn -0.9979 -0.0614 0.0188
vn -0.0079 1.0000 0.0002
vn -0.0060 1.0000 0.0012
vn 0.9911 -0.1221 -0.0538
vn -0.0012 -1.0000 -0.0008
vn 0.0027 -1.0000 0.0009
vn 0.1331 0.9892 0.0611
vn -0.9543 -0.0843 -0.2867
vn -0.7642 -0.0895 -0.6387
vn 0.9991 -0.0424 -0.0092
vn 0.0329 0.9954 0.0897
vn -0.0704 0.9970 0.0313
vn 0.8220 0.5692 0.0186
vn 0.8548 0.5159 0.0563
vn 0.9995 0.0303 0.0007
vn -0.0013 -1.0000 -0.0017
vn 0.0032 -1.0000 -0.0055
vn 0.9973 0.0732 -0.0016
vn -0.9903 -0.1340 0.0358
vn -0.0007 -1.0000 -0.0029
vn -0.0115 0.9999 0.0062
vn -0.9988 -0.0447 -0.0210
vn -0.9975 -0.0640 -0.0309
vn -0.9954 -0.0950 -0.0105
vn -0.5624 0.8249 0.0567
vn 0.8734 -0.0048 -0.4869
vn -0.5146 -0.0598 -0.8554
vn 0.8208 0.5703 -0.0332
vn -0.6690 -0.7433 -0.0059
vn -0.9422 0.1674 0.2902
vn 0.9992 -0.0381 -0.0071
vn -0.9998 0.0203 -0.0042
vn 0.0165 0.9999 0.0018
vn 0.0031 -1.0000 0.0003
vn 0.0491 -0.9980 -0.0396
vn 0.0130 0.9999 0.0048
vn 0.2295 0.9688 0.0935
vn 0.0023 -1.0000 0.0005
vn -0.0055 1.0000 0.0025
vn 0.0025 -1.0000 0.0007
vn -0.0021 1.0000 0.0003
vn 0.0013 -1.0000 -0.0003
vn -0.2301 -0.9708 0.0681
vn 0.0906 0.9950 0.0415
vn 0.7687 0.5455 0.3339
vn 0.9999 -0.0125 0.0013
vn 0.9037 -0.0116 -0.4280
vn 0.0147 0.9994 0.0299
vn -0.9985 0.0446 0.0324
vn 0.3474 0.9368 0.0421
vn 0.0022 -1.0000 0.0003
vn 0.0020 -1.0000 0.0001
vn 0.9994 -0.0339 0.0016
vn -0.1025 0.9944 0.0260
vn -0.9538 -0.2863 0.0914
vn 0.0015 -1.0000 0.0001
vn -0.0013 -1.0000 -0.0010
vn -0.3184 -0.8559 0.4075
vn -0.6847 0.3313 0.6492
vn -0.0014 -1.0000 -0.0007
vn 0.9923 -0.1177 -0.0392
vn -0.0012 -1.0000 -0.0012
vn 0.0041 1.0000 0.0019
vn 0.9962 -0.0661 -0.0565
vn 0.6505 0.7364 0.1856
vn 0.1683 0.9857 0.0098
vn 0.9958 0.0070 -0.0914
vn -0.0013 -1.0000 -0.0013
vn 0.0019 -1.0000 0.0008
vn -0.8642 -0.5018 0.0379
vn -0.9997 -0.0207 0.0146
vn 0.1688 0.9843 0.0525
vn -0.5500 0.8349 -0.0197
vn -0.9998 -0.0201 -0.0047
vn 0.9852 -0.1716 0.0028
vn 0.6208 -0.7340 0.2756
vn -0.0011 -1.0000 0.0002
vn 0.0052 -1.0000 0.0019
vn -0.8178 -0.5604 0.1307
vn -0.9993 -0.0331 0.0166
vn -0.9058 0.3105 0.2883
vn 0.9967 -0.0732 -0.0350
vn 0.0021 -1.0000 -0.0005
vn 0.0002 1.0000 -0.0074
vn -0.9916 -0.1280 0.0172
vn -0.0036 1.0000 -0.0008
vn 0.3125 -0.9386 0.1462
vn 0.9035 0.1637 0.3961
vn -0.6893 0.7221 0.0583
vn -0.4037 0.9123 0.0683
vn -0.9961 0.0884 -0.0034
vn -0.0020 -1.0000 0.0003
vn -0.8108 -0.5722 0.1233
vn -0.9995 -0.0269 0.0161
vn -0.9995 -0.0312 0.0105
vn 0.9995 -0.0274 -0.0170
vn 0.2785 -0.9532 0.1176
vn -0.9989 -0.0441 0.0169
vn 0.4165 -0.9055 0.0811
vn 0.2129 0.9731 0.0877
vn -0.0001 -1.0000 0.0001
vn 0.0027 -1.0000 -0.0002
vn -0.0652 0.9964 0.0534
vn 0.3518 0.9341 0.0608
vn 0.9510 -0.3092 0.0039
vn 0.8262 0.5621 0.0364
vn 0.9995 0.0307 0.0026
vn 0.9241 0.1946 0.3290
vn 0.5929 -0.7693 0.2381
vn 0.6411 -0.7339 0.2244
vn 0.9994 0.0344 0.0036
vn -0.9969 -0.0764 0.0162
vn 0.9999 -0.0159 -0.0000
vn 0.8005 0.5993 -0.0039
vn 0.9998 -0.0181 -0.0055
vn -0.4396 0.8960 0.0633
vn 0.6595 -0.0929 -0.7459
vn 0.0014 -1.0000 -0.0017
vn 0.2424 0.9654 0.0965
vn -0.5997 -0.7523 0.2728
vn -0.0759 -0.9963 0.0415
vn 0.9333 -0.3138 -0.1747
vn -0.0015 -1.0000 -0.0006
vn 0.0006 -1.0000 -0.0037
vn 0.8312 0.4354 0.3457
vn 0.9983 0.0578 0.0019
vn 0.9993 0.0379 0.0057
vn -0.0026 -1.0000 0.0008
vn 0.0061 1.0000 0.0025
vn 0.0039 1.0000 0.0003
vn -0.0308 0.9994 0.0152
vn -0.0053 1.0000 0.0008
vn -0.0022 -1.0000 0.0001
vn 0.0183 -0.7940 -0.6077
vn 0.1236 -0.9909 0.0531
vn 0.9992 -0.0385 0.0136
vn -0.0192 0.9998 0.0004
vn -0.0783 -0.9966 0.0275
vn -0.6915 0.7205 0.0514
vn -0.9892 0.1464 -0.0040
vn -0.7613 0.6464 0.0500
vn -0.5617 0.8227 0.0875
vn 0.9981 0.0621 0.0042
vn 0.9998 0.0177 0.0019
vn 0.0036 1.0000 0.0003
vn -0.8646 0.4359 0.2498
vn -0.6190 -0.7455 0.2470
vn -0.0016 -1.0000 0.0009
vn -0.0014 -1.0000 0.0014
vn -0.0009 -1.0000 0.0013
vn 0.8444 0.4472 0.2951
vn 0.0010 0.7679 -0.6405
vn -0.0001 0.9995 -0.0306
vn 0.0344 -0.9994 0.0002
vn -0.1755 0.9809 0.0838
vn 0.9974 -0.0130 -0.0715
vn -0.4991 0.8655 0.0420
vn 0.1654 0.9862 -0.0027
vn -0.9999 -0.0004 0.0119
vn -0.6494 -0.7538 0.0999
vn -0.3557 -0.9267 0.1212
vn 0.8773 0.4799 0.0058
vn 0.0064 -0.9960 -0.0892
vn -0.9987 -0.0507 0.0044
vn 0.0012 -1.0000 0.0001
vn 0.0009 -1.0000 -0.0000
vn -0.0125 0.9999 0.0006
vn -0.7190 0.6926 0.0582
vn -0.9266 0.3749 0.0294
vn -0.9996 0.0272 -0.0032
vn -0.0773 -0.9964 0.0348
vn -0.0254 -0.9997 -0.0009
vn -0.3280 0.9391 0.1030
vn 0.9025 0.4285 0.0443
vn -0.0007 -1.0000 -0.0030
vn 0.0010 -1.0000 -0.0002
vn 0.0013 -1.0000 -0.0001
vn 0.9389 -0.3442 -0.0066
vn 0.0017 -1.0000 0.0001
vn -0.9489 -0.3156 0.0038
vn -0.8725 0.4883 0.0188
vn -0.9995 -0.0038 -0.0318
vn -0.0023 -1.0000 0.0006
vn 0.0123 0.9983 0.0571
vn -0.0009 -1.0000 -0.0012
vn 0.0018 -1.0000 0.0002
vn 0.0414 -0.9990 0.0192
vn 0.9937 -0.0933 -0.0622
vn -0.8540 -0.5170 0.0583
vn 0.0017 -1.0000 0.0005
vn -0.9920 -0.1245 0.0196
vn -0.0052 1.0000 0.0017
vn -0.9937 0.1079 0.0295
vn 0.4040 0.9143 0.0287
vn -0.0346 -0.9994 -0.0031
vn 0.9756 -0.2194 0.0039
vn 0.9966 -0.0829 -0.0002
vn 0.5401 -0.8376 0.0824
vn -0.9852 -0.1631 0.0533
vn 0.0034 -1.0000 0.0002
vn 0.0004 -1.0000 0.0006
vn 1.0000 0.0045 -0.0040
vn 0.9998 0.0180 -0.0050
vn 0.5065 0.8617 0.0315
vn -0.9972 -0.0738 -0.0088
vn -0.0038 -1.0000 0.0014
vn -0.0081 1.0000 0.0024
vn -0.0080 -1.0000 -0.0036
vn -0.9996 -0.0294 0.0058
vn -0.9628 -0.2682 0.0314
vn 0.9957 -0.0785 -0.0486
vn 1.0000 0.0032 -0.0021
vn 0.9902 -0.1395 0.0012
vn -0.0009 -1.0000 -0.0004
vn -0.0012 -1.0000 -0.0002
vn 0.9368 -0.1217 0.3281
vn 0.0336 -0.9994 -0.0006
vn -0.0006 -1.0000 -0.0005
vn 0.9966 0.0816 0.0109
vn 0.5390 0.8386 0.0794
vn -0.9672 -0.2515 0.0348
vn 0.9720 -0.2345 -0.0132
vn -0.0094 0.9999 0.0042
vn 0.0052 1.0000 0.0011
vn 0.3515 0.8697 -0.3466
vn 0.7420 0.3610 -0.5649
vn 0.9992 -0.0380 0.0108
vn 0.9778 -0.2089 -0.0152
vn 0.9967 -0.0802 -0.0120
vn 0.9999 0.0054 0.0143
vn -0.9961 -0.0877 0.0131
vn -0.4587 0.8859 0.0696
vn -0.9470 0.3195 0.0330
vn -0.7937 0.6081 0.0159
vn 0.0003 1.0000 -0.0076
vn 0.0015 -1.0000 -0.0007
vn 0.0646 -0.9978 0.0130
vn 0.0015 -1.0000 -0.0019
vn 0.0133 0.9999 -0.0001
vn -0.9999 0.0019 0.0108
vn 0.0014 1.0000 0.0001
vn 0.8750 -0.4539 0.1682
vn -0.0000 1.0000 -0.0051
vn -0.9859 -0.1674 -0.0068
vn 0.0006 -1.0000 -0.0011
vn 0.0011 1.0000 0.0001
vn 0.0016 1.0000 0.0001
vn 0.0013 1.0000 0.0005
vn 0.9997 0.0151 -0.0181
vn 0.0013 -1.0000 -0.0016
vn -0.8497 -0.3457 0.3982
vn 0.9999 -0.0047 -0.0142
vn -0.0022 1.0000 0.0003
vn -0.0014 -1.0000 -0.0001
vn 0.5971 -0.7583 0.2617
vn 0.0016 -1.0000 0.0001
vn -0.6554 0.7539 0.0461
vn 0.0021 -1.0000 0.0005
vn 0.0019 -1.0000 0.0002
vn 0.0010 1.0000 -0.0010
vn -0.0015 -1.0000 -0.0008
vn 0.9151 0.1886 0.3565
vn 0.7052 0.6354 0.3147
vn 0.0135 -0.9999 0.0034
vn 0.5535 -0.8147 0.1729
vn -0.9995 -0.0273 0.0143
vn 0.9999 0.0096 -0.0031
vn 0.9998 -0.0223 0.0010
vn -0.4878 -0.8673 0.0992
vn -0.0503 0.7014 -0.7110
vn -0.2521 -0.9629 0.0967
vn 0.0015 -1.0000 -0.0003
vn 0.0066 -1.0000 0.0007
vn 0.0012 -1.0000 -0.0023
vn -0.9963 -0.0853 0.0096
vn 0.9999 0.0105 -0.0007
vn 0.0023 -1.0000 0.0004
vn -0.0010 -1.0000 -0.0010
vn 0.9968 -0.0802 0.0031
vn -0.0014 -1.0000 -0.0005
vn -0.9992 0.0407 -0.0066
vn 0.9945 -0.1028 0.0213
vn -0.0015 -1.0000 -0.0001
vn 0.0022 -1.0000 0.0008
vn 0.2089 0.9732 0.0961
vn -0.9988 0.0485 0.0004
vn 0.9997 -0.0233 -0.0059
vn -0.3667 -0.0282 -0.9299
vn -0.0008 -1.0000 0.0004
vn -0.0049 1.0000 0.0025
vn -0.0012 -1.0000 0.0005
vn 0.0225 -0.9997 0.0038
vn 0.9999 -0.0163 -0.0053
vn 0.0018 -1.0000 0.0001
vn 1.0000 0.0053 -0.0040
vn -0.9998 -0.0136 -0.0160
vn 0.0019 -1.0000 -0.0005
vn 0.9883 -0.1245 -0.0885
vn -0.9998 -0.0185 -0.0054
vn 0.0011 -1.0000 -0.0013
vn 0.0011 -1.0000 -0.0010
vn -0.5153 -0.8352 -0.1919
vn -0.0013 -1.0000 -0.0004
vn 0.1916 0.0477 -0.9803
vn -0.0006 -1.0000 -0.0007
vn -0.0016 1.0000 -0.0000
vn -0.9959 -0.0840 0.0322
vn -0.0457 0.9934 0.1052
vn -0.9336 0.3583 0.0062
vn 0.8391 0.5423 0.0427
vn -0.0013 -1.0000 -0.0001
vn -0.0018 -1.0000 0.0002
vn -0.0008 -1.0000 -0.0004
vn 0.2212 -0.9688 0.1123
vn -0.0012 -1.0000 -0.0013
vn -0.0052 1.0000 -0.0041
vn 0.0032 -1.0000 0.0012
vn 0.0011 0.9999 -0.0110
vn -0.0011 -1.0000 0.0004
vn -0.0005 -1.0000 -0.0027
vn -0.0028 1.0000 0.0010
vn -0.0037 1.0000 0.0014
vn -0.0028 1.0000 0.0011
vn 0.9850 -0.1721 0.0093
vn 0.0010 1.0000 -0.0013
vn 0.9997 -0.0249 -0.0088
vn -0.0027 -1.0000 0.0008
vn 0.0041 1.0000 0.0003
vn -0.0021 -1.0000 -0.0002
vn -0.0021 1.0000 0.0009
vn 0.9198 0.0424 -0.3900
vn 0.9973 0.0734 0.0047
vn 0.1978 0.9767 0.0833
vn -0.0017 -1.0000 0.0004
vn -0.0014 -1.0000 0.0005
vn 0.0152 0.9999 0.0034
vn -0.8882 0.2016 0.4129
vn -0.9543 -0.2987 0.0085
vn 0.0025 -1.0000 0.0006
vn -0.9495 -0.3120 0.0335
vn -0.7778 -0.6186 0.1111
vn 0.9999 0.0153 0.0016
vn -0.9367 -0.3475 0.0416
vn 0.9974 -0.0712 0.0060
vn -0.8504 -0.1861 -0.4920
vn 0.0128 0.9999 0.0037
vn 0.9997 -0.0225 -0.0060
vn -0.9502 0.3110 0.0201
vn -0.0011 -1.0000 -0.0013
vn -0.0903 -0.9956 0.0256
vn -0.8037 0.5937 0.0386
vn 0.9154 -0.0827 0.3939
vn -0.0022 1.0000 0.0004
vn -0.0019 -1.0000 -0.0004
vn -0.0023 -1.0000 -0.0000
vn 0.0013 -1.0000 -0.0008
vn 0.9779 -0.2058 -0.0362
vn 0.0054 -1.0000 -0.0003
vn -0.0021 -1.0000 0.0001
vn 0.0020 -1.0000 0.0002
vn 0.0079 1.0000 0.0028
vn 0.0013 -1.0000 -0.0007
vn -0.0007 -1.0000 -0.0004
vn 0.0013 1.0000 -0.0001
vn 0.0059 1.0000 0.0023
vn -0.8206 -0.5713 0.0172
vn 0.0019 -1.0000 0.0003
vn 0.0015 -1.0000 -0.0020
vn -0.9989 0.0476 0.0008
vn 0.1430 0.9890 0.0376
vn -0.7645 -0.6187 0.1810
vn -0.0009 -1.0000 -0.0000
vn -0.0008 -1.0000 0.0003
vn 0.1549 0.9870 0.0422
vn 0.9900 -0.1397 0.0189
vn 0.0012 -1.0000 -0.0020
vn -0.1273 -0.9902 0.0568
vn -0.9996 0.0215 -0.0208
vn 0.0015 -1.0000 0.0003
vn -0.0006 -1.0000 -0.0004
vn -0.0015 -1.0000 -0.0005
vn 0.0356 0.9994 0.0056
vn 0.0008 -1.0000 -0.0001
vn 0.0101 0.9999 0.0030
vn -0.9900 -0.1408 0.0036
vn -0.5108 -0.8595 0.0206
vn -0.7146 0.6476 0.2645
vn -0.0019 -1.0000 0.0002
vn 0.0016 1.0000 0.0002
vn 0.0009 -1.0000 -0.0009
vn -0.0010 -1.0000 -0.0004
vn 0.0113 0.9968 0.0786
vn -0.0149 0.9969 0.0774
vn -0.0857 0.9945 0.0596
vn -0.0007 1.0000 -0.0014
vn -0.0008 -1.0000 0.0001
vn -0.0105 0.9999 0.0036
vn 0.0014 -1.0000 -0.0019
vn 0.0012 -1.0000 -0.0017
vn 0.0005 -1.0000 -0.0020
vn -0.0002 -1.0000 -0.0001
vn 0.0006 -1.0000 -0.0020
vn 0.0008 -1.0000 -0.0017
vn 0.0009 -1.0000 -0.0014
vn -0.0010 -1.0000 -0.0020
vn 0.0015 -1.0000 -0.0004
vn 0.0010 -1.0000 -0.0006
vn -0.0021 1.0000 0.0006
vn 0.0017 -1.0000 -0.0005
vn -0.9973 -0.0726 -0.0102
vn 0.0012 1.0000 -0.0004
vn -0.0013 -1.0000 0.0002
vn 0.0009 -1.0000 -0.0018
vn -0.0009 -1.0000 -0.0014
vn -0.0081 -1.0000 -0.0016
vn -0.0016 1.0000 0.0004
vn -0.0013 1.0000 0.0002
vn -0.0018 -1.0000 -0.0003
vn 0.0018 1.0000 0.0004
vn -0.0010 -1.0000 -0.0026
vn 0.0010 -1.0000 -0.0008
vn 0.0014 -1.0000 -0.0000
vn -0.0009 -1.0000 0.0004
vn -0.0021 -1.0000 -0.0000
vn -0.0011 -1.0000 0.0003
vn -0.0010 -1.0000 -0.0005
vn -0.0008 -1.0000 -0.0013
vn 0.0011 -1.0000 -0.0004
vn -0.0015 -1.0000 0.0004
vn -0.0022 -1.0000 0.0005
vn -0.9999 -0.0103 0.0112
vn 0.0015 -1.0000 0.0002
vn -0.0028 -1.0000 0.0010
vn -0.0019 -1.0000 0.0006
vn 0.0017 -1.0000 -0.0004
vn -0.0027 -1.0000 0.0011
vn 0.0019 -1.0000 -0.0003
vn -0.0015 -1.0000 0.0003
vn -0.0006 -1.0000 0.0001
vn 0.0014 1.0000 0.0005
vn 0.0018 -1.0000 0.0003
vn -0.0013 -1.0000 -0.0009
vn 0.0010 -1.0000 -0.0010
vn 0.0010 -1.0000 -0.0014
vn -0.0008 -1.0000 -0.0008
vn -0.0013 -1.0000 -0.0019
vn -0.0011 -1.0000 -0.0021
s 1
f 1//1 2//2 3//3
f 4//4 5//5 6//6
f 3//3 7//7 1//1
f 8//8 9//9 10//10
f 11//11 12//12 13//13
f 14//14 15//15 16//16
f 17//17 18//18 19//19
f 9//9 20//20 21//21
f 22//22 23//23 13//13
f 16//16 11//11 8//8
f 24//24 8//8 25//25
f 26//26 27//27 28//28
f 29//29 30//30 31//31
f 32//32 24//24 25//25
f 33//33 34//34 35//35
f 36//36 37//37 38//38
f 39//39 40//40 41//41
f 42//42 43//43 44//44
f 43//43 41//41 45//45
f 46//46 47//47 48//48
f 25//25 49//49 50//50
f 51//51 52//52 46//46
f 3//3 53//53 51//51
f 4//4 6//6 51//51
f 54//54 7//7 6//6
f 7//7 54//54 55//55
f 41//41 56//56 45//45
f 57//57 58//58 40//40
f 39//39 18//18 57//57
f 38//38 17//17 59//59
f 37//37 28//28 60//60
f 38//38 59//59 36//36
f 19//19 39//39 42//42
f 18//18 39//39 19//19
f 27//27 61//61 28//28
f 5//5 56//56 6//6
f 62//62 37//37 36//36
f 59//59 44//44 63//63
f 59//59 63//63 36//36
f 61//61 27//27 35//35
f 10//10 64//64 49//49
f 50//50 34//34 65//65
f 60//60 28//28 50//50
f 63//63 62//62 36//36
f 30//30 29//29 66//66
f 67//67 65//65 33//33
f 50//50 28//28 61//61
f 66//66 29//29 64//64
f 60//60 29//29 31//31
f 25//25 65//65 67//67
f 13//13 23//23 20//20
f 68//68 69//69 70//70
f 71//71 23//23 72//72
f 69//69 20//20 70//70
f 69//69 21//21 20//20
f 49//49 8//8 10//10
f 71//71 73//73 70//70
f 50//50 29//29 60//60
f 70//70 73//73 68//68
f 12//12 22//22 13//13
f 12//12 15//15 74//74
f 9//9 8//8 11//11
f 25//25 67//67 32//32
f 34//34 33//33 65//65
f 34//34 50//50 61//61
f 65//65 25//25 50//50
f 34//34 61//61 35//35
f 62//62 26//26 37//37
f 38//38 75//75 76//76
f 30//30 75//75 31//31
f 42//42 39//39 41//41
f 42//42 44//44 59//59
f 41//41 43//43 42//42
f 28//28 37//37 26//26
f 17//17 76//76 18//18
f 42//42 59//59 19//19
f 39//39 57//57 40//40
f 56//56 41//41 40//40
f 7//7 51//51 6//6
f 1//1 77//77 78//78
f 56//56 5//5 45//45
f 77//77 1//1 55//55
f 40//40 58//58 54//54
f 53//53 52//52 51//51
f 56//56 40//40 54//54
f 78//78 2//2 1//1
f 51//51 48//48 4//4
f 1//1 7//7 55//55
f 9//9 11//11 13//13
f 14//14 16//16 24//24
f 23//23 22//22 72//72
f 23//23 70//70 20//20
f 22//22 12//12 74//74
f 8//8 49//49 25//25
f 16//16 12//12 11//11
f 20//20 9//9 13//13
f 16//16 8//8 24//24
f 31//31 38//38 60//60
f 29//29 50//50 49//49
f 38//38 37//37 60//60
f 75//75 38//38 31//31
f 17//17 19//19 59//59
f 38//38 76//76 17//17
f 54//54 6//6 56//56
f 55//55 54//54 58//58
f 51//51 46//46 48//48
f 53//53 3//3 2//2
f 74//74 72//72 22//22
f 15//15 12//12 16//16
f 23//23 71//71 70//70
f 3//3 51//51 7//7
f 49//49 64//64 29//29
f 79//79 80//80 81//81
f 82//82 83//83 81//81
f 84//84 80//80 79//79
f 83//83 85//85 86//86
f 87//87 79//79 81//81
f 86//86 87//87 83//83
f 82//82 81//81 88//88
f 89//89 84//84 79//79
f 81//81 80//80 88//88
f 84//84 90//90 80//80
f 87//87 81//81 83//83
f 85//85 91//91 86//86
f 92//92 93//93 94//94
f 95//95 93//93 92//92
f 95//95 92//92 96//96
f 97//97 98//98 99//99
f 100//100 101//101 102//102
f 103//103 104//104 105//105
f 103//103 106//106 107//107
f 108//108 102//102 109//109
f 110//110 111//111 112//112
f 108//108 113//113 112//112
f 104//104 100//100 102//102
f 108//108 104//104 102//102
f 114//114 115//115 116//116
f 117//117 98//98 118//118
f 115//115 114//114 98//98
f 109//109 102//102 101//101
f 101//101 100//100 107//107
f 104//104 103//103 100//100
f 110//110 112//112 113//113
f 111//111 110//110 114//114
f 101//101 107//107 119//119
f 108//108 109//109 113//113
f 115//115 98//98 117//117
f 111//111 114//114 116//116
f 107//107 100//100 103//103
f 119//119 107//107 106//106
f 99//99 98//98 114//114
f 114//114 110//110 99//99
f 120//120 121//121 122//122
f 123//123 121//121 120//120
f 122//122 121//121 124//124
f 120//120 125//125 123//123
f 124//124 126//126 122//122
f 127//127 128//128 129//129
f 130//130 128//128 127//127
f 131//131 132//132 133//133
f 134//134 135//135 136//136
f 137//137 138//138 139//139
f 140//140 141//141 142//142
f 143//143 144//144 142//142
f 143//143 142//142 145//145
f 140//140 142//142 144//144
f 141//141 146//146 142//142
f 147//147 148//148 149//149
f 150//150 151//151 148//148
f 151//151 149//149 148//148
f 152//152 153//153 154//154
f 155//155 152//152 154//154
f 156//156 157//157 154//154
f 155//155 154//154 157//157
f 158//158 159//159 160//160
f 160//160 161//161 158//158
f 158//158 161//161 162//162
f 163//163 164//164 165//165
f 164//164 166//166 165//165
f 167//167 168//168 169//169
f 170//170 171//171 172//172
f 173//173 174//174 175//175
f 174//174 176//176 175//175
f 174//174 177//177 176//176
f 178//178 179//179 180//180
f 181//181 182//182 183//183
f 182//182 184//184 183//183
f 185//185 186//186 187//187
f 188//188 189//189 190//190
f 189//189 191//191 190//190
f 192//192 193//193 194//194
f 195//195 196//196 197//197
f 195//195 198//198 196//196
f 199//199 200//200 201//201
f 202//202 203//203 204//204
f 205//205 206//206 207//207
f 206//206 203//203 207//207
f 207//207 203//203 202//202
f 208//208 209//209 210//210
f 211//211 212//212 213//213
f 214//214 215//215 216//216
f 215//215 217//217 216//216
f 218//218 219//219 220//220
f 221//221 222//222 223//223
f 224//224 225//225 226//226
f 187//187 227//227 228//228
f 227//227 229//229 228//228
f 230//230 231//231 232//232
f 233//233 234//234 235//235
f 236//236 234//234 233//233
f 236//236 237//237 234//234
f 238//238 239//239 240//240
f 241//241 238//238 242//242
f 243//243 241//241 242//242
f 238//238 241//241 239//239
f 244//244 245//245 246//246
f 247//247 248//248 249//249
f 250//250 89//89 79//79
f 251//251 250//250 79//79
s 0
f 252//252 253//252 254//252
s 1
f 255//253 256//254 257//255
f 258//256 255//253 257//255
f 259//257 260//258 261//259
f 262//260 263//261 264//262
f 265//263 266//264 267//265
f 268//266 269//267 270//268
f 271//269 272//270 273//271
f 274//272 275//273 276//274
f 277//275 278//276 279//277
f 280//278 281//279 282//280
f 283//281 284//282 285//283
f 286//284 287//285 288//286
f 289//287 290//288 291//289
f 292//290 293//291 294//292
f 295//293 296//294 297//295
f 298//296 299//297 300//298
f 301//299 302//300 303//301
f 301//299 303//301 304//302
f 305//303 306//304 307//305
s 0
f 308//306 309//306 310//306
s 1
f 311//307 312//308 313//309
f 314//310 315//311 316//312
f 317//313 318//314 319//315
f 320//316 321//317 322//318
f 323//319 324//320 325//321
f 326//322 327//323 328//324
f 329//325 330//326 331//327
f 332//328 333//329 334//330
f 335//331 336//332 337//333
f 91//91 338//334 339//335
f 91//91 339//335 87//87
f 340//336 341//337 342//338
f 343//339 344//340 345//341
f 346//342 347//343 348//344
f 349//345 350//346 351//347
f 352//348 353//349 354//350
f 355//351 356//352 357//353
f 358//354 359//355 360//356
f 361//357 362//358 363//359
f 364//360 365//361 366//362
f 367//363 368//364 369//365
f 367//363 369//365 370//366
f 371//367 372//368 373//369
f 374//370 375//371 376//372
f 377//373 374//370 376//372
f 378//374 379//375 380//376
f 381//377 382//378 383//379
f 384//380 385//381 386//382
f 387//383 388//384 389//385
f 390//386 391//387 392//388
f 393//389 394//390 395//391
s 0
f 396//392 397//392 398//392
s 1
f 399//393 400//394 401//395
f 402//396 403//397 404//398
f 405//399 406//400 407//401
f 408//402 409//403 410//404
f 411//405 412//406 413//407
f 414//408 415//409 416//410
f 417//411 418//412 419//413
f 420//414 421//415 422//416
f 423//417 424//418 425//419
f 426//420 427//421 428//422
f 429//423 430//424 431//425
f 432//426 433//427 434//428
f 435//429 436//430 105//105
f 104//104 435//429 105//105
f 437//431 438//432 439//433
f 440//434 441//435 442//436
f 443//437 444//438 445//439
f 446//440 447//441 448//442
f 449//443 450//444 451//445
f 452//446 91//91 453//447
f 454//448 455//449 456//450
f 454//448 456//450 457//451
f 458//452 459//453 460//454
f 461//455 462//456 463//457
f 464//458 465//459 466//460
f 467//461 464//458 466//460
f 321//317 468//462 322//318
f 469//463 470//464 471//465
f 472//466 473//467 474//468
f 475//469 476//470 477//471
f 478//472 479//473 480//474
f 481//475 482//476 483//477
f 484//478 485//479 486//480
f 487//481 488//482 489//482
f 490//483 491//484 492//485
f 493//486 490//483 492//485
f 494//487 495//488 496//489
f 497//490 498//491 499//492
f 500//493 501//494 502//495
f 503//496 504//497 505//498
f 506//499 507//500 508//501
f 509//502 510//503 511//504
s 0
f 441//505 512//505 513//505
s 1
f 514//506 515//507 516//508
f 517//509 518//510 519//511
f 520//512 517//509 519//511
f 521//513 522//514 523//515
f 524//516 525//517 526//518
f 527//519 524//516 526//518
f 528//520 529//521 530//522
f 531//523 331//327 532//524
f 533//525 534//526 535//527
f 536//528 537//529 538//530
f 539//531 540//532 541//533
f 542//534 543//535 544//536
f 545//537 546//538 547//539
f 548//540 549//541 550//542
f 551//543 340//336 342//338
f 552//544 553//545 406//400
f 554//546 555//547 556//548
f 557//549 446//440 558//550
f 559//551 560//552 561//553
f 562//554 563//555 564//556
f 565//557 566//558 567//559
f 568//560 569//561 570//562
f 571//563 572//564 573//565
f 574//566 575//567 576//568
f 577//569 578//570 579//571
f 580//572 581//573 582//574
f 583//575 584//576 585//577
f 586//578 587//579 588//580
f 589//581 590//582 529//521
f 250//250 591//583 494//487
f 2//2 592//584 53//53
f 593//585 594//586 595//587
f 596//588 597//589 598//590
f 599//591 600//592 601//593
f 218//218 220//220 602//594
f 603//595 604//596 605//597
f 606//598 607//599 608//600
f 609//601 610//602 611//603
f 609//601 611//603 612//604
f 613//605 614//606 277//275
f 615//607 616//608 617//609
f 618//610 619//611 620//612
f 621//613 622//614 623//615
f 624//616 625//617 626//618
f 627//619 628//620 629//621
f 630//622 631//623 632//624
f 633//625 634//626 540//532
f 635//627 636//628 575//567
f 637//629 638//630 639//631
f 640//632 164//164 641//633
f 642//634 352//348 643//635
f 644//636 645//637 646//638
f 644//636 646//638 647//639
f 648//640 649//641 146//146
f 648//640 146//146 650//642
f 651//643 652//644 653//645
f 654//646 651//643 653//645
s 0
f 655//647 656//647 657//647
s 1
f 658//648 659//649 660//650
f 661//651 662//652 663//653
f 664//654 665//655 666//656
f 667//657 668//658 669//659
f 670//660 671//661 672//662
f 673//663 670//660 672//662
f 674//664 675//665 676//666
f 677//667 678//668 679//669
f 680//670 644//636 647//639
f 681//671 682//672 683//673
f 684//674 685//675 686//676
f 687//677 684//674 686//676
f 688//678 689//679 690//680
f 688//678 690//680 691//681
f 350//346 692//682 351//347
s 0
f 693//683 694//683 695//683
s 1
f 696//684 697//685 698//686
f 699//687 700//688 701//689
f 702//690 703//691 704//692
f 705//693 706//694 707//695
f 188//188 190//190 708//696
s 0
f 709//697 710//697 711//697
s 1
f 611//603 712//698 713//699
f 611//603 713//699 714//700
f 715//701 716//702 717//703
f 718//704 719//705 159//159
f 720//706 721//707 722//708
f 723//709 724//710 725//711
f 726//712 727//713 728//714
f 729//715 32//32 67//67
f 730//716 731//717 732//718
f 733//719 85//85 83//83
f 733//719 83//83 82//82
f 734//720 735//721 736//722
f 737//723 738//724 739//725
f 740//726 741//727 742//728
f 743//729 744//730 668//658
f 745//731 746//732 747//733
f 748//734 749//735 750//736
f 751//737 752//738 753//739
f 754//740 755//741 756//742
f 184//184 182//182 568//560
f 184//184 568//560 757//743
f 758//744 759//745 760//746
f 761//747 762//748 763//749
f 764//750 765//751 766//752
f 767//753 768//754 769//755
f 770//756 771//757 772//758
f 773//759 774//760 775//761
f 762//748 776//762 777//763
f 303//301 778//764 779//765
f 580//572 780//766 581//573
f 781//767 709//768 782//769
f 783//770 784//771 785//772
f 783//770 785//772 786//773
f 787//774 788//775 361//357
f 789//776 381//377 383//379
f 790//777 791//778 792//779
f 793//780 794//781 795//782
f 796//783 797//784 798//785
f 799//786 800//787 344//340
f 801//788 799//786 344//340
f 802//789 803//790 804//791
f 805//792 806//793 807//794
s 0
f 808//795 809//796 810//797
s 1
f 811//798 812//799 197//197
f 813//800 814//801 815//802
f 816//803 817//804 818//805
f 816//803 818//805 819//806
f 820//807 821//808 554//546
f 822//809 823//810 824//811
f 825//812 826//813 742//728
f 827//814 271//269 828//815
f 829//816 830//817 831//818
f 832//819 833//820 834//821
f 835//822 836//823 837//824
f 537//529 838//825 839//826
f 840//827 841//828 645//637
f 840//827 645//637 644//636
f 842//829 843//830 844//831
f 842//829 844//831 845//832
f 846//833 847//834 848//835
f 849//836 850//837 851//838
f 852//839 853//840 854//841
f 855//842 856//843 857//844
f 858//845 859//846 860//847
f 861//848 862//849 863//850
f 861//848 863//850 684//674
f 864//851 865//852 866//853
f 846//833 848//835 867//854
f 868//855 869//856 870//857
f 871//858 872//859 873//860
f 874//861 875//862 518//510
f 416//410 415//409 673//663
f 876//863 877//864 878//865
f 876//863 878//865 879//866
f 880//867 881//868 882//869
f 883//870 884//871 885//872
f 886//873 887//874 888//875
f 403//397 889//876 890//877
f 891//878 892//879 774//760
f 893//880 894//881 895//882
f 896//883 897//884 898//885
f 896//883 898//885 899//886
s 0
f 900//887 901//887 902//887
s 1
f 903//888 904//889 905//890
f 906//891 864//851 866//853
f 907//892 908//893 909//894
f 910//895 911//896 912//897
f 913//898 914//899 915//900
f 916//901 913//898 915//900
f 917//902 918//444 919//903
f 920//904 921//905 922//906
f 923//907 924//908 925//909
f 926//910 927//911 928//912
f 929//913 930//914 931//915
f 932//916 933//917 934//918
f 935//919 936//920 937//921
f 938//922 935//919 937//921
f 939//923 940//924 941//925
f 942//926 943//927 944//928
f 945//929 860//847 946//930
f 947//931 948//932 949//933
f 950//934 951//935 952//936
f 953//937 950//934 952//936
f 954//938 955//939 956//940
f 957//941 958//942 959//943
s 0
f 960//944 488//945 961//946
s 1
f 962//947 963//948 964//949
f 965//950 966//951 967//952
f 965//950 967//952 968//953
f 969//954 970//955 971//956
f 972//957 245//245 973//958
s 0
f 974//959 975//960 976//961
s 1
f 289//287 291//289 977//962
f 978//963 979//964 980//965
f 981//966 982//967 983//968
f 984//969 985//970 986//971
f 987//972 988//973 989//974
f 990//975 987//972 989//974
f 991//976 992//977 993//978
f 994//979 995//980 996//981
f 997//982 998//983 999//984
f 1000//985 1001//986 1002//987
f 648//640 650//642 1003//988
f 1004//989 1005//990 1006//991
f 1007//992 1008//993 1009//994
f 1010//995 1011//996 1012//997
f 1013//998 1014//999 1015//1000
f 891//878 774//760 773//759
f 1016//1001 653//645 1017//1002
f 1018//1003 1016//1001 1017//1002
s 0
f 1019//1004 1020//1004 1021//1004
s 1
f 1022//1005 816//803 819//806
f 1022//1005 819//806 1023//1006
f 1024//1007 1025//1008 1026//1009
f 406//400 553//545 1027//1010
f 1028//279 1029//332 1030//1011
f 1031//1012 1032//1013 1033//1014
f 1031//1012 1033//1014 1034//1015
f 1035//1016 1036//1017 1037//1018
f 1038//1019 1039//1020 1040//1021
f 1041//1022 1042//1023 1043//1024
f 1044//1025 1045//1026 1046//1027
f 1047//1028 1048//1029 1049//1030
f 111//111 1050//1031 1051//1032
f 111//111 1051//1032 112//112
f 986//971 985//970 1014//999
f 1052//1033 1053//1034 1054//1035
f 572//564 1055//1036 1056//1037
f 885//872 1057//1038 1058//1039
f 852//839 1059//1040 1060//1041
f 1061//1042 1062//1043 1063//1044
f 1064//1045 1065//1046 1066//1047
f 737//723 1067//1048 738//724
f 213//213 1068//1049 1069//1050
f 1070//1051 1071//1052 1072//1053
f 1073//1054 10//10 1074//1055
s 0
f 1075//1056 498//1056 1076//1057
s 1
f 1077//1058 1078//1059 883//870
f 1079//1060 1080//1061 1081//1062
f 1082//1063 600//592 1083//1064
f 1082//1063 1083//1064 1084//1065
f 158//158 162//162 1085//1066
f 718//704 158//158 1085//1066
f 1086//1067 1087//1068 1088//1069
f 1086//1067 1088//1069 1089//1070
f 1090//1071 1091//1072 1092//1073
f 1093//1074 1094//1075 615//607
f 1095//1076 1096//1077 242//242
f 895//882 1097//1078 1098//1079
f 1099//1080 1100//1081 1101//1082
f 1099//1080 1101//1082 1102//1083
f 1103//1084 1104//1085 1105//1086
f 1106//1087 1107//1088 1108//1089
f 1109//1090 1110//1091 1111//1092
f 1112//1093 1113//1094 1114//1095
f 1115//1096 1116//1097 1117//1098
f 295//293 892//879 891//878
f 1118//1099 295//293 891//878
f 1119//1100 1120//1101 1121//1102
f 1122//1103 1123//1104 1124//1105
f 1125//1106 1126//1107 1127//1108
f 1128//1109 1129//1110 1130//1111
f 1131//1112 1132//1113 503//496
f 1131//1112 503//496 1133//1114
f 1134//1115 1135//1116 1136//1117
f 1137//1118 629//621 1138//1119
f 1139//1120 1140//1121 1141//1122
f 1142//1123 1143//1124 1144//1125
f 615//607 617//609 1145//1126
f 929//913 1146//1127 930//914
f 1147//1128 1131//1112 1148//1129
f 1149//1130 1150//1131 959//943
f 1151//1132 822//809 1152//1133
f 1153//1134 1154//1135 1155//1136
f 1156//1137 246//246 245//245
f 1157//1138 1156//1137 245//245
f 1158//1139 1159//1140 1160//1141
f 1161//1142 716//702 715//701
f 1162//1143 1163//1144 182//182
f 1164//1145 1162//1143 182//182
f 1165//1146 1166//1147 1167//1148
f 1168//1149 1165//1146 1167//1148
f 1169//1150 1170//1151 1171//1152
f 1172//1153 1173//1154 1174//1155
f 1061//1042 1175//1156 1176//1157
f 565//557 567//559 1177//1158
f 52//52 1178//1159 1179//1160
f 1180//1161 1181//959 1182//1162
f 1183//1163 1184//1164 438//432
f 531//523 329//325 331//327
f 1185//1165 1186//1166 1187//1167
f 1188//1168 1189//1169 1190//1170
f 1191//1171 1192//1172 1193//1173
f 377//373 1194//1174 1195//1175
f 1196//1176 1197//1177 1198//1178
f 1199//1179 1200//1180 1201//1181
f 1202//1182 1203//1183 1204//1184
f 1205//1185 1202//1182 1204//1184
f 1206//1186 316//312 1207//1187
f 1073//1054 64//64 10//10
f 204//204 203//203 1208//1188
f 204//204 1208//1188 1209//1189
f 1210//1190 1211//1191 350//346
f 649//641 145//145 142//142
s 0
f 902//1192 1212//1193 1213//1194
s 1
f 845//832 844//831 1214//1195
f 845//832 1214//1195 1215//1196
f 1216//1197 923//907 925//909
f 166//166 1217//1198 1218//1199
f 1219//1200 1220//1201 1221//1202
f 1222//1203 1223//1204 1224//1205
f 1222//1203 1224//1205 1225//1206
f 860//847 859//846 946//930
f 1226//1207 127//127 1227//1208
f 1228//1209 1229//1210 1230//1211
f 1231//1192 1232//1212 1233//1213
f 265//263 267//265 1234//1214
f 1235//1215 1236//1216 1237//1217
f 1238//1218 1239//1219 1240//1220
f 1241//1221 1242//1222 1243//1223
f 1244//1224 355//351 1245//1225
f 1246//1226 1247//1227 1248//1228
f 1249//1229 652//644 651//643
f 1250//1230 1251//1231 1252//1232
f 1253//1233 661//651 663//653
f 1254//1234 1255//1235 1256//1236
f 1257//1237 1258//1238 1259//1239
f 1260//1240 1261//1241 1262//1242
f 1057//1038 1263//1243 1058//1039
f 1264//1244 1265//1245 913//898
f 1266//1246 1267//1247 1268//1248
f 1269//1249 1270//1250 637//629
f 1271//1251 815//802 1272//1252
f 1273//1253 1274//1254 1275//1255
f 275//273 1276//1256 276//274
f 1277//1257 1278//1258 1279//1259
f 1280//1260 1281//1261 1282//1262
f 772//758 1283//1263 584//576
f 1284//1264 1285//1265 1286//1266
f 1287//1267 1288//1268 1289//1269
f 341//337 1290//1270 1291//1271
f 1292//1272 1293//1273 1294//1274
f 1295//1275 1296//1276 1297//1277
f 1298//1278 1299//1279 1300//1280
f 1301//1281 1302//1282 1303//1283
f 1304//1284 1305//1285 47//47
f 46//46 1304//1284 47//47
f 1306//1286 1307//1287 1308//1288
f 1309//1289 1310//1290 1311//1291
f 1312//1292 1313//1293 1314//1294
f 1315//1295 1316//1296 1317//1297
f 1318//1298 1319//1299 1320//1300
f 1321//1301 1322//1302 1323//1303
f 339//335 1324//1304 251//251
f 87//87 339//335 251//251
f 589//581 1325//1305 590//582
f 1326//1306 1327//1307 1328//1308
f 1295//1275 1329//1309 1330//1310
f 1331//1311 1332//1312 1333//1313
f 1334//1314 1335//1315 1336//1316
f 1337//1317 1338//1318 1339//1319
f 1340//1320 1337//1317 1339//1319
f 1341//1321 1342//1322 1343//1323
f 1344//1324 1345//1325 1346//1326
f 1347//1327 1344//1324 1346//1326
f 1348//1328 1259//1239 1349//1329
f 1030//1011 1350//1330 1351//1331
f 639//631 608//600 1352//1332
f 1353//1333 453//447 1354//1334
f 1355//1335 1356//1336 1357//1337
f 1358//1338 1359//1339 1360//1340
f 1361//1341 1362//1342 1363//1343
f 1364//1344 1365//1345 799//786
f 1366//1346 1364//1344 799//786
f 1367//1347 1368//1348 1369//1349
f 1370//1350 1371//781 1372//1351
f 1373//1352 1374//1353 1375//1354
f 1376//1355 1377//1356 1378//1357
f 1379//1358 64//64 1073//1054
f 1380//1359 1381//1360 1382//1361
f 1369//1349 1383//1362 1384//1363
f 1385//1364 1386//1365 1387//1366
f 1388//1367 1389//1368 1390//1369
f 1391//1370 954//938 1392//1371
f 1393//1372 1394//1373 1395//1374
f 831//818 1396//1375 1397//1376
f 1027//1010 1398//1377 1399//1378
f 407//401 1027//1010 1399//1378
f 721//707 1400//1379 1401//1380
f 1402//1381 721//707 1401//1380
f 1403//1382 1404//1383 1405//1384
f 1240//1220 1406//1385 557//549
s 0
f 1407//1386 1408//1386 1409//1386
s 1
f 1195//1175 1194//1174 1410//1387
f 1411//1388 626//618 1412//1389
f 1413//1390 1414//1391 1415//1392
f 96//96 92//92 230//230
f 1416//1393 925//909 1417//1394
f 877//864 1418//1395 878//865
f 1419//1396 1420//1397 1421//1398
f 968//953 1422//1399 1423//1400
f 1424//1401 1425//1402 1426//1403
f 1427//1404 1424//1401 1426//1403
f 1428//1405 1429//1406 1430//1407
f 1431//1408 1432//1409 1433//1410
f 1434//1411 1435//1412 1436//1413
f 1437//1414 1438//1415 1439//1416
f 1440//1417 1441//1418 1442//1419
f 1443//1420 1444//1421 1445//1422
f 1193//1173 1446//1423 1447//1424
f 1448//1425 1449//1426 1356//1336
f 284//282 1450//1427 1451//1428
f 1452//1429 1453//1430 1454//1431
f 1039//1020 1455//1432 1456//1433
f 1457//1434 1458//1435 1459//1436
f 1460//1437 1461//1438 1462//1439
f 1460//1437 1462//1439 1463//1440
f 1464//1441 1465//1442 1466//1443
f 1464//1441 1466//1443 962//947
f 1467//1444 1468//1445 1469//1446
f 1470//1447 236//236 1471//1448
f 232//232 231//231 1472//1449
f 1473//1450 1474//1451 1475//1452
f 1476//1453 1477//1454 1478//1455
f 1479//1456 1480//1457 1481//1458
s 0
f 1482//1459 1483//1459 1484//1459
s 1
f 322//318 1485//1460 1486//1461
f 1487//1462 1488//1463 1489//1464
f 1163//1144 1490//1465 1491//1466
f 455//449 1492//1467 456//450
f 1493//1468 759//745 758//744
f 318//314 1494//1469 1495//1470
f 1496//1471 1497//1472 1498//1473
f 1499//1474 1500//1475 1501//1476
f 1502//1477 1503//1478 1504//1479
f 597//589 1505//1480 559//551
f 597//589 559//551 1506//1481
f 300//298 1507//1482 1149//1130
f 1508//1483 1509//1484 1510//1485
s 0
f 1511//1486 1512//1486 1513//1486
s 1
f 1514//1487 1515//1488 1516//1489
f 1162//1143 1164//1145 1363//1343
f 1206//1186 1207//1187 1517//1490
f 1518//1491 1519//1492 1520//1493
f 1521//1494 1522//1495 1523//1496
f 1524//1497 987//972 171//171
f 1525//1498 1526//1499 427//421
f 1527//1500 1528//1501 1529//1502
f 1530//1503 1089//1070 1531//1504
f 1419//1396 1532//1505 1533//1506
f 1534//1507 1535//1508 1536//1509
f 1537//1510 1538//1511 1539//1512
f 1537//1510 1539//1512 1540//1513
f 1541//1514 1542//1515 1543//1516
f 1544//1517 153//153 1545//1518
f 1544//1517 1545//1518 1546//1519
f 1547//1520 1548//1521 1549//1522
f 163//163 165//165 1550//1523
f 1551//1524 163//163 1550//1523
f 1552//1525 1553//1526 1554//1527
f 1555//1528 1552//1525 1554//1527
f 155//155 1556//1529 1557//1530
f 1558//1531 1559//1532 1560//1533
f 1561//1534 1562//1535 1563//1536
f 1564//1537 1565//1538 1203//1183
f 1566//1539 1567//1540 1568//1541
f 1569//1542 1570//1543 1498//1473
f 1571//1544 1572//1545 1573//1546
f 1574//1547 1575//1548 1576//1549
f 1577//1550 1578//1551 1579//1552
f 1287//1267 1580//1553 1581//1554
f 1582//1555 1583//1556 1229//1210
f 1584//1557 1582//1555 1229//1210
f 1585//1558 1586//1559 76//76
f 1587//1560 1588//1561 1589//1562
f 1590//1563 1591//1564 1592//1565
f 1593//1566 1594//1567 1595//1568
f 1596//1569 1597//1570 1598//1571
f 1599//1572 1600//1573 1601//1574
f 1602//1575 1603//1576 293//291
f 1604//1577 1605//1578 1606//1579
f 1607//1580 1608//1581 1609//887
f 1218//1199 793//780 795//782
s 0
f 1610//1582 1611//1582 1612//1583
s 1
f 1613//1584 753//739 1614//1585
f 1615//1586 1616//1587 1617//1588
f 1588//1561 857//844 1618//1589
f 1619//1590 1620//1591 1621//1592
f 1619//1590 1621//1592 1622//1593
s 0
f 1623//1594 1624//1594 1625//1594
s 1
f 1626//1595 1187//1167 1627//1596
f 365//361 1628//1597 1629//1598
f 1582//1555 1630//1599 1583//1556
f 1631//1600 1632//1601 428//422
f 1633//1602 1634//1603 1635//1604
f 1636//1605 1637//1606 1638//1607
f 1639//1608 1640//1609 1340//1320
f 1639//1608 1340//1320 1641//1610
f 1642//1611 194//194 193//193
f 1643//1612 1644//1613 1645//1614
f 1646//1615 1647//1616 1648//1617
f 1649//1618 1650//1619 1651//1620
f 1652//1621 1653//1622 1654//1623
f 1655//1624 1656//1625 1657//1626
f 1658//1627 1659//1628 1660//1629
s 0
f 1661//1630 1662//1630 1663//1630
s 1
f 1664//1631 1665//1632 1666//1633
f 1664//1631 1666//1633 1667//1634
f 1668//1635 1185//1165 1187//1167
f 1296//1276 1295//1275 1669//1636
s 0
f 1670//1637 1671//1638 1672//767
s 1
f 1673//1639 280//278 1674//1640
f 1675//1641 1358//1338 1676//1642
f 1677//1643 1678//1644 1679//1645
f 1680//1646 1681//1647 1682//1648
f 1683//1649 1684//1650 759//745
f 1685//1651 1686//1652 1687//1653
f 1685//1651 1687//1653 1688//1654
s 0
f 1689//1655 1690//1655 1691//1655
s 1
f 1692//1656 1693//1657 1694//1658
f 897//884 1695//1659 1696//1660
f 897//884 1696//1660 898//885
f 763//749 777//763 1697//1661
f 1198//1178 1698//1662 1699//1663
f 1700//1664 1701//1665 1702//1666
f 1146//1127 1703//1667 1704//1668
f 1705//1669 1706//1670 1707//1671
f 1708//1672 961//1673 1709//1674
f 1710//1675 332//328 334//330
f 733//719 82//82 1711//1676
f 205//205 207//207 675//665
f 674//664 205//205 675//665
f 1712//1677 1713//1678 1714//1679
f 1715//1680 1716//1681 1717//1682
f 1718//1683 167//167 887//874
f 1398//1377 1719//1684 1720//1685
f 1721//1686 1398//1377 1720//1685
f 1722//1687 1723//1688 1724//1689
f 1170//1151 1725//1690 1171//1152
f 1726//1691 668//658 1727//1692
s 0
f 1483//1693 1728//1694 933//1695
s 1
f 1483//1696 933//917 1729//1697
f 697//685 1730//1698 1731//1699
f 697//685 1731//1699 1732//1700
f 1733//1701 1734//1702 1735//1703
f 447//441 1736//1704 1737//1705
f 1365//1345 1738//1706 1739//1707
f 1740//1708 1741//1709 749//735
f 1742//1710 735//721 1743//1711
f 1744//1712 1745//1713 1746//1714
f 1747//1715 1016//1001 1018//1003
f 1748//1716 1749//1717 1750//1718
f 1751//1719 1752//1720 1753//1721
f 1751//1719 1753//1721 1754//1722
f 1755//1723 1756//1724 1757//1725
f 409//403 1758//1726 1759//1727
f 1760//1728 1761//1729 1762//1730
f 1763//1731 1764//1732 1765//1733
s 0
f 1610//1734 1766//1734 1611//1734
s 1
f 1767//1735 1768//1736 1769//1737
f 1770//1738 1771//1739 1772//1740
f 1485//1460 1770//1738 1772//1740
f 1773//1741 1577//1550 1579//1552
f 1774//1742 292//290 294//292
f 1775//1743 1776//1744 1777//1745
f 1778//1746 1779//1747 1780//1748
f 1781//1749 723//709 725//711
f 1782//1750 1783//1751 1784//1752
f 1785//1753 1168//1149 1786//1754
f 1787//1755 1788//1756 1607//1580
f 1789//1757 1790//1758 1791//1759
f 1792//1760 1793//1761 1695//1659
f 1374//1353 1794//1762 1375//1354
f 1795//1763 1796//1764 326//322
f 1797//1765 1798//1766 1799//1767
f 1800//1768 1239//1219 1238//1218
f 1801//1769 1802//1770 1803//1771
f 1804//1772 1355//1335 1366//1346
f 1804//1772 1366//1346 801//788
f 1124//1105 1805//1773 1806//1774
f 1807//1775 1808//1776 1809//1777
f 356//352 1810//1778 1811//1779
f 1812//1780 1813//1781 1217//1198
f 1814//1782 1815//1783 1549//1522
f 1816//1784 622//614 1817//1785
f 1818//1786 939//923 1819//1787
f 1820//1788 1821//1789 1822//1790
f 1820//1788 1822//1790 149//149
f 1823//1791 1824//1792 1257//1237
s 0
f 1825//1793 1612//1793 1826//1793
s 1
f 556//548 1827//1794 1828//1795
f 1829//1796 1830//1797 696//684
f 1475//1452 1474//1451 1831//1798
f 1832//1799 1833//1800 1834//1801
f 1778//1746 1303//1283 1835//1689
f 355//351 357//353 614//606
f 1836//1802 1010//995 1837//1802
s 0
f 1838//1803 1836//1803 1837//1803
s 1
f 1839//1804 1840//1805 1841//1806
f 706//694 1842//1807 1843//1808
f 1844//1809 966//951 965//950
f 1845//1810 1846//1811 1847//1812
f 1848//1813 1845//1810 1847//1812
f 1844//1809 1849//1814 966//951
f 1850//1815 1851//1816 1852//1817
f 1456//1433 1455//1432 1853//1818
f 372//368 1854//1819 1855//1820
f 1856//1821 1857//1822 1815//1783
f 1856//1821 1815//1783 1814//1782
f 1858//1823 1859//1824 1860//1825
f 1861//1826 1862//1827 1863//1828
f 1864//1829 1861//1826 1863//1828
f 1865//1830 1866//1831 1867//1832
f 942//926 1868//1833 943//927
f 109//109 101//101 1869//1834
f 1451//1428 1870//1835 1871//1836
f 1872//1837 1873//1838 1874//1839
f 1875//1840 1082//1063 1084//1065
f 1875//1840 1084//1065 803//790
s 0
f 1483//1841 1729//1841 1484//1841
s 1
f 1876//1842 1877//1843 1878//1844
f 1879//1845 1880//1846 457//451
f 1881//1847 1719//1684 1480//1457
f 1882//1848 1883//1849 1884//1850
f 1885//1851 1886//1852 601//593
f 1887//1853 1888//1854 1577//1550
s 0
f 1889//1855 1890//1855 1891//571
s 1
f 1892//1856 1893//1857 1894//1858
f 1895//1859 1896//1860 1897//1861
f 1898//1862 1899//1863 1900//1864
f 1901//1865 1902//1866 1158//1139
f 1903//1867 1904//1868 1488//1463
f 1905//1869 1906//1870 979//964
f 1907//1871 1908//1872 717//703
f 1909//1873 1907//1871 717//703
f 969//954 1910//1874 970//955
f 1911//1875 1912//1876 1913//1877
f 1914//1878 1915//1879 938//922
f 1914//1878 938//922 1916//1880
f 1917//1881 1918//1882 1919//1883
f 1817//1785 1920//1884 1921//1885
f 1922//1886 118//118 1923//1887
f 1924//1888 1925//1889 1926//1890
f 1927//1891 1928//1892 1929//1893
f 1930//1894 1931//1895 1932//1896
s 0
f 1933//1897 1934//1898 1935//1897
s 1
f 1936//1899 1937//1900 1938//1901
f 641//633 1434//1411 1939//1902
f 1940//1903 515//507 514//506
f 1941//1904 1942//1905 1572//1545
f 1943//1906 1944//1907 1945//1908
f 1541//1514 1946//1909 1542//1515
f 52//52 1179//1160 1304//1284
f 52//52 1304//1284 46//46
f 1947//1910 1948//1911 1949//1912
f 1950//1913 1951//1914 1952//1915
f 827//814 1950//1913 1952//1915
f 1953//1916 1954//1917 1955//1918
f 675//665 1956//1919 676//666
f 1957//1920 1958//1921 1959//1922
f 1960//1923 213//213 1961//1924
f 1962//1925 1963//1926 1964//1927
f 1962//1925 1964//1927 1965//1928
f 1966//1929 1573//1546 1967//1930
f 1968//1931 1969//1932 1189//1169
f 1970//1933 1971//1934 1972//1935
f 604//596 1973//1936 1974//1937
f 1975//1938 1976//1939 1342//1322
f 1977//1940 1978//1941 1979//1942
f 1980//1943 365//361 364//360
f 1594//1567 1443//1420 1981//1944
f 1982//1945 1983//1946 1984//1947
f 919//903 918//444 1985//1948
f 1118//1099 891//878 1986//1949
f 1987//1950 1988//1951 1989//1952
f 1990//1953 1991//1954 1211//1191
f 1823//1791 1348//1328 1992//1955
f 623//615 1921//1885 1993//1956
f 1994//1957 1995//1958 1996//1959
f 1997//1960 1998//1961 957//941
s 0
f 1999//1962 2000//1962 2001//1962
s 1
f 2002//1963 2003//1964 429//423
s 0
f 2004//1965 2005//1965 655//1965
f 2006//1966 2007//1967 2008//1968
s 1
f 2009//1969 2010//1970 2011//1971
f 1398//1377 2012//1972 1719//1684
f 1439//1416 965//950 2013//1973
f 2014//1974 635//627 574//566
f 2015//1975 2016//1976 2017//1977
f 2018//1978 2019//1979 2020//1980
f 2021//1981 702//690 727//713
s 0
f 2022//1982 252//1982 254//1983
s 1
f 2023//1984 2024//1985 1909//1873
f 1769//1737 1768//1736 2025//1986
f 2026//1987 2027//1988 2028//1989
f 2029//1990 2030//1991 2031//1992
f 2032//1993 2033//1994 2034//1995
f 2035//1996 2036//1997 2037//1998
f 2038//1999 2039//2000 1925//1889
f 2038//1999 1925//1889 2040//2001
f 1861//1826 2041//2002 1862//1827
f 1014//999 2042//2003 2043//2004
f 2044//2005 1979//1942 2045//2006
f 1025//1008 2046//2007 2047//2008
f 2048//2009 1291//1271 2049//2010
f 2050//2011 2051//1227 2052//2012
f 2053//2013 2054//2014 2055//2015
f 2056//2016 2057//2017 2058//2018
f 2059//2019 2060//2020 2061//2021
f 2062//2022 2063//2023 2064//2024
s 0
f 1612//2025 1611//2025 2065//2026
s 1
f 2066//2027 2067//2028 2068//2029
f 2069//2030 2070//2031 2071//2032
f 1297//1277 1329//1309 1295//1275
f 726//712 728//714 2072//2033
f 2073//2034 2074//2035 2075//266
f 2076//2036 1772//1740 1771//1739
f 1414//1391 479//473 2077//2037
f 2078//2038 2079//2039 2080//2040
f 2081//2041 2082//2042 2083//2043
f 658//648 2084//2044 2085//2045
f 2086//2046 2087//2047 2088//2048
f 2089//2049 2090//2050 2091//2051
f 2092//2052 2093//2053 2094//2054
f 2095//2055 2096//2056 2097//2057
f 725//711 2098//2058 1781//1749
f 1984//1947 2099//2059 2100//2060
f 2101//2061 2102//2062 2103//2063
f 2101//2061 2103//2063 863//850
f 2104//2064 2105//2065 2106//2066
f 2107//2067 2108//2068 1489//1464
f 2109//2069 2110//2070 918//444
f 2111//2071 2112//2072 2113//2073
f 2114//2074 2111//2071 2113//2073
f 210//210 2115//2075 2116//2076
f 2117//2077 1986//1949 1102//1083
f 2117//2077 1102//1083 2118//2078
f 2119//2079 1446//1423 484//478
f 2082//2042 580//572 2120//2080
f 2121//2081 1236//1216 1235//1215
f 1799//1767 2122//2082 2123//2083
f 2124//2084 1277//1257 2125//2085
f 2126//2086 724//710 723//709
f 2074//2035 342//338 2048//2009
f 2127//2087 2128//2088 2129//2089
f 2130//2090 1170//1151 2131//2091
f 339//335 2132//2092 1324//1304
f 2133//2093 2134//2094 2135//2095
f 2136//2096 2137//2097 2138//2097
f 2139//2098 2140//2099 1983//1946
f 618//610 2141//2100 619//611
f 2070//2031 1721//1686 2071//2032
f 2142//2101 1188//1168 2143//2102
f 560//552 2144//2103 2145//2104
f 2146//2105 2147//2106 2148//2107
f 1581//1554 2149//2108 2150//2109
f 799//786 1739//1707 800//787
f 1391//1370 1392//1371 2151//2110
f 2152//2111 2137//2097 2136//2096
f 2153//2112 623//615 1993//1956
f 1428//1405 2154//2113 2155//2114
f 940//924 767//753 941//925
f 925//909 924//908 2156//2115
f 2157//2116 2158//2117 2159//2118
f 1332//1312 2160//2119 2161//2120
f 2162//2121 2163//2122 2164//2123
f 2162//2121 2164//2123 2165//2124
f 2166//2125 2167//2126 2168//2127
s 0
f 2169//1386 1408//1386 1407//1386
s 1
f 2170//2128 1821//1789 1820//1788
f 2171//2129 2172//2130 1735//1703
f 2173//2131 2174//2132 2175//2133
f 2176//2134 2177//2135 2178//2136
f 2016//1976 2179//2137 1902//1866
f 2180//2138 2181//2139 2182//2140
f 2183//2141 174//174 173//173
f 2184//2142 2183//2141 173//173
f 2185//2143 2186//2144 2187//2145
f 1372//1351 1371//781 1482//2146
f 619//611 514//506 2188//2147
f 2088//2048 2087//2047 2189//2148
f 1618//1589 2190//2149 2191//2150
f 2192//2151 2193//2152 2194//2153
f 2195//2154 2196//2155 2197//2156
f 2198//2157 1639//1608 1641//1610
f 2199//2158 2200//2159 1103//1084
f 2201//2160 1323//1303 2202//2161
f 2201//2160 2202//2161 2203//2162
f 775//761 1099//1080 1102//1083
f 1760//1728 1762//1730 2204//2163
f 2205//2164 2206//2165 2070//2031
f 2205//2164 2070//2031 2069//2030
f 545//537 547//539 2207//2166
f 2208//2167 2209//2168 2210//2169
f 2211//2170 2212//2171 1159//1140
f 2213//2172 2214//1959 2215//2173
f 2216//2174 2217//2175 412//406
f 2218//2176 2219//2177 2220//2178
f 85//85 407//401 2221//2179
f 2222//2180 2184//2142 173//173
f 2222//2180 173//173 175//175
f 2223//2181 1052//1033 2224//2182
f 291//289 2225//2183 2226//2184
f 977//962 291//289 2226//2184
f 1438//1415 1844//1809 1439//1416
f 2227//2185 1591//1564 2228//2186
f 2089//2049 2229//2187 2090//2050
f 2230//2188 191//191 2231//2189
f 2230//2188 2231//2189 887//874
f 2232//2190 1323//1303 2114//2074
f 2233//2191 1241//1221 2234//2192
f 2235//2193 2236//2194 2237//2195
f 2235//2193 2237//2195 2238//2196
f 2239//2197 1780//1748 2240//2198
f 1090//1071 2241//2199 2242//2200
f 2096//2056 2243//2201 2244//2202
f 2245//2203 2246//2204 1334//1314
f 2247//2205 2248//2206 2249//2207
f 1402//1381 1125//1106 1127//1108
f 2250//1930 1238//1218 2251//2208
f 2252//2209 2253//2210 2254//2211
f 2255//2212 2256//2213 2257//2214
f 2258//2215 796//783 1652//1621
f 1374//1353 1416//1393 1794//1762
f 2119//2079 484//478 486//480
f 238//238 2259//2216 1095//1076
f 1781//1749 2098//2058 2260//2217
f 1064//1045 1066//1047 1713//1678
f 371//367 373//369 2261//2218
f 984//969 1119//1100 985//970
f 1525//1498 427//421 2262//2219
f 2263//2220 1525//1498 2262//2219
f 2264//2221 2265//2222 2266//2223
f 2267//2224 1360//1340 2257//2214
f 1948//1911 2268//2225 2269//2226
f 2270//2227 2271//2228 2272//2229
f 2273//2230 2274//2231 2275//2232
f 1510//1485 2276//2233 2277//2234
f 2197//2156 2196//2155 2278//2235
f 2279//2236 2280//2237 2281//2238
f 1382//1361 2279//2236 2281//2238
f 2282//2239 2283//2240 2284//2241
f 2285//2242 2286//2243 2287//2120
f 2288//2244 123//123 125//125
f 2289//2245 2290//2246 2291//2247
f 2292//2248 2289//2245 2291//2247
f 2293//2249 2294//2250 2295//2251
f 373//369 372//368 1855//1820
f 2042//2003 2296//2252 2297//2253
f 2043//2004 2042//2003 2297//2253
f 2298//2254 2299//2255 1940//1903
f 829//816 2300//2256 830//817
f 2301//2257 2302//2258 2303//2259
f 2304//2260 2305//2261 2306//2262
f 2307//2263 2304//2260 2306//2262
s 0
f 313//309 2308//309 1182//2264
s 1
f 2309//2265 2310//2266 1817//1785
f 2311//2267 2312//2268 2313//2269
f 1515//1488 2314//2270 2315//2271
f 1516//1489 1515//1488 2315//2271
f 855//842 857//844 1588//1561
f 2316//2272 2317//2273 2289//2245
f 2318//2274 2319//2275 2320//2276
f 926//910 905//890 927//911
f 1984//1947 1983//1946 2321//2277
f 1497//1472 920//904 922//906
f 2322//2278 2323//2279 2324//2280
f 1704//1668 2325//2281 930//914
f 2326//2282 1336//1316 2139//2098
f 2327//2283 2328//2284 2329//2285
f 1996//1959 1995//1958 2214//1959
f 1881//1847 1480//1457 1479//1456
f 2330//2286 1675//1641 1676//1642
f 2331//2287 2332//2288 2333//2289
f 2334//2290 2335//2291 2336//2292
f 1121//1102 2337//2293 2338//2294
f 2339//2295 2340//2296 2341//2297
f 2342//2298 2343//2299 2344//2300
f 2345//2301 2346//2302 2347//2303
f 2348//2304 2349//2305 624//616
f 2280//2237 2350//2306 2351//2307
f 2352//2308 2353//2309 2354//2310
f 2223//2181 2355//2311 1580//1553
f 2356//2312 1818//1786 2357//2313
f 2358//2314 2233//2191 2359//2315
f 2360//2316 2361//2317 2362//2318
f 2030//1991 2363//2319 1677//1643
f 2364//2320 2365//2321 2366//2322
f 1387//1366 2367//2323 2368//2324
f 1603//1576 2143//2102 2369//2325
f 1603//1576 2369//2325 2370//2326
f 389//385 2371//2327 433//427
f 2372//2328 1918//1882 2373//2329
f 2374//2330 157//157 2375//2331
f 2376//2332 2377//2333 2378//2334
f 1836//1802 2379//2335 1010//995
f 2332//2288 2380//2336 1237//1217
f 2381//2337 916//901 1480//1457
f 1719//1684 2381//2337 1480//1457
f 2382//2338 2383//2339 2384//2340
s 0
f 2007//2341 2385//2341 2008//2341
s 1
f 2386//2342 2387//2343 2388//2344
f 2389//2345 130//130 127//127
f 2390//2346 2391//2347 2007//1849
f 1788//1756 2056//2016 1608//1581
f 132//132 131//131 862//849
f 2392//2348 132//132 862//849
f 2229//2187 2393//2349 2394//2350
f 2229//2187 2394//2350 1963//1926
f 2395//2351 1905//1869 2396//2352
f 2216//2174 2397//2353 1574//1547
f 1815//1783 2398//2354 2399//2355
f 875//862 2400//2356 2401//2357
f 2402//2358 2403//2359 2404//2360
f 2405//2361 2406//2362 2407//2363
f 145//145 1869//1834 2408//2364
f 2409//2365 2410//2366 481//475
f 2411//2367 2412//2368 2413//2369
f 2414//2370 1141//1122 2415//2371
f 2416//2372 2417//2373 1050//1031
f 2418//2374 2306//2262 2419//2375
f 555//547 2420//2376 2421//2377
f 1827//1794 555//547 2421//2377
f 989//974 988//973 2422//2378
f 989//974 2422//2378 2423//2379
f 2424//2380 2425//2381 2426//2382
f 2427//2383 456//450 2428//2384
f 2429//2385 2430//2386 1866//1831
f 2429//2385 1866//1831 1865//1830
f 2431//2387 2432//2388 531//523
f 740//726 1629//1598 741//727
f 1074//1055 9//9 21//21
f 2433//2389 2434//2390 2435//2391
f 1798//1766 2436//2392 1799//1767
f 2437//2393 2438//2394 2439//2395
f 2301//2257 2440//2396 2441//2397
f 2442//2398 2053//2013 2055//2015
f 2443//2399 2444//2400 2445//2401
f 2446//2402 2447//2403 2448//2404
f 2446//2402 2448//2404 2449//2405
f 389//385 388//384 2371//2327
f 2450//2406 2451//2407 1449//1426
f 2452//2408 472//466 474//468
f 2284//2241 2210//2169 2209//2168
f 2453//2409 2454//2410 2415//2371
f 2453//2409 2415//2371 2455//2411
f 2456//2412 523//515 2457//2413
f 2458//2414 2459//2415 2460//2416
f 2461//2417 2462//2418 2463//2419
f 2464//2420 2465//2421 1092//1073
f 2466//2422 1962//1925 1965//1928
f 2466//2422 1965//1928 2467//2423
f 2468//2424 797//784 796//783
f 2469//2425 2470//2426 2471//2427
f 2472//2428 2473//2429 2474//2430
f 727//713 704//692 2475//2431
f 727//713 2475//2431 2476//2432
f 2143//2102 1188//1168 2477//2433
f 2478//2434 1399//1378 1721//1686
f 2479//2435 1540//1513 2480//2436
f 2481//2437 731//717 2482//2438
f 2483//2439 2481//2437 2482//2438
f 719//705 2484//2440 2485//2441
f 2486//2442 1941//1904 2487//2443
f 2486//2442 2487//2443 2488//2444
f 2472//2428 2474//2430 1453//1430
f 682//672 2489//2445 683//673
s 0
f 2490//2446 2491//2446 2492//2446
s 1
f 2493//2447 765//751 764//750
s 0
f 2494//2448 1889//2449 2000//2448
s 1
f 2495//2450 1457//1434 2496//2451
f 1143//1124 1098//1079 2497//2452
f 2498//2453 1487//1462 2499//2454
f 2457//2413 2500//2455 2501//2456
f 2228//2186 2502//2457 2503//2458
f 507//500 467//461 1758//1726
f 1023//1006 2504//2459 1435//1412
f 2505//2460 2506//2461 2507//1350
f 2508//2462 1109//1090 1111//1092
f 2509//2463 2510//2464 2511//2465
f 2352//2308 2509//2463 2511//2465
f 1266//1246 2512//2466 1267//1247
f 2513//2467 2514//2468 2515//2469
f 2516//2470 2517//2471 2511//2465
f 276//274 1276//1256 2518//2472
f 2519//2473 2520//2474 2521//2475
f 2522//2476 2523//2477 2524//2478
f 2525//2479 2355//2311 2526//2480
f 209//209 208//208 2527//2481
f 2528//2482 2529//2483 2530//2484
f 2531//2485 1907//1871 2024//1985
f 2532//2486 2533//2487 1042//1023
f 964//949 963//948 2534//2488
f 2535//2489 401//395 2095//2055
f 2536//2490 2537//2491 2538//2492
f 566//558 2539//2493 567//559
f 2540//2494 1070//1051 2541//2495
f 2542//2496 2543//2497 2544//2498
f 1628//1597 1626//1595 658//648
f 2545//2499 2546//2500 2547//2501
f 2548//2502 2545//2499 2547//2501
f 1478//1455 2549//2503 2550//2504
f 2373//2329 2551//2505 2495//2450
f 2552//2506 2553//2507 2554//2508
f 865//852 2555//2509 1547//1520
f 2556//2510 2557//2511 2558//2512
f 1310//1290 1949//1912 2559//2513
f 1310//1290 2559//2513 2560//2514
f 2561//1852 1885//1851 2562//2515
f 594//586 2563//2516 595//587
f 2564//2517 2565//1271 2566//2518
f 2567//2519 2568//2221 1997//1960
f 2569//2520 2570//2521 1358//1338
f 1675//1641 2569//2520 1358//1338
f 1940//1903 2299//2255 515//507
f 927//911 2571//2522 551//543
f 1575//1548 2572//2523 2468//2424
f 2293//2249 2573//2524 2574//2525
f 2366//2322 1865//1830 2575//2526
f 2576//2527 2577//2528 680//670
f 2578//2529 2579//2530 2580//2531
f 2581//2532 2574//2525 2582//2533
f 342//338 341//337 2048//2009
f 2583//2534 2584//2535 2585//2536
f 2586//2537 2587//2538 2588//2539
f 2589//2540 2590//2540 1109//1090
s 0
f 2287//2541 2591//2541 2592//2541
f 2285//2542 2287//2543 2592//2542
s 1
f 742//728 366//362 2593//2544
f 2594//2545 2595//2546 2596//2547
f 1282//1262 2597//2548 1263//1243
f 2598//2549 1144//1125 2599//2550
f 1723//1688 1722//1687 2600//2551
f 2582//2533 2601//2552 2602//2553
f 344//340 2603//2554 2604//2555
f 345//341 344//340 2604//2555
f 739//725 2605//2556 737//723
f 316//312 315//311 2606//2557
f 1326//1306 2607//2558 1327//1307
f 2608//2559 2575//2526 2609//2560
f 1703//1667 2610//2561 1704//1668
f 2611//2562 2612//2563 2613//2564
f 2611//2562 2613//2564 2614//2565
f 2615//2566 2154//2113 2616//2567
f 2617//2568 2618//2569 2103//2063
f 2102//2062 2617//2568 2103//2063
f 2619//2570 1421//1398 262//260
f 1765//1733 2620//2571 2621//2572
f 2360//2316 1477//1454 2622//2573
f 2623//2574 2624//2575 2625//2576
f 2626//2577 2627//2578 2628//2579
f 235//235 2629//2580 2630//2581
f 2631//2582 833//820 832//819
f 2632//2583 2319//2275 2318//2274
f 2633//2584 2634//2585 2635//2586
f 2636//2587 2637//2588 2467//2423
f 743//729 2638//2589 744//730
f 2639//2590 2640//2591 2641//2592
f 2642//2593 2146//2105 2148//2107
f 2642//2593 2148//2107 2643//2594
f 2644//2595 2645//2596 2646//2597
f 2647//2598 321//317 320//316
f 2648//2599 1600//1573 1599//1572
f 827//814 2649//2600 271//269
f 351//347 692//682 2650//2601
f 2651//2602 1415//1392 2652//2603
f 361//357 788//775 2653//2604
f 1760//1728 2654//2605 1761//1729
f 2655//2606 1137//1118 2656//2607
f 1638//1607 1637//1606 2358//2314
f 829//816 2657//2608 2300//2256
f 614//606 278//276 277//275
f 630//622 305//303 2658//2609
f 2659//2610 630//622 2658//2609
f 621//613 2660//2611 622//614
f 2661//2612 2662//2613 2663//2614
f 1327//1307 2664//2615 1531//1504
f 2665//2616 440//434 2666//2617
f 1418//1395 2081//2041 2667//2618
f 716//702 2668//2619 2669//2620
f 2670//2621 869//856 868//855
f 2671//2622 2670//2621 868//855
f 1452//1429 1454//1431 546//538
s 0
f 2672//2623 2673//2623 2674//2623
s 1
f 1945//1908 2675//2624 2676//2625
f 259//257 2677//2626 260//258
f 625//617 888//875 2678//2627
f 2679//2628 946//930 2680//2629
f 1203//1183 2681//2630 1204//1184
f 2682//2631 2683//2632 1142//1123
f 2682//2631 1142//1123 2684//2633
f 1083//1064 600//592 2685//2634
f 1083//1064 2685//2634 2686//2635
f 183//183 1960//1923 1961//1924
f 183//183 1961//1924 2687//2636
f 53//53 592//584 52//52
f 2688//2637 2508//2462 2689//2638
f 2690//2639 1856//1821 2555//2509
f 2691//2640 2692//2641 2693//2642
f 2694//2643 2293//2249 2695//2644
f 2696//2645 1344//1324 2697//2646
f 2083//2043 2082//2042 2120//2080
f 2698//2647 2699//2648 2700//2649
f 1418//1395 2701//2650 2081//2041
f 2702//2651 2703//2652 66//66
f 2702//2651 66//66 1379//1358
f 1008//993 2704//2653 939//923
f 261//259 2705//2654 562//554
f 2406//2362 1220//1201 2706//2655
f 316//312 2606//2557 2707//2656
f 2708//2657 2619//2570 2709//2658
f 2708//2657 2709//2658 1220//1201
f 2710//2659 2711//2660 2712//2661
f 2713//2662 1284//1264 1286//1266
f 2713//2662 1286//1266 2714//2663
f 2692//2641 2715//2664 2693//2642
s 0
f 2716//435 441//435 440//435
s 1
f 2717//2665 2718//2666 2719//2667
f 2720//2668 2152//2111 2566//2518
f 2721//2669 975//2670 974//2671
f 2722//2672 170//170 842//829
f 2722//2672 842//829 845//832
f 2106//2066 2723//2673 458//452
f 212//212 184//184 2724//2674
f 2062//2022 2064//2024 2725//2675
f 976//959 396//959 2726//959
s 0
f 974//959 976//959 2726//959
s 1
f 2727//2676 520//512 519//511
f 1527//1500 1529//1502 1904//1868
f 2728//2677 1527//1500 1904//1868
f 2017//1977 2729//2678 2730//2679
f 2731//2680 2732//2681 2733//2682
f 2734//2683 1177//1158 1078//1059
f 1632//1601 426//420 428//422
f 2735//2684 377//373 376//372
f 2735//2684 376//372 2736//2685
f 2737//2686 1966//1929 1661//2687
f 2738//2688 2739//2689 2740//2690
f 1864//1829 2741//2691 2742//2692
f 1163//1144 1491//1466 569//561
f 2743//2693 1355//1335 1804//1772
f 2744//2694 2745//2695 2746//2696
f 2747//2697 2748//2698 2749//2699
f 2750//2700 2599//2550 997//982
f 2751//2701 1147//1128 1148//1129
f 2752//2702 43//43 45//45
f 2753//2703 2752//2702 45//45
f 2754//2704 820//807 554//546
f 2755//2705 2756//2706 2757//2707
f 383//379 382//378 2758//2708
f 1185//1165 2136//2096 1186//1166
f 899//886 2759//2709 2760//2710
f 2761//2711 2762//2712 365//361
f 2763//2713 2764//2714 2765//2715
f 546//538 2766//2716 2767//2717
f 2768//2718 2769//2719 2770//2720
f 2771//2721 2768//2718 2770//2720
f 2772//2722 359//355 928//912
f 2773//2723 2584//2535 2774//2724
f 745//731 747//733 2711//2660
f 2775//2725 745//731 2711//2660
f 2776//2726 2777//2727 1226//1207
f 1004//989 2778//2728 2779//2729
f 2780//2730 2050//2011 2781//2731
s 0
f 656//2732 2782//2732 1624//2732
s 1
f 2783//2733 119//119 106//106
f 2784//2734 981//966 2785//2735
f 2786//2736 2784//2734 2785//2735
f 1465//1442 2787//2737 1466//1443
f 2788//2738 2789//2739 2559//2513
f 2553//2507 1311//1291 2554//2508
f 543//535 2790//2740 544//536
f 1458//1435 2791//2741 1459//1436
f 2792//2742 2793//2743 2794//2744
f 2795//2745 2268//2225 1948//1911
f 816//803 2796//2746 2797//2747
f 2798//2748 2799//2749 2800//2750
f 2801//2751 2521//2475 1270//1250
f 2203//2162 2202//2161 2802//2752
f 2803//2753 1648//1617 2642//2593
f 305//303 307//305 864//851
f 2804//2754 2805//2755 2806//2756
f 2807//2757 2069//2030 2808//2758
f 2809//2759 402//396 404//398
f 2809//2759 404//398 2810//2760
f 2811//2761 2812//2762 2813//2763
f 1971//1934 2814//2764 2815//2765
f 2816//2766 2817//2767 2818//2768
f 904//889 2819//2769 2820//2770
f 1989//1952 2821//2771 2819//2769
f 2681//2630 1565//1538 2822//2772
f 2058//2018 1478//1455 2550//2504
f 2823//2773 2824//2774 2825//2775
f 2826//2776 2827//2777 543//535
f 2698//2647 2351//2307 2699//2648
f 2828//2778 2829//2779 2830//2780
f 2237//2195 2195//2154 2197//2156
f 2831//2781 2832//2782 2833//780
f 2834//2783 1751//1719 745//731
f 1059//1040 2835//2784 2836//2785
f 2837//2786 1964//1927 2838//2787
f 560//552 2145//2104 492//485
f 2376//2332 2458//2414 2377//2333
f 627//619 2658//2609 628//620
f 2003//1964 1124//1105 430//424
f 2033//1994 447//441 2034//1995
s 0
f 2839//2788 710//2788 709//2788
s 1
f 178//178 2840//2789 179//179
f 2841//2790 2842//2791 2843//2792
f 2619//2570 2844//2793 2709//2658
s 0
f 2845//2794 1181//2795 1180//2796
s 1
f 1625//1299 1021//1299 2846//2797
f 2847//2798 2848//2799 949//933
f 2624//2575 1797//1765 2849//2800
f 585//577 2850//2801 2851//2802
f 2852//2803 1552//1525 1555//1528
s 0
f 1935//2804 1934//2804 781//2804
s 1
f 2853//2805 277//275 2854//2806
f 2855//2807 399//393 2856//2808
f 1931//1895 2855//2807 2856//2808
f 2189//2148 689//679 688//678
f 2103//2063 2618//2569 2857//2809
f 2016//1976 1902//1866 1901//1865
f 2593//2544 740//726 742//728
f 813//800 639//631 814//801
f 2319//2275 2858//2810 2320//2276
f 569//561 2859//2811 570//562
f 2373//2329 1918//1882 1917//1881
f 2799//2749 2860//2812 2861//2813
f 236//236 2630//2581 2862//2814
f 1544//1517 1546//1519 2863//2815
f 1291//1271 2864//2816 2647//2598
f 1491//1466 2865//2817 2859//2811
f 2118//2078 1101//1082 2866//2818
f 261//259 562//554 2867//2819
s 0
f 2868//2820 2869//2820 2870//2820
s 1
f 1247//1227 1484//2821 2871//2822
s 0
f 2872//2823 2873//2823 900//2823
s 1
f 2874//2824 2875//2825 1602//1575
f 2758//2708 2876//2826 2123//2083
f 2758//2708 2123//2083 2877//2827
f 2878//2828 1419//1396 2619//2570
f 340//336 2879//2829 341//337
f 1364//1344 2880//2830 1365//1345
f 2729//2678 2881//2831 2882//2832
f 2883//2833 1467//1444 1469//1446
f 2874//2824 1602//1575 292//290
f 2884//2834 2885//2835 1251//1231
f 2886//2836 1256//1236 2887//2837
f 2888//2838 1966//1929 2889//2839
f 134//134 136//136 2770//2720
f 1042//1023 2890//2840 2891//2841
f 171//171 2892//2842 1192//1172
f 2893//2843 815//802 1271//1251
f 2894//2844 2895//2845 1091//1072
f 2896//2846 2624//2575 2623//2574
f 2897//2847 1832//1799 1834//1801
f 687//677 2898//2848 1858//1823
f 2899//2849 687//677 1858//1823
f 2900//2850 2901//2851 2902//2852
f 85//85 733//719 405//399
f 1119//1100 1121//1102 2042//2003
f 2903//2853 2904//2854 2905//2855
f 2906//2856 2903//2853 2905//2855
f 1694//1658 2907//2857 2908//2858
f 1710//1675 334//330 2909//2859
f 929//913 2910//2860 1146//1127
f 2911//2861 2912//2862 495//488
s 0
f 2913//1696 2914//1696 2915//1696
s 1
f 1943//1906 1945//1908 2916//2863
f 2917//2864 2728//2677 2498//2453
s 0
f 1691//2865 2918//2866 2919//2867
s 1
f 633//625 540//532 2920//2868
f 2921//2869 633//625 2920//2868
f 2922//2870 1628//1597 660//650
f 2923//2871 2924//2872 2067//2028
f 967//952 2925//2873 2926//2874
f 2927//2875 1773//1741 2928//2876
f 2929//2877 2052//2012 2930//2878
f 2931//2879 2876//2826 2932//2880
f 1753//1721 2609//2560 2023//1984
f 1853//1818 1143//1124 1142//1123
f 2933//2881 2934//2882 2935//2883
f 1154//1135 761//747 2936//2884
f 2937//2885 47//47 1305//1285
f 2938//2886 2939//2887 2940//2888
f 798//785 2941//2889 805//792
f 904//889 2942//2890 927//911
f 1397//1376 2943//2891 2944//2892
f 2722//2672 845//832 1215//1196
f 2945//2893 2722//2672 1215//1196
f 2946//2894 2947//2895 2948//2896
f 2949//2897 2950//2898 2951//2899
f 1033//1014 1553//1526 678//668
f 2952//2900 454//448 457//451
f 2952//2900 457//451 1880//1846
f 1766//2901 2631//2901 1611//2901
f 2953//2902 2161//2120 2954//2903
f 1606//1579 1575//1548 1574//1547
f 1343//1323 2955//2904 2956//2905
f 2957//2906 1984//1947 2100//2060
f 2958//2907 2959//2908 2621//2572
f 2960//2909 2961//2910 274//272
f 2962//2911 2963//2912 2964//2913
f 1972//1935 2965//2914 2081//2041
f 2966//2915 2967//2916 2939//2887
f 877//864 2968//2917 1418//1395
f 1318//1298 1320//1300 2651//2602
f 439//433 2969//2918 2970//2919
f 2971//2920 1737//1705 2972//2921
f 186//186 185//185 2973//2922
f 1045//1026 2974//2923 1521//1494
f 539//531 541//533 1381//1360
f 2975//2924 2976//2925 2977//2926
f 2978//2927 77//77 55//55
f 305//303 864//851 906//891
f 2979//2928 305//303 906//891
f 778//764 2213//2172 2980//2929
f 1860//1825 1859//1824 2981//2930
f 2982//2931 2983//2932 2984//2933
f 1034//1015 1033//1014 677//667
f 871//858 873//860 2985//2934
f 2986//2935 2987//2936 2988//2937
f 2989//2938 1018//1003 2990//2939
f 2991//2940 2992//2941 2993//2942
f 1226//1207 2777//2727 2389//2345
f 420//414 294//292 421//415
f 2994//2943 368//364 367//363
f 2995//2944 1626//1595 1628//1597
f 2768//2718 2996//2945 2769//2719
f 2997//2946 2176//2134 2998//2947
f 2999//2948 2117//2077 2118//2078
f 559//551 3000//2949 560//552
f 1220//1201 2406//2362 2405//2361
f 1221//1202 1220//1201 2405//2361
f 2477//2433 3001//2950 128//128
f 3002//2951 2743//2693 3003//2952
f 2922//2870 660//650 741//727
f 1522//1495 1132//1113 1131//1112
f 2388//2344 3004//2953 3005//2954
f 3006//2955 2388//2344 3005//2954
f 3007//2956 3008//2957 3009//2958
f 332//328 3010//2959 333//329
f 3011//2960 260//258 945//929
f 1526//1499 428//422 427//421
f 3012//2961 1264//1244 2381//2337
f 2028//1989 3013//2962 3014//2963
f 3015//2964 1061//1042 3016//2965
f 3017//2966 2519//2473 2521//2475
f 2846//2797 2633//2584 1414//1391
f 1423//1400 1422//1399 1114//1095
f 3018//2967 2427//2383 2428//2384
f 554//546 3019//2968 555//547
f 1087//1068 1847//1812 3020//2969
f 1087//1068 3020//2969 1088//1069
f 2785//2735 981//966 983//968
f 3021//2970 2615//2566 2156//2115
f 3022//2971 3023//2972 2233//2191
f 585//577 2851//2802 3024//2973
f 426//420 2483//2439 2262//2219
f 3025//2974 3026//2975 2429//2385
f 3025//2974 2429//2385 2365//2321
f 2970//2919 1450//1427 3027//2976
f 3028//2977 3029//2978 1079//1060
f 583//575 585//577 3030//2801
f 2504//2459 242//242 3031//2979
f 3032//2980 2457//2413 523//515
s 0
f 711//2981 367//2981 370//2981
s 1
f 3033//2982 991//976 3034//2983
f 2236//2194 3035//2984 2237//2195
f 1138//1119 906//891 2027//1988
f 312//308 3036//2985 3037//2986
f 3038//2987 2824//2774 3039//2988
f 2967//2916 3040//2989 2254//2211
f 2967//2916 2254//2211 2253//2210
f 187//187 228//228 1601//1574
f 1402//1381 1127//1108 3041//2990
f 3042//2991 2073//2034 3043//2992
f 2232//2190 2114//2074 307//305
f 3044//2993 2847//2798 1196//1176
f 1641//1610 1339//1319 3045//2994
f 3046//2995 2534//2488 3047//2996
f 3048//2997 3049//2998 2997//2946
f 3048//2997 2997//2946 3050//2999
f 1758//1726 3051//3000 1759//1727
f 532//524 3052//3001 1862//1827
f 1049//1030 1048//1029 3053//3002
f 2120//2080 580//572 582//574
f 3054//3003 3055//3004 3056//3005
f 3057//3006 3058//3007 297//295
f 126//126 3059//3008 122//122
f 3060//3009 3061//3010 3062//3011
f 3063//3012 432//426 434//428
f 3064//3013 3063//3012 434//428
f 3065//3014 3066//3015 3067//3016
f 3068//3017 1222//1203 1225//1206
f 3068//3017 1225//1206 2756//2706
f 3015//2964 3016//2965 3069//3018
f 581//573 780//766 3070//3019
f 3071//3020 462//456 3072//3021
f 295//293 297//295 892//879
f 3004//2953 3073//3022 780//766
f 620//612 3074//3023 2084//2044
f 3075//3024 3076//3025 3077//3026
f 3078//3027 437//431 2335//2291
f 2311//2267 3079//3028 2312//2268
f 3080//3029 3081//3030 1812//1780
f 1507//1482 1150//1131 1149//1130
f 3082//3031 1745//1713 729//715
f 2597//2548 416//410 2661//2612
f 2569//2520 3083//3032 2570//2521
f 3084//3033 1975//1938 2417//2373
f 1994//1957 3085//3034 1995//1958
f 3086//3035 3087//3036 1528//1501
f 3088//3037 3089//3038 3090//3039
f 2061//2021 2060//2020 3091//3040
f 771//757 3092//3041 772//758
f 331//327 3052//3001 532//524
f 3093//3042 1556//1529 155//155
f 3094//3043 3095//3044 1196//1176
f 3096//3045 3097//3046 715//701
f 3098//3047 1544//1517 1655//1624
f 2099//2059 2299//2255 2298//2254
f 3099//3048 2773//2723 2774//2724
f 1352//1332 2411//2367 3100//3049
s 0
f 3101//435 3102//3050 3103//3050
s 1
f 714//700 713//699 3104//3051
f 3105//3052 1876//1842 1094//1075
f 3106//3053 1560//1533 3107//3054
f 2090//2050 1963//1926 1962//1925
f 2090//2050 1962//1925 2466//2422
f 1840//1805 3108//3055 1841//1806
f 884//871 3109//3056 1057//1038
f 3110//3057 3111//3058 3112//3059
f 3113//3060 3114//3061 2527//2481
f 208//208 3113//3060 2527//2481
s 0
f 3115//3062 1935//3062 3116//3062
s 1
f 3117//3063 3021//2970 924//908
f 1172//1153 1174//1155 1955//1918
f 2773//2723 3118//3064 2584//2535
f 3119//3065 3120//3066 3121//3067
f 1559//1532 3122//3068 1850//1815
f 381//377 3123//3069 382//378
f 3124//3070 1390//1369 1659//1628
f 3125//3071 3126//3072 731//717
f 2366//2322 2575//2526 2608//2559
f 3127//796 2993//2942 2620//2571
f 3127//796 2620//2571 1764//1732
f 3013//2962 1547//1520 1368//1348
f 3128//3073 363//359 362//358
f 3129//3074 3130//3075 3131//3076
f 1175//1156 3132//3077 2307//2263
f 3133//3078 3134//3079 3135//3080
f 3133//3078 3135//3080 2343//2299
f 2139//2098 1336//1316 2140//2099
f 771//757 770//756 3136//3081
f 771//757 3136//3081 3137//3082
f 2186//2144 3138//3083 1775//1743
f 2456//2412 2457//2413 2501//2456
f 3139//3084 3140//3085 3141//3086
f 2762//2712 1668//1635 1187//1167
f 2762//2712 1187//1167 2995//2944
f 282//280 1152//1133 2786//2736
f 447//441 1737//1705 448//442
f 3142//3087 3143//3088 2601//2552
f 259//257 261//259 3144//3089
f 3145//3090 3146//3091 2540//2494
f 3147//3092 3148//3093 1868//1833
f 2098//2058 565//557 1177//1158
f 1403//1382 3149//3094 3150//3095
f 1055//1036 1403//1382 3150//3095
f 3151//3096 2479//2435 2047//2008
f 2046//2007 3151//3096 2047//2008
f 3152//3097 923//907 1216//1197
f 3153//3098 2272//2229 1639//1608
f 1937//1900 3154//3099 3155//3100
f 1032//1013 3156//3101 1033//1014
f 2399//2355 1269//1249 3157//3102
f 3158//3103 2399//2355 3157//3102
f 1944//1907 2524//2478 3159//3104
f 479//473 1414//1391 3160//3105
f 555//547 3061//3010 3060//3009
f 2420//2376 555//547 3060//3009
f 1602//1575 2143//2102 1603//1576
f 3161//3106 1791//1759 3162//3107
f 760//746 1694//1658 2908//2858
f 1309//1289 1947//1910 1310//1290
f 3163//3108 1883//1849 1882//1848
f 3164//3109 1769//1737 3165//3110
f 3166//3111 1783//1751 3167//3112
f 157//157 2374//2330 3093//3042
f 949//933 948//932 3168//3113
f 1665//1632 3169//3114 1666//1633
f 3170//3115 3171//3116 3172//3117
f 3173//3118 3174//3119 3175//3120
f 3176//3121 3177//3122 3178//3123
s 0
f 3179//3124 3180//3125 2285//3124
s 1
f 3181//3126 1237//1217 3182//3127
f 1035//1016 3183//3128 3184//3129
f 2518//2472 3185//3130 3118//3064
f 581//573 3122//3068 1559//1532
f 1654//1623 3186//3131 3187//3132
f 1581//1554 2150//2109 1288//1268
f 804//791 803//790 1084//1065
f 3188//3133 2292//2248 2291//2247
f 1252//1232 1306//1286 3189//3134
f 3190//3135 3009//2958 3191//3136
f 3192//3137 3193//3138 3194//3139
f 3092//3041 1283//1263 772//758
f 3195//3140 3196//3141 1216//1197
f 2955//2904 1342//1322 3197//3142
f 872//859 3198//3143 3199//3144
f 3200//3145 3201//3146 3202//3147
f 3203//3148 3204//3149 3205//3150
f 1767//1735 483//477 1768//1736
f 2603//2554 3206//3151 2604//2555
f 2940//2888 3207//3152 2277//2234
f 3208//3153 2542//2496 3163//3108
f 3209//3154 3210//3155 3211//3156
f 3212//3157 2539//2493 3106//3053
s 0
f 3213//3158 2914//3158 2913//3158
s 1
f 3214//3159 3215//3160 3216//3161
f 2678//2627 3217//3162 1153//1134
s 0
f 3218//3163 808//3164 3219//3165
s 1
f 1622//1593 1140//1121 3220//3166
f 3221//3167 3222//3168 3223//3169
f 3224//3170 886//873 888//875
f 1948//1911 2269//2226 2788//2738
f 2835//2784 2291//2247 2290//2246
f 3225//3171 2136//2096 1185//1165
f 1401//1380 3226//3172 3227//3173
f 1570//1543 1496//1471 1498//1473
f 2355//2311 3228//3174 1580//1553
f 3229//3175 283//281 1420//1397
s 0
f 2828//3176 3230//3176 2829//3176
s 1
f 3231//3177 1296//1276 3232//3178
f 3233//3179 3234//3180 3235//3181
f 511//504 3236//3182 2728//2677
f 3237//3183 3238//3184 1388//1367
f 660//650 3239//3185 3240//3186
f 3241//3187 3242//3188 3243//3189
f 1906//1870 3244//3190 980//965
f 3245//3191 3246//3192 1353//1333
f 1322//1302 3247//3193 2202//2161
f 3009//2958 3008//2957 3248//3194
f 3249//3195 588//580 3250//3196
f 3096//3045 1908//1872 3251//3197
f 3032//2980 2648//2599 2457//2413
f 3252//3198 3253//3199 3254//3200
f 2787//2737 2499//2454 3255//3201
f 2934//2882 3256//3202 391//387
f 1285//1265 1284//1264 3257//3203
f 1144//1125 2497//2452 3258//3204
f 3259//3205 3260//3206 1053//1034
f 2756//2706 2329//2285 3261//1655
f 3262//3207 603//595 605//597
f 3263//3208 2302//2258 1118//1099
f 1043//1024 3264//3209 3265//3210
f 3266//3211 3267//3212 3268//3213
f 2683//2632 1853//1818 1142//1123
s 0
f 1371//3214 3269//3214 3270//3214
s 1
f 3271//3215 3272//3216 3273//3217
s 0
f 2321//3218 3274//3219 3275//3220
s 1
f 1989//1952 1988//1951 2821//2771
f 510//503 3236//3182 511//504
f 3163//3108 3276//3221 1883//1849
f 3277//3222 2719//2667 3278//3223
f 3279//3224 3280//3225 3281//3226
f 2356//2312 2357//2313 3081//3030
f 2160//2119 1231//1192 3282//2903
s 0
f 2665//2762 2716//2762 440//2762
s 1
f 1197//1177 3283//3227 1698//1662
f 3284//3228 490//483 493//486
f 1589//1562 3284//3228 493//486
f 454//448 2240//2198 455//449
f 3285//3229 2376//2332 2378//2334
f 2750//2700 2598//2549 2599//2550
f 2278//2235 2196//2155 1049//1030
f 3286//3230 3287//3231 3288//3232
f 907//892 3289//3233 3290//3234
f 3291//2603 2561//1852 2562//2515
f 3292//3235 3293//3236 482//476
f 3043//2992 642//634 3294//3237
f 600//592 880//867 2685//2634
f 1230//1211 1229//1210 3072//3021
f 1426//1403 1425//1402 3295//3238
f 3296//3239 3297//3240 1706//1670
f 2355//2311 2525//2479 987//972
f 1990//1953 3298//3241 1991//1954
f 3299//3242 3300//3243 3301//3244
f 3302//3245 3303//3246 748//734
f 177//177 174//174 2183//2141
f 3304//3247 1150//1131 1507//1482
f 3305//3248 2441//2397 296//294
f 376//372 2596//2547 3306//3249
f 3307//1213 3308//3250 1690//3251
f 3309//3252 1089//1070 1088//1069
f 3310//3253 3311//3254 3312//3255
f 3310//3253 3312//3255 3313//3256
f 1911//1875 3314//3257 1912//1876
f 3315//3258 2912//2862 491//484
f 490//483 3315//3258 491//484
f 3316//3259 1764//1732 1763//1731
f 3317//3260 3318//3261 3319//3262
f 2350//2306 3320//3263 2351//2307
f 3023//2972 2909//2859 3321//3264
f 1632//1601 3187//3132 426//420
f 3322//3265 3323//3266 3085//3034
f 1297//1277 3324//3267 1329//1309
f 522//514 3325//3268 3032//2980
f 2919//3269 3326//3270 3327//3271
f 3328//3272 3329//3273 3330//3274
f 3331//3275 3332//3276 1253//1233
f 2668//2619 3331//3275 1253//1233
f 3211//3156 3333//3277 3334//3278
f 149//149 151//151 3335//3279
f 3336//3280 3337//3281 196//196
f 3336//3280 196//196 198//198
f 2861//2813 3338//3282 3339//3283
f 2356//2312 3081//3030 3080//3029
f 2748//2698 2356//2312 3080//3029
f 3340//3284 3288//3232 3341//3285
f 3342//3286 3343//3287 2975//2924
f 3344//3288 1673//1639 1674//1640
s 0
f 3274//3289 2022//3289 3345//3289
s 1
f 1677//1643 1702//1666 1678//1644
f 284//282 1451//1428 264//262
f 3346//3290 3347//3291 3348//3292
f 3349//3293 71//71 72//72
f 3350//3294 3351//3295 401//395
f 3128//3073 3352//3296 3353//3297
f 2863//2815 1656//1625 1655//1624
f 599//591 3354//3298 880//867
f 3355//3299 3356//3300 3357//3301
f 3358//3302 3359//3303 192//192
f 2450//2406 3360//3304 1763//1731
f 3196//3141 2999//2948 3152//3097
f 1656//1625 2863//2815 3361//3305
f 1656//1625 3361//3305 3362//3306
f 2775//2725 3363//3307 3356//3300
s 0
f 3364//3308 3365//3308 398//3308
s 1
f 1693//1657 1331//1311 3366//3309
f 1342//1322 1499//1474 3197//3142
f 2265//2222 1064//1045 2266//2223
f 3367//3310 3145//3090 3368//3311
f 835//822 3056//3005 3369//3312
f 3249//3195 3250//3196 2879//2829
f 3370//3313 642//634 3043//2992
f 1634//1603 613//605 2853//2805
f 3371//3314 3372//3315 3373//3316
f 1941//1904 2486//2442 1942//1905
f 3374//3317 3375//3318 3376//3319
f 2397//2353 1606//1579 1574//1547
f 892//879 3377//3320 774//760
f 3378//3321 1494//1469 3379//3322
f 907//892 1249//1229 3380//3323
f 762//748 777//763 763//749
s 0
f 1511//3324 2068//3324 1512//3324
s 1
f 3381//3325 679//669 2740//2690
f 1186//1166 618//610 3382//3023
f 3089//3038 1716//1681 1715//1680
f 3383//3326 3089//3038 1715//1680
f 626//618 2678//2627 3384//3327
s 0
f 1610//3328 3385//3328 1766//3329
s 1
f 2937//2885 48//48 47//47
f 2039//2000 3386//3330 3387//3331
f 2368//2324 3388//3332 3389//1983
f 343//339 1804//1772 801//788
s 0
f 2870//3333 1837//3333 3390//3333
s 1
f 2449//2405 2588//2539 3391//3334
f 3392//3335 3393//3336 3394//3337
f 3395//3338 2229//2187 2089//2049
f 806//793 1929//1893 3396//3339
f 2121//2081 2713//2662 2714//2663
f 2451//2407 2621//2572 3397//3340
f 3398//3341 1619//1590 1622//1593
f 3398//3341 1622//1593 3399//3342
f 3400//3343 1376//1355 1378//1357
f 3401//3344 3400//3343 1378//1357
f 3402//3345 255//253 258//256
f 3403//3346 1809//1777 1808//1776
f 288//286 287//285 3404//3347
f 2187//2145 1775//1743 1777//1745
f 3405//3348 3252//3198 3254//3200
f 508//501 409//403 408//402
f 3406//3349 3407//3350 463//457
f 3408//3351 1547//1520 3013//2962
f 2723//2673 3409//3352 3410//3353
f 507//500 1758//1726 409//403
f 3411//3354 3412//3355 3413//3356
f 571//563 2319//2275 2632//2583
f 1762//1730 3414//3357 2026//1987
f 1762//1730 2026//1987 3415//3358
f 3416//3359 3417//3360 30//30
f 3418//3361 3419//3362 3420//3363
f 2166//2125 1228//1209 1230//1211
f 3421//3364 2322//2278 3422//3365
f 168//168 167//167 1718//1683
f 909//894 3423//3366 3424//3367
f 2503//2458 534//526 3425//3368
f 1896//1860 3426//3369 1440//1417
f 696//684 3427//3370 3428//3371
f 3429//3372 3430//3373 3431//3374
f 3432//3375 3433//3376 2395//2351
f 3434//3377 3435//3378 3040//2989
f 3436//3379 1035//1016 1037//1018
f 351//347 2650//2601 3437//3380
f 3438//3381 3232//3178 3439//3382
s 0
f 2716//3050 3440//3383 441//3384
s 1
f 617//609 3007//2956 3441//3348
f 2324//2280 2323//2279 3442//3385
f 1868//1833 3443//3386 943//927
f 1274//1254 2516//2470 2510//2464
f 3186//3131 3444//3387 3187//3132
f 3445//3388 3446//3389 1790//1758
f 1015//1000 1014//999 2043//2004
f 2841//2790 2883//2833 2842//2791
f 3447//3390 3448//3391 3449//3392
f 3450//3393 3451//3394 1013//998
f 3452//3395 3453//3396 214//214
f 2749//2699 640//632 1939//1902
f 279//277 2079//2039 2078//2038
f 495//488 2912//2862 496//489
f 1745//1713 1744//1712 729//715
f 851//838 524//516 527//519
f 3454//3397 851//838 527//519
f 3030//2801 585//577 3024//2973
f 1110//1091 1504//1479 1877//1843
f 3455//3398 831//818 1397//1376
f 3455//3398 1397//1376 2907//2857
f 3456//3399 3457//3400 3003//2952
f 3276//3221 2544//2498 3458//3401
f 3459//3402 2794//2744 2463//2419
f 3460//3403 3461//3404 1673//1639
f 3462//3405 578//570 577//569
f 3463//3406 3464//3407 3465//3408
f 3463//3406 3465//3408 3466//3409
f 3438//3381 3439//3382 849//836
f 2190//2149 3467//3410 2191//2150
f 3184//3129 2216//2174 1036//1017
f 2992//2941 3468//3411 2993//2942
f 1373//1352 3469//3412 1216//1197
f 3436//3379 1037//1018 317//313
s 0
f 3470//2820 2868//2820 2870//2820
s 1
f 1015//1000 2043//2004 3471//3413
f 2474//2430 3472//3414 1454//1431
f 1225//1206 1224//1205 2329//2285
f 3473//3415 3268//3213 3474//3416
f 1981//1944 3475//3417 2660//2611
f 3476//3418 2203//2162 3477//3419
f 1245//1225 614//606 613//605
f 1289//1269 3478//3420 2039//2000
f 611//603 714//700 3479//3421
f 1436//1413 3031//2979 896//883
f 3480//3422 1619//1590 3398//3341
f 2325//2281 2442//2398 2055//2015
f 1636//1605 1638//1607 3481//3423
f 995//980 3482//3424 3483//3425
f 2120//2080 582//574 3484//3426
f 3485//3427 3486//3428 3487//3429
f 3488//3430 3489//3431 826//813
f 838//825 3490//3432 839//826
f 3491//3433 1067//1048 3492//3434
f 1177//1158 3493//3435 1078//1059
f 2441//2397 1201//1181 296//294
f 1979//1942 3494//3436 2045//2006
f 1476//1453 1478//1455 2058//2018
f 3495//3437 2373//2329 3496//3438
f 785//772 1561//1534 1563//1536
f 786//773 785//772 1563//1536
f 2538//2492 2537//2491 2957//2906
f 3497//3439 3498//3440 3499//3441
f 3500//3442 3182//3127 3501//3443
f 3502//3444 118//118 98//98
f 352//348 3503//3445 3504//3446
f 1110//1091 3505//3447 1502//1477
f 3306//3249 1958//1921 1957//1920
f 1621//1592 3506//3448 1140//1121
f 3507//3449 1459//1436 3508//3450
f 720//706 2259//2216 3509//3451
f 3510//3452 1677//1643 3208//3153
f 3511//3453 2336//2292 3027//2976
f 2651//2602 2652//2603 3512//3454
f 3513//3455 3514//3456 3058//3007
f 3057//3006 3513//3455 3058//3007
f 2808//2758 3515//3457 3516//3458
f 2808//2758 3516//3458 3517//3459
f 3415//3358 2026//1987 3518//3460
f 859//846 2878//2828 946//930
f 3519//3461 1969//1932 1968//1931
f 3520//3462 3521//3463 3522//3464
f 3520//3462 3522//3464 3523//3465
f 1328//1308 1531//1504 1089//1070
f 3524//3466 3263//3208 3525//3467
f 1205//1185 1204//1184 3526//3468
f 200//200 3527//3469 3528//3470
f 3529//3471 3530//3472 1692//1656
f 3531//3473 269//267 2073//2034
f 3531//3473 2073//2034 3532//3474
f 3533//3475 1657//1626 2888//2838
f 3534//3476 3535//3477 3536//3478
f 2616//2567 3537//3479 472//466
f 242//242 238//238 1095//1076
f 2113//2073 2112//2072 3538//3480
f 3539//3481 979//964 978//963
f 547//539 3540//3482 301//299
f 3541//3483 1625//1299 2846//2797
f 3513//3455 1100//1081 1099//1080
f 3542//3484 3543//3485 3544//3486
f 3545//3487 3542//3484 3544//3486
f 442//436 789//776 2666//2617
f 681//671 3546//3488 3547//3489
f 1902//1866 3548//3490 3549//3491
f 3550//3492 522//514 521//513
f 2308//3493 3551//3494 3552//1162
f 620//612 3553//3495 3074//3023
f 2137//2097 2298//2254 3554//3496
f 1884//1850 2051//1227 2050//2011
f 3555//3497 3556//3498 3557//3499
f 417//411 3555//3497 3557//3499
f 3558//3500 3559//3501 3560//3502
s 0
f 3561//1968 2006//1968 2008//1968
s 1
f 3562//3503 3271//3215 3267//3212
f 3091//3040 3563//3504 3564//3505
f 1953//1916 3565//3506 1954//1917
f 1151//1132 823//810 822//809
f 1679//1645 2543//2497 2542//2496
f 3077//3026 3566//3507 3567//3508
f 3568//3509 701//689 2705//2654
f 3569//3510 3570//3511 3571//3512
s 0
f 1873//3513 2721//3514 3365//492
s 1
f 3572//3515 3573//3516 3574//3517
f 1627//1596 2084//2044 658//648
f 3575//3518 899//886 2760//2710
f 240//240 239//239 2638//2589
f 1323//1303 2201//2160 2114//2074
f 3468//3411 3576//3519 3577//3520
f 243//243 3578//3521 239//239
f 241//241 243//243 239//239
f 1292//1272 3579//3522 1293//1273
f 3207//3152 2967//2916 2253//2210
f 3207//3152 2253//2210 2277//2234
f 3580//3523 3581//3524 3582//3525
f 953//937 952//936 3583//3526
f 357//353 3584//3527 278//276
f 352//348 354//350 3503//3445
f 3260//3206 700//688 846//833
f 3585//3528 2265//2222 1697//1661
f 366//362 365//361 2593//2544
f 3586//3529 3587//3530 3588//3531
f 3088//3037 3090//3039 2393//2349
f 3589//3532 3590//3533 1740//1708
f 330//326 912//897 3591//3534
f 3592//3535 276//274 424//418
f 3593//3536 3594//3537 147//147
f 1822//1790 3593//3536 147//147
f 3595//3538 3596//3539 2301//2257
f 3597//3540 3404//3347 3598//3541
f 3599//3542 3456//3399 2443//2399
f 927//911 2942//2890 2571//2522
f 3600//3543 1074//1055 3601//3544
f 2731//2680 3600//3543 3601//3544
f 2458//2414 3602//3545 2459//2415
f 1463//1440 120//120 122//122
f 269//267 2074//2035 2073//2034
f 3603//3546 106//106 103//103
f 223//223 3604//3547 3605//3548
f 214//214 223//223 3605//3548
f 2201//2160 2111//2071 2114//2074
f 2265//2222 3606//3549 3607//3550
s 0
f 3608//3551 310//3551 3609//3551
s 1
f 1824//1792 1258//1238 1257//1237
f 1262//1242 1261//1241 3610//3552
f 164//164 163//163 641//633
f 3591//3534 912//897 3611//1747
f 2135//2095 2134//2094 205//205
f 2135//2095 205//205 674//664
f 3612//3553 3613//3554 2304//2260
f 3132//3077 3612//3553 2304//2260
f 3244//3190 3614//3555 3615//3556
f 1737//1705 3616//3557 2972//2921
f 2760//2710 3617//3558 2291//2247
f 3618//3559 314//310 316//312
f 301//299 3540//3482 302//300
f 3446//3389 1631//1600 3214//3159
f 1034//1015 3381//3325 3619//3560
f 1693//1657 3366//3309 3620//3561
f 1693//1657 3620//3561 1694//1658
f 3363//3307 2711//2660 2710//2659
f 3621//3562 3622//3563 335//331
f 466//460 465//459 3623//3564
f 466//460 3623//3564 3051//3000
f 3537//3479 3624//3565 473//467
f 2058//2018 2379//2335 1671//3566
f 2312//2268 3625//3567 3626//3568
f 3627//3569 548//540 3628//3570
f 2741//2691 500//493 502//495
f 1370//1350 2831//2781 2833//780
f 1238//1218 3629//3571 2251//2208
f 3630//3572 1334//1314 2326//2282
f 2471//2427 1895//1859 3631//3573
f 3632//3574 1685//1651 1688//1654
s 0
f 498//3575 3364//3575 3633//3575
s 1
f 1046//1027 1521//1494 476//470
f 3634//3576 2303//2259 1065//1046
f 3635//3577 3636//3578 3637//3579
f 2341//2297 2769//2719 2996//2945
f 1829//1796 696//684 1039//1020
f 3169//3114 3638//3580 3639//3581
f 3169//3114 3639//3581 3640//3582
f 2634//2585 2562//2515 689//679
f 2128//2088 1244//1224 2129//2089
f 3349//3293 493//486 2145//2104
f 3349//3293 2145//2104 71//71
f 749//735 1741//1709 3641//3583
f 453//447 2221//2179 1354//1334
f 1059//1040 3575//3518 2835//2784
f 556//548 555//547 1827//1794
f 586//578 588//580 3249//3195
f 3642//3584 3643//3585 1617//1588
f 3644//3586 385//381 3645//3587
f 3646//3588 1781//1749 2260//2217
f 3362//3306 3647//3589 2827//2777
f 3648//3590 2795//2745 3649//3591
f 3650//3592 3651//3593 3652//3594
f 658//648 3653//3595 659//649
f 955//939 1579//1552 3654//3596
f 3655//3597 3656//3598 1364//1344
f 3373//3316 2742//2692 950//934
f 3424//3367 3657//3599 3658//3600
f 3659//3601 2207//2166 1650//1619
f 1649//1618 3659//3601 1650//1619
f 3660//3602 2384//2340 2383//2339
f 2384//2340 3661//3603 2831//2781
f 3655//3597 1364//1344 1366//1346
f 1355//1335 3655//3597 1366//1346
f 1422//1399 3662//3604 1114//1095
f 855//842 2251//2208 3629//3571
f 855//842 3629//3571 856//843
f 3663//3605 3664//3606 2918//3607
f 3665//3608 2962//2911 3666//3609
f 3667//3610 3668//3611 1120//1101
f 3669//3612 3670//3613 496//489
f 736//722 3671//3614 3672//3615
f 3673//3616 3496//3438 3674//3617
f 3675//3618 3676//3619 2432//2388
f 1216//1197 1416//1393 1374//1353
f 2816//2766 2818//2768 3677//3620
f 3678//3621 2816//2766 3677//3620
f 2312//2268 3069//3018 3625//3567
f 659//649 3679//3622 3680//3623
f 1454//1431 3472//3414 546//538
s 0
f 3388//3624 3681//3624 3621//3624
s 1
f 424//418 2518//2472 3682//3625
f 2269//2226 2700//2649 3683//3626
f 1281//1261 414//408 3684//3627
f 3685//3628 3686//3629 3687//3630
f 484//478 3688//3631 485//479
f 3689//3632 1172//1153 1955//1918
f 870//857 3429//3372 3690//3633
f 868//855 870//857 3690//3633
f 873//860 3691//3634 3692//3635
f 3693//3636 2038//1999 2040//2001
f 2198//2157 3153//3098 1639//1608
f 946//930 2878//2828 2708//2657
f 503//496 3694//3637 504//497
f 653//645 652//644 947//931
f 711//3638 370//996 2199//2158
f 3695//3639 3336//3280 1642//1611
f 2188//2147 2311//2267 2313//2269
f 660//650 659//649 3680//3623
f 3696//3640 3697//3641 3698//3642
f 3696//3640 3698//3642 2376//2332
f 3699//3643 1195//1175 3700//3644
f 963//948 3701//3645 3702//3646
f 3703//3647 1347//1327 1346//1326
f 3704//3648 3705//3649 2897//2847
f 93//93 232//232 1472//1449
f 3706//3650 3111//3058 3707//3651
f 2625//2576 3706//3650 3707//3651
f 3708//3652 3709//3653 3710//3654
f 1102//1083 1101//1082 2118//2078
f 1725//1690 2368//2324 3389//1983
f 2527//2481 3114//3061 3711//3655
f 3560//3502 3712//3656 3713//3657
f 1063//1044 3129//3074 3579//3522
f 3714//3658 1063//1044 3579//3522
f 2663//2614 3715//3659 3716//3660
f 3717//3661 2663//2614 3716//3660
f 996//981 995//980 3483//3425
f 2361//2317 3718//3662 2362//2318
s 0
f 2065//3663 832//3663 3719//3663
s 1
f 907//892 909//894 3289//3233
f 3720//3664 1509//1484 1508//1483
f 1577//1550 394//390 1578//1551
f 2382//2338 3721//3665 2487//2443
f 3256//3202 3344//3288 2173//2131
f 341//337 2879//2829 1290//1270
f 1152//1133 3722//3666 2784//2734
f 3723//3667 3724//3668 3725//3669
f 3663//3605 3726//3670 3727//3671
f 3663//3605 3727//3671 3664//3606
f 3728//3672 3729//3673 3237//3183
f 2943//2891 764//750 3730//3674
f 3731//3675 3732//3676 3733//3677
f 3734//3678 1538//1511 1537//1510
f 3735//3679 2396//2352 3736//3680
f 3702//3646 3355//3299 3357//3301
f 2606//2557 3737//3681 3738//3682
f 3074//3023 3553//3495 603//595
f 3739//3683 972//957 3740//3684
f 3736//3680 3539//3481 3741//3685
f 2066//2027 3742//3686 2067//2028
f 1033//1014 678//668 677//667
f 3743//3687 1595//1568 621//613
f 1141//1122 2187//2145 2455//2411
f 3092//3041 3744//3688 3745//3689
f 3746//3690 3092//3041 3745//3689
f 2850//2801 3742//3686 3747//3691
f 3748//3692 571//563 573//565
f 976//3693 3749//3694 3750//3695
f 3751//3696 3752//3697 3447//3390
f 2941//2889 3047//2996 3753//3698
f 3478//3420 3386//3330 2039//2000
f 425//419 3682//3625 3754//3699
s 0
f 1890//3700 1182//3700 3755//3700
s 1
f 819//806 818//805 2504//2459
f 3239//3185 3680//3623 3154//3099
f 3756//3701 2654//2605 1760//1728
f 3757//3702 1708//1672 3296//3239
f 3758//3703 3759//3704 3760//3705
f 3674//3617 2496//2451 3761//3706
f 3762//3707 2419//2375 2088//2048
f 3054//3003 3056//3005 3763//3708
f 3148//3093 3764//3709 3443//3386
f 1709//1674 3765//3710 1202//1182
f 1549//1522 1815//1783 2399//2355
f 2638//2589 2921//2869 2920//2868
f 2293//2249 2581//2532 2294//2250
f 1838//769 1672//769 1836//1802
f 3766//3711 3767//3712 1616//1587
f 883//870 885//872 3768//3713
f 551//543 2571//2522 340//336
f 1803//1771 533//525 3769//3714
f 1993//1956 3770//3715 3771//3716
f 2796//2746 3772//3717 2797//2747
f 3773//3718 1592//1565 1261//1241
f 552//544 733//719 1711//1676
f 552//544 1711//1676 3774//3719
f 3775//3720 3033//2982 3776//3721
f 197//197 3337//3281 3777//3722
f 221//221 197//197 3777//3722
f 3504//3446 3778//3723 1953//1916
f 1608//1581 2056//2016 1670//3724
f 3228//3174 1191//1171 1581//1554
f 3676//3619 3779//3725 2860//2812
f 1733//1701 3780//3726 1734//1702
f 2650//2601 787//774 361//357
f 3781//3727 3782//3728 3783//3729
f 2878//2828 2619//2570 2708//2657
f 3784//3730 3587//3530 3586//3529
f 3785//3731 3784//3730 3586//3529
s 0
f 396//3732 3750//3732 397//3732
s 1
f 460//454 459//453 2490//3733
f 2152//2111 3786//3734 2137//2097
f 3787//3735 3788//3736 3789//2044
s 0
f 2592//3737 2591//3737 3790//3737
s 1
f 3791//3738 2295//2251 3792//3739
f 3333//3277 1412//1389 2245//2203
f 2247//2205 3793//3740 2248//2206
f 2767//2717 3794//3741 3795//3742
f 1671//3566 2056//2016 2058//2018
f 2307//2263 2306//2262 2418//2374
f 3796//3743 2469//2425 2471//2427
f 3797//3744 3798//3745 3799//3746
f 2487//2443 3800//3747 2488//2444
f 3801//3748 3761//3706 3802//3749
f 1915//1879 1914//1878 3803//3750
f 1571//1544 1573//1546 2888//2838
f 3675//3618 2432//2388 2431//2387
f 3804//3751 3805//3752 3549//3491
f 2212//2171 1597//1570 1596//1569
f 1487//1462 3806//3753 2499//2454
f 3469//3412 1373//1352 3807//3754
f 3808//3755 3809//3756 3810//3757
f 3811//3758 3812//3759 3813//3760
f 3811//3758 3813//3760 3814//3761
f 3629//3571 557//549 856//843
f 2553//2507 1309//1289 1311//1291
f 137//137 139//139 3815//3762
f 137//137 3815//3762 3816//3763
f 2417//2373 1341//1321 1343//1323
f 972//957 3817//3764 1157//1138
f 972//957 1157//1138 245//245
f 973//958 245//245 244//244
f 2717//2665 1442//1419 3572//3515
f 3818//3765 3255//3201 3701//3645
f 2960//2909 274//272 3819//3766
f 3261//1655 3820//3767 1787//1755
f 2208//2167 3821//3768 2209//2168
f 3822//3769 2015//1975 2017//1977
f 2044//2005 2045//2006 3519//3461
f 3823//3770 3824//3771 3825//3772
f 3826//3773 1922//1886 3827//3774
f 2109//2069 3828//3775 2110//2070
s 0
f 3829//3776 1889//3776 1891//571
s 1
f 2664//2615 3830//3777 1531//1504
f 1545//1518 3311//3254 3310//3253
f 1546//1519 1545//1518 3310//3253
f 3831//3778 2754//2704 3832//3779
f 1023//1006 1435//1412 1434//1411
f 3833//3780 3834//3781 3835//3782
f 3836//3783 3567//3508 3573//3516
f 2800//2750 3837//3784 3838//3785
f 3839//3786 2800//2750 3838//3785
f 2871//2822 932//916 3840//3787
f 3841//2028 497//490 3842//3788
f 617//609 616//608 3007//2956
f 1535//1508 2623//2574 2625//2576
f 3843//3789 3844//3790 2946//2894
f 3843//3789 2946//2894 3845//3791
f 1003//988 1801//1769 3846//3792
f 3847//3793 1003//988 3846//3792
f 588//580 3508//3450 3250//3196
f 3741//3685 3848//3794 811//798
f 1325//1305 576//568 590//582
f 3849//3795 2095//2055 3850//3796
f 1501//1476 2242//2200 3565//3506
f 315//311 3851//3797 3852//3798
f 3853//3799 3652//3594 420//414
f 3854//3800 3855//3801 1643//1612
f 3856//3802 3854//3800 1643//1612
s 0
f 1766//3803 3857//3803 2631//3803
s 1
f 869//856 3631//3573 870//857
f 2316//2272 3858//3804 2317//2273
f 3120//3066 3265//3210 3121//3067
f 3859//3805 2549//2503 3028//2977
f 1081//1062 1080//1061 3860//3806
s 0
f 901//887 3116//887 3861//887
s 1
f 2641//2592 2640//2591 2806//2756
f 1848//1813 1847//1812 1087//1068
f 1276//1256 3862//3807 2518//2472
f 3863//3808 3067//3016 788//775
f 3401//3344 1378//1357 3864//3809
f 3865//3810 2192//2151 2194//2153
f 727//713 2476//2432 728//714
f 3866//3811 1563//1536 1556//1529
f 3867//3812 1505//1480 597//589
f 2754//2704 554//546 556//548
f 2754//2704 556//548 1828//1795
f 3868//3813 3869//3814 3870//3815
f 3871//3816 3872//3817 3873//3818
f 3314//3257 3874//3819 1518//1491
f 3875//3820 162//162 161//161
f 3875//3820 161//161 3876//3821
f 1737//1705 1736//1704 3616//3557
f 2575//2526 2531//2485 2024//1985
f 2609//2560 2575//2526 2024//1985
f 3877//3822 3878//3823 3879//3824
f 336//332 3877//3822 3879//3824
s 0
f 3755//3825 1182//3825 2308//3825
s 1
f 221//221 3777//3722 222//222
f 1155//1136 3880//3826 2367//2323
f 3347//3291 3881//3827 3882//3828
f 3883//3829 3884//3830 724//710
f 1996//1959 3885//3831 1994//1957
f 2414//2370 2415//2371 3886//3832
f 2209//2168 2282//2239 2284//2241
f 110//110 113//113 3887//3833
f 494//487 496//489 3670//3613
f 3888//3834 494//487 3670//3613
f 1179//1160 1156//1137 2222//2180
f 1179//1160 2222//2180 176//176
f 3889//3835 854//841 853//840
f 1939//1902 3889//3835 853//840
f 2541//2495 1072//1053 3890//3836
f 3623//3564 2541//2495 3890//3836
f 3703//3647 2522//2476 3828//3775
f 3891//3837 1587//1560 3892//3838
f 3893//3839 3066//3015 3065//3014
f 3894//3840 736//722 3672//3615
f 2755//2705 2757//2707 3895//3841
f 2576//2527 680//670 1905//1869
f 982//967 3896//3842 983//968
f 187//187 1601//1574 3897//3843
f 2389//2345 3898//3844 130//130
s 0
f 3899//3845 2869//3845 2868//3845
s 1
f 2425//2381 3648//3590 2426//2382
f 1188//1168 1190//1170 3328//3272
f 1287//1267 1581//1554 1288//1268
f 1198//1178 1197//1177 1698//1662
f 1785//1753 1165//1146 1168//1149
f 1616//1587 3499//3441 1617//1588
f 3900//3846 3901//3847 3902//3848
f 3900//3846 3902//3848 3903//3849
f 929//913 3904//3850 3905//3851
f 1920//1884 2284//2241 2283//2240
f 3906//3852 1920//1884 2283//2240
f 1418//1395 2667//2618 706//694
f 428//422 1526//1499 3907//3853
f 2643//2594 1128//1109 1432//1409
f 3908//3854 2643//2594 1432//1409
f 3171//3116 2875//2825 2874//2824
f 2798//2748 3909//3855 3676//3619
f 3910//3856 3911//3857 3912//3858
f 2067//2028 2924//2872 2068//2029
s 0
f 3913//3214 3180//3214 3914//3214
f 2505//3859 3913//3859 3914//3859
s 1
f 3915//3860 2917//2864 3916//3861
f 2583//2534 3520//3462 3523//3465
f 3533//3475 2889//2839 2053//2013
f 1584//1557 1229//1210 1228//1209
f 3917//3862 3918//3863 3919//3864
f 3550//3492 521//513 3920//3865
s 0
f 900//887 3116//887 901//887
s 1
f 1234//1214 267//265 463//457
f 3186//3131 807//794 3444//3387
f 3873//3818 520//512 2727//2676
f 3589//3532 1740//1708 748//734
f 2011//1971 2010//1970 3921//3866
f 3090//3039 2011//1971 3921//3866
f 1764//1732 2620//2571 1765//1733
f 3298//3241 3642//3584 3497//3439
f 297//295 3377//3320 892//879
f 2398//2354 3017//2966 2801//2751
f 1756//1724 2226//2184 3922//3867
f 1581//1554 1191//1171 3923//3868
f 906//891 866//853 3924//3869
f 335//331 3925//3870 336//332
f 3872//3817 3223//3169 517//509
f 3872//3817 517//509 520//512
f 3073//3022 528//520 3070//3019
f 3012//2961 3926//3871 1264//1244
f 2936//2884 763//749 3927//3872
f 1190//1170 3928//3873 2239//2197
f 1190//1170 2239//2197 3896//3842
f 3602//3545 3929//3874 509//502
f 3644//3586 3645//3587 3930//3875
f 2353//2309 3931//3876 2354//2310
f 3932//3877 1596//1569 3933//3878
f 3934//3879 2515//2469 3935//3880
f 525//517 1516//1489 3936//3881
f 3719//3882 834//821 311//307
f 3937//3883 1009//994 1008//993
f 1390//1369 3938//3884 1659//1628
f 3383//3326 3939//3885 3090//3039
f 3089//3038 3383//3326 3090//3039
f 713//699 2009//1969 2011//1971
f 713//699 2011//1971 3104//3051
f 3869//3814 3675//3618 2431//2387
f 3940//3886 3941//3887 3942//3888
f 666//656 1566//1539 3943//3889
f 1447//1424 2119//2079 2855//2807
f 3205//3150 3204//3149 3944//3890
f 3945//3891 3946//3892 3947//3893
f 1794//1762 2616//2567 472//466
f 2452//2408 1794//1762 472//466
f 1321//1301 1323//1303 2232//2190
f 1941//1904 2382//2338 2487//2443
s 0
f 3948//3894 3180//3894 3949//2461
s 1
f 3950//3895 3341//3285 2438//2394
f 2018//1978 3951//3896 2019//1979
f 3952//3897 3681//1704 3953//388
f 1494//1469 413//407 3379//3322
f 3214//3159 3216//3161 3352//3296
f 3954//3898 3214//3159 3352//3296
f 3728//3672 3237//3183 2930//2878
f 3955//3899 2035//1996 2037//1998
f 3956//3900 3340//3284 3950//3895
f 3525//3467 3263//3208 3957//3901
f 1345//1325 3083//3032 2569//2520
f 879//866 706//694 705//693
f 3810//3757 3809//3756 3958//3902
f 1384//1363 2715//2664 2692//2641
f 2752//2702 44//44 43//43
f 2649//2600 3959//3903 271//269
f 3729//3673 849//836 3960//3904
f 3384//3327 1385//1364 1170//1151
f 1842//1807 3961//3905 1843//1808
f 2981//2930 1859//1824 3956//3900
f 1294//1274 3962//3906 3151//3096
f 3963//3907 1294//1274 3151//3096
f 2416//2372 1050//1031 116//116
f 170//170 172//172 842//829
f 2892//2842 2945//2893 3964//3908
f 3832//3779 1828//1795 3965//3909
f 3832//3779 3965//3909 3176//3121
f 3966//3910 1289//1269 3967//3911
f 1898//1862 1055//1036 3150//3095
f 1478//1455 3955//3899 2549//2503
f 3968//3912 3070//3019 3969//3913
f 2581//2532 2293//2249 2574//2525
f 3970//3914 3971//3915 3972//3916
f 348//344 347//343 3973//3917
f 3884//3830 705//693 3974//3918
f 3764//3709 1443//1420 943//927
f 795//782 794//781 634//626
f 2599//2550 3258//3204 3450//3393
f 1159//1140 3932//3877 3975//3919
f 2827//2777 2790//2740 543//535
f 3666//3609 2964//2913 3976//3920
f 1344//1324 2696//2645 1345//1325
f 1469//1446 1468//1445 2802//2752
f 3977//3921 1285//1265 3257//3203
f 3977//3921 3257//3203 3978//3922
f 884//871 1057//1038 885//872
f 645//637 3979//3923 646//638
f 1410//1387 3980//3924 3981//3925
f 1486//1461 1485//1460 3982//3926
f 3597//3540 288//286 3404//3347
f 3983//3927 3984//3928 3985//3929
f 3985//3929 1476//1453 2057//2017
f 3902//3848 3986//3930 522//514
f 2942//2890 2820//2770 3987//3931
f 3006//2955 3005//2954 3988//3932
f 3871//3816 3989//3933 3872//3817
f 2884//2834 1250//1230 3990//3934
f 3991//3935 2830//2780 2829//2779
f 3024//2973 2851//2802 3992//3936
f 2891//2841 3993//3937 3994//3938
f 2430//2386 3995//3939 3996//3940
f 822//809 824//811 3722//3666
f 3571//3512 337//333 3997//3941
f 3744//3688 3120//3066 3119//3065
f 607//599 3720//3664 3998//3942
f 2178//2136 2177//2135 3833//3780
f 2178//2136 3833//3780 2194//2153
f 3999//3943 1426//1403 4000//3944
f 4001//3945 3999//3943 4000//3944
f 2024//1985 1907//1871 1909//1873
f 4002//3946 4003//3947 3082//3031
f 2294//2250 4004//3948 4005//3949
f 979//964 1906//1870 980//965
f 4006//1056 2923//2871 2067//2028
f 3869//3814 2431//2387 3870//3815
f 3119//3065 2469//2425 3796//3743
f 4007//3950 3085//3034 1994//1957
f 4008//3951 4009//3952 4010//3953
f 4008//3951 4010//3953 2012//1972
f 324//320 3099//3048 325//321
f 1203//1183 1565//1538 2681//2630
f 4011//3954 1013//998 1015//1000
f 249//249 4012//3955 4013//3956
f 3862//3807 3436//3379 3185//3130
f 2821//2771 3801//3748 4014//3957
f 281//279 1227//1208 282//280
f 1786//1754 1861//1826 3372//3315
f 3395//3338 3779//3725 3675//3618
f 1291//1271 2647//2598 353//349
f 4015//3958 2275//2232 4016//3959
f 3097//3046 3768//3713 1161//1142
f 1211//1191 1991//1954 4017//3960
s 0
f 3276//1850 3458//1850 1246//1850
s 1
f 2185//2143 2187//2145 1141//1122
f 1140//1121 2185//2143 1141//1122
f 1650//1619 4018//3961 1651//1620
f 4019//3962 3689//3632 1954//1917
f 4019//3962 1954//1917 3565//3506
f 3228//3174 1581//1554 1580//1553
f 3526//3468 4020//3963 889//876
f 236//236 233//233 2630//2581
f 3312//3255 4021//3964 2790//2740
f 2890//2840 2988//2937 4022//3965
f 2965//2914 3006//2955 3988//3932
f 4023//3966 3806//3753 1751//1719
f 379//375 4024//3967 1968//1931
f 1437//1414 1439//1416 4025//3968
f 3447//3390 1314//1294 3448//3391
f 3458//3969 1484//2821 1247//1227
f 1475//1452 1831//1798 4026//3970
f 1635//1604 1634//1603 2853//2805
f 1532//1505 550//542 549//541
f 4027//3971 4028//3972 1206//1186
f 1293//1273 4029//3973 1540//1513
f 3962//3906 1293//1273 1540//1513
f 1247//1227 4030//2973 1248//1228
f 4031//3974 4032//3975 3279//3224
f 2611//2562 2614//2565 1317//1297
s 0
f 4033//571 1076//3976 655//571
s 1
f 880//867 882//869 4034//3977
f 4035//3978 617//609 3441//3348
f 3927//3872 2265//2222 2264//2221
f 4036//3979 3873//3818 2727//2676
f 2111//2071 4037//3980 2112//2072
f 1548//1521 1814//1782 1549//1522
f 4025//3968 2013//1973 4038//3981
f 153//153 152//152 3311//3254
f 992//977 4039//3982 4040//3983
f 2828//2778 443//437 3230//3984
f 584//576 1283//1263 2850//2801
f 584//576 2850//2801 585//577
f 3414//3357 1138//1119 2027//1988
f 3414//3357 2027//1988 2026//1987
f 3636//3578 4041//3985 4042//3986
f 2668//2619 663//653 2669//2620
f 1963//1926 2838//2787 1964//1927
f 4043//3987 2295//2251 3791//3738
f 1052//1033 1054//1035 4044//3988
f 3453//3396 197//197 221//221
f 3453//3396 221//221 223//223
f 1862//1827 2041//2002 1167//1148
f 3071//3020 1234//1214 462//456
f 660//650 3680//3623 3239//3185
f 4045//3989 2697//2646 4046//3990
f 1168//1149 1167//1148 2041//2002
f 1861//1826 1168//1149 2041//2002
f 857//844 856//843 1618//1589
f 1370//1350 3269//3991 1371//781
f 2336//2292 439//433 3027//2976
f 2350//2306 4047//3992 2682//2631
f 4048//3993 3836//3783 1441//1418
f 4049//3994 1460//1437 4050//3995
f 2126//2086 4049//3994 4050//3995
f 3799//3746 1231//1192 2160//2119
f 447//441 1060//1041 1736//1704
s 0
f 1019//2732 1409//2732 1020//2732
s 1
f 2540//2494 4051//3996 1070//1051
f 3462//3405 4052//3997 578//570
f 2314//2270 2960//2909 3804//3751
f 2629//2580 4053//3998 4054//3999
f 3418//3361 3420//3363 4055//4000
f 4056//4001 3418//3361 4055//4000
f 2993//2942 2958//2907 2620//2571
f 1988//1951 3801//3748 2821//2771
f 3808//3755 3940//3886 4057//4002
f 1664//1631 3856//3802 1665//1632
f 4058//4003 1444//1421 1443//1420
f 3828//3775 451//445 2110//2070
f 1360//1340 2267//2224 4059//4004
f 3095//3044 2990//2939 3044//2993
f 3165//3110 1769//1737 2025//1986
f 3165//3110 2025//1986 4060//4005
f 4061//4006 3383//3326 1715//1680
f 1700//1664 3800//3747 1701//1665
f 4062//4007 4063//4008 1113//1094
f 2256//2213 3335//3279 2219//2177
f 1146//1127 1704//1668 930//914
f 4064//4009 3234//3180 3206//3151
f 4065//4010 4066//4011 1132//1113
f 4067//4012 4068//4013 4069//4014
f 2032//1993 2034//1995 1406//1385
f 1508//1483 2252//2209 3998//3942
s 0
f 3609//887 309//887 2873//887
s 1
f 437//431 3827//3774 438//432
f 3247//3193 4070//4015 4071//4016
f 3247//3193 4071//4016 4072//4017
f 3146//3091 3844//3790 3843//3789
f 2540//2494 3146//3091 3843//3789
f 2652//2603 4073//4018 4074//4019
f 4075//4020 4076//4021 26//26
f 4075//4020 26//26 62//62
f 1657//1626 1571//1544 2888//2838
f 4077//4022 4078//4023 4079//4024
f 4080//4025 1682//1648 3084//3033
f 4080//4025 3084//3033 4081//4026
f 3445//3388 2258//2215 3446//3389
f 2874//2824 4082//4027 4083//4028
f 141//141 3425//3368 534//526
f 2390//2346 2007//1849 2006//4029
f 4084//4030 4085//4031 3233//3179
f 801//788 1366//1346 799//786
f 3009//2958 3248//3194 2937//2885
f 3191//3136 3009//2958 2937//2885
f 4086//4032 2120//2080 3484//3426
f 571//563 3134//3079 572//564
f 2025//1986 3281//3226 4060//4005
f 4087//4033 756//742 3402//3345
f 4088//4034 2278//2235 4089//4035
f 4090//4036 3783//3729 920//904
f 4091//4037 1888//1854 1887//1853
f 475//469 1046//1027 476//470
f 1002//987 2366//2322 4078//4023
f 3221//3167 1451//1428 3222//3168
f 2255//2212 149//149 2256//2213
f 1631//1600 4092//4038 1632//1601
f 2732//2681 3245//3191 2733//2682
f 4093//4039 971//956 4094//4040
f 2463//2419 2462//2418 2437//2393
f 3817//3764 2183//2141 2184//2142
s 0
f 4095//571 4096//571 2782//571
s 1
f 4097//3837 4098//4041 4099//4042
f 2471//2427 2470//2426 1895//1859
f 765//751 4100//4043 4101//4044
f 1790//1758 3446//3389 3954//3898
f 3734//3678 1082//1063 1538//1511
s 0
f 782//4045 709//4046 711//4047
s 1
f 4102//4048 3199//3144 4103//4049
f 4104//4050 1043//1024 3265//3210
s 0
f 2321//4051 1983//1946 3274//4052
s 1
f 2177//2135 3449//3392 3833//3780
f 2660//2611 3475//3417 4105//4053
f 3259//3205 1052//1033 2223//2181
f 3685//3628 4106//4054 4107//4055
f 3685//3628 4107//4055 3686//3629
f 4108//4056 2449//2405 3391//3334
f 1670//3724 2869//683 3899//4057
f 2374//2330 3866//3811 3093//3042
f 3437//3380 361//357 363//359
f 824//811 3330//3274 982//967
f 3722//3666 824//811 982//967
f 3928//3873 1780//1748 2239//2197
f 4109//4058 4110//2940 1537//1510
f 4109//4058 1537//1510 4111//4059
f 1389//1368 3454//3397 4112//4060
f 506//499 2168//2127 507//500
f 2771//2721 4113//4061 2768//2718
f 955//939 3654//3596 4114//4062
f 2268//2225 2698//2647 2700//2649
f 1202//1182 1564//1537 1203//1183
f 2930//2878 1388//1367 3427//3370
f 1524//1497 1191//1171 3228//3174
f 1152//1133 822//809 3722//3666
f 90//90 3780//3726 1733//1701
f 4115//4063 1526//1499 1525//1498
f 4116//4064 1543//1516 4117//4065
f 881//868 3127//796 882//869
f 3892//3838 1587//1560 3349//3293
f 3574//3517 2182//2140 4118//4066
f 3574//3517 4118//4066 4119//4067
f 4003//3947 3891//3837 1745//1713
f 2917//2864 2498//2453 4120//4068
f 2198//2157 1641//1610 3045//2994
f 1684//1650 3529//3471 759//745
f 2244//2202 2243//2201 4121//4069
f 3668//3611 4122//4070 1120//1101
f 1705//1669 1707//1671 1296//1276
f 1189//1169 1969//1932 4123//4071
f 1068//1049 188//188 4124//4072
f 1835//1689 4125//4073 2600//2551
f 1939//1902 1434//1411 3889//3835
f 3082//3031 729//715 4076//4021
f 4126//4074 4127//4075 1514//1487
f 4128//4076 4126//4074 1514//1487
f 4129//4077 4130//4078 3793//3740
f 1336//1316 2830//2780 3991//3935
s 0
f 4131//3324 4033//3324 4132//3324
s 1
f 3082//3031 4003//3947 1745//1713
f 1742//1710 3362//3306 4133//4079
f 890//877 4134//4080 1391//1370
f 4135//4081 1221//1202 385//381
f 2728//2677 1903//1867 2498//2453
f 4078//4023 2366//2322 2608//2559
s 0
f 3440//4082 4136//4082 4137//4082
s 1
f 2140//4083 2022//4083 3274//4083
f 1973//1936 3626//3568 4138//3941
f 1973//1936 4138//3941 1024//1007
f 3830//3777 1530//1503 1531//1504
f 2318//2274 2320//2276 4139//4084
s 0
f 3218//1194 1213//4085 808//1194
s 1
f 4140//4086 2808//2758 3517//3459
f 4141//4087 270//268 4142//4088
f 4143//4089 4144//4090 2921//2869
f 4145//4091 4146//4092 1332//1312
f 4147//4093 3110//3057 4148//4094
f 4149//4095 3132//3077 1175//1156
f 415//409 670//660 673//663
f 1927//1891 4150//4096 1928//1892
f 464//458 2540//2494 465//459
f 1621//1592 1620//1591 3506//3448
f 4151//4097 288//286 3597//3540
f 1867//1832 1866//1831 3558//3500
f 1604//1577 4152//4098 1605//1578
s 0
f 308//4099 3470//4099 309//4099
s 1
f 2324//2280 3442//3385 1566//1539
f 3027//2976 439//433 2970//2919
s 0
f 4153//4100 2169//4100 4154//4100
s 1
f 4155//4101 4156//4102 1987//1950
f 1171//1152 3389//1983 443//437
f 1547//1520 3408//3351 866//853
f 4157//4103 977//962 1756//1724
f 1201//1181 297//295 296//294
f 4158//4104 862//849 861//848
f 4158//4104 861//848 3724//3668
f 2128//2088 2989//2938 2990//2939
f 2871//2822 3840//3787 4030//2973
f 4046//3990 919//903 911//896
f 1594//1567 1981//1944 1595//1568
f 811//798 197//197 3453//3396
f 1144//1125 3258//3204 2599//2550
f 2048//2009 2049//2010 3370//3313
f 4159//4105 4160//4106 289//287
f 444//438 4161//4107 3570//3511
f 1373//1352 1375//1354 4162//4108
f 754//740 4163//4109 755//741
f 2080//2040 2079//2039 1785//1753
f 2428//2384 4164//4110 4165//4111
s 0
f 3842//4112 499//4112 4131//4112
s 1
f 1344//1324 1347//1327 917//902
f 259//257 3628//3570 2677//2626
f 2599//2550 3450//3393 997//982
f 4166//4113 1992//1955 3735//3679
f 4166//4113 3735//3679 4167//4114
f 2680//2629 4168//4115 2225//2183
f 1308//1288 4169//4116 1173//1154
f 1855//1820 4170//4117 4171//4118
f 2742//2692 2741//2691 502//495
f 2137//2097 3554//3496 2138//2097
f 3387//3331 3386//3330 1930//1894
f 4172//4119 4173//4120 3880//3826
f 1235//1215 1237//1217 3181//3126
f 2202//2161 4174//4121 2802//2752
f 1534//1507 1536//1509 4175//4122
f 528//520 530//522 4176//4123
f 2392//2348 4177//4124 2102//2062
f 2392//2348 2102//2062 2101//2061
f 4178//4125 4179//4126 3955//3899
f 4180//4127 2217//2175 2258//2215
f 2328//2284 3820//3767 2329//2285
f 2130//2090 2131//2091 2246//2204
f 4181//4128 3619//3560 4182//4129
f 4183//4130 4184//4131 3986//3930
f 3389//1983 444//438 443//437
f 1688//1654 4185//4132 3590//3533
f 4186//4133 1688//1654 3590//3533
s 0
f 2915//4134 4187//4134 933//4134
s 1
f 3230//3984 445//439 2568//2221
f 97//97 99//99 4188//4135
f 2820//2770 4014//3957 3987//3931
f 3799//3746 3798//3745 1609//887
f 2512//2466 4189//4136 1267//1247
f 3038//2987 1395//1374 2824//2774
f 3882//3828 3002//2951 3457//3400
f 1871//1836 4190//4137 4191//4138
f 4047//3992 4192//4139 2683//2632
f 1098//1079 3667//3610 2497//2452
f 1410//1387 3981//3925 4193//4140
s 0
f 4095//1056 3633//1056 4096//1056
s 1
f 4194//4141 1620//1591 1619//1590
f 4195//4142 4194//4141 1619//1590
f 4099//4042 4098//4041 4196//4143
f 4197//4144 1569//1542 4198//4145
f 86//86 91//91 87//87
f 4199//4146 617//609 4035//3978
f 4200//4147 3457//3400 3456//3399
f 2278//2235 1049//1030 4201//4148
f 2480//2436 1875//1840 4202//4149
f 4203//4150 2644//2595 4204//4151
s 0
f 3270//4152 1728//4153 1483//4152
s 1
f 2516//2470 2511//2465 2510//2464
f 4205//4154 2020//1980 4206//4155
f 4207//4156 4208//4157 4090//4036
f 4207//4156 4090//4036 1496//1471
f 2454//2410 2453//2409 886//873
f 4209//4158 2057//2017 2056//2016
f 373//369 1855//1820 1210//1190
f 3449//3392 3448//3391 3834//3781
f 672//662 671//661 4210//4159
f 1066//1047 3524//3466 3525//3467
f 2105//2065 2723//2673 2106//2066
f 1914//1878 1004//989 3803//3750
f 4211//4160 3517//3459 1164//1145
f 4211//4160 1164//1145 4212//4161
f 4213//4162 4214//4163 2309//2265
f 992//977 3481//3423 4039//3982
f 1078//1059 3493//3435 884//871
f 3776//3721 4215//4164 4216//4165
f 3851//3797 3776//3721 4216//4165
f 1665//1632 3856//3802 3638//3580
f 3190//3135 3191//3136 3739//3683
f 3661//3603 3671//3614 544//536
f 3976//3920 4007//3950 3885//3831
f 2039//2000 3387//3331 1925//1889
f 3777//3722 3604//3547 222//222
f 639//631 1352//1332 814//801
f 4130//4078 2748//2698 2747//2697
f 4217//4166 201//201 3528//3470
f 2575//2526 1865//1830 1867//1832
f 2271//2228 4074//4019 4218//4167
f 2272//2229 2271//2228 4218//4167
f 847//834 4219//4168 848//835
f 4220//4169 3178//3123 3138//3083
f 1618//1589 3284//3228 1589//1562
s 0
f 3123//1299 3103//1299 2811//1299
s 1
f 2539//2493 3212//3157 567//559
f 664//654 666//656 3943//3889
f 1618//1589 2191//2150 3284//3228
f 2281//2238 2280//2237 2698//2647
f 3167//3112 3038//2987 3375//3318
f 1730//1698 4221//4170 1731//1699
f 4222//4171 2565//1271 2564//2517
f 3793//3740 2747//2697 2248//2206
f 1074//1055 10//10 9//9
f 2864//2816 1260//1240 1262//1242
f 2308//3493 3552//1162 4223//4172
f 3755//4173 2308//3493 4223//4172
f 202//202 4224//4174 207//207
f 4225//4175 4226//4176 4227//4177
f 4204//4151 4225//4175 4227//4177
f 4228//4178 1931//1895 3386//3330
f 2860//2812 2091//2051 2861//2813
f 3602//3545 509//502 4229//4179
s 0
f 4230//4180 4231//4181 308//4182
s 1
f 4232//4183 4142//4088 1115//1096
f 4233//4184 3690//3633 4234//4185
f 984//969 1120//1101 1119//1100
f 4235//4186 1532//1505 2878//2828
f 1048//1029 3975//3919 4236//4187
f 3461//3404 2776//2726 281//279
s 0
f 1935//4099 693//4188 3308//1212
f 3790//4189 1213//4189 3218//4189
s 1
f 3000//2949 69//69 2144//2103
f 3000//2949 2144//2103 560//552
f 2691//2640 3460//3403 4237//4190
f 1299//1279 4238//4191 4239//4192
f 4240//4193 3822//3769 4241//4194
f 4242//4195 4243//4196 3499//3441
f 3767//3712 4242//4195 3499//3441
f 2331//2287 2333//2289 4244//4197
f 2128//2088 2990//2939 3095//3044
f 4245//4198 1614//1585 752//738
f 4246//4199 166//166 3772//3717
f 4247//4200 2852//2803 1555//1528
f 3330//3274 3329//3273 982//967
f 3342//3286 2975//2924 2804//2754
f 784//771 783//770 4248//4201
f 3945//3891 2014//1974 3946//3892
f 4249//4202 4250//4203 4251//4204
f 4252//4205 4253//951 4254//4206
f 3814//3761 1808//1776 474//468
f 473//467 3814//3761 474//468
f 3083//3032 2170//2128 2570//2521
s 0
f 2169//4207 2673//4207 1408//4207
s 1
f 4255//4208 2682//2631 2684//2633
f 602//594 4256//4209 3224//3170
f 602//594 3224//3170 2349//2305
f 2949//2897 4257//4210 3942//3888
f 4258//4211 4259//4212 4260//4213
f 4258//4211 4260//4213 2837//2786
f 2384//2340 2831//2781 3721//3665
f 767//753 2780//2730 768//754
f 1871//1836 4191//4138 874//861
f 806//793 1927//1891 1929//1893
f 4261//4214 1514//1487 1516//1489
f 817//804 816//803 2797//2747
f 817//804 2797//2747 4262//4215
f 862//849 131//131 863//850
f 2805//2755 4263//4216 4264//4217
f 2805//2755 4264//4217 4265//4218
f 2465//2421 1924//1888 4266//4219
f 1562//1535 3561//4220 3949//4221
f 1641//1610 1340//1320 1339//1319
f 2771//2721 4267//4222 875//862
f 4113//4061 2771//2721 875//862
f 1416//1393 1417//1394 1794//1762
f 4165//4111 4164//4110 4268//4223
f 2345//2301 3919//3864 4269//4224
f 2345//2301 4269//4224 2983//2932
f 955//939 4114//4062 956//940
f 4270//4225 477//471 393//389
f 3763//3708 3056//3005 835//822
f 3166//3111 3375//3318 3374//3317
f 4271//4226 4272//4227 343//339
f 4271//4226 343//339 345//341
f 4273//4228 3339//3283 4274//4229
f 3124//3070 1659//1628 1658//1627
f 2745//2695 2894//2844 1090//1071
f 4275//4230 3787//3735 4276//4231
f 1830//1797 2930//2878 3427//3370
f 1224//1205 2327//2283 2329//2285
f 3023//2972 1242//1222 1241//1221
f 3529//3471 1684//1650 4277//4232
f 3529//3471 4277//4232 4145//4091
f 4088//4034 2237//2195 2197//2156
f 3593//3536 3280//3225 3594//3537
f 3855//3801 4278//4233 3903//3849
f 806//793 3396//3339 3444//3387
f 807//794 806//793 3444//3387
f 1585//1558 3417//3360 4279//4234
f 3369//3312 2885//2835 2884//2834
f 3754//3699 3099//3048 1598//1571
f 625//617 2678//2627 626//618
f 4280//4235 1284//1264 2713//2662
f 4022//3965 4281//4236 3075//3024
f 1460//1437 3059//3008 4050//3995
f 1869//1834 4282//4237 4283//4238
f 908//893 1747//1715 4284//4239
f 4285//4240 2547//2501 4286//4241
f 3462//3405 4285//4240 4286//4241
f 4069//4014 3550//3492 3920//3865
f 3244//3190 978//963 980//965
f 3976//3920 4287//4242 4007//3950
f 4119//4067 4181//4128 4182//4129
f 4168//4115 2708//2657 1219//1200
f 3591//3534 3611//1747 2966//2915
f 4288//4243 1675//1641 2330//2286
f 3992//3936 3440//3383 2716//2762
f 1796//1764 3209//3154 3211//3156
f 633//625 795//782 634//626
f 2190//2149 4289//4244 3467//3410
f 4290//4245 1874//1839 3364//4246
f 3143//3088 4291//4247 2601//2552
f 3530//3472 4145//4091 1332//1312
f 4292//4248 2748//2698 3080//3029
f 323//319 325//321 3751//3696
f 4293//4249 4294//4250 2435//2391
f 2517//2471 4295//4251 4296//4252
f 3577//3520 3576//3519 2880//2830
f 1440//1417 1442//1419 2717//2665
f 1209//1189 4297//4253 3210//3155
f 4224//4174 1209//1189 3210//3155
f 4298//4254 2811//2761 2813//2763
f 1281//1261 3684//3627 1282//1262
f 2330//2286 1676//1642 4299//4255
f 607//599 3998//3942 2411//2367
f 4300//4256 532//524 1862//1827
f 4300//4256 1862//1827 1167//1148
f 2476//2432 2475//2431 4192//4139
f 815//802 3302//3245 1272//1252
f 2794//2744 2461//2417 2463//2419
f 1993//1956 4301//4257 3770//3715
f 2662//2613 672//662 4302//4258
f 2662//2613 4302//4258 4303//4259
f 2484//2440 3659//3601 2485//2441
f 1121//1102 4122//4070 4304//4260
f 2237//2195 2730//2679 2195//2154
f 4305//4261 4306//4262 3203//3148
f 3068//3017 2755//2705 4307//4263
f 3068//3017 4307//4263 3665//3608
f 1646//1615 1810//1778 4308//4264
f 544//536 2832//2782 2831//2781
f 2257//2214 2256//2213 2219//2177
f 2700//2649 4309//4265 3683//3626
f 4310//4266 2750//2700 3318//3261
f 277//275 279//277 2078//2038
f 2549//2503 3029//2978 3028//2977
f 2780//2730 1884//1850 2050//2011
f 1720//1685 1719//1684 1881//1847
s 0
f 4311//4267 3507//4268 587//4268
s 1
f 3107//3054 1852//1817 414//408
f 3639//3581 3856//3802 1643//1612
f 4312//4269 3807//3754 3925//3870
f 3017//2966 2521//2475 2801//2751
f 4313//4270 2409//2365 1893//1857
f 4314//4271 4193//4140 3981//3925
f 3008//2957 4315//4272 4316//4273
f 2100//2060 2099//2059 2298//2254
f 331//327 330//326 500//493
f 4317//4274 331//327 500//493
f 1959//1922 1958//1921 1882//1848
f 1628//1597 658//648 660//650
f 2714//2663 1286//1266 4318//4275
f 1299//1279 1298//1278 2488//2444
f 2919//3269 3327//3271 4041//3985
f 4319//4276 3495//3437 3496//3438
f 4320//4277 945//929 2679//2628
f 1504//1479 3891//3837 4003//3947
f 947//931 2424//2380 948//932
f 3975//3919 4321//4278 4236//4187
f 4322//4279 3169//3114 3640//3582
f 129//129 128//128 4323//4280
f 4324//4281 129//129 4323//4280
f 760//746 2908//2858 4287//4242
f 2969//2918 3760//3705 2340//2296
f 1879//1845 2427//2383 3018//2967
f 1351//1331 1879//1845 3018//2967
f 2562//2515 1885//1851 4110//2940
f 2688//2637 4205//4154 2508//2462
f 4325//4282 3431//3374 4326//4283
f 2225//2183 4168//4115 1219//1200
f 2225//2183 1219//1200 4135//4081
f 4327//4284 3767//3712 3766//3711
f 4158//4104 3724//3668 1214//1195
f 844//831 4158//4104 1214//1195
f 689//679 4328//4285 690//680
f 4034//3977 1519//1492 4329//4286
f 2121//2081 2714//2663 4244//4197
f 2628//2579 4330//4287 2761//2711
f 3331//3275 593//585 3332//3276
f 4315//4272 4097//3837 4099//4042
s 0
f 4154//3308 398//3308 4153//3308
s 1
f 4331//4288 3785//3731 4332//4289
f 1136//1117 2664//2615 1327//1307
f 668//658 4333//4290 1727//1692
f 1311//1291 4313//4270 1892//1856
f 3920//3865 2133//2093 4334//4291
f 2267//2224 3738//3682 1316//1296
f 4335//4292 2267//2224 1316//1296
f 4089//4035 2278//2235 4201//4148
f 1901//1865 1158//1139 2881//2831
f 4183//4130 3986//3930 3902//3848
f 2734//2683 1078//1059 1077//1058
f 1719//1684 3012//2961 2381//2337
f 2008//4293 2385//2903 4336//4294
f 4337//4295 4338//4296 1703//1667
f 3783//3729 3782//3728 4339//4297
f 3690//3633 3429//3372 3431//3374
f 2616//2567 2154//2113 3537//3479
f 4340//4298 2087//2047 4341//4299
f 1474//1451 4342//4300 4343//4301
f 1242//1222 3321//3264 4247//4200
f 1242//1222 4247//4200 1243//1223
f 3855//3801 3903//3849 4068//4013
f 2943//2891 2493//2447 764//750
f 3905//3851 3205//3150 4344//4302
f 2296//2252 2042//2003 2338//2294
f 2630//2581 2629//2580 4345//4303
f 3523//3465 3522//3464 4062//4007
s 0
f 2068//4304 4132//3976 1512//4305
s 1
f 188//188 708//696 4124//4072
f 1977//1940 1979//1942 2044//2005
f 1755//1723 4157//4103 1756//1724
f 610//602 712//698 611//603
f 4346//4306 4347//4307 4348//4308
f 2643//2594 2148//2107 1128//1109
f 2644//2595 2646//2597 4204//4151
f 4349//4309 4350//4310 691//681
f 3238//3184 3454//3397 1389//1368
f 4351//4311 4230//4180 4352//3551
f 4264//4217 2639//2590 2641//2592
f 4264//4217 2641//2592 4265//4218
f 700//688 699//687 4353//4312
f 700//688 4353//4312 846//833
f 3870//3815 531//523 532//524
f 1607//1580 1788//1756 1608//1581
f 4354//4313 3535//3477 4355//4314
f 4356//4315 3568//3509 2705//2654
f 2632//2583 2318//2274 841//828
f 3135//3080 2632//2583 841//828
f 3260//3206 846//833 1053//1034
f 1135//1116 4357//4316 2402//2358
f 2572//2523 964//949 2468//2424
f 1449//1426 2451//2407 3397//3340
f 2892//2842 2722//2672 2945//2893
f 4097//3837 1878//1844 4098//4041
f 3059//3008 1460//1437 1463//1440
f 3585//3528 392//388 3606//3549
s 0
f 4231//4317 3899//4317 2868//4317
s 1
f 286//284 2906//2856 3731//3675
f 2150//2109 3386//3330 3478//3420
f 3851//3797 4216//4165 3852//3798
f 346//342 348//344 3538//3480
f 4279//4234 3417//3360 4358//4318
f 1950//1913 827//814 828//815
f 1743//1711 734//720 1571//1544
f 3061//3010 4140//4086 3062//3011
f 1125//1106 1401//1380 4359//4319
f 4360//4320 723//709 1781//1749
f 129//129 4324//4281 823//810
f 1151//1132 129//129 823//810
f 4361//4321 216//216 217//217
f 4362//4322 4361//4321 217//217
f 4363//4323 3190//3135 3739//3683
f 2988//2937 2987//2936 4281//4236
f 2154//2113 3811//3758 3537//3479
f 2358//2314 2359//2315 4364//4324
f 664//654 3943//3889 1600//1573
f 273//271 272//270 4365//4325
f 1477//1454 4366//4326 4178//4125
f 1627//1596 3382//3023 2084//2044
f 4367//4327 836//823 2558//2512
f 455//449 4268//4223 4164//4110
f 2295//2251 2933//2881 3792//3739
f 365//361 2995//2944 1628//1597
f 2375//2331 156//156 2442//2398
s 0
f 2000//2448 1889//2448 3829//2448
s 1
f 1695//1659 4203//4150 1696//1660
f 569//561 1491//1466 2859//2811
f 847//834 3011//2960 4320//4277
f 847//834 4320//4277 4219//4168
f 2378//2334 4368//4328 4369//4329
f 4370//4330 2378//2334 4369//4329
f 410//404 1759//1727 2519//2473
f 1079//1060 1081//1062 4371//4331
f 1011//996 1079//1060 4371//4331
s 0
f 1624//3050 1019//3050 1625//4332
s 1
f 2170//2128 3139//3084 1821//1789
f 1239//1219 4372//4333 2032//1993
f 1239//1219 2032//1993 1240//1220
f 432//426 389//385 433//427
f 4017//3960 1991//1954 787//774
f 3394//3337 3393//3336 3086//3035
f 791//778 4373//4334 4374//4335
f 757//743 570//562 4375//4336
f 2346//2302 2345//2301 2983//2932
f 3443//3386 3764//3709 943//927
f 2153//2112 1993//1956 4376//4337
f 918//444 2110//2070 3170//3115
f 4144//4090 633//625 2921//2869
f 2472//2428 3876//3821 4377//4338
f 3989//3933 3223//3169 3872//3817
f 2081//2041 2965//2914 2082//2042
f 4307//4263 2962//2911 3665//3608
f 3817//3764 2937//2885 1305//1285
f 3817//3764 1305//1285 2183//2141
f 4308//4264 610//602 1647//1616
f 1646//1615 4308//4264 1647//1616
f 4357//4316 4059//4004 4335//4292
f 4357//4316 4335//4292 2402//2358
f 2355//2311 987//972 1524//1497
f 3974//3918 707//695 566//558
f 4378//4339 4379//4340 2283//2240
f 3299//3242 3301//3244 4243//4196
f 4242//4195 3299//3242 4243//4196
f 4380//4341 4080//4025 4081//4026
f 4184//4131 4381//4342 3986//3930
f 1589//1562 493//486 3349//3293
f 2275//2232 2274//2231 4382//4343
f 2275//2232 4382//4343 4016//3959
f 2550//2504 2549//2503 3859//3805
f 191//191 189//189 4383//4344
f 191//191 4383//4344 2231//2189
f 2012//1972 4010//3953 4384//4345
f 2447//2403 1328//1308 3309//3252
f 608//600 2411//2367 1352//1332
f 3156//3101 4385//4346 4386//4347
f 4387//4348 2731//2680 3601//3544
f 1054//1035 867//854 4159//4105
f 829//816 831//818 3455//3398
f 3146//3091 4388//4349 3844//3790
f 1583//1556 3477//3419 2802//2752
f 1845//1810 992//977 4040//3983
f 1845//1810 4040//3983 1846//1811
f 392//388 2175//2133 3606//3549
f 4389//4350 1196//1176 1198//1178
f 1858//1823 2898//2848 1859//1824
f 4390//4351 4391//4352 4392//4353
f 2803//2753 2642//2593 3908//3854
f 1028//279 1030//1011 1351//1331
f 1370//1350 2833//780 3269//3991
f 4393//4354 1404//1383 1403//1382
f 1195//1175 1410//1387 3700//3644
f 3245//3191 1353//1333 2206//2165
f 1528//1501 4394//4355 1529//1502
f 4395//4356 4396//4357 537//529
f 1252//1232 3294//3237 1306//1286
s 0
f 1691//4358 2919//4358 809//4358
s 1
f 4285//4240 3462//3405 577//569
f 2087//2047 4340//4298 2189//2148
f 442//436 4397//4359 789//776
f 1243//1223 4247//4200 4398//4360
f 1243//1223 4398//4360 4399//4361
f 4400//4362 1126//1107 2645//2596
f 477//471 476//470 2751//2701
f 2836//2785 2835//2784 2290//2246
f 368//364 3763//3708 369//365
f 1841//1806 4401//4363 4402//4364
f 3273//3217 3267//3212 3271//3215
f 1265//1245 2694//2643 2695//2644
f 231//231 3815//3762 2500//2455
f 787//774 3863//3808 788//775
f 4403//4365 4404//4366 4293//4249
f 628//620 2658//2609 2979//2928
f 628//620 2979//2928 1138//1119
f 3430//3373 3278//3223 4405//4367
f 590//582 576//568 4234//4185
f 590//582 4234//4185 371//367
f 4406//4368 1705//1669 934//918
f 158//158 718//704 159//159
f 4407//4369 4046//3990 910//895
f 3753//3698 3357//3301 1613//1584
s 0
f 4408//2762 4409//2762 2812//2762
s 1
f 690//680 4410//4370 4411//4371
f 4198//4145 1569//1542 4412//4372
f 2736//2685 4413//4373 4414//4374
f 4415//4375 4416//4376 592//584
f 2618//2569 4417//4377 4418//4378
f 284//282 3027//2976 1450//1427
f 4419//4379 2236//2194 2235//2193
f 4404//4366 4380//4341 4420//4380
f 3826//3773 4404//4366 4420//4380
f 1810//1778 1646//1615 2803//2753
f 1810//1778 2803//2753 1811//1779
f 95//95 232//232 93//93
f 1250//1230 1252//1232 4421//4381
f 355//351 614//606 1245//1225
f 2875//2825 2142//2101 1602//1575
f 1253//1233 3332//3276 4422//4382
f 1253//1233 4422//4382 661//651
f 1967//1930 4423//4383 1662//4384
f 2995//2944 1187//1167 1626//1595
f 4424//4385 4425//4386 2275//2232
f 190//190 169//169 1776//1744
f 4426//4387 931//915 4427//4388
f 4428//4389 1715//1680 1129//1110
f 4428//4389 1129//1110 2148//2107
f 4384//4345 4009//3952 3926//3871
f 4384//4345 3926//3871 3012//2961
f 710//4390 1012//997 2994//2943
f 3206//3151 2765//2715 2604//2555
f 3882//3828 3881//3827 3002//2951
f 3240//3186 4429//4391 1936//1899
f 3732//3676 4430//4392 4431//4393
f 4432//4394 1509//1484 3720//3664
f 4161//4107 3621//3562 335//331
f 4161//4107 335//331 3570//3511
f 1304//1284 176//176 177//177
f 4433//4395 4434//2603 3494//3436
f 2991//2940 2993//2942 3127//796
f 3813//3760 383//379 4435//4396
f 4436//4397 3235//3181 3468//3411
f 207//207 4224//4174 4437//4398
f 675//665 207//207 4437//4398
f 3092//3041 771//757 3137//3082
f 3092//3041 3137//3082 3744//3688
f 4010//3953 4009//3952 4384//4345
f 2844//2793 3989//3933 3871//3816
f 4438//4399 1829//1796 1038//1019
f 1047//1028 1160//1141 1048//1029
f 2954//2903 4439//4085 4351//4311
f 3918//3863 4440//4400 3756//3701
f 336//332 3879//3824 4441//4401
f 1549//1522 2399//2355 3158//3103
f 2900//2850 2902//2852 3117//3063
f 3261//1655 1787//1755 3798//3745
f 4442//4402 2414//2370 3886//3832
f 3001//2950 4323//4280 128//128
f 929//913 3905//3851 4443//4403
f 1736//1704 1060//1041 4444//4404
f 2607//2558 1136//1117 1327//1307
f 391//387 4445//4405 392//388
f 212//212 211//211 1960//1923
f 212//212 1960//1923 184//184
f 3952//3897 4173//4120 3681//1704
f 2865//2817 390//386 776//762
f 4446//4406 4447//4407 4448//4408
f 4446//4406 4448//4408 4449//4409
f 2935//2883 2934//2882 391//387
f 4450//4410 4451//4411 3097//3046
f 2936//2884 4172//4119 1155//1136
f 3384//3327 1153//1134 1385//1364
f 3816//3763 230//230 4297//4253
f 4172//4119 2936//2884 3927//3872
f 2478//2434 1721//1686 2070//2031
f 4103//4049 3199//3144 4058//4003
f 3920//3865 521//513 2133//2093
f 1410//1387 1800//1768 3700//3644
f 3772//3717 1218//1199 4144//4090
f 3406//3349 463//457 1951//1914
f 4388//4349 3406//3349 1951//1914
f 2014//1974 574//566 3946//3892
f 3056//3005 3042//2991 3369//3312
f 2315//2271 3804//3751 3548//3490
f 3936//3881 2315//2271 3548//3490
f 1448//1425 1356//1336 1355//1335
f 2743//2693 1448//1425 1355//1335
f 2261//2218 373//369 1210//1190
f 796//783 1653//1622 1652//1621
f 4452//4412 4453//4413 3132//3077
f 1662//4384 4454//1630 3105//3052
f 1522//1495 4065//4010 1132//1113
f 4369//4329 4368//4328 4455//4414
f 2939//2887 2967//2916 3207//3152
f 2939//2887 3207//3152 2940//2888
f 2486//2442 1300//1280 1942//1905
f 3873//3818 3872//3817 520//512
f 3895//3841 2757//2707 1377//1356
f 1376//1355 3895//3841 1377//1356
f 888//875 3217//3162 2678//2627
f 2469//2425 3121//3067 2470//2426
f 431//425 4276//4231 4456//4415
f 3453//3396 223//223 214//214
f 733//719 552//544 406//400
f 4441//4401 4457//4416 1798//1766
f 3394//3337 3086//3035 1527//1500
f 4458//4417 2029//1990 4459//4418
f 672//662 4460//4419 4302//4258
f 3631//3573 4461//4420 3429//3372
f 886//873 1718//1683 887//874
f 1819//1787 794//781 793//780
f 1803//1771 1802//1770 533//525
f 4462//4421 2093//2053 2092//2052
f 3305//3248 296//294 295//293
f 4064//4009 3206//3151 1738//1706
f 2656//2607 3414//3357 1761//1729
f 2654//2605 2656//2607 1761//1729
f 2725//2675 708//696 1776//1744
f 1775//1743 2725//2675 1776//1744
f 3170//3115 2110//2070 4463//4422
f 2696//2645 4464//4423 3839//3786
f 2066//2027 2068//2029 1511//3324
f 2581//2532 2602//2553 4004//3948
f 2581//2532 4004//3948 2294//2250
f 4283//4238 4465//4424 4466//4425
f 224//224 4283//4238 4466//4425
f 2266//2223 1064//1045 1713//1678
f 4467//4426 3859//3805 1011//996
f 3441//3348 3009//2958 3190//3135
f 2367//2323 3952//3897 3953//388
f 1750//1718 2738//2688 4468//4427
f 741//727 660//650 3240//3186
f 3044//2993 4469//4428 2847//2798
f 1401//1380 3227//3173 4359//4319
f 4470//4429 3281//3226 4274//4229
f 4471//4430 1362//1342 4472//4431
f 4473//4432 4474//4433 4475//4434
f 4476//4435 2260//2217 4477//4436
f 485//479 4478//4437 3350//3294
f 1946//1909 505//498 1606//1579
f 458//452 3410//3353 459//453
f 2333//2289 2121//2081 4244//4197
f 4396//4357 838//825 537//529
f 4454//1630 1876//1842 3105//3052
f 3894//3840 734//720 736//722
f 582//574 1559//1532 1558//1531
f 4354//4313 4479//4438 4480//4439
f 1921//1885 3906//3852 4301//4257
f 3217//3162 4375//4336 1154//1135
f 4481//4440 4482//4441 4483//4442
f 4291//4247 4484//4443 2602//2553
f 1893//1857 2409//2365 3164//3109
f 1847//1812 2588//2539 3020//2969
f 544//536 2790//2740 2832//2782
f 493//486 492//485 2145//2104
f 718//704 2484//2440 719//705
f 3331//3275 4485//4444 593//585
s 0
f 4486//4445 4487//4445 2065//3882
s 1
f 1388//1367 1390//1369 3124//3070
f 3427//3370 1388//1367 3124//3070
f 1991//1954 3863//3808 787//774
f 3262//3207 4488//4446 4489//4447
f 1682//1648 3580//3523 3582//3525
f 1885//1851 601//593 3734//3678
f 3711//3655 328//324 4490//4448
f 3194//3139 3711//3655 4490//4448
f 2158//2117 2670//2621 2159//2118
f 1830//1797 3427//3370 696//684
s 0
f 2068//4449 4491//4449 4132//4449
s 1
f 3049//2998 4492//4450 2176//2134
f 3049//2998 2176//2134 2997//2946
f 1196//1176 2847//2798 1197//1177
f 4193//4140 1239//1219 1800//1768
f 3047//2996 3357//3301 3753//3698
f 3650//3592 3652//3594 3853//3799
f 4493//4451 1642//1611 193//193
f 3721//3665 2831//2781 1701//1665
f 1506//1481 2911//2861 495//488
f 1606//1579 1605//1578 1575//1548
f 4494//4452 4495//4453 1107//1088
f 4496//4454 4497//4455 4258//4211
f 4496//4454 4258//4211 4498//4456
f 1847//1812 1846//1811 2586//2537
f 3765//3710 810//797 1564//1537
f 3765//3710 1564//1537 1202//1182
f 3026//2975 2244//2202 3995//3939
f 2584//2535 2583//2534 2774//2724
f 3624//3565 3811//3758 3814//3761
f 3080//3029 1812//1780 4499//4457
f 4500//4458 2078//2038 2080//2040
f 967//952 2926//2874 1422//1399
f 4501//4459 3870//3815 4300//4256
f 4501//4459 4300//4256 1166//1147
f 2151//2110 1276//1256 275//273
f 4030//2973 3438//3381 3729//3673
f 4502//4460 4446//4406 4503//4461
f 3923//3868 4504//4462 2149//2108
f 2084//2044 3074//3023 2085//2045
f 2257//2214 2219//2177 2218//2176
f 4051//3996 3843//3789 3845//3791
f 2354//2310 2002//1963 1461//1438
f 3854//3800 1349//1329 4278//4233
s 0
f 1213//4463 4505//4463 808//4463
f 3307//4464 1935//4464 3308//4464
s 1
f 1621//1592 1140//1121 1622//1593
f 4067//4012 4396//4357 4395//4356
f 3626//3568 3625//3567 4138//3941
f 1817//1785 2310//2266 2371//2327
f 4413//4373 1957//1920 1959//1922
f 4413//4373 1959//1922 1394//1373
f 1637//1606 2580//2531 3022//2971
f 1637//1606 3022//2971 2358//2314
f 977//962 2226//2184 1756//1724
f 1293//1273 4506//4465 4507//4466
f 903//888 2819//2769 904//889
f 3576//3519 4064//4009 1738//1706
f 3162//3107 362//358 2653//2604
f 2161//2120 3282//2903 2954//2903
f 817//804 243//243 242//242
f 817//804 242//242 818//805
s 0
f 901//4467 1212//4467 902//4467
s 1
f 1782//1750 3167//3112 1783//1751
f 2950//2898 2485//2441 3659//3601
f 2950//2898 3659//3601 2951//2899
s 0
f 2832//1645 2507//1645 4508//1645
s 1
f 2943//2891 3730//3674 4426//4387
f 2570//2521 1820//1788 2255//2212
f 1966//1929 1662//4384 1661//2687
f 1766//1734 825//812 3857//4468
f 2164//2123 4509//4469 2165//2124
s 0
f 2994//4470 711//4470 710//4471
s 1
f 3692//3635 3519//3461 1968//1931
f 3553//3495 619//611 2188//2147
f 1660//1629 4240//4193 4241//4194
f 4510//4472 741//727 3240//3186
f 3610//3552 4511//4473 468//462
f 3129//3074 4512//4474 3130//3075
f 2157//2116 2159//2118 4479//4438
f 4354//4313 2157//2116 4479//4438
f 4013//3956 2153//2112 4376//4337
f 4146//4092 2160//2119 1332//1312
f 1811//1779 3908//3854 3584//3527
f 357//353 1811//1779 3584//3527
f 684//674 2899//2849 4513//4475
f 861//848 684//674 4513//4475
f 635//627 575//567 574//566
f 3437//3380 363//359 4474//4433
f 2013//1973 1423//1400 3643//3585
f 1722//1687 2901//2851 2900//2850
f 4514//4476 4292//4248 4499//4457
f 4515//4477 977//962 4157//4103
f 3512//3454 1318//1298 2651//2602
f 2047//2008 2479//2435 4202//4149
f 1910//1874 2853//2805 2854//2806
f 1910//1874 2854//2806 970//955
f 3793//3740 4053//3998 4516//4478
f 3793//3740 4516//4478 4129//4077
f 4517//4479 1700//1664 1702//1666
f 1049//1030 3053//3002 4518//4480
f 1488//1463 2107//2067 1489//1464
f 1883//1849 1246//1459 2051//1227
f 4519//4481 4520//4482 4249//4202
f 4521//4483 4519//4481 4249//4202
f 561//553 560//552 492//485
f 4043//3987 4522//4484 914//899
f 574//566 576//568 1325//1305
f 2002//1963 3557//3499 2003//1964
f 2009//1969 4498//4456 2010//1970
f 934//918 1705//1669 1296//1276
f 3522//3464 3521//3463 1615//1586
f 2394//2350 3090//3039 3921//3866
f 2241//2199 3689//3632 4019//3962
f 2242//2200 2241//2199 4019//3962
f 1189//1169 4123//4071 3928//3873
f 3493//3435 1280//1260 3109//3056
f 2428//2384 456//450 1492//1467
s 0
f 4523//4485 2004//4485 4409//4485
s 1
f 4269//4224 2204//2163 2984//2933
f 4444//4404 1059//1040 4524//4486
f 3189//3134 1306//1286 3911//3857
f 2259//2216 238//238 240//240
f 3700//3644 1800//1768 2250//1930
s 0
f 4131//4487 499//4487 1075//4487
s 1
f 4525//4488 4141//4087 4142//4088
f 4156//4102 4319//4276 3673//3616
f 2840//2789 4526//4489 179//179
f 1125//1106 2331//2287 1126//1107
f 3845//3791 2946//2894 2948//2896
f 2648//2599 664//654 1600//1573
f 3362//3306 1742//1710 1656//1625
f 2502//2457 3695//3639 4493//4451
f 2502//2457 4493//4451 4526//4489
f 2775//2725 2711//2660 3363//3307
f 3635//3577 4527//4490 395//391
f 4528//4491 2139//2098 1982//1945
f 3198//3143 1943//1906 2916//2863
f 3891//3837 1503//1478 1587//1560
f 3562//3503 4477//4436 3271//3215
f 2689//2638 4529//4492 4454//1630
f 4429//4391 3239//3185 3154//3099
f 4522//4484 915//900 914//899
f 1433//1410 1432//1409 1130//1111
f 1433//1410 1130//1111 4530//4493
f 4192//4139 1456//1433 1853//1818
f 3402//3345 4531//4494 255//253
f 4532//4495 3057//3006 4533//4496
f 292//290 1602//1575 293//291
f 251//251 1324//1304 591//583
f 251//251 591//583 250//250
f 3986//3930 4381//4342 4534//4497
f 1410//1387 4193//4140 1800//1768
f 1337//1317 2077//2037 478//472
f 1337//1317 478//472 1338//1318
f 4257//4210 3983//3927 4535//4498
f 4262//4215 4143//4089 3578//3521
f 243//243 4262//4215 3578//3521
f 2974//2923 1045//1026 4065//4010
f 4527//4490 4270//4225 393//389
s 0
f 3219//4499 808//4499 810//4499
s 1
f 4536//4500 4537//4501 2299//2255
f 4538//4502 237//237 236//236
f 4539//4503 1294//1274 3963//3907
f 509//502 511//504 4540//4504
f 1986//1949 773//759 1102//1083
f 1466//1443 3255//3201 3818//3765
f 2926//2874 4541//4505 3662//3604
f 1422//1399 2926//2874 3662//3604
f 4542//4506 3590//3533 3589//3532
f 4543//4507 4542//4506 3589//3532
f 4544//4508 4091//4037 2927//2875
f 1565//1538 4544//4508 2927//2875
f 736//722 542//534 3671//3614
f 2114//2074 2113//2073 2690//2639
f 2962//2911 2964//2913 3666//3609
f 3183//3128 4117//4065 1542//1515
s 0
f 2782//1486 1019//1486 1624//1486
s 1
f 3734//3678 601//593 1082//1063
f 4545//4509 106//106 3603//3546
f 4511//4473 4545//4509 3603//3546
f 2813//2763 1318//1298 3512//3454
f 4347//4307 4546//4510 4348//4308
f 905//890 904//889 927//911
f 4547//4511 4443//4403 4337//4295
f 3263//3208 1118//1099 1986//1949
f 3753//3698 1613//1584 4548//4512
f 1333//1313 2161//2120 2953//2902
f 3817//3764 2184//2142 1157//1138
f 1938//1901 3155//3100 4549//4513
f 4550//4514 804//791 4551//4515
f 4518//4480 3053//3002 4552//4516
f 3568//3509 699//687 701//689
f 525//517 3936//3881 526//518
f 3744//3688 3137//3082 3120//3066
f 1182//1162 311//307 313//309
f 1367//1347 1369//1349 4553//4517
f 1131//1112 1133//1114 4116//4064
f 1148//1129 1131//1112 4116//4064
f 4554//4518 3636//3578 1564//1537
f 3274//3219 3345//4519 3275//4520
f 282//280 1151//1132 1152//1133
f 3476//3418 2201//2160 2203//2162
f 2575//2526 1867//1832 2531//2485
f 2570//2521 2170//2128 1820//1788
f 1667//1634 1666//1633 1905//1869
f 4282//4237 2783//2733 4555//4521
f 356//352 4556//4522 4308//4264
f 2494//4523 2845//4523 1889//4524
f 4557//4525 2810//2760 4558//4526
f 1701//1665 2831//2781 1370//1350
f 3922//3867 384//380 386//382
f 3834//3781 2925//2873 3835//3782
f 3203//3148 766//752 4559//4527
f 3708//3652 3710//3654 4560//4528
f 4561//4529 1473//1450 1475//1452
f 2195//2154 2882//2832 2196//2155
f 3637//3579 4042//3986 4527//4490
f 4134//4080 955//939 954//938
f 2080//2040 1785//1753 1786//1754
f 4562//4530 4563//4531 4560//4528
f 2302//2258 3305//3248 1118//1099
f 4268//4223 4564//4532 4565//4533
f 1665//1632 3638//3580 3169//3114
f 4566//4534 1499//1474 1976//1939
f 3322//3265 4567//4535 3323//3266
f 85//85 2221//2179 453//447
f 91//91 85//85 453//447
f 3334//3278 2245//2203 1334//1314
f 4229//4179 4540//4504 3915//3860
f 1480//1457 916//901 915//900
f 1663//4536 3105//3052 1094//1075
f 1645//1614 1644//1613 4067//4012
f 1462//1439 429//423 431//425
f 3010//2959 1749//1717 333//329
f 2974//2923 4065//4010 1522//1495
f 1521//1494 2974//2923 1522//1495
f 4568//4537 2251//2208 855//842
f 2748//2698 4569//4538 2749//2699
f 3684//3627 416//410 2597//2548
f 1892//1856 4313//4270 1893//1857
f 4570//4539 4395//4356 4163//4109
f 2234//2192 2282//2239 2209//2168
f 3821//3768 2234//2192 2209//2168
f 1489//1464 2108//2068 4077//4022
f 3736//3680 3741//3685 4416//4376
f 4415//4375 3736//3680 4416//4376
s 0
f 1889//2449 1180//2449 1890//2449
s 1
f 4571//4540 4572//4541 449//443
f 2249//2207 2248//2206 2749//2699
f 4254//4206 4253//951 1849//1814
f 1988//1951 1987//1950 3673//3616
f 4573//4542 1789//1757 4574//4543
f 1329//1309 3324//3267 1330//1310
f 4575//4544 4576//4545 4577//4546
f 263//261 284//282 264//262
f 4205//4154 2589//2540 2508//2462
f 4238//4191 4458//4417 4578//4547
f 4579//4548 3982//3926 1772//1740
f 1271//1251 1272//1252 2776//2726
f 3157//3102 4580//4549 2715//2664
f 3372//3315 1864//1829 3373//3316
f 1615//1586 3766//3711 1616//1587
f 1275//1255 4581//4550 1273//1253
f 2085//2045 3262//3207 3653//3595
f 804//791 2686//2635 4582//4551
f 874//861 4113//4061 875//862
f 1640//1609 4218//4167 4583//4552
f 1223//1204 4584//4553 1224//1205
f 2628//2579 4585//4554 2489//2445
f 848//835 4586//4555 4160//4106
s 0
f 512//505 3102//505 3101//505
s 1
f 1510//1485 2277//2234 2253//2210
f 860//847 2677//2626 858//845
f 2920//2868 540//532 539//531
f 3838//3785 3837//3784 4273//4228
f 3360//3304 3316//3259 1763//1731
f 3300//3243 4587//4556 4588//4557
f 4589//4558 3183//3128 3654//3596
f 1743//1711 1571//1544 1657//1626
f 4590//4559 258//256 257//255
f 2116//2076 4590//4559 257//255
s 0
f 1691//3164 809//3164 4505//4560
s 1
f 1004//989 2779//2729 1005//990
f 444//438 3388//3332 4161//4107
f 4591//4561 4242//4195 3767//3712
f 4592//4562 935//919 938//922
f 2853//2805 613//605 277//275
f 756//742 755//741 4531//4494
f 4110//2940 3734//3678 1537//1510
f 4175//4122 1536//1509 3411//3354
f 4593//4563 4594//4564 4482//4441
f 2522//2476 449//443 3828//3775
f 1058//1039 3331//3275 2668//2619
f 3974//3918 566//558 565//557
f 3380//3323 1249//1229 651//643
f 1566//1539 3442//3385 1567//1540
f 4595//4565 265//263 1234//1214
f 3193//3138 2116//2076 3711//3655
f 4454//1630 4529//4492 1876//1842
f 618//610 620//612 3382//3023
f 2982//2931 2984//2933 3143//3088
f 3164//3109 1767//1735 1769//1737
f 3737//3681 4596//4566 1316//1296
f 4597//4567 4027//3971 3335//3279
f 2633//2584 2635//2586 1414//1391
f 2711//2660 4598//4568 2712//2661
f 307//305 2690//2639 864//851
f 801//788 344//340 343//339
f 2165//2124 4599//4569 3293//3236
f 910//895 912//897 330//326
f 4590//4559 4600//4570 258//256
f 3964//3908 3418//3361 4056//4001
f 4601//4571 3964//3908 4056//4001
f 2659//2610 627//619 3188//3133
f 2659//2610 3188//3133 4602//4572
f 3703//3647 3828//3775 2109//2069
f 4025//3968 4038//3981 3298//3241
f 4503//4461 4603//4573 1425//1402
f 1424//1401 4503//4461 1425//1402
f 4366//4326 4604//4574 4179//4126
f 328//324 327//323 4605//4575
f 3396//3339 1929//1893 730//716
f 4182//4129 4606//4576 2192//2151
f 255//253 4607//4577 3528//3470
f 255//253 3528//3470 256//254
f 2488//2444 3800//3747 1700//1664
f 378//374 380//376 2875//2825
f 4608//4578 3632//3574 1688//1654
f 926//910 928//912 2215//2173
f 731//717 2481//2437 4609//4579
f 2213//2172 2215//2173 358//354
f 2502//2457 4610//4580 535//527
f 3446//3389 3214//3159 3954//3898
f 4309//4265 4310//4266 3318//3261
f 3133//3078 2342//2298 3134//3079
f 162//162 1453//1430 1452//1429
f 1299//1279 2488//2444 4517//4479
f 4611//4581 1299//1279 4517//4479
f 4198//4145 4412//4372 1872//1837
f 4534//4497 3421//3364 3422//3365
f 2986//2935 2105//2065 2987//2936
f 4298//4254 2813//2763 4612//4582
f 4331//4288 3387//3331 3784//3730
f 4331//4288 3784//3730 3785//3731
f 3794//3741 3885//3831 3795//3742
f 3424//3367 3423//3366 3657//3599
f 1047//1028 2881//2831 1160//1141
f 3016//2965 1061//1042 1063//1044
f 518//510 875//862 2401//2357
f 4089//4035 4201//4148 2579//2530
f 336//332 2896//2846 337//333
f 505//498 504//497 1604//1577
f 3337//3281 197//197 196//196
f 2444//2400 2743//2693 1804//1772
f 2444//2400 1804//1772 4272//4227
f 4100//4043 2300//2256 4613//4294
f 4100//4043 4613//4294 4101//4044
f 1247//1227 2871//2822 4030//2973
f 2319//2275 97//97 2858//2810
f 3171//3116 2874//2824 3172//3117
f 3439//3382 4128//4076 4614//4583
f 770//756 1041//1022 3136//3081
f 1227//1208 127//127 129//129
f 4438//4399 2781//2731 1829//1796
f 486//480 3350//3294 400//394
f 1352//1332 4543//4507 814//801
f 213//213 1069//1050 1961//1924
f 4615//4584 4616//4585 2886//2836
f 372//368 4325//4282 1854//1819
f 3540//3482 546//538 2767//2717
f 3278//3223 2719//2667 4405//4367
f 2449//2405 2448//2404 2588//2539
f 1107//1088 4617//4586 1108//1089
f 2551//2505 4618//4587 1458//1435
f 4619//4588 3916//3861 4620//4589
f 3918//3863 1760//1728 3919//3864
f 4273//4228 4274//4229 3139//3084
s 0
f 961//1695 3218//4590 3219//1695
f 961//3165 3219//3165 3765//3165
s 1
f 486//480 485//479 3350//3294
f 1988//1951 3674//3617 3801//3748
f 1049//1030 4518//4480 4201//4148
f 2274//2231 4621//4591 4382//4343
f 2191//2150 3467//3410 3669//3612
f 4622//4592 3469//3412 3807//3754
f 3259//3205 1580//1553 4623//4593
f 3260//3206 3259//3205 4623//4593
f 1652//1621 1654//1623 4092//4038
f 1373//1352 1216//1197 1374//1353
f 4442//4402 4624//4594 1567//1540
f 3442//3385 4442//4402 1567//1540
f 1703//1667 2910//2860 4547//4511
f 1703//1667 4547//4511 4337//4295
f 1219//1200 1221//1202 4135//4081
f 3096//3045 715//701 1908//1872
f 4625//4595 1947//1910 1309//1289
f 3229//3175 1420//1397 1419//1396
f 1533//1506 3229//3175 1419//1396
f 2003//1964 1122//1103 1124//1105
f 4214//4163 4626//4596 2310//2266
f 2309//2265 4214//4163 2310//2266
f 4236//4187 4321//4278 4627//4597
f 3332//3276 2563//2516 4422//4382
f 4628//4598 3743//3687 4012//3955
f 4333//4290 2920//2868 539//531
f 4121//4069 3473//3415 3474//3416
f 3995//3939 4121//4069 3474//3416
f 3884//3830 3974//3918 725//711
f 480//474 3160//3105 4629//4599
f 2559//2513 3292//3235 2410//2366
f 923//907 3117//3063 924//908
f 2702//2651 2754//2704 3831//3778
f 4381//4342 3421//3364 4534//4497
f 1997//1960 957//941 1150//1131
f 1341//1321 1975//1938 1342//1322
f 4630//4600 2073//2034 3042//2991
f 3776//3721 4631//4601 4215//4164
f 4061//4006 612//604 3479//3421
f 706//694 4632//4602 707//695
f 821//808 2807//2757 3019//2968
f 588//580 3507//3449 3508//3450
f 1413//1390 2846//2797 1414//1391
f 1867//1832 3558//3500 3251//3197
f 4633//4603 4255//4208 2750//2700
f 3359//3303 178//178 180//180
f 4634//4604 4472//4431 1362//1342
f 1361//1341 4634//4604 1362//1342
f 3569//3510 3571//3512 3997//3941
f 3569//3510 3997//3941 4635//4605
f 3740//3684 3777//3722 3337//3281
f 4342//4300 4044//3988 4343//4301
f 3433//3376 1667//1634 2395//2351
f 4636//4606 2459//2415 3915//3860
f 3304//3247 1997//1960 1150//1131
f 1664//1631 3854//3800 3856//3802
f 1367//1347 4553//4517 4519//4481
f 3563//3504 1367//1347 4519//4481
f 3300//3243 3065//3014 3301//3244
f 705//693 707//695 3974//3918
f 3805//3752 3819//3766 4637//4607
f 3854//3800 3432//3375 1349//1329
f 2546//2500 3536//3478 2014//1974
f 1400//1379 4638//4608 3226//3172
f 1401//1380 1400//1379 3226//3172
f 1640//1609 4583//4552 1340//1320
f 4344//4302 3205//3150 3944//3890
s 0
f 4523//4609 2005//4609 2004//4609
s 1
f 643//635 352//348 3504//3446
f 643//635 3504//3446 1307//1287
s 0
f 1513//4610 4523//4610 4408//4610
s 1
f 4203//4150 4204//4151 1696//1660
f 2158//2117 3796//3743 2670//2621
f 4568//4537 855//842 1588//1561
f 3970//3914 3972//3916 1805//1773
f 3222//3168 874//861 517//509
f 200//200 3528//3470 201//201
f 4171//4118 4170//4117 4639//4611
f 2342//2298 4393//4354 1055//1036
f 3177//3122 2063//2023 2062//2022
f 436//430 1771//1739 105//105
f 2823//2773 2780//2730 767//753
f 469//463 3751//3696 470//464
f 765//751 4101//4044 766//752
s 0
f 4137//1486 1511//1486 1513//1486
s 1
f 1471//1448 2862//2814 4372//4333
f 239//239 2921//2869 2638//2589
f 1327//1307 1531//1504 1328//1308
f 2270//2227 3413//3356 2271//2228
f 4365//4325 4093//4039 4094//4040
f 2570//2521 2255//2212 1359//1339
f 2445//2401 4272//4227 2764//2714
f 4355//4314 2923//2871 4006//1056
f 630//622 2659//2610 631//623
f 386//382 385//381 3644//3586
f 386//382 3644//3586 4640//4612
f 1888//1854 395//391 1577//1550
f 3731//3675 2905//2855 3732//3676
f 3429//3372 4461//4420 3430//3373
f 3583//3526 952//936 2276//2233
f 3792//3739 2935//2883 2865//2817
f 749//735 3641//3583 4641//4613
f 750//736 749//735 4641//4613
f 3503//3445 3778//3723 3504//3446
f 2200//2159 1104//1085 1103//1084
f 3889//3835 1436//1413 854//841
f 2051//1227 1248//1228 3728//3672
f 3253//3199 3425//3368 4642//4614
f 3397//3340 2621//2572 2959//2908
f 4643//4615 469//463 3010//2959
f 3968//3912 2605//2556 739//725
f 3160//3105 2635//2586 4341//4299
f 764//750 766//752 3730//3674
f 3879//3824 4457//4416 4441//4401
f 3108//3055 4346//4306 4348//4308
f 1550//1523 4246//4199 2796//2746
f 779//765 778//764 3718//3662
f 779//765 3718//3662 2361//2317
f 4084//4030 1278//1258 4644//4616
f 4169//4116 1174//1155 1173//1154
f 867//854 848//835 4160//4106
f 3881//3827 4645//4617 2450//2406
f 872//859 4102//4048 1977//1940
f 4488//4446 3346//3290 3348//3292
f 3989//3933 3221//3167 3223//3169
f 1085//1066 162//162 1452//1429
f 1120//1101 4122//4070 1121//1102
f 888//875 887//874 3217//3162
f 268//266 359//355 2772//2722
f 4646//1677 4635//4605 1998//1961
f 2304//2260 3613//3554 4629//4599
f 2304//2260 4629//4599 2305//2261
f 2071//2032 4647//4618 3515//3457
f 3795//3742 3885//3831 1996//1959
f 2776//2726 4648//4619 2777//2727
f 1104//1085 837//824 4367//4327
f 3441//3348 3482//3424 4035//3978
f 761//747 763//749 2936//2884
f 4520//4482 4649//4620 2691//2640
f 561//553 492//485 491//484
f 975//2670 4650//4621 976//3693
f 1016//1001 3380//3323 654//646
f 3540//3482 2767//2717 302//300
f 4651//4622 4632//4602 1843//1808
f 3690//3633 3431//3374 4325//4282
f 1650//1619 301//299 4018//3961
f 2601//2552 4291//4247 2602//2553
s 0
f 3269//4623 3213//2498 3270//4152
s 1
f 3751//3696 325//321 3752//3697
f 634//626 726//712 540//532
f 961//1673 3765//3710 1709//1674
f 4213//4162 4652//4624 2446//2402
s 0
f 2286//4625 2872//4625 2287//4625
s 1
f 4653//4626 4654//4627 4655//4628
f 3229//3175 4656//4629 283//281
f 2016//1976 1901//1865 2729//2678
f 1244//1224 1245//1225 1634//1603
f 2129//2089 1244//1224 1634//1603
f 4200//4147 3456//3399 4657//4630
f 4587//4556 4573//4542 4574//4543
f 4587//4556 4574//4543 4588//4557
f 963//948 3702//3646 2534//2488
f 2631//2582 3857//4468 833//820
f 3649//3591 2795//2745 1948//1911
s 0
f 4033//4631 655//4631 2005//4631
s 1
f 3761//3706 4311//4267 587//579
f 923//907 2866//2818 3117//3063
f 3285//3229 4370//4330 4658//4632
f 1613//1584 1614//1585 3716//3660
f 394//390 4116//4064 1578//1551
f 3484//3426 582//574 1558//1531
f 4024//3967 3692//3635 1968//1931
f 4139//4084 2320//2276 649//641
f 2860//2812 2089//2049 2091//2051
f 1026//1009 1025//1008 4550//4514
f 2904//2854 3142//3087 4659//4633
f 3277//3222 2717//2665 2719//2667
f 3680//3623 3679//3622 4655//4628
f 1186//1166 1627//1596 1187//1167
f 3694//3637 4619//4588 504//497
f 671//661 730//716 4210//4159
f 260//258 4356//4315 2705//2654
f 2887//2837 402//396 2809//2759
f 777//763 776//762 3585//3528
s 0
f 1690//4634 3308//4634 3663//4634
s 1
f 3381//3325 677//667 679//669
f 3354//3298 4660//3825 2991//2940
f 4052//3997 2387//2343 2386//2342
f 2814//2764 4052//3997 2386//2342
f 2344//2300 2343//2299 840//827
f 1059//1040 4444//4404 1060//1041
f 4027//3971 1517//1490 2219//2177
f 4661//4635 4662//4636 3727//3671
f 3726//3670 4661//4635 3727//3671
f 4663//4637 2289//2245 2292//2248
f 3323//3266 2819//2769 903//888
f 3085//3034 3323//3266 903//888
f 4405//4367 2719//2667 1438//1415
f 1124//1105 3970//3914 1805//1773
f 4284//4239 2989//2938 2127//2087
f 4284//4239 2127//2087 3423//3366
f 2352//2308 2354//2310 4049//3994
f 2509//2463 2352//2308 4049//3994
f 2711//2660 747//733 4598//4568
f 1380//1359 1382//1361 2281//2238
f 1380//1359 2281//2238 2795//2745
f 3917//3862 2347//2303 4440//4400
f 4167//4114 78//78 77//77
f 2517//2471 4664//4638 4295//4251
f 3740//3684 3604//3547 3777//3722
f 1998//1961 4665//4639 957//941
f 4666//4640 4667//4641 4668//4642
f 3062//3011 4140//4086 4211//4160
f 2948//2896 2947//2895 4666//4640
f 242//242 1096//1077 3031//2979
f 3772//3717 4144//4090 4669//4643
f 2589//2540 1109//1090 2508//2462
f 3581//3524 2744//2694 4566//4534
f 3582//3525 3581//3524 4566//4534
f 2882//2832 2881//2831 1047//1028
f 3668//3611 4670//4644 4122//4070
f 4671//4645 2326//2282 4528//4491
f 3149//3094 1403//1382 1405//1384
f 3735//3679 3736//3680 4415//4375
f 248//248 4012//3955 249//249
f 3965//3909 2421//2377 4672//567
f 3782//3728 126//126 124//124
f 4673//4143 4097//3837 4315//4272
f 3986//3930 3325//3268 522//514
f 2861//2813 2091//2051 3338//3282
f 4488//4446 605//597 3346//3290
f 2707//2656 3738//3682 2218//2176
s 0
f 3179//2242 2285//2242 4674//2242
s 1
f 4675//4646 1005//990 2779//2729
f 4675//4646 2779//2729 374//370
f 692//682 1211//1191 4017//3960
s 0
f 3750//4647 1825//4648 1826//2795
s 1
f 3558//3500 3560//3502 3713//3657
f 4293//4249 3078//3027 4676//4649
f 2587//2538 3064//3013 3391//3334
f 3494//3436 4434//2603 1302//1282
f 3494//3436 1302//1282 1301//1281
f 2079//2039 1165//1146 1785//1753
f 2931//2879 4677//4650 4678//4651
f 591//583 1506//1481 495//488
f 591//583 495//488 494//487
f 3468//3411 3235//3181 3576//3519
f 2649//2600 4679//4652 3959//3903
f 4680//4653 3034//2983 1530//1503
f 4680//4653 1530//1503 3830//3777
f 395//391 394//390 1577//1550
f 3154//3099 4655//4628 4681//4654
f 3356//3300 2710//2659 753//739
f 4477//4436 2260//2217 2734//2683
f 138//138 137//137 4682//4655
f 3475//3417 4652//4624 4105//4053
f 1893//1857 3164//3109 3165//3110
f 3024//2973 3992//3936 4683//3383
f 835//822 3369//3312 3990//3934
f 4684//4656 4355//4314 4006//1056
f 4685//4657 4473//4432 4115//4063
f 4686//4658 4059//4004 4357//4316
f 2393//2349 3090//3039 2394//2350
f 2689//2638 2508//2462 1111//1092
f 3753//3698 4150//4096 1927//1891
f 4077//4022 4079//4024 1752//1720
f 2058//2018 2550//2504 2379//2335
f 1126//1107 4244//4197 2645//2596
f 4643//4615 3933//3878 469//463
f 2211//2170 1159//1140 1158//1139
f 3035//2984 2730//2679 2237//2195
f 991//976 4687//4659 992//977
f 382//378 4298//4254 2758//2708
f 854//841 4688//4660 4689//4661
f 4690//4662 4264//4217 686//676
f 2856//2808 2535//2489 3087//3036
f 1404//1383 1645//1614 4067//4012
f 1404//1383 4067//4012 4395//4356
f 4441//4401 1798//1766 1797//1765
s 0
f 1233//4663 3899//4663 4231//4663
f 4439//2823 1233//2823 4231//2823
s 1
f 3291//2603 2634//2585 4691//4664
f 1903//1867 1488//1463 1487//1462
f 1026//1009 4550//4514 4692//4665
f 4344//4302 3944//3890 4693//3745
f 2116//2076 2115//2075 3711//3655
f 4694//4666 4601//4571 4695//4667
f 536//528 538//530 4696//4668
f 755//741 536//528 4696//4668
f 1259//1239 1258//1238 4697//4669
f 1266//1246 1268//1248 4698//4670
f 834//821 312//308 311//307
f 3476//3418 1630//1599 4037//3980
f 3476//3418 4037//3980 2111//2071
f 4099//4042 4196//4143 4316//4273
f 4699//4671 4700//4672 790//777
f 4699//4671 790//777 2520//2474
f 3141//3086 3593//3536 1822//1790
f 1412//1389 2130//2090 2245//2203
f 3393//3336 3087//3036 3086//3035
f 4149//4095 1175//1156 1061//1042
f 3388//3332 3621//3562 4161//4107
f 4520//4482 2691//2640 4250//4203
f 4701//4673 3422//3365 665//655
f 4701//4673 665//655 664//654
s 0
f 3390//4674 2839//4674 709//4674
s 1
f 2963//2912 3895//3841 1376//1355
f 121//121 2288//2244 4702//4675
f 3198//3143 2916//2863 4703//4676
f 3042//2991 2885//2835 3369//3312
f 4595//4565 1234//1214 3071//3020
f 3367//3310 3407//3350 3145//3090
f 3142//3087 2601//2552 2582//2533
f 1666//1633 2576//2527 1905//1869
f 2453//2409 1718//1683 886//873
f 3259//3205 2223//2181 1580//1553
f 3098//3047 3533//3475 2053//2013
f 156//156 3098//3047 2053//2013
f 2759//2709 2843//2792 4072//4017
f 418//412 2353//2309 4295//4251
f 418//412 4295//4251 419//413
f 1894//1858 4704//4677 4576//4545
f 369//365 837//824 4705//4678
f 159//159 719//705 2950//2898
f 4706//4679 4372//4333 1239//1219
f 135//135 134//134 3193//3138
f 4707//4680 4708//4681 4709//4682
f 1349//1329 1259//1239 3901//3847
f 4710//4683 55//55 58//58
f 379//375 1968//1931 380//376
f 4496//4454 4498//4456 2009//1969
f 712//698 4496//4454 2009//1969
f 3459//3402 2463//2419 4711//4684
f 4712//4685 3459//3402 4711//4684
f 1281//1261 3107//3054 414//408
f 4125//4073 1723//1688 2600//2551
f 4713//4686 1475//1452 4026//3970
f 4098//4041 3082//3031 4196//4143
f 4714//4687 3929//3874 3602//3545
f 907//892 4715//4688 1249//1229
f 797//784 2941//2889 798//785
f 1024//1007 2046//2007 1025//1008
f 2367//2323 3880//3826 3952//3897
f 3860//3806 3763//3708 1081//1062
f 3015//2964 4149//4095 1061//1042
f 3019//2968 2807//2757 555//547
f 3156//3101 4716//4689 1033//1014
f 648//640 1003//988 4717//4690
f 648//640 4717//4690 3979//3923
f 4718//4691 606//598 638//630
f 1643//1612 3855//3801 4068//4013
f 4684//4656 4006//1056 4719//4692
f 4133//4079 3362//3306 2827//2777
f 4720//4693 732//718 4609//4579
f 4721//4694 3762//3707 4722//4695
f 1129//1110 1715//1680 1130//1111
f 2402//2358 4335//4292 1315//1295
f 3518//3460 3563//3504 3091//3040
s 0
f 4723//4696 4724//4696 1319//4696
s 1
f 4675//4646 374//370 1006//991
f 1967//1930 1942//1905 4725//4697
f 1451//1428 1450//1427 1870//1835
f 2121//2081 4280//4235 2713//2662
f 4280//4235 3181//3126 3257//3203
f 1284//1264 4280//4235 3257//3203
f 3369//3312 2884//2834 3990//3934
f 3905//3851 4344//4302 4443//4403
f 2668//2619 1253//1233 663//653
f 3309//3252 1088//1069 3020//2969
s 0
f 3101//4698 3103//4698 4397//4698
s 1
f 4726//4699 3739//3683 3740//3684
f 1923//1887 3748//3692 1183//1163
f 728//714 2476//2432 4047//3992
f 4154//4700 2169//2449 1407//1386
s 0
f 4096//3776 4154//3776 1407//3776
f 3609//306 310//306 309//306
s 1
f 1415//1392 1414//1391 2077//2037
f 2174//2132 1674//1640 1028//279
f 2890//2840 3993//3937 2891//2841
f 3894//3840 2528//2482 2530//2484
f 4040//3983 2587//2538 2586//2537
f 1846//1811 4040//3983 2586//2537
f 4444//4404 4524//4486 3616//3557
f 2259//2216 720//706 1095//1076
f 4053//3998 3937//3883 4727//4701
f 877//864 876//863 4208//4157
f 3457//3400 3348//3292 3882//3828
f 90//90 84//84 3780//3726
f 4141//4087 268//266 270//268
f 3616//3557 4401//4363 4348//4308
f 3527//3469 1795//1763 3114//3061
f 256//254 3527//3469 3114//3061
f 3745//3689 3744//3688 3119//3065
f 3387//3331 1930//1894 3784//3730
f 2051//1227 3728//3672 2052//2012
f 4728//4702 1807//1775 4729//4703
f 2878//2828 1532//1505 1419//1396
f 967//952 4730//4704 2925//2873
f 3814//3761 3403//3346 1808//1776
f 3031//2979 1792//1760 896//883
f 3995//3939 3474//3416 4731//4705
f 4002//3946 1504//1479 4003//3947
f 4102//4048 4103//4049 3764//3709
f 2721//2669 974//2671 3365//3308
f 3591//3534 2966//2915 501//494
f 500//493 3591//3534 501//494
f 176//176 2222//2180 175//175
f 4732//4706 2224//2182 4342//4300
f 1463//1440 431//425 120//120
f 2684//2633 1144//1125 2598//2549
f 1455//1432 4733//4707 1853//1818
f 4591//4561 3299//3242 4242//4195
f 756//742 4531//4494 3402//3345
f 1350//1330 1879//1845 1351//1331
f 2735//2684 3980//3924 1194//1174
f 1214//1195 3723//3667 3419//3362
f 1215//1196 1214//1195 3419//3362
f 1391//1370 4134//4080 954//938
f 2978//2927 4166//4113 4167//4114
f 2181//2139 3771//3716 1031//1012
f 859//846 4235//4186 2878//2828
f 272//270 4734//4708 4093//4039
f 272//270 4093//4039 4365//4325
f 299//297 3304//3247 1507//1482
s 0
f 3291//4709 4735//4709 2001//4710
s 1
f 3865//3810 4736//4711 4730//4704
f 4253//951 3865//3810 4730//4704
f 4540//4504 511//504 2728//2677
f 4540//4504 2728//2677 2917//2864
f 4638//4608 2638//2589 3226//3172
f 2337//2293 2578//2529 1637//1606
f 1128//1109 1130//1111 1432//1409
f 581//573 3070//3019 3968//3912
f 966//951 4730//4704 967//952
f 4014//3957 3802//3749 3987//3931
f 3708//3652 4560//4528 4563//4531
f 3290//3234 4737//4712 907//892
f 4738//4713 244//244 246//246
f 1156//1137 4738//4713 246//246
f 4378//4339 4399//4361 4379//4340
f 4396//4357 4334//4291 838//825
f 3747//3691 2066//2027 4136//4714
f 2126//2086 3883//3829 724//710
f 293//291 1603//1576 2370//2326
f 4739//4715 4535//4498 1788//1756
f 2746//2696 2745//2695 1500//1475
f 167//167 2230//2188 887//874
f 609//601 612//604 4740//4716
f 4741//4717 609//601 4740//4716
s 0
f 3115//4718 1933//4718 1935//4718
s 1
f 2099//2059 4536//4500 2299//2255
f 748//734 1740//1708 749//735
f 3046//2995 3047//2996 2941//2889
f 622//614 2309//2265 1817//1785
f 3935//3880 1134//1115 1326//1306
f 3792//3739 2933//2881 2935//2883
f 4742//4719 2510//2464 2509//2463
f 2977//2926 3286//3230 3288//3232
f 1041//1022 1043//1024 4104//4050
f 3136//3081 1041//1022 4104//4050
f 1591//1564 2227//2185 1592//1565
f 2758//2708 4298//4254 2876//2826
f 558//550 446//440 448//442
f 4689//4661 4688//4660 3575//3518
s 0
f 309//4181 3470//4181 1933//4720
s 1
f 2175//2133 2174//2132 4743//4721
f 2897//2847 1834//1801 3475//3417
f 2148//2107 2147//2106 4428//4389
f 4744//4722 685//675 4418//4378
f 4417//4377 4744//4722 4418//4378
f 4016//3959 3662//3604 4541//4505
f 646//638 3979//3923 4717//4690
f 2399//2355 2801//2751 1269//1249
f 2403//2359 1315//1295 1317//1297
f 2431//2387 531//523 3870//3815
f 4738//4713 3452//3395 4361//4321
f 3354//3298 881//868 880//867
f 2568//2221 4646//1677 1998//1961
f 2054//2014 2737//2686 1918//1882
f 3126//3072 3492//3434 2263//2220
f 958//942 4452//4412 959//943
f 4700//4672 4745//4723 4746//4724
f 4700//4672 4746//4724 790//777
f 1451//1428 1871//1836 3222//3168
f 4196//4143 4076//4021 4075//4020
f 2437//2393 2439//2395 4747//4725
f 1132//1113 4455//4414 3694//3637
f 3953//388 3681//1704 3388//3332
s 0
f 2869//4726 1672//4726 1838//4726
s 1
f 3216//3161 4475//4434 3353//3297
f 3352//3296 3216//3161 3353//3297
f 4748//4727 1778//1746 4123//4071
f 3137//3082 3136//3081 4104//4050
f 1438//1415 1849//1814 1844//1809
f 783//770 786//773 2374//2330
f 4533//4496 3057//3006 297//295
f 4533//4496 297//295 1201//1181
f 1495//1470 3378//3321 2093//2053
f 3815//3762 2817//2767 2500//2455
f 4749//4728 893//880 4733//4707
f 2549//2503 4232//4183 3029//2978
f 3319//3262 999//984 4750//4729
f 1841//1806 4348//4308 4401//4363
f 4412//4372 975//2670 2721//2669
f 1350//1330 4751//4730 1879//1845
f 3568//3509 4752//4731 4353//4312
f 3959//3903 4734//4708 272//270
f 271//269 3959//3903 272//270
f 1971//1934 2815//2765 1972//1935
f 4371//4331 1081//1062 368//364
f 1605//1578 4753//4732 1575//1548
f 1707//1671 1706//1670 4615//4584
f 4705//4678 837//824 1104//1085
f 3746//3690 3745//3689 4754//4733
f 3773//3718 1261//1241 1260//1240
f 4678//4651 4755//4734 1799//1767
f 2123//2083 4678//4651 1799//1767
f 3433//3376 3854//3800 1664//1631
s 0
f 2391//1459 2954//1459 4351//1459
f 2051//4735 1246//4735 1248//4735
s 1
f 1784//1752 1783//1751 4314//4271
f 2737//2686 1661//2687 1919//1883
f 911//896 919//903 4756//4736
f 4258//4211 2837//2786 4757//4737
f 4322//4279 2576//2527 1666//1633
f 3169//3114 4322//4279 1666//1633
f 4551//4515 804//791 4582//4551
f 3018//2967 4165//4111 2440//2396
f 3596//3539 3018//2967 2440//2396
f 3972//3916 2536//2490 1805//1773
f 4750//4729 4758//4738 3618//3559
f 3236//3182 3394//3337 1527//1500
f 4759//4739 609//601 4741//4717
f 1396//1375 4100//4043 765//751
s 0
f 3365//3308 974//3308 2726//3308
s 1
f 2407//2363 4664//4638 2517//2471
f 4760//4740 2407//2363 2517//2471
f 4761//4741 1498//1473 4650//4621
f 3654//3596 3183//3128 1035//1016
f 2556//2510 4421//4381 3910//3856
f 2556//2510 3910//3856 2557//2511
f 2800//2750 2861//2813 3837//3784
f 1924//1888 1926//1890 4266//4219
f 4406//4368 3757//3702 1705//1669
f 592//584 1178//1159 52//52
f 1217//1198 1813//1781 1218//1199
f 4278//4233 3901//3847 3900//3846
f 1598//1571 324//320 323//319
f 574//566 1325//1305 3946//3892
f 4202//4149 1875//1840 803//790
f 2826//2776 543//535 542//534
f 2625//2576 4147//4093 4148//4094
f 1836//1802 1671//3566 2379//2335
f 4762//4742 3348//3292 3457//3400
f 2595//2546 3510//3452 1958//1921
f 3778//3723 322//318 1486//1461
f 2750//2700 2684//2633 2598//2549
f 4662//4636 4391//4352 4390//4351
f 3727//3671 4662//4636 4390//4351
f 314//310 3851//3797 315//311
f 1092//1073 1172//1153 3689//3632
f 4763//4743 4027//3971 4597//4567
f 3483//3425 4726//4699 4764//4744
f 3112//3059 4765//4745 4766//4746
f 2448//2404 3309//3252 3020//2969
f 4767//4747 4768//4748 4769//4749
f 4767//4747 4769//4749 1681//1647
f 1228//1209 2168//2127 506//499
f 616//608 4673//4143 4315//4272
f 3285//3229 2378//2334 4370//4330
f 3996//3940 3995//3939 4731//4705
f 2381//2337 1264//1244 913//898
f 2381//2337 913//898 916//901
f 2391//2347 2385//4750 2007//1849
f 1920//1884 2371//2327 2210//2169
f 2033//1994 853//840 852//839
f 1571//1544 2530//2484 1572//1545
f 3255//3201 2499//2454 3701//3645
f 3543//3485 4770//4751 2467//2423
f 4771//4752 4599//4569 4772//4753
f 1037//1018 1036//1017 318//314
f 304//302 2622//2573 3985//3929
f 4773//4754 2680//2629 291//289
f 1477//1454 3955//3899 1478//1455
f 4572//4541 2985//2934 450//444
f 3013//2962 1368//1348 1367//1347
f 3268//3213 3267//3212 3273//3217
f 4774//4755 3112//3059 3111//3058
f 1595//1568 2660//2611 621//613
f 2387//2343 4286//4241 3947//3893
f 2387//2343 3947//3893 3004//2953
f 1303//1283 4125//4073 1835//1689
f 314//310 4775//4756 3851//3797
f 3729//3673 3960//3904 3238//3184
f 3458//3969 1247//1227 1246//1226
f 2079//2039 1431//1408 1165//1146
f 4414//4374 4413//4373 1394//1373
f 1393//1372 4414//4374 1394//1373
f 3266//3211 3268//3213 3473//3415
f 3834//3781 4563//4531 4562//4530
f 1651//1620 4018//3961 3984//3928
f 1111//1092 1110//1091 1877//1843
f 3940//3886 3942//3888 3820//3767
f 2582//2533 2602//2553 2581//2532
f 1922//1886 1923//1887 3827//3774
f 3323//3266 1989//1952 2819//2769
f 436//430 2076//2036 1771//1739
f 3653//3595 3262//3207 4489//4447
f 381//377 4397//4359 3123//3069
f 2911//2861 491//484 2912//2862
f 1289//1269 1288//1268 3478//3420
f 3257//3203 3181//3126 3500//3442
f 3297//3240 1202//1182 1205//1185
f 2629//2580 235//235 1009//994
f 2629//2580 1009//994 3937//3883
f 2908//2858 4567//4535 3322//3265
f 1244//1224 3094//3043 355//351
f 3680//3623 4655//4628 3154//3099
f 3301//3244 3065//3014 4776//4757
f 4048//3993 3077//3026 3836//3783
f 3368//3311 2540//2494 464//458
f 3172//3117 4083//4028 3641//3583
f 3642//3584 3498//3440 3497//3439
f 2886//2836 1254//1234 1256//1236
f 1966//1929 1967//1930 1662//4384
f 2696//2645 3839//3786 1345//1325
f 4457//4416 4777//4758 1798//1766
f 4556//4522 1198//1178 1699//1663
f 3841//2028 4778//4759 4779//4760
f 1275//1255 4742//4719 3286//3230
f 2976//2925 1275//1255 3286//3230
f 1285//1265 4737//4712 3290//3234
f 4510//4472 3240//3186 1936//1899
f 3321//3264 2909//2859 2852//2803
f 3321//3264 2852//2803 4247//4200
f 4780//4761 4781//4762 1184//1164
f 751//737 753//739 2710//2659
f 2712//2661 751//737 2710//2659
f 4727//4701 1008//993 939//923
f 4782//4763 1481//1458 915//900
f 1986//1949 891//878 773//759
f 4783//4764 4784//4765 3421//3364
f 2439//2395 3562//3503 3267//3212
f 2470//2426 1896//1860 1895//1859
f 4785//4766 3998//3942 4786//4767
f 4785//4766 4786//4767 4787//4768
f 4171//4118 4639//4611 1990//1953
f 2902//2852 2615//2566 3021//2970
f 429//423 2003//1964 430//424
f 3768//3713 885//872 1161//1142
f 2697//2646 919//903 4046//3990
f 4474//4433 363//359 3353//3297
f 3527//3469 200//200 1795//1763
f 3178//3123 3177//3122 2062//2022
f 4228//4178 2855//2807 1931//1895
f 431//425 4456//4415 120//120
f 404//398 890//877 1391//1370
f 3454//3397 527//519 4112//4060
f 978//963 3848//3794 3741//3685
f 933//917 4406//4368 934//918
f 3018//2967 2428//2384 4165//4111
f 3758//3703 4788//4769 3759//3704
f 3178//3123 2062//2022 3138//3083
f 4709//4682 4546//4510 4347//4307
f 4789//4770 4709//4682 4347//4307
f 1887//1853 1577//1550 1773//1741
f 996//981 3483//3425 4764//4744
f 4564//4532 4533//4496 1200//1180
f 1308//1288 1307//1287 4169//4116
f 4451//4411 4790//4771 3097//3046
f 1550//1523 165//165 4246//4199
f 3517//3459 3516//3458 1363//1343
f 3517//3459 1363//1343 1164//1145
f 2559//2513 2789//2739 2162//2121
f 4761//4741 4650//4621 975//2670
f 2486//2442 1298//1278 1300//1280
s 0
f 442//4698 513//4698 4397//4698
s 1
f 1956//1919 4791//4772 199//199
f 201//201 1956//1919 199//199
f 3408//3351 3013//2962 3924//3869
f 2072//2033 728//714 2350//2306
f 3035//2984 2017//1977 2730//2679
f 4792//4773 1210//1190 350//346
f 794//781 4793//3401 702//690
f 2781//2731 2929//2877 1829//1796
f 1505//1480 21//21 69//69
f 4366//4326 4179//4126 4178//4125
f 3852//3798 4596//4566 3737//3681
f 2606//2557 3852//3798 3737//3681
f 4171//4118 1990//1953 1211//1191
f 1010//995 1012//997 1837//1802
f 4794//4774 4767//4747 1681//1647
f 843//830 842//829 4795//4775
f 843//830 4795//4775 2617//2568
f 3378//3321 3379//3322 1789//1757
f 3378//3321 1789//1757 4573//4542
f 747//733 4422//4382 2563//2516
f 465//459 2541//2495 3623//3564
f 3656//3598 2959//2908 2880//2830
f 4790//4771 3768//3713 3097//3046
f 2937//2885 3248//3194 48//48
f 4661//4635 2199//2158 4796//4776
f 4661//4635 4796//4776 4662//4636
f 1477//1454 4178//4125 3955//3899
f 2629//2580 4054//3999 4345//4303
s 0
f 3842//4112 497//4112 499//4112
s 1
f 2156//2115 2616//2567 1417//1394
f 2554//2508 1892//1856 4107//4055
f 4106//4054 2554//2508 4107//4055
f 996//981 4764//4744 1591//1564
f 1110//1091 1502//1477 1504//1479
f 4797//4777 2452//2408 474//468
f 1013//998 986//971 1014//999
f 2344//2300 840//827 2577//2528
f 2542//2496 2544//2498 3276//3221
f 4583//4552 1337//1317 1340//1320
f 1145//1126 617//609 4199//4146
f 2020//1980 3803//3750 4206//4155
f 1538//1511 1082//1063 1875//1840
f 1538//1511 1875//1840 2480//2436
f 2328//2284 3940//3886 3820//3767
f 1098//1079 3668//3611 3667//3610
f 4277//4232 4798//4778 4799//4779
f 2968//2917 877//864 4207//4156
f 1149//1130 4149//4095 3015//2964
f 4800//4780 2727//2676 3556//3498
f 1169//1150 1171//1152 2828//2778
f 877//864 4208//4157 4207//4156
f 2168//2127 2167//2126 467//461
s 0
f 3116//4781 1935//4781 3307//4781
s 1
f 4119//4067 4118//4066 1034//1015
f 4436//4397 4801//4782 3233//3179
f 3144//3089 261//259 2867//2819
f 338//334 596//588 598//590
f 3093//3042 3866//3811 1556//1529
f 2700//2649 2699//2648 4309//4265
f 2969//2918 3758//3703 3760//3705
f 4659//4633 2574//2525 2573//2524
f 4431//4393 4659//4633 2573//2524
f 4777//4758 4729//4703 4802//4783
f 2430//2386 3026//2975 3995//3939
f 2204//2163 1762//1730 2060//2020
f 2358//2314 3022//2971 2233//2191
f 1795//1763 200//200 1796//1764
f 1270//1250 4718//4691 638//630
f 4803//4784 3060//3009 4804//4785
f 875//862 4267//4222 2400//2356
f 716//702 3242//3188 717//703
f 3892//3838 3349//3293 72//72
f 3892//3838 72//72 74//74
f 4770//4751 4577//4546 2467//2423
f 1557//1530 1562//1535 3913//4786
f 4062//4007 1617//1588 4063//4008
f 4635//4605 4805//4787 4665//4639
f 3374//3317 3376//3319 4538//4502
f 2036//1997 268//266 4141//4087
f 1562//1535 3949//4221 3913//4786
f 4690//4662 1831//1798 2639//2590
f 4294//4250 3511//3453 4656//4629
f 2435//2391 4294//4250 4656//4629
f 1517//1490 1207//1187 2219//2177
f 1334//1314 2246//2204 1335//1315
s 0
f 1933//3845 2870//3845 1934//3845
s 1
f 3170//3115 4463//4422 3171//3116
f 4806//4788 4539//4503 3963//3907
f 796//783 807//794 1653//1622
f 3707//3651 3111//3058 3110//3057
f 3036//2985 1936//1899 1938//1901
f 3036//2985 1938//1901 3037//2986
f 3531//3473 3532//3474 3054//3003
f 4245//4198 3717//3661 1614//1585
f 2355//2311 4807//4789 2526//2480
f 3201//3146 1635//1604 1910//1874
f 3201//3146 1910//1874 3202//3147
f 2989//2938 1747//1715 1018//1003
f 4286//4241 2547//2501 3945//3891
f 4808//4790 1222//1203 3665//3608
f 3793//3740 4130//4078 2747//2697
f 2160//2119 3282//2903 2161//2120
f 97//97 4188//4135 2858//2810
f 2580//2531 4518//4480 4552//4516
f 1394//1373 1959//1922 2824//2774
f 4645//4617 1913//1877 2450//2406
f 137//137 3816//3763 4682//4655
s 0
f 3948//4791 4336//4791 2286//4791
s 1
f 641//633 1023//1006 1434//1411
f 422//416 421//415 2370//2326
s 0
f 3270//1459 1483//1459 1482//1459
s 1
f 576//568 575//567 4233//4184
f 3871//3816 3873//3818 4036//3979
f 1487//1462 1489//1464 3806//3753
f 2650//2601 361//357 3437//3380
f 2456//2412 2501//2456 2134//2094
f 2133//2093 2456//2412 2134//2094
f 3230//3984 443//437 445//439
f 2288//2244 125//125 4809//4792
f 786//773 1563//1536 3866//3811
f 1789//1757 1791//1759 3161//3106
f 4574//4543 1789//1757 3161//3106
f 1928//1892 4460//4419 4210//4159
f 652//644 2424//2380 947//931
f 1101//1082 4810//4793 2866//2818
f 2306//2262 2305//2261 2419//2375
f 3159//3104 4299//4255 2675//2624
f 4349//4309 691//681 4411//4371
f 4216//4165 4215//4164 2611//2562
f 4278//4233 3900//3846 3903//3849
f 1492//1467 455//449 4164//4110
f 2320//2276 4188//4135 3887//3833
f 2320//2276 3887//3833 649//641
f 1694//1658 4698//4670 2907//2857
f 3051//3000 4811//4794 1759//1727
f 3673//3616 4319//4276 3496//3438
f 611//603 3479//3421 612//604
f 1042//1023 2891//2841 1043//1024
f 1132//1113 3694//3637 503//496
f 3140//3085 4274//4229 3281//3226
f 4318//4275 1286//1266 4812//4795
f 4743//4721 3634//3576 3606//3549
f 3876//3821 161//161 4813//4796
f 209//209 2115//2075 210//210
f 4814//4797 552//544 4815//4798
f 4156//4102 930//914 4319//4276
f 2368//2324 3953//388 3388//3332
f 2832//2782 2790//2740 2507//1350
f 4160//4106 290//288 289//287
f 3084//3033 3582//3525 1975//1938
f 3705//3649 2676//2625 3934//3879
f 2360//2316 2362//2318 1477//1454
f 160//160 159//159 2950//2898
f 160//160 2950//2898 2949//2897
f 2749//2699 4569//4538 640//632
f 2037//1998 2036//1997 4525//4488
f 4074//4019 4073//4018 4218//4167
f 4816//4799 4817//4800 4593//4563
f 2427//2383 457//451 456//450
f 2238//2196 2237//2195 4088//4034
f 2675//2624 2513//2467 2515//2469
s 0
f 2391//4294 4351//4294 2385//4294
s 1
f 444//438 3570//3511 445//439
f 2634//2585 3291//2603 2562//2515
f 558//550 2171//2129 4289//4244
f 3091//3040 4484//4443 2061//2021
f 3854//3800 4278//4233 3855//3801
f 1813//1781 1819//1787 793//780
f 1804//1772 343//339 4272//4227
f 3211//3156 3334//3278 3630//3572
f 1714//1679 1066//1047 3525//3467
f 4769//4749 3580//3523 1682//1648
f 1681//1647 4769//4749 1682//1648
f 4818//4801 4819//4802 3486//3428
f 2369//2325 2477//2433 130//130
f 300//298 4820//4803 516//508
f 849//836 3439//3382 850//837
f 2357//2313 1818//1786 1819//1787
f 2360//2316 779//765 2361//2317
f 3422//3365 2322//2278 665//655
f 4821//4804 1747//1715 908//893
f 2473//2429 2472//2428 4822//4805
f 2473//2429 4822//4805 3940//3886
s 0
f 744//4806 2920//4807 4333//4808
s 1
f 4647//4618 1881//1847 1479//1456
f 4647//4618 1479//1456 4634//4604
f 4681//4654 1278//1258 1277//1257
f 4252//4205 4119//4067 4182//4129
f 4107//4055 1894//1858 4575//4544
f 3686//3629 4107//4055 4575//4544
f 374//370 377//373 1006//991
f 4648//4619 422//416 4823//4809
f 2098//2058 3974//3918 565//557
f 1091//1072 2464//2420 1092//1073
f 3003//2952 2743//2693 2444//2400
f 3456//3399 3003//2952 2444//2400
f 3461//3404 281//279 1673//1639
f 2926//2874 4560//4528 4541//4505
f 1729//1697 933//917 932//916
f 4017//3960 787//774 2650//2601
s 0
f 2001//2942 2000//2942 3829//2942
s 1
f 2297//2253 991//976 3033//2982
f 4824//4810 4654//4627 4825//4811
f 2843//2792 2802//2752 4174//4121
f 2748//2698 4292//4248 4569//4538
f 3870//3815 532//524 4300//4256
f 4826//4812 583//575 3030//2801
f 3192//3137 3194//3139 2400//2356
f 4267//4222 3192//3137 2400//2356
f 1854//1819 4170//4117 1855//1820
f 4326//4283 4405//4367 1437//1414
f 1208//1188 2818//2768 4682//4655
f 1208//1188 4682//4655 1209//1189
f 947//931 949//933 2848//2799
f 230//230 1411//1388 4297//4253
f 2354//2310 3931//3876 2002//1963
f 3904//3850 929//913 4827//4813
f 4828//4814 3712//3656 3560//3502
f 4731//4705 4828//4814 3560//3502
f 4829//4815 452//446 453//447
f 4551//4515 4582//4551 4692//4665
f 4550//4514 4551//4515 4692//4665
f 3085//3034 903//888 1995//1958
f 4657//4630 3456//3399 3599//3542
f 3610//3552 4545//4509 4511//4473
f 2671//2622 868//855 4233//4184
f 575//567 2671//2622 4233//4184
f 4364//4324 2359//2315 3821//3768
f 4364//4324 3821//3768 2208//2167
f 1502//1477 1588//1561 1503//1478
s 0
f 3914//3214 3179//3214 4830//3214
s 1
f 1135//1116 2402//2358 2404//2360
f 3638//3580 3856//3802 3639//3581
f 4007//3950 1994//1957 3885//3831
f 3125//3071 3491//3433 3126//3072
f 3739//3683 3191//3136 3817//3764
f 3631//3573 1895//1859 4461//4420
f 683//673 2489//2445 3488//3430
f 3099//3048 2774//2724 4425//4386
f 4765//4745 3466//3409 4766//4746
f 1576//1549 2468//2424 796//783
f 3614//3555 3847//3793 3615//3556
f 2503//2458 2502//2457 535//527
f 4092//4038 1654//1623 3187//3132
f 4092//4038 3187//3132 1632//1601
f 3263//3208 2117//2077 3957//3901
f 3549//3491 3805//3752 2212//2171
f 2826//2776 542//534 736//722
f 468//462 1485//1460 322//318
f 2521//2475 2520//2474 4718//4691
f 4668//4642 4373//4334 791//778
f 4746//4724 4668//4642 791//778
f 2187//2145 1777//1745 2455//2411
f 2635//2586 4340//4298 4341//4299
f 587//579 3507//3449 588//580
f 2474//2430 3958//3902 3472//3414
f 1123//1104 4831//4816 1124//1105
s 0
f 4352//3551 4230//3551 310//3551
s 1
f 2530//2484 2529//2483 1572//1545
f 699//687 3568//3509 4353//4312
f 475//469 477//471 4270//4225
f 734//720 3894//3840 2530//2484
f 1476//1453 2622//2573 1477//1454
f 3547//3489 3546//3488 825//812
f 1295//1275 1330//1310 4127//4075
f 4832//4817 956//940 3862//3807
f 1470//1447 3374//3317 4538//4502
f 1988//1951 3673//3616 3674//3617
f 3786//3734 2100//2060 2298//2254
f 4227//4177 4226//4176 4595//4565
f 3930//3875 2517//2471 2516//2470
f 2524//2478 4299//4255 3159//3104
f 1626//1595 1627//1596 658//648
f 2657//2608 1333//1313 2953//2902
f 4833//4818 4834//4819 678//668
f 2585//2536 4327//4284 3520//3462
f 870//857 3631//3573 3429//3372
f 325//321 1312//1292 3752//3697
f 420//414 422//416 4648//4619
f 1669//1636 4126//4074 4128//4076
f 2368//2324 2367//2323 3953//388
f 2871//2822 1729//1697 932//916
f 4259//4212 3687//3630 3545//3487
f 4259//4212 3545//3487 4260//4213
f 4773//4754 4835//4820 2679//2628
f 2558//2512 2557//2511 3823//3770
f 3147//3092 1868//1833 942//926
f 3650//3592 748//734 3651//3593
f 3147//3092 2104//2064 1978//1941
f 2149//2108 1447//1424 4228//4178
f 264//262 1451//1428 3221//3167
f 4809//4792 2628//2579 4836//4821
f 4617//4586 4837//4822 3999//3943
f 4617//4586 3999//3943 4001//3945
f 869//856 2471//2427 3631//3573
f 2300//2256 2953//2902 4613//4294
f 190//190 1776//1744 708//696
s 0
f 1999//2871 2494//2871 2000//2871
s 1
f 2408//2364 140//140 144//144
f 3530//3472 3529//3471 4145//4091
f 985//970 1119//1100 2042//2003
f 2966//2915 2939//2887 2938//2886
f 3100//3049 2411//2367 2413//2369
f 1466//1443 3818//3765 962//947
s 0
f 4132//4823 4491//4824 4131//4823
s 1
f 4380//4341 4081//4026 2416//2372
f 4482//4441 4594//4564 4783//4764
f 4483//4442 4482//4441 4783//4764
f 2596//2547 2595//2546 1958//1921
f 2610//2561 784//771 4248//4201
f 1850//1815 3122//3068 739//725
f 3533//3475 2888//2838 2889//2839
f 2605//2556 4792//4773 349//345
f 2418//2374 3762//3707 4721//4694
f 4838//4825 266//264 265//263
f 4839//4826 4840//4827 4841//4828
f 3929//3874 510//503 509//502
f 4251//4204 4250//4203 3344//3288
f 2151//2110 1392//1371 1276//1256
f 3538//3480 348//344 2398//2354
f 4842//4829 3226//3172 743//729
f 1852//1817 1851//1816 415//409
f 4511//4473 3603//3546 1770//1738
f 1489//1464 4077//4022 3806//3753
f 630//622 1321//1301 306//304
f 630//622 306//304 305//303
f 1297//1277 4843//4830 3324//3267
f 1057//1038 1282//1262 1263//1243
f 2978//2927 1824//1792 4166//4113
f 2018//1978 4459//4418 2031//1992
f 2018//1978 2031//1992 3951//3896
f 3795//3742 778//764 303//301
f 2281//2238 2698//2647 2268//2225
f 452//446 4829//4815 596//588
f 452//446 596//588 338//334
f 4844//4831 4403//4365 4293//4249
f 4405//4367 1438//1415 1437//1414
f 4845//4832 3114//3061 3113//3060
f 3530//3472 1693//1657 1692//1656
s 0
f 370//4833 4705//4833 2200//4833
f 499//4834 498//4835 1075//4835
s 1
f 637//629 813//800 4580//4549
f 1676//1642 1358//1338 4686//4658
f 578//570 4197//4144 4198//4145
f 4501//4459 1166//1147 4530//4493
f 2212//2171 1596//1569 3932//3877
f 2613//2564 4680//4653 3830//3777
f 3701//3645 3355//3299 3702//3646
f 412//406 2217//2175 4180//4127
f 4485//4444 4846//4836 594//586
f 1816//1784 1817//1785 1921//1885
f 4461//4420 1897//1861 3278//3223
f 3847//3793 3846//3792 3615//3556
f 1822//1790 147//147 149//149
f 1430//1407 3811//3758 2154//2113
s 0
f 2782//4837 1407//4837 1019//4837
s 1
f 2118//2078 2866//2818 923//907
f 3152//3097 2118//2078 923//907
f 1059//1040 2836//2785 4524//4486
f 2961//2910 2151//2110 275//273
f 733//719 406//400 405//399
f 2522//2476 3703//3647 4288//4243
f 2240//2198 4268//4223 455//449
f 3033//2982 4680//4653 4631//4601
f 3776//3721 3033//2982 4631//4601
s 0
f 2913//4153 2915//4153 1728//4153
s 1
f 4528//4491 2326//2282 2139//2098
f 3272//3216 1077//1058 4790//4771
f 4620//4589 3916//3861 4152//4098
f 1604//1577 4620//4589 4152//4098
f 3838//3785 4273//4228 2170//2128
f 3083//3032 3838//3785 2170//2128
f 876//863 879//866 3884//3830
f 3883//3829 876//863 3884//3830
f 1898//1862 3150//3095 1899//1863
f 4702//4675 2288//2244 682//672
f 2880//2830 3576//3519 1365//1345
f 1204//1184 2822//2772 4847//4838
f 1204//1184 4847//4838 4020//3963
f 4655//4628 3679//3622 4653//4626
f 1126//1107 2331//2287 4244//4197
f 4637//4607 3592//3535 423//417
f 1132//1113 4369//4329 4455//4414
f 2703//2652 2702//2651 3831//3778
f 2724//2674 184//184 757//743
f 358//354 2215//2173 359//355
f 2317//2273 4848//4839 2290//2246
f 2289//2245 2317//2273 2290//2246
f 3386//3330 2149//2108 4228//4178
f 1385//1364 1725//1690 1170//1151
f 2907//2857 2944//2892 4155//4101
f 4428//4389 2147//2106 4061//4006
f 1524//1497 171//171 1191//1171
f 1896//1860 1440//1417 3277//3222
f 894//881 4419//4379 2235//2193
f 3758//3703 4570//4539 4788//4769
f 4116//4064 1133//1114 1541//1514
f 3850//3796 4849//4840 1001//986
f 2743//2693 3002//2951 1448//1425
f 3109//3056 1280//1260 1282//1262
f 3683//3626 2163//2122 2162//2121
f 2792//2742 4478//4437 485//479
f 3539//3481 3736//3680 2396//2352
f 4834//4819 4468//4427 679//669
f 514//506 3079//3028 2311//2267
s 0
f 2506//1849 3914//4841 4830//1850
s 1
f 1706//1670 4616//4585 4615//4584
f 4713//4686 4026//3970 4744//4722
f 4215//4164 4631//4601 2612//2563
f 1745//1713 3892//3838 1746//1714
f 1356//1336 1449//1426 3397//3340
f 4809//4792 2626//2577 2628//2579
s 0
f 3180//3894 2286//3894 2285//3894
s 1
f 3283//3227 2552//2506 3685//3628
f 1491//1466 3792//3739 2865//2817
f 3851//3797 3471//3413 3776//3721
f 987//972 990//975 171//171
f 3752//3697 1312//1292 1314//1294
f 3752//3697 1314//1294 3447//3390
f 1471//1448 236//236 2862//2814
f 3474//3416 3268//3213 4828//4814
f 3474//3416 4828//4814 4731//4705
f 3417//3360 3416//3359 4850//4842
f 3417//3360 4850//4842 4358//4318
f 833//820 4510//4472 3036//2985
f 694//4843 4661//4635 3726//3670
f 4727//4701 939//923 1818//1786
f 2465//2421 4266//4219 1172//1153
f 1430//1407 3812//3759 3811//3758
f 4566//4534 2746//2696 1499//1474
f 2030//1991 1677//1643 3510//3452
f 3714//3658 3579//3522 1292//1272
f 266//264 3658//3600 267//265
f 1230//1211 3072//3021 462//456
f 898//885 2841//2790 2759//2709
f 1744//1712 14//14 24//24
f 4459//4418 2029//1990 2031//1992
f 4398//4360 1555//1528 1554//1527
f 739//725 738//724 1850//1815
s 0
f 1409//4844 1408//1386 4851//1386
s 1
f 1851//1816 670//660 415//409
f 2765//2715 4271//4226 2604//2555
f 4745//4723 4666//4640 4746//4724
f 2932//2880 4852//4845 4774//4755
f 1757//1725 4853//4846 2640//2591
f 4432//4394 953//937 3583//3526
f 4432//4394 3583//3526 1509//1484
f 4045//3989 4046//3990 4407//4369
f 731//717 4609//4579 732//718
f 4672//567 3060//3009 4803//4784
f 4833//4818 4854//4847 4834//4819
f 4459//4418 2018//1978 4578//4547
f 337//333 2623//2574 1535//1508
f 4793//3401 767//753 769//755
f 578//570 4198//4145 579//571
f 2443//2399 2445//2401 2763//2713
s 0
f 1512//4848 2005//4848 4523//4848
s 1
f 3417//3360 1585//1558 75//75
f 4243//4196 3301//3244 4776//4757
f 4243//4196 4776//4757 3499//3441
f 4591//4561 4855//4849 3299//3242
f 4061//4006 1715//1680 4428//4389
f 3452//3395 811//798 3453//3396
f 576//568 4233//4184 4234//4185
f 2843//2792 2842//2791 2802//2752
f 4567//4535 2908//2858 4856//4850
f 1877//1843 4002//3946 1878//1844
f 3975//3919 3932//3877 4321//4278
f 4471//4430 1490//1465 1163//1144
f 604//596 2313//2269 1973//1936
f 2825//2775 1884//1850 2823//2773
f 4716//4689 1554//1527 1553//1526
f 117//117 4857//4851 115//115
f 4715//4688 3978//3922 1249//1229
f 2788//2738 2269//2226 2789//2739
f 1007//992 2704//2653 1008//993
f 306//304 1321//1301 2232//2190
f 4359//4319 2380//2336 2332//2288
f 4729//4703 1809//1777 4435//4396
f 4802//4783 4729//4703 4435//4396
f 377//373 2735//2684 1194//1174
f 3433//3376 3432//3375 3854//3800
f 451//445 378//374 4463//4422
f 1244//1224 3095//3044 3094//3043
f 3548//3490 3804//3751 3549//3491
f 4782//4763 4522//4484 3791//3738
f 1248//1228 4030//2973 3728//3672
f 4115//4063 4473//4432 3907//3853
f 4115//4063 3907//3853 1526//1499
f 4858//4852 969//954 971//956
f 2680//2629 946//930 4168//4115
f 2934//2882 4251//4204 3256//3202
f 1544//1517 2863//2815 1655//1624
f 2454//2410 4256//4209 4624//4594
f 2454//2410 4624//4594 3886//3832
f 1541//1514 1133//1114 1946//1909
s 0
f 397//3732 3750//3732 4859//3732
s 1
f 3876//3821 2472//2428 1453//1430
f 4860//4853 2552//2506 3283//3227
f 1197//1177 4860//4853 3283//3227
f 2105//2065 2104//2064 4861//4854
f 2105//2065 4861//4854 4862//4855
f 701//689 3967//3911 3693//3636
f 269//267 342//338 2074//2035
f 4398//4360 1554//1527 4863//4856
f 4399//4361 4398//4360 4863//4856
f 3826//3773 4420//4380 4857//4851
f 1020//2762 3291//2603 4691//4664
f 224//224 4466//4425 225//225
f 3993//3937 3075//3024 3077//3026
f 846//833 4353//4312 847//834
f 4864//4857 4771//4752 4031//3974
f 4864//4857 4031//3974 3279//3224
f 2123//2083 2876//2826 2931//2879
f 612//604 4061//4006 2147//2106
f 4740//4716 612//604 2147//2106
f 4536//4500 3275//4520 4537//4501
f 4733//4707 893//880 895//882
f 185//185 3897//3843 1568//1541
f 220//220 185//185 1568//1541
f 1193//1173 2892//2842 4694//4666
f 4865//4858 4866//4859 4867//3787
f 3410//3353 4865//4858 4867//3787
f 3421//3364 4784//4765 2322//2278
f 4514//4476 1217//1198 164//164
f 4085//4031 2443//2399 2763//2713
f 4868//4860 3574//3517 4119//4067
f 653//645 947//931 2848//2799
f 1262//1242 3610//3552 468//462
f 85//85 405//399 407//401
f 2660//2611 4105//4053 4213//4162
f 2660//2611 4213//4162 4869//4861
f 1107//1088 3733//3677 4870//4862
f 1754//1722 4871//4863 661//651
f 4872//4864 669//659 1726//1691
f 3731//3675 2906//2856 2905//2855
f 335//331 337//333 3571//3512
f 3570//3511 335//331 3571//3512
f 893//880 1732//1700 1731//1699
f 4221//4170 893//880 1731//1699
f 4248//4201 2375//2331 4873//4865
f 3883//3829 2126//2086 4050//3995
f 3883//3829 4050//3995 3781//3727
f 4811//4794 3890//3836 4699//4671
f 4811//4794 4699//4671 2519//2473
f 828//815 273//271 2946//2894
f 1359//1339 2255//2212 1360//1340
f 3908//3854 2642//2593 2643//2594
f 3773//3718 1590//1563 1592//1565
f 497//490 4290//4245 498//491
f 1697//1661 2265//2222 3927//3872
f 952//936 951//935 2938//2886
f 4874//4866 2558//2512 3823//3770
f 4874//4866 3823//3770 3697//3641
f 3231//3177 3232//3178 3438//3381
f 3840//3787 3231//3177 3438//3381
f 3834//3781 4562//4530 2925//2873
f 4875//4867 4462//4421 2584//2535
f 1044//1025 4392//4353 3285//3229
f 1044//1025 3285//3229 1045//1026
f 3933//3878 1598//1571 323//319
f 2347//2303 1840//1805 1839//1804
s 0
f 3608//2119 3609//2119 2872//2119
s 1
f 505//498 1604//1577 1606//1579
f 2669//2620 3243//3189 3242//3188
f 2927//2875 1887//1853 1773//1741
f 403//397 890//877 404//398
f 172//172 171//171 990//975
f 530//522 590//582 371//367
f 4333//4290 539//531 1727//1692
f 3741//3685 811//798 3452//3395
f 2355//2311 1524//1497 3228//3174
f 2931//2879 2932//2880 4774//4755
f 2931//2879 4774//4755 4677//4650
f 1720//1685 1881//1847 4647//4618
f 3585//3528 3606//3549 2265//2222
f 4219//4168 4320//4277 4835//4820
f 1354//1334 2478//2434 2206//2165
f 1381//1360 541//533 2279//2236
f 4334//4291 2133//2093 2135//2095
f 2978//2927 4481//4440 1824//1792
f 662//652 3243//3189 663//653
f 482//476 3293//3236 4771//4752
f 627//619 629//621 4663//4637
f 2176//2134 4876//4868 2177//2135
f 2985//2934 873//860 4024//3967
f 4853//4846 3922//3867 4877//4869
f 3539//3481 978//963 3741//3685
f 1539//1512 1538//1511 2480//2436
f 1539//1512 2480//2436 1540//1513
f 3869//3814 3088//3037 2393//2349
f 3869//3814 2393//2349 2229//2187
f 375//371 2594//2545 2596//2547
f 2964//2913 758//744 3976//3920
f 1274//1254 3644//3586 2516//2470
f 4316//4273 4075//4020 2752//2702
f 4079//4024 2609//2560 1753//1721
f 2911//2861 561//553 491//484
f 3567//3508 4878//4870 2180//2138
f 1959//1922 2825//2775 2824//2774
f 2276//2233 2940//2888 2277//2234
f 2231//2189 4383//4344 4375//4336
f 2231//2189 4375//4336 3217//3162
f 3681//1704 3622//3563 3621//3562
f 3812//3759 789//776 383//379
f 1468//1445 3071//3020 3072//3021
f 2173//2131 1674//1640 2174//2132
f 3620//3561 4189//4136 2512//2466
f 3344//3288 4237//4190 1673//1639
f 1500//1475 1090//1071 2242//2200
f 538//530 4879//4871 4217//4166
f 1415//1392 2077//2037 1337//1317
s 0
f 3861//3163 3307//797 1689//3163
s 1
f 3697//3641 3825//3772 3698//3642
f 2667//2618 2081//2041 2083//2043
f 1386//1365 1155//1136 2367//2323
f 2221//2179 1399//1378 1354//1334
f 2533//2487 2532//2486 4826//4812
f 956//940 4114//4062 3862//3807
f 3348//3292 3347//3291 3882//3828
f 4849//4840 3025//2974 2365//2321
f 4849//4840 2365//2321 2364//2320
f 814//801 4543//4507 3303//3246
f 3887//3833 113//113 109//109
f 4877//4869 4640//4612 4581//4550
f 2684//2633 1142//1123 1144//1125
f 4838//4825 3289//3233 266//264
f 925//909 2156//2115 1417//1394
f 1127//1108 1126//1107 4400//4362
f 2515//2469 1135//1116 1134//1115
f 529//521 590//582 530//522
f 307//305 2114//2074 2690//2639
f 553//545 4870//4862 3926//3871
s 0
f 1212//4872 4505//4872 1213//4873
s 1
f 4356//4315 260//258 3011//2960
f 1937//1900 3155//3100 1938//1901
f 4324//4281 4323//4280 4880//4874
f 752//738 1614//1585 753//739
f 1254//1234 3526//3468 1255//1235
f 810//797 4554//4518 1564//1537
f 554//546 821//808 3019//2968
f 1811//1779 2803//2753 3908//3854
f 3327//3271 475//469 4042//3986
f 4657//4630 3599//3542 4644//4616
f 1278//1258 4657//4630 4644//4616
f 3254//3200 4555//4521 2783//2733
f 932//916 934//918 3231//3177
f 4754//4733 3745//3689 3119//3065
f 1593//1566 1595//1568 4628//4598
f 1970//1933 2968//2917 4881//4875
f 3636//3578 4042//3986 3637//3579
f 4420//4380 116//116 115//115
f 4857//4851 4420//4380 115//115
f 121//121 123//123 2288//2244
f 1503//1478 1588//1561 1587//1560
f 4002//3946 3082//3031 4098//4041
f 2157//2116 4355//4314 4684//4656
f 2468//2424 964//949 797//784
f 1038//1019 1829//1796 1039//1020
f 1598//1571 3099//3048 324//320
f 2945//2893 1215//1196 3419//3362
f 1823//1791 1992//1955 4166//4113
f 1824//1792 1823//1791 4166//4113
f 4076//4021 27//27 26//26
s 0
f 1212//4872 1689//4872 4505//4876
s 1
f 1191//1171 1193//1173 3923//3868
f 4882//4877 3176//3121 3178//3123
f 4114//4062 3436//3379 3862//3807
f 243//243 817//804 4262//4215
f 4039//3982 3481//3423 3063//3012
f 4039//3982 3063//3012 3064//3013
f 1970//1933 1972//1935 2701//2650
f 3455//3398 1268//1248 829//816
f 4358//4318 4883//4878 1620//1591
f 2884//2834 1251//1231 1250//1230
f 4160//4106 4586//4555 290//288
f 4299//4255 2513//2467 2675//2624
f 1752//1720 4079//4024 1753//1721
f 334//330 333//329 4884//4879
f 3420//3363 3723//3667 4055//4000
f 3451//3394 986//971 1013//998
f 2272//2229 4218//4167 1640//1609
f 1639//1608 2272//2229 1640//1609
f 1392//1371 954//938 4832//4817
f 2535//2489 2095//2055 3849//3795
f 355//351 3094//3043 4389//4350
f 872//859 871//858 3198//3143
f 2712//2661 4846//4836 4885//4880
f 572//564 2342//2298 1055//1036
f 2502//2457 4526//4489 2840//2789
f 4704//4677 1893//1857 3165//3110
f 4704//4677 3165//3110 2636//2587
f 4576//4545 4704//4677 4577//4546
f 2510//2464 1275//1255 1274//1254
f 188//188 1068//1049 189//189
f 4197//4144 4881//4875 1569//1542
f 1942//1905 1300//1280 4886//4881
f 3859//3805 1079//1060 1011//996
f 1029//332 4887//4882 1030//1011
f 248//248 4628//4598 4012//3955
f 4385//4346 4379//4340 4399//4361
f 4888//4883 990//975 2423//2379
f 4888//4883 2423//2379 4889//4884
f 2949//2897 1651//1620 4257//4210
f 1171//1152 443//437 2828//2778
f 4458//4417 4459//4418 4578//4547
f 1033//1014 4716//4689 1553//1526
f 4794//4774 1681//1647 1680//1646
f 4844//4831 4794//4774 1680//1646
f 4594//4564 3399//3342 4784//4765
f 4783//4764 4594//4564 4784//4765
f 2091//2051 4890//4885 3338//3282
f 2707//2656 2606//2557 3738//3682
f 4891//4886 2126//2086 723//709
f 2792//2742 2794//2744 3459//3402
f 4478//4437 2792//2742 3459//3402
f 2071//2032 1720//1685 4647//4618
f 2064//2024 4892//4887 2725//2675
f 571//563 3502//3444 2319//2275
f 4101//4044 4613//4294 2390//2346
f 4522//4484 4782//4763 915//900
f 2519//2473 4699//4671 2520//2474
f 3216//3161 3215//3160 4475//4434
f 2280//2237 2351//2307 2698//2647
f 2498//2453 2499//2454 2787//2737
f 642//634 643//635 3294//3237
f 1022//1005 1551//1524 1550//1523
f 4545//4509 3254//3200 2783//2733
f 4545//4509 2783//2733 106//106
f 1758//1726 466//460 3051//3000
f 3997//3941 337//333 1535//1508
f 4694//4666 2892//2842 3964//3908
f 4694//4666 3964//3908 4601//4571
f 1004//989 1916//1880 2778//2728
f 4483//4442 4783//4764 4381//4342
f 2777//2727 4823//4809 3898//3844
f 2389//2345 2777//2727 3898//3844
f 971//956 4500//4458 4094//4040
f 1136//1117 2404//2360 2664//2615
f 4870//4862 3732//3676 4893//4888
f 1188//1168 3328//3272 3001//2950
f 3395//3338 3869//3814 2229//2187
f 149//149 3335//3279 2256//2213
f 4495//4453 4837//4822 4617//4586
f 1107//1088 4495//4453 4617//4586
f 3584//3527 3908//3854 1432//1409
f 3584//3527 1432//1409 1431//1408
f 2093//2053 3378//3321 2094//2054
f 1944//1907 3159//3104 1945//1908
f 3989//3933 2844//2793 262//260
f 3725//3669 2899//2849 1858//1823
f 3725//3669 1858//1823 1860//1825
f 582//574 581//573 1559//1532
f 943//927 1443//1420 1594//1567
f 3480//3422 3398//3341 4594//4564
f 3881//3827 1449//1426 1448//1425
f 3770//3715 4301//4257 4385//4346
f 3770//3715 4385//4346 3156//3101
f 4307//4263 2755//2705 3895//3841
f 2963//2912 4307//4263 3895//3841
f 3338//3282 4060//4005 4470//4429
f 1160//1141 1159//1140 3975//3919
f 1160//1141 3975//3919 1048//1029
f 1181//959 311//307 1182//1162
f 4882//4877 3178//3123 4220//4169
f 3253//3199 4642//4614 4466//4425
f 3254//3200 3253//3199 4466//4425
f 391//387 3256//3202 4445//4405
f 4018//3961 304//302 3984//3928
f 701//689 3966//3910 3967//3911
f 4538//4502 236//236 1470//1447
f 4575//4544 4770//4751 3543//3485
f 3542//3484 4575//4544 3543//3485
f 385//381 2405//2361 3645//3587
f 3272//3216 4790//4771 4451//4411
f 3376//3319 3375//3318 2704//2653
f 858//845 4235//4186 859//846
f 319//315 4462//4421 4875//4867
f 4894//4889 3099//3048 4425//4386
f 3342//3286 2806//2756 2640//2591
f 715//701 717//703 1908//1872
f 4447//4407 88//88 80//80
f 830//817 2300//2256 4100//4043
f 1396//1375 830//817 4100//4043
f 2876//2826 4612//4582 2932//2880
f 2083//2043 2120//2080 4086//4032
f 1629//1598 1628//1597 2922//2870
f 2046//2007 3963//3907 3151//3096
f 4214//4163 4108//4056 4626//4596
f 2532//2486 1042//1023 1041//1022
f 3016//2965 1063//1044 3714//3658
f 2162//2121 2165//2124 3293//3236
f 2065//1793 3719//4445 2845//4445
f 3779//3725 3395//3338 2089//2049
f 3148//3093 3147//3092 1978//1941
f 4895//4890 4896//4891 2346//2302
f 4524//4486 4848//4839 4402//4364
f 318//314 1036//1017 411//405
f 1149//1130 959//943 4149//4095
f 267//265 1951//1914 463//457
f 203//203 206//206 1208//1188
f 3108//3055 4348//4308 1841//1806
f 1461//1438 2002//1963 429//423
f 1461//1438 429//423 1462//1439
f 2040//2001 1924//1888 2465//2421
f 2464//2420 2040//2001 2465//2421
f 1856//1821 1814//1782 2555//2509
f 4793//3401 769//755 702//690
f 1389//1368 4112//4060 3938//3884
f 1390//1369 1389//1368 3938//3884
f 4687//4659 3481//3423 992//977
f 4575//4544 4577//4546 4770//4751
f 3290//3234 3289//3233 4838//4825
f 2898//2848 2804//2754 1859//1824
f 2649//2600 1952//1915 4897//4892
f 4201//4148 4518//4480 2579//2530
f 4565//4533 4564//4532 1200//1180
f 3319//3262 997//982 999//984
f 4898//4893 4762//4742 4825//4811
s 0
f 4486//4894 2845//4894 4899//4894
s 1
f 4767//4747 2434//2390 4768//4748
f 4807//4789 2224//2182 4732//4706
f 3863//3808 4776//4757 3067//3016
f 3413//3356 3465//3408 2271//2228
f 3628//3570 4235//4186 858//845
f 4722//4695 4349//4309 1062//1043
f 2244//2202 4121//4069 3995//3939
f 1085//1066 1452//1429 2484//2440
f 3515//3457 1361//1341 3516//3458
f 2552//2506 2554//2508 4106//4054
f 2529//2483 1941//1904 1572//1545
f 451//445 4463//4422 2110//2070
f 1706//1670 3297//3240 4616//4585
f 2526//2480 4561//4529 4713//4686
f 2525//2479 2526//2480 4713//4686
f 4239//4192 4578//4547 4205//4154
f 4150//4096 4548//4512 4302//4258
f 3573//3516 2182//2140 3574//3517
f 4787//4768 4900//4895 3632//3574
f 4835//4820 4320//4277 2679//2628
f 2433//2389 2435//2391 4656//4629
f 4560//4528 3710//3654 4541//4505
f 2559//2513 2162//2121 3292//3235
f 4658//4632 4066//4011 4065//4010
f 1045//1026 4658//4632 4065//4010
f 3724//3668 861//848 4513//4475
f 4249//4202 4520//4482 4250//4203
f 4571//4540 871//858 4572//4541
f 515//507 298//296 516//508
f 922//906 921//905 4901//4896
f 4853//4846 4877//4869 3343//3287
f 2578//2529 2580//2531 1637//1606
f 1115//1096 270//268 1116//1097
f 1090//1071 1092//1073 2241//2199
f 2888//2838 1573//1546 1966//1929
f 898//885 4902//4897 2841//2790
f 3916//3861 2917//2864 4120//4068
f 958//942 2198//2157 3045//2994
f 3258//3204 4903//4898 3451//3394
f 1630//1599 3477//3419 1583//1556
f 4155//4101 1987//1950 4856//4850
f 4381//4342 4783//4764 3421//3364
f 4639//4611 4025//3968 1990//1953
f 4289//4244 2171//2129 1735//1703
f 3607//3550 3634//3576 1065//1046
f 3155//3100 3154//3099 4681//4654
s 0
f 2022//4899 3991//2778 252//4899
s 1
f 2637//2588 3165//3110 4904//4900
f 2691//2640 2693//2642 3460//3403
f 2895//2845 2464//2420 1091//1072
f 4377//4338 4813//4796 2949//2897
f 4377//4338 2949//2897 3941//3887
f 2807//2757 3245//3191 2205//2164
f 1178//1159 1156//1137 1179//1160
f 2191//2150 3669//3612 3315//3258
f 3284//3228 2191//2150 3315//3258
f 1656//1625 1742//1710 1743//1711
f 1656//1625 1743//1711 1657//1626
f 2536//2490 2538//2492 1805//1773
f 2472//2428 4377//4338 4822//4805
f 2633//2584 4691//4664 2634//2585
f 2564//2517 4905//4901 3788//3736
f 526//518 3936//3881 2179//2137
f 526//518 2179//2137 2016//1976
f 4558//4526 2810//2760 2961//2910
f 2864//2816 1262//1242 2647//2598
s 0
f 4859//2796 4906//2796 2673//2796
s 1
f 4907//4902 3685//3628 3687//3630
f 2980//2929 2213//2172 358//354
f 4511//4473 1770//1738 1485//1460
f 4808//4790 3666//3609 3794//3741
f 3657//3599 3200//3145 4897//4892
f 1100//1081 2900//2850 3117//3063
f 401//395 2096//2056 2095//2055
f 4478//4437 3351//3295 3350//3294
f 2445//2401 2444//2400 4272//4227
f 235//235 234//234 1007//992
f 235//235 1007//992 1009//994
f 1220//1201 2709//2658 2706//2655
f 3971//3915 4490//4448 3972//3916
f 3757//3702 3296//3239 1705//1669
f 4588//4557 3893//3839 3065//3014
f 3300//3243 4588//4557 3065//3014
f 4575//4544 1894//1858 4576//4545
f 1238//1218 1240//1220 3629//3571
f 4660//3825 2125//2085 4908//4903
f 4660//3825 4908//4903 4909//4524
f 4693//3745 3561//4220 1562//1535
f 3140//3085 3280//3225 3593//3536
f 3141//3086 3140//3085 3593//3536
f 4651//4622 1843//1808 3961//3905
f 4651//4622 3961//3905 2539//2493
f 1298//1278 2486//2442 2488//2444
s 0
f 2829//4904 3230//4905 253//4906
s 1
f 3902//3848 522//514 3550//3492
f 413//407 4180//4127 3379//3322
f 161//161 160//160 4813//4796
f 4910//4907 3437//3380 4474//4433
f 4910//4907 4474//4433 4473//4432
f 4752//4731 4356//4315 3011//2960
f 1498//1473 1497//1472 4911//4908
f 4908//4903 4801//4782 4436//4397
f 994//979 2791//2741 995//980
f 4912//4909 1732//1700 893//880
f 4749//4728 4912//4909 893//880
f 2984//2933 2204//2163 2059//2019
f 1345//1325 3839//3786 3083//3032
f 1960//1923 183//183 184//184
f 2661//2612 673//663 672//662
f 2153//2112 3743//3687 623//615
f 1349//1329 3901//3847 4278//4233
f 4553//4517 1369//1349 4649//4620
f 4913//4910 4685//4657 1067//1048
f 4032//3975 147//147 3594//3537
f 2026//1987 2028//1989 3518//3460
f 2730//2679 2882//2832 2195//2154
f 2174//2132 1028//279 4743//4721
f 3358//3302 192//192 194//194
f 4553//4517 4649//4620 4520//4482
f 320//316 322//318 3778//3723
f 4709//4682 2172//2130 4546//4510
f 268//266 2772//2722 269//267
f 2163//2122 4309//4265 3317//3260
f 3702//3646 3357//3301 3047//2996
f 3557//3499 1122//1103 2003//1964
s 0
f 4914//4911 1145//4911 4199//4911
s 1
f 2987//2936 4862//4855 3485//3427
f 4751//4730 1880//1846 1879//1845
f 4794//4774 4844//4831 4293//4249
f 4437//4398 4224//4174 3210//3155
s 0
f 487//1693 3790//4912 488//945
s 1
f 2012//1972 3012//2961 1719//1684
f 508//501 507//500 409//403
f 2419//2375 4915//4913 2086//2046
f 3465//3408 3413//3356 3412//3355
f 3466//3409 3465//3408 3412//3355
f 3126//3072 2482//2438 731//717
f 4181//4128 1034//1015 3619//3560
f 1890//4914 4223//4172 1886//1852
f 3659//3601 545//537 2207//2166
f 2702//2651 4916//4915 2754//2704
f 4539//4503 3714//3658 1292//1272
f 2213//2172 1996//1959 2214//1959
f 4824//4810 4657//4630 1278//1258
f 4681//4654 4824//4810 1278//1258
f 3605//3548 4362//4322 217//217
f 3605//3548 217//217 215//215
s 0
f 2004//4916 655//4917 4917//4916
s 1
f 2416//2372 4081//4026 2417//2373
s 0
f 2321//2277 3275//3219 4536//4918
s 1
f 4429//4391 1937//1900 1936//1899
f 1653//1622 807//794 3186//3131
f 778//764 2980//2929 3718//3662
f 2217//2175 796//783 2258//2215
s 0
f 4231//4919 2868//4919 308//4919
s 1
f 3045//2994 4918//4920 4919//4921
f 4453//4413 3045//2994 4919//4921
f 2351//2307 4633//4603 2699//2648
f 2451//2407 1765//1733 2621//2572
f 2152//2111 2720//2668 3786//3734
f 3515//3457 4647//4618 1361//1341
f 1956//1919 201//201 676//666
f 1225//1206 2329//2285 2756//2706
f 4593//4563 3480//3422 4594//4564
f 211//211 213//213 1960//1923
f 3512//3454 2652//2603 3463//3406
f 3502//3444 97//97 2319//2275
f 4370//4330 4369//4329 4066//4011
f 2715//2664 4580//4549 2893//2843
f 3289//3233 909//894 3424//3367
f 3289//3233 3424//3367 266//264
f 3634//3576 4743//4721 3595//3538
f 4854//4847 1750//1718 4468//4427
f 4854//4847 4468//4427 4834//4819
f 1985//1948 1686//1652 4920//4922
f 3066//3015 2653//2604 3067//3016
f 4147//4093 2625//2576 3707//3651
f 2968//2917 1970//1933 2701//2650
f 658//648 2085//2045 3653//3595
f 2489//2445 4585//4554 3488//3430
f 968//953 967//952 1422//1399
f 4082//4027 292//290 4921//4923
f 1754//1722 661//651 746//732
f 4922//4924 4011//3954 1015//1000
f 2500//2455 1599//1572 1472//1449
f 2500//2455 1472//1449 231//231
f 698//686 4912//4909 4749//4728
f 2867//2819 562//554 564//556
f 4133//4079 2826//2776 735//721
f 759//745 3529//3471 760//746
f 3431//3374 3430//3373 4405//4367
f 3263//3208 1986//1949 2117//2077
f 3260//3206 4623//4593 700//688
f 3182//3127 669//659 4872//4864
f 3994//3938 4923//4925 3264//3209
f 1505//1480 3000//2949 559//551
f 2628//2579 2627//2578 4330//4287
f 3837//3784 2861//2813 3339//3283
f 4043//3987 2695//2644 2293//2249
f 3411//3354 3413//3356 2270//2227
f 4175//4122 3411//3354 2270//2227
s 0
f 4137//4610 1513//4610 3102//4610
s 1
f 1036//1017 2216//2174 412//406
f 722//708 721//707 3041//2990
f 340//336 3249//3195 2879//2829
f 4919//4921 480//474 3613//3554
f 4327//4284 2092//2052 4591//4561
f 4584//4553 2327//2283 1224//1205
f 1945//1908 3159//3104 2675//2624
f 4532//4495 4533//4496 4564//4532
f 4268//4223 4532//4495 4564//4532
f 3557//3499 3556//3498 1122//1103
f 91//91 452//446 338//334
f 3078//3027 2335//2291 4676//4649
f 4404//4366 3078//3027 4293//4249
f 2265//2222 3607//3550 1064//1045
f 2340//2296 4087//4033 2341//2297
f 1802//1770 141//141 534//526
f 3282//2903 4439//4085 2954//2903
f 327//323 3630//3572 4605//4575
f 3619//3560 4924//4926 4182//4129
f 935//919 2030//1991 936//920
f 233//233 235//235 2630//2581
f 541//533 2072//2033 2279//2236
f 984//969 3667//3610 1120//1101
f 2739//2689 3050//2999 4925//4927
f 1578//1551 4116//4064 4117//4065
f 1578//1551 4117//4065 4589//4558
f 304//302 303//301 4926//4928
f 2337//2293 1637//1606 1636//1605
f 2690//2639 2555//2509 865//852
f 864//851 2690//2639 865//852
f 2063//2023 4804//4785 2064//2024
f 1584//1557 506//499 508//501
f 319//315 318//314 1495//1470
f 319//315 1495//1470 2093//2053
f 737//723 349//345 1067//1048
f 1421//1398 285//283 262//260
f 3578//3521 4143//4089 239//239
f 4299//4255 1676//1642 2513//2467
f 4294//4250 4676//4649 2334//2290
f 1393//1372 1395//1374 4927//4929
f 1782//1750 1393//1372 4927//4929
f 2908//2858 2907//2857 4856//4850
f 789//776 4397//4359 381//377
f 4368//4328 4636//4606 4455//4414
f 3066//3015 3162//3107 2653//2604
f 2167//2126 3368//3311 464//458
f 2390//2346 4613//4294 2391//2347
f 4312//4269 1712//1677 4622//4592
f 782//769 2199//2158 4661//4635
f 1468//1445 3072//3021 2802//2752
f 1500//1475 2242//2200 1501//1476
f 2725//2675 4892//4887 4124//4072
f 2725//2675 4124//4072 708//696
f 4619//4588 3915//3860 3916//3861
f 4784//4765 2323//2279 2322//2278
f 4157//4103 1755//1723 1831//1798
f 1436//1413 896//883 4688//4660
f 3534//3476 3536//3478 2546//2500
f 3114//3061 326//322 3711//3655
f 4596//4566 1317//1297 1316//1296
f 4321//4278 4643//4615 4627//4597
f 4916//4915 2702//2651 1379//1358
f 1406//1385 446//440 557//549
s 0
f 2169//2796 4859//2796 2673//4930
s 1
f 1717//1682 4530//4493 1130//1111
f 4565//4533 1200//1180 1199//1179
f 4165//4111 4565//4533 1199//1179
f 4708//4681 4001//3945 4000//3944
f 4708//4681 4000//3944 4709//4682
f 1001//986 4849//4840 1002//987
f 4509//4469 3618//3559 4028//3972
f 3604//3547 223//223 222//222
f 2593//2544 365//361 740//726
f 2972//2921 3616//3557 4348//4308
f 4535//4498 4209//4158 1788//1756
f 4767//4747 4794//4774 2434//2390
f 2106//2066 458//452 4928//4931
f 2941//2889 3753//3698 805//792
f 4876//4868 3447//3390 3449//3392
f 3433//3376 1664//1631 1667//1634
f 564//556 563//555 2895//2845
f 2580//2531 4552//4516 3022//2971
f 4928//4931 458//452 4434//2603
f 3320//3263 4255//4208 4633//4603
f 682//672 2288//2244 4836//4821
f 514//506 516//508 3079//3028
f 3199//3144 3198//3143 4703//4676
f 2132//2092 1506//1481 591//583
f 1324//1304 2132//2092 591//583
f 4901//4896 921//905 3385//4932
f 3446//3389 4929//4933 1631//1600
f 2533//2487 2986//2935 2890//2840
f 704//692 1038//1019 1040//1021
f 704//692 1040//1021 2475//2431
f 3689//3632 1955//1918 1954//1917
f 1759//1727 4811//4794 2519//2473
f 4021//3964 1557//1530 2505//2460
f 1727//1692 1380//1359 2425//2381
f 3536//3478 4480//4439 635//627
f 547//539 546//538 3540//3482
f 4527//4490 393//389 395//391
f 2984//2933 2059//2019 3143//3088
f 169//169 2230//2188 167//167
f 1528//1501 3850//3796 4394//4355
f 2412//2368 4785//4766 4608//4578
f 1866//1831 2430//2386 3560//3502
s 0
f 3633//491 3364//491 4154//491
s 1
f 3652//3594 3651//3593 1774//1742
f 548//540 550//542 3628//3570
f 4796//4776 2199//2158 1103//1084
f 1004//989 1006//991 3699//3643
f 917//902 2109//2069 918//444
f 4866//4859 4683//3383 4867//3787
f 4478//4437 3459//3402 4712//4685
f 3351//3295 4478//4437 4712//4685
f 3264//3209 4923//4925 4930//4934
f 4779//4760 1874//1839 4290//4245
f 3232//3178 1669//1636 3439//3382
f 2800//2750 2799//2749 2861//2813
f 4364//4324 2208//2167 388//384
f 1150//1131 957//941 959//943
f 435//429 2955//2904 2076//2036
f 435//429 2076//2036 436//430
f 1228//1209 2166//2125 2168//2127
f 1897//1861 1896//1860 3277//3222
f 2746//2696 1500//1475 1499//1474
f 2881//2831 1158//1139 1160//1141
f 1556//1529 1563//1536 1557//1530
f 2501//2456 2500//2455 2817//2767
f 1358//1338 1360//1340 4686//4658
f 608//600 607//599 2411//2367
f 1027//1010 4008//3951 1398//1377
f 3357//3301 3356//3300 753//739
s 0
f 3103//4935 4408//4935 2812//4935
s 1
f 620//612 619//611 3553//3495
f 3558//3500 3713//3657 3251//3197
f 2602//2553 4484//4443 4004//3948
f 2502//2457 2840//2789 4610//4580
f 659//649 3653//3595 3679//3622
f 3175//3120 1982//1945 1984//1947
f 2146//2105 4741//4717 2147//2106
s 0
f 1409//1057 4851//1057 4735//1057
s 1
f 2776//2726 1272//1252 3853//3799
f 4113//4061 2996//2945 2768//2718
f 3567//3508 2180//2138 3573//3516
f 836//823 3990//3934 2556//2510
f 504//497 4620//4589 1604//1577
f 4050//3995 126//126 3782//3728
f 2709//2658 2844//2793 3871//3816
f 2727//2676 519//511 3556//3498
f 1757//1725 1756//1724 3922//3867
f 669//659 668//658 1726//1691
f 2376//2332 3698//3642 2458//2414
f 1630//1599 1582//1555 4037//3980
f 944//928 1594//1567 1593//1566
f 1100//1081 3117//3063 4810//4793
f 4363//4323 3739//3683 4726//4699
f 3132//3077 2304//2260 2307//2263
f 671//661 3125//3071 731//717
f 4918//4920 1338//1318 478//472
f 4919//4921 4918//4920 478//472
f 695//4936 694//4843 3726//3670
f 1105//1086 1104//1085 4874//4866
f 2404//2360 2614//2565 2613//2564
f 768//754 2780//2730 2781//2731
f 2968//2917 2701//2650 1418//1395
f 2705//2654 701//689 563//555
f 2705//2654 563//555 562//554
f 1068//1049 4124//4072 1069//1050
f 4607//4577 4217//4166 3528//3470
f 2403//2359 1317//1297 2614//2565
f 2404//2360 2403//2359 2614//2565
f 4907//4902 4259//4212 4258//4211
f 4497//4455 4907//4902 4258//4211
f 2483//2439 2482//2438 2262//2219
f 2461//2417 2981//2930 2462//2418
f 3375//3318 3039//2988 2704//2653
f 481//475 483//477 1767//1735
f 4517//4479 1702//1666 2363//2319
f 2029//1990 4517//4479 2363//2319
f 3595//3538 1351//1331 3596//3539
f 4817//4800 18//18 1586//1559
f 3746//3690 2157//2116 4684//4656
f 276//274 2518//2472 424//418
f 2064//2024 4804//4785 4931//4937
f 2064//2024 4931//4937 4892//4887
f 1464//1441 962//947 4753//4732
f 3237//3183 3729//3673 3238//3184
s 0
f 3116//4938 3307//4938 3861//4938
s 1
f 479//473 3160//3105 480//474
f 3587//3530 1930//1894 3393//3336
f 4140//4086 3517//3459 4211//4160
f 3332//3276 593//585 2563//2516
f 4823//4809 2370//2326 2369//2325
f 1388//1367 3238//3184 1389//1368
f 1003//988 4932//4939 4717//4690
f 2299//2255 298//296 515//507
f 4804//4785 4933//4940 4931//4937
s 0
f 2287//4941 902//4941 2591//4941
s 1
f 470//464 3751//3696 4492//4450
f 1564//1537 4544//4508 1565//1538
f 4695//4667 2793//2743 3688//3631
f 1446//1423 4695//4667 3688//3631
f 4558//4526 2961//2910 2960//2909
f 2362//2318 3718//3662 4604//4574
f 2362//2318 4604//4574 4366//4326
f 4489//4447 4488//4446 4898//4893
f 2836//2785 2290//2246 4848//4839
f 1095//1076 722//708 1096//1077
f 692//682 4017//3960 2650//2601
f 1186//1166 2138//2097 618//610
f 1790//1758 3954//3898 1791//1759
s 0
f 441//4942 513//4942 442//4942
s 1
f 4782//4763 4472//4431 1481//1458
f 2865//2817 2935//2883 390//386
f 2249//2207 2749//2699 853//840
f 3055//3004 4630//4600 3056//3005
f 1536//1509 4148//4094 4934//4943
f 4112//4060 527//519 4935//4944
f 3546//3488 826//813 825//812
f 1453//1430 2474//2430 1454//1431
f 3534//3476 2545//2499 2548//2502
f 1139//1120 2414//2370 4442//4402
f 4936//4945 1139//1120 4442//4402
f 2720//2668 2100//2060 3786//3734
f 2220//2178 2707//2656 2218//2176
f 1831//1798 1755//1723 2639//2590
f 2717//2665 3572//3515 2718//2666
f 3683//3626 4309//4265 2163//2122
f 2796//2746 4246//4199 3772//3717
f 3825//3772 3586//3529 4714//4687
f 2905//2855 2904//2854 4430//4392
f 4394//4355 3850//3796 1001//986
f 4814//4797 4494//4452 553//545
f 552//544 4814//4797 553//545
f 3551//3494 2124//2084 3552//1162
f 2797//2747 3772//3717 4669//4643
f 852//839 854//841 4689//4661
f 852//839 4689//4661 1059//1040
f 2223//2181 2224//2182 4807//4789
f 4926//4928 2360//2316 2622//2573
f 304//302 4926//4928 2622//2573
f 1134//1115 1136//1117 2607//2558
f 4578//4547 2018//1978 4205//4154
f 3351//3295 4712//4685 4937//4946
f 2243//2201 3351//3295 4937//4946
f 3400//3343 3401//3344 3864//3809
f 1162//1143 1363//1343 1362//1342
f 4471//4430 1162//1143 1362//1342
f 1828//1795 1827//1794 2421//2377
f 1828//1795 2421//2377 3965//3909
f 4872//4864 2425//2381 2424//2380
f 712//698 2009//1969 713//699
f 4590//4559 2116//2076 3193//3138
f 3641//3583 4083//4028 4641//4613
f 2343//2299 841//828 840//827
f 899//886 898//885 2759//2709
s 0
f 960//482 1708//4947 4938//3969
s 1
f 3456//3399 2444//2400 2443//2399
f 4616//4585 1205//1185 1254//1234
f 269//267 2772//2722 342//338
f 4759//4739 2146//2105 2642//2593
f 2975//2924 2977//2926 3340//3284
f 2425//2381 1380//1359 3648//3590
f 1397//1376 2944//2892 2907//2857
f 4066//4011 4369//4329 1132//1113
f 3891//3837 3892//3838 1745//1713
f 3852//3798 4216//4165 2611//2562
f 3852//3798 2611//2562 4596//4566
f 3807//3754 3877//3822 3925//3870
f 1686//1652 3172//3117 1687//1653
f 2561//1852 1891//2732 1885//1851
f 1782//1750 4927//4929 3167//3112
f 3807//3754 1373//1352 4162//4108
f 2590//2540 4939//4948 3505//3447
f 2753//2703 4316//4273 2752//2702
f 4480//4439 636//628 635//627
f 1547//1520 1549//1522 1368//1348
f 3275//4520 3345//4519 4537//4501
f 4655//4628 4654//4627 4824//4810
s 0
f 2915//4949 489//4949 4938//4949
s 1
f 3564//3505 3563//3504 4519//4481
f 2134//2094 2501//2456 2816//2766
f 2134//2094 2816//2766 3678//3621
f 2963//2912 3400//3343 2964//2913
f 2935//2883 391//387 390//386
f 1699//1663 4497//4455 4496//4454
f 287//285 4789//4770 4346//4306
f 3444//3387 2481//2437 2483//2439
f 3187//3132 3444//3387 2483//2439
f 3825//3772 3824//3771 3586//3529
f 2300//2256 2657//2608 2953//2902
f 3360//3304 1912//1876 1520//1493
f 3360//3304 1520//1493 3316//3259
f 260//258 2705//2654 261//259
f 1304//1284 177//177 2183//2141
f 1305//1285 1304//1284 2183//2141
f 682//672 4836//4821 2489//2445
f 2549//2503 4525//4488 4232//4183
f 3857//4468 742//728 4510//4472
f 3857//4468 4510//4472 833//820
f 195//195 3336//3280 198//198
f 3832//3779 2754//2704 1828//1795
f 2313//2269 3626//3568 1973//1936
f 2647//2598 1262//1242 321//317
f 3324//3267 4557//4525 1330//1310
f 3482//3424 3441//3348 3190//3135
f 2814//2764 1971//1934 4197//4144
f 1231//1192 1609//887 1232//1212
f 1210//1190 1855//1820 1211//1191
f 1792//1760 897//884 896//883
f 1801//1769 141//141 1802//1770
f 2649//2600 827//814 1952//1915
f 312//308 3037//2986 3551//3494
f 1459//1436 994//979 1590//1563
f 962//947 3818//3765 963//948
f 895//882 1098//1079 1143//1124
f 250//250 494//487 3888//3834
f 89//89 250//250 3888//3834
f 2795//2745 2281//2238 2268//2225
f 948//932 2424//2380 4940//4950
f 1280//1260 4941//4951 1281//1261
f 4298//4254 4612//4582 2876//2826
f 3735//3679 4415//4375 78//78
f 930//914 2325//2281 3495//3437
f 930//914 3495//3437 4319//4276
s 0
f 2592//2543 3790//2543 487//2543
f 4095//4952 2782//4952 656//4952
s 1
f 3288//3232 3287//3231 3646//3588
f 4666//4640 4668//4642 4746//4724
f 1096//1077 1792//1760 3031//2979
f 3030//2801 3024//2973 4866//4859
f 2548//2502 4778//4759 3841//2028
f 519//511 4831//4816 1123//1104
f 1263//1243 4485//4444 3331//3275
f 4013//3956 4376//4337 4942//4953
f 302//300 2767//2717 3795//3742
f 573//565 1056//1037 1183//1163
f 3748//3692 573//565 1183//1163
f 1505//1480 69//69 3000//2949
f 2776//2726 3853//3799 4648//4619
f 4394//4355 1001//986 4943//4954
f 4644//4616 3599//3542 2443//2399
f 2363//2319 1702//1666 1677//1643
f 3874//3819 4329//4286 1518//1491
s 0
f 4723//4916 2004//4916 4917//4916
s 1
f 4612//4582 2813//2763 3512//3454
f 210//210 2116//2076 257//255
f 3566//3507 249//249 4878//4870
f 4529//4492 1111//1092 1877//1843
f 2550//2504 3859//3805 4467//4426
f 2704//2653 940//924 939//923
f 3986//3930 4534//4497 3325//3268
f 1011//996 2994//2943 1012//997
f 4678//4651 4677//4650 4755//4734
f 4522//4484 4043//3987 3791//3738
f 2923//2871 4944//4955 2924//2872
f 2454//2410 886//873 3224//3170
f 4256//4209 2454//2410 3224//3170
f 3094//3043 1196//1176 4389//4350
f 626//618 3384//3327 2130//2090
f 1778//1746 1301//1281 1303//1283
f 4945//4956 4263//4216 2805//2755
f 4945//4956 2805//2755 2804//2754
f 3993//3937 4022//3965 3075//3024
f 1605//1578 4946//4957 4753//4732
f 3754//3699 2773//2723 3099//3048
f 4903//4898 3667//3610 984//969
s 0
f 3719//4958 1181//4959 2845//4959
f 3213//3125 2506//3125 2914//3125
s 1
f 2426//2382 3648//3590 3649//3591
f 461//455 1230//1211 462//456
f 4340//4298 689//679 2189//2148
f 1714//1679 3525//3467 3195//3140
f 843//830 4177//4124 4158//4104
f 843//830 4158//4104 844//831
f 4792//4773 350//346 349//345
f 4922//4924 1015//1000 4775//4756
f 1623//4698 3541//3483 1320//1300
f 3676//3619 3909//3855 2432//2388
f 4223//4172 3552//1162 4660//3825
f 3912//3858 3911//3857 4332//4289
f 3912//3858 4332//4289 3785//3731
f 120//120 2627//2578 2626//2577
f 2353//2309 418//412 3931//3876
f 4862//4855 4818//4801 3486//3428
f 4186//4133 4608//4578 1688//1654
f 4814//4797 4495//4453 4494//4452
f 2373//2329 1917//1881 2551//2505
f 1939//1902 640//632 641//633
f 4644//4616 2443//2399 4084//4030
f 2103//2063 2857//2809 4947//4960
s 0
f 1233//4961 1232//1580 3899//1580
s 1
f 799//786 1365//1345 1739//1707
s 0
f 1611//2025 2631//2025 2065//4958
s 1
f 4343//4301 4515//4477 4157//4103
f 4695//4667 4601//4571 4056//4001
f 4695//4667 4056//4001 4948//4962
f 894//881 2235//2193 1097//1078
f 895//882 894//881 1097//1078
f 4697//4669 1258//1238 4183//4130
f 4949//4963 1046//1027 475//469
f 3326//3270 4949//4963 475//469
f 3113//3060 208//208 257//255
f 3113//3060 257//255 256//254
f 2842//2791 1469//1446 2802//2752
f 2227//2185 2228//2186 3252//3198
f 2053//2013 2889//2839 2054//2014
f 4615//4584 4843//4830 1297//1277
f 1669//1636 1295//1275 4126//4074
f 4621//4591 3523//3465 1112//1093
f 1240//1220 2032//1993 1406//1385
f 3183//3128 1542//1515 3184//3129
f 1688//1654 1687//1653 4185//4132
f 3951//3896 1915//1879 2019//1979
f 4169//4116 1953//1916 1955//1918
f 1902//1866 2211//2170 1158//1139
f 1493//1468 758//744 2964//2913
f 2157//2116 4354//4313 4355//4314
f 2155//2114 2615//2566 2902//2852
f 2040//2001 1925//1889 1924//1888
f 2547//2501 2546//2500 2014//1974
f 2547//2501 2014//1974 3945//3891
f 4356//4315 4752//4731 3568//3509
f 2630//2581 4345//4303 2862//2814
f 1450//1427 2970//2919 2339//2295
f 4650//4621 4911//4908 3749//3694
f 1143//1124 2497//2452 1144//1125
f 171//171 170//170 2722//2672
f 2892//2842 171//171 2722//2672
f 1600//1573 3943//3889 3897//3843
f 1600//1573 3897//3843 1601//1574
f 4893//4888 4431//4393 2573//2524
f 2651//2602 1413//1390 1415//1392
s 0
f 1458//4964 4618//4587 2791//2741
s 1
f 4950//4965 4772//4753 150//150
f 4950//4965 150//150 148//148
f 2239//2197 454//448 2952//2900
f 3896//3842 2239//2197 2952//2900
f 2410//2366 3292//3235 482//476
f 4788//4769 4163//4109 754//740
f 4194//4141 4951//4966 1586//1559
f 3122//3068 3968//3912 739//725
f 3575//3518 2760//2710 2835//2784
f 4790//4771 883//870 3768//3713
f 2296//2252 2338//2294 4687//4659
f 1351//1331 3018//2967 3596//3539
f 3254//3200 4952//4967 4555//4521
f 1744//1712 1746//1714 14//14
f 4423//4383 4725//4697 2689//2638
f 627//619 2659//2610 2658//2609
f 721//707 1402//1381 3041//2990
f 1386//1365 2367//2323 1387//1366
f 125//125 2626//2577 4809//4792
f 4931//4937 1069//1050 4124//4072
f 4892//4887 4931//4937 4124//4072
f 3153//3098 2270//2227 2272//2229
f 410//404 2519//2473 3017//2966
f 2781//2731 2050//2011 2929//2877
f 3492//3434 1067//1048 4115//4063
f 2945//2893 3419//3362 3418//3361
f 3964//3908 2945//2893 3418//3361
f 2874//2824 292//290 4082//4027
f 3306//3249 2596//2547 1958//1921
f 4679//4652 2649//2600 4897//4892
f 3404//3347 3108//3055 1840//1805
f 3598//3541 3404//3347 1840//1805
f 1792//1760 1695//1659 897//884
f 1794//1762 2452//2408 1375//1354
f 4423//4383 4454//1630 1662//4384
f 2492//1931 2665//2616 1429//1406
f 3805//3752 4637//4607 423//417
f 2617//2568 4888//4883 4889//4884
f 2617//2568 4889//4884 2618//2569
f 593//585 595//587 2563//2516
f 4828//4814 3273//3217 4450//4410
f 2760//2710 4071//4016 3617//3558
f 2977//2926 3288//3232 3340//3284
f 1711//1676 82//82 88//88
s 0
f 4397//1299 3103//1299 3123//1299
s 1
f 4543//4507 3100//3049 4542//4506
f 1709//1674 3297//3240 3296//3239
f 2798//2748 3676//3619 2799//2749
f 4693//3745 2006//4029 3561//4220
f 2476//2432 4192//4139 4047//3992
f 3717//3661 3716//3660 1614//1585
f 333//329 1749//1717 1748//1716
s 0
f 657//505 1623//505 4724//505
f 4674//2542 2285//2542 2592//2542
s 1
f 4791//4772 4437//4398 3210//3155
f 1807//1775 1809//1777 4729//4703
f 4557//4525 2809//2759 2810//2760
f 2825//2775 1882//1848 1884//1850
f 227//227 624//616 1411//1388
f 94//94 93//93 228//228
f 1092//1073 2465//2421 1172//1153
f 2958//2907 3577//3520 2959//2908
f 629//621 628//620 1138//1119
f 1948//1911 2788//2738 1949//1912
f 627//619 2292//2248 3188//3133
f 2948//2896 4666//4640 4745//4723
f 2885//2835 3043//2992 1251//1231
f 4953//4968 4882//4877 3506//3448
f 4883//4878 4953//4968 3506//3448
f 3980//3924 1410//1387 1194//1174
f 1644//1613 1643//1612 4068//4013
f 1644//1613 4068//4013 4067//4012
f 4728//4702 4777//4758 4457//4416
f 2057//2017 1476//1453 2058//2018
f 4220//4169 3138//3083 2186//2144
f 770//756 2532//2486 1041//1022
f 2851//2802 4136//4714 3440//3383
f 2336//2292 437//431 439//433
f 4598//4568 747//733 594//586
f 691//681 690//680 4411//4371
f 4881//4875 4207//4156 1570//1543
f 666//656 2324//2280 1566//1539
f 3710//3654 3709//3653 4541//4505
f 2521//2475 4718//4691 1270//1250
f 4292//4248 4514//4476 4569//4538
f 3658//3600 1952//1915 1951//1914
f 4448//4408 90//90 1733//1701
f 3790//4969 2591//4970 1213//4971
f 4616//4585 1254//1234 2886//2836
f 1068//1049 2724//2674 189//189
f 993//978 992//977 1845//1810
f 993//978 1845//1810 1848//1813
f 4389//4350 1198//1178 4556//4522
f 3465//3408 3464//3407 4074//4019
f 1227//1208 1151//1132 282//280
f 1116//1097 3531//3473 3054//3003
f 1633//1602 1635//1604 3201//3146
s 0
f 3276//2347 1246//2347 1883//2347
s 1
f 1067//1048 4685//4657 4115//4063
f 883//870 1078//1059 884//871
f 4034//3977 882//869 4954//4972
f 4034//3977 4954//4972 1519//1492
f 4687//4659 2338//2294 1636//1605
f 757//743 568//560 570//562
f 3753//3698 4548//4512 4150//4096
f 3915//3860 4540//4504 2917//2864
f 2612//2563 4680//4653 2613//2564
f 4109//4058 4507//4466 3131//3076
f 2514//2468 4357//4316 1135//1116
f 530//522 371//367 2261//2218
f 4253//951 4730//4704 966//951
f 1080//1061 1117//1098 3860//3806
f 790//777 4746//4724 791//778
f 3089//3038 3088//3037 3868//3813
f 3253//3199 2503//2458 3425//3368
f 4089//4035 2578//2529 4304//4260
f 1702//1666 1701//1665 1370//1350
f 1551//1524 1022//1005 1023//1006
f 2457//2413 1599//1572 2500//2455
f 3195//3140 3957//3901 3196//3141
f 3155//3100 4681//4654 1277//1257
f 872//859 3691//3634 873//860
s 0
f 1934//4973 3390//4973 781//4973
s 1
f 964//949 2534//2488 3046//2995
f 1321//1301 630//622 632//624
f 4367//4327 2558//2512 4874//4866
f 1104//1085 4367//4327 4874//4866
f 1031//1012 3771//3716 1032//1013
f 4955//4974 1806//1774 4276//4231
s 0
f 2490//4664 1723//4975 4125//3069
s 1
f 1429//1406 1428//1405 2901//2851
f 2522//2476 4571//4540 449//443
f 4283//4238 4282//4237 4952//4967
f 4283//4238 4952//4967 4465//4424
f 4012//3955 2153//2112 4013//3956
f 2978//2927 4710//4683 4481//4440
f 3148//3093 1978//1941 1977//1940
f 783//770 2374//2330 2375//2331
f 783//770 2375//2331 4248//4201
f 298//296 300//298 516//508
f 2636//2587 3165//3110 2637//2588
f 4810//4793 3117//3063 2866//2818
f 2047//2008 4202//4149 802//789
f 1025//1008 2047//2008 802//789
f 4244//4197 2714//2663 4318//4275
f 4786//4767 4900//4895 4787//4768
f 92//92 229//229 1411//1388
f 3554//3496 1940//1903 2141//2100
f 1021//1299 1020//2762 4691//4664
f 3998//3942 2252//2209 2254//2211
f 4325//4282 4326//4283 1854//1819
f 904//889 2820//2770 2942//2890
f 2233//2191 3023//2972 1241//1221
f 278//276 3584//3527 279//277
f 4843//4830 2886//2836 3324//3267
f 4456//4415 3787//3735 4956//4976
f 2342//2298 2344//2300 4393//4354
f 3265//3210 3426//3369 1896//1860
f 150//150 4597//4567 151//151
s 0
f 960//4977 961//4947 1708//4947
f 4486//4445 2065//1793 2845//4445
f 1010//4978 2379//4978 4467//4978
s 1
f 2346//2302 4896//4891 2347//2303
f 4371//4331 368//364 2994//2943
s 0
f 1919//4979 1661//4980 1663//4981
s 1
f 4861//4854 4957//4982 4818//4801
f 4741//4717 4740//4716 2147//2106
f 3423//3366 1633//1602 3657//3599
f 3957//3901 2117//2077 2999//2948
f 4877//4869 386//382 4640//4612
f 3419//3362 3723//3667 3420//3363
f 2640//2591 4853//4846 3342//3286
f 4355//4314 2548//2502 4944//4955
f 4507//4466 4111//4059 4029//3973
f 2557//2511 3910//3856 3912//3858
f 1813//1781 793//780 1218//1199
s 0
f 2099//4983 2321//4983 4536//4983
s 1
f 3960//3904 851//838 3454//3397
f 2248//2206 2747//2697 2749//2699
f 4958//4984 529//521 3073//3022
f 2181//2139 1031//1012 4118//4066
f 3955//3899 4525//4488 2549//2503
f 4476//4435 4477//4436 3562//3503
f 1569//1542 1498//1473 4761//4741
f 4847//4838 2928//2876 890//877
f 2063//2023 4803//4784 4804//4785
f 3187//3132 2483//2439 426//420
f 649//641 3887//3833 109//109
f 649//641 109//109 145//145
f 4728//4702 4729//4703 4777//4758
f 1867//1832 3251//3197 2531//2485
f 4542//4506 4186//4133 3590//3533
f 1886//1852 4223//4172 599//591
f 4191//4138 4113//4061 874//861
f 4736//4711 2194//2153 3835//3782
f 1293//1273 4507//4466 4029//3973
f 4939//4948 2250//1930 4568//4537
f 2833//780 4508//4985 3213//3214
f 4645//4617 4959//4986 1911//1875
f 2179//2137 3548//3490 1902//1866
f 1895//1859 1897//1861 4461//4420
f 2812//2762 1319//1299 2813//2763
f 1800//1768 1238//1218 2250//1930
f 4894//4889 4425//4386 4424//4385
f 4069//4014 3903//3849 3550//3492
f 380//376 1968//1931 1189//1169
f 4549//4513 3155//3100 1277//1257
f 2918//3607 3664//3606 3326//3270
f 4247//4200 1555//1528 4398//4360
f 2240//2198 4532//4495 4268//4223
f 3935//3880 1326//1306 1833//1800
f 4801//4782 1279//1259 4084//4030
s 0
f 3633//1056 4154//1056 4096//1056
s 1
f 1268//1248 3455//3398 4698//4670
f 826//813 3489//3431 1980//1943
f 2426//2382 3649//3591 4625//4595
f 4314//4271 1783//1751 3166//3111
f 4314//4271 3166//3111 4193//4140
s 0
f 2385//4987 3608//4987 4336//4987
s 1
f 4655//4628 4824//4810 4681//4654
f 3612//3553 4919//4921 3613//3554
f 2925//2873 4562//4530 4560//4528
f 2224//2182 1052//1033 4044//3988
f 2496//2451 1457//1434 4311//4267
f 2571//2522 3249//3195 340//336
f 4683//3383 2716//4332 2665//2616
f 2451//2407 1763//1731 1765//1733
f 2080//2040 1786//1754 3372//3315
f 2239//2197 2240//2198 454//448
f 1923//1887 1183//1163 438//432
f 3827//3774 1923//1887 438//432
f 4852//4845 3466//3409 4765//4745
f 2446//2402 2449//2405 4108//4056
f 2332//2288 1236//1216 2333//2289
f 3506//3448 4882//4877 4220//4169
f 3819//3766 3592//3535 4637//4607
f 2166//2125 1230//1211 461//455
f 4112//4060 4935//4944 3822//3769
f 1753//1721 2023//1984 4871//4863
f 4748//4727 1301//1281 1778//1746
f 3495//3437 2372//2328 2373//2329
f 4871//4863 662//652 661//651
f 4872//4864 1726//1691 2425//2381
f 1919//1883 1093//1074 4914//4988
f 1798//1766 4777//4758 4802//4783
f 1798//1766 4802//4783 2436//2392
f 2273//2230 4621//4591 2274//2231
f 3264//3209 4930//4934 3426//3369
f 2540//2494 3843//3789 4051//3996
f 4288//4243 3703//3647 1675//1641
f 1172//1153 4266//4219 1173//1154
f 1296//1276 1707//1671 4615//4584
f 4142//4088 270//268 1115//1096
f 4056//4001 4055//4000 4960//4989
f 3783//3729 4339//4297 920//904
f 4148//4094 3110//3057 4766//4746
f 1748//1716 1750//1718 4854//4847
f 4430//4392 4659//4633 4431//4393
f 1509//1484 2276//2233 1510//1485
f 2597//2548 2661//2612 4245//4198
f 498//491 4290//4245 3364//4246
f 824//811 4880//4874 3330//3274
f 688//678 691//681 4350//4310
f 2189//2148 688//678 4350//4310
f 2737//2686 1919//1883 1918//1882
f 3525//3467 3957//3901 3195//3140
f 2694//2643 2573//2524 2293//2249
f 4881//4875 1570//1543 1569//1542
f 439//433 4961//4990 3758//3703
f 439//433 3758//3703 2969//2918
f 2662//2613 4303//4259 3715//3659
f 2663//2614 2662//2613 3715//3659
f 125//125 120//120 2626//2577
f 1998//1961 4635//4605 4665//4639
f 4962//4991 474//468 1807//1775
f 2605//2556 349//345 737//723
f 3060//3009 3062//3011 4804//4785
f 4815//4798 4446//4406 4502//4460
f 579//571 1872//1837 4779//4760
f 1051//1032 1343//1323 2956//2905
f 2103//2063 4947//4960 684//674
f 863//850 2103//2063 684//674
f 3451//3394 4903//4898 986//971
f 603//595 2313//2269 604//596
f 2572//2523 962//947 964//949
f 4078//4023 2608//2559 4079//4024
f 3864//3809 1683//1649 1493//1468
f 3955//3899 2037//1998 4525//4488
f 4725//4697 2688//2637 2689//2638
f 2271//2228 3465//3408 4074//4019
f 4322//4279 2344//2300 2577//2528
f 1703//1667 784//771 2610//2561
f 2397//2353 2216//2174 3184//3129
f 135//135 3193//3138 3192//3137
f 2350//2306 728//714 4047//3992
f 950//934 2742//2692 951//935
f 4193//4140 4706//4679 1239//1219
f 3058//3007 3514//3456 3377//3320
f 3555//3497 4800//4780 3556//3498
f 2664//2615 2404//2360 2613//2564
f 4869//4861 4213//4162 2309//2265
f 4640//4612 1274//1254 1273//1253
f 2124//2084 2125//2085 3552//1162
f 4337//4295 4693//3745 1561//1534
f 2094//2054 3378//3321 4573//4542
f 2094//2054 4573//4542 4587//4556
f 2138//2097 3554//3496 2141//2100
s 0
f 4674//4992 487//4992 489//4993
s 1
f 3156//3101 4386//4347 4716//4689
f 2852//2803 4884//4879 1552//1525
f 3160//3105 4915//4913 4629//4599
f 2074//2035 2048//2009 2075//266
f 4913//4910 3437//3380 4910//4907
f 3389//1983 3388//3332 444//438
f 4162//4108 4797//4777 4962//4991
s 0
f 489//1226 960//1226 4938//1226
s 1
f 1065//1046 2303//2259 3524//3466
f 4165//4111 4268//4223 4565//4533
f 4733//4707 895//882 1143//1124
f 1738//1706 2603//2554 1739//1707
f 4963//4994 3373//3316 950//934
f 3693//3636 2040//2001 2464//2420
f 458//452 460//454 4434//2603
f 4964//4995 4305//4261 3203//3148
f 4964//4995 3203//3148 3205//3150
f 1379//1358 66//66 64//64
f 1272//1252 3650//3592 3853//3799
f 1285//1265 3290//3234 1286//1266
f 2916//2863 3705//3649 3704//3648
f 4703//4676 2916//2863 3704//3648
f 1584//1557 1228//1209 506//499
f 3904//3850 3205//3150 3905//3851
f 467//461 466//460 1758//1726
f 2612//2563 4631//4601 4680//4653
f 4440//4400 2347//2303 1839//1804
f 4440//4400 1839//1804 3858//3804
f 2235//2193 2238//2196 3668//3611
f 1356//1336 3397//3340 1357//1337
f 4479//4438 2159//2118 636//628
f 1905//1869 979//964 2396//2352
f 4028//3972 4027//3971 4763//4743
f 4772//4753 4028//3972 4763//4743
f 3795//3742 1996//1959 2213//2172
f 231//231 230//230 3816//3763
f 3815//3762 231//231 3816//3763
f 818//805 242//242 2504//2459
f 1514//1487 4127//4075 1515//1488
f 3769//3714 4610//4580 2840//2789
f 178//178 3769//3714 2840//2789
f 2600//2551 1722//1687 3513//3455
f 4850//4842 3832//3779 4953//4968
f 3730//3674 766//752 4306//4262
f 477//471 2751//2701 393//389
f 3037//2986 4549//4513 2124//2084
f 3246//3192 4387//4348 596//588
f 850//837 4614//4583 4261//4214
f 850//837 4261//4214 4965//4996
f 2484//2440 1452//1429 3659//3601
f 1474//1451 4343//4301 1831//1798
f 2460//2416 4636//4606 4368//4328
f 4724//4997 1320//1300 1319//1299
f 1916//1880 938//922 937//921
f 3273//3217 3272//3216 4451//4411
f 418//412 417//411 3931//3876
f 4822//4805 3941//3887 3940//3886
f 3188//3133 2291//2247 3617//3558
f 3573//3516 2180//2138 2182//2140
f 3291//2603 2001//2732 2561//1852
f 4538//4502 3376//3319 237//237
f 2929//2877 1830//1797 1829//1796
f 3737//3681 1316//1296 3738//3682
s 0
f 4131//4487 1075//4487 4033//4487
s 1
f 4585//4554 3489//3431 3488//3430
f 2194//2153 3833//3780 3835//3782
s 0
f 4735//867 4851//867 2001//867
s 1
f 4922//4924 4775//4756 314//310
f 4758//4738 4922//4924 314//310
f 2475//2431 1040//1021 4192//4139
f 2526//2480 4807//4789 1473//1450
f 2119//2079 486//480 400//394
f 3846//3792 3359//3303 3358//3302
f 3615//3556 3846//3792 3358//3302
f 1713//1678 1066//1047 1714//1679
f 3923//3868 1193//1173 4504//4462
f 1444//1421 3704//3648 2897//2847
f 1444//1421 2897//2847 1445//1422
f 4652//4624 2447//2403 2446//2402
f 3448//3391 4966//4998 4563//4531
f 3448//3391 4563//4531 3834//3781
f 2432//2388 4407//4369 910//895
f 3180//3894 3948//4791 2286//4180
f 4337//4295 4443//4403 4693//3745
f 2325//2281 4873//4865 2442//2398
f 848//835 4219//4168 4586//4555
f 1490//1465 3791//3738 3792//3739
f 1490//1465 3792//3739 1491//1466
f 2534//2488 3702//3646 3047//2996
f 1848//1813 1087//1068 1086//1067
f 4967//4999 1848//1813 1086//1067
f 423//417 425//419 1597//1570
f 3089//3038 3868//3813 1716//1681
f 3841//2028 4779//4760 497//490
f 820//807 2731//2680 821//808
f 1428//1405 1430//1407 2154//2113
f 3587//3530 3393//3336 3392//3335
f 4245//4198 752//738 4885//4880
f 4485//4444 4245//4198 4885//4880
f 3590//3533 4185//4132 1740//1708
f 3371//3314 2080//2040 3372//3315
f 2142//2101 2143//2102 1602//1575
f 4715//4688 907//892 4737//4712
f 3486//3428 4968//5000 3487//3429
f 4679//4652 4897//4892 3200//3145
f 1864//1829 1863//1828 2741//2691
f 2288//2244 4809//4792 4836//4821
f 1942//1905 4886//4881 4725//4697
f 1582//1555 508//501 4037//3980
f 3127//796 1764//1732 882//869
f 1313//1293 4424//4385 4969//5001
f 135//135 3192//3137 136//136
f 893//880 4221//4170 894//881
f 2338//2294 2337//2293 1636//1605
f 4087//4033 3402//3345 4970//5002
f 4971//5003 224//224 226//226
f 3279//3224 4032//3975 3594//3537
f 4972//5004 953//937 4432//4394
f 2645//2596 4318//4275 2646//2597
f 2786//2736 2785//2735 4751//4730
f 3969//3913 4973//5005 2605//2556
f 3185//3130 317//313 319//315
f 270//268 269//267 3531//3473
f 4936//4945 4442//4402 3442//3385
f 3238//3184 3960//3904 3454//3397
f 2822//2772 1565//1538 2927//2875
f 3772//3717 166//166 1218//1199
f 4916//4915 1379//1358 4974//5006
f 3343//3287 4877//4869 4581//4550
f 4831//4816 2401//2357 3970//3914
f 2249//2207 853//840 2033//1994
f 3957//3901 2999//2948 3196//3141
f 3606//3549 3634//3576 3607//3550
s 0
f 781//5007 782//5007 694//5007
s 1
f 146//146 649//641 142//142
f 2719//2667 4254//4206 1438//1415
f 4860//4853 3168//3113 2553//2507
f 1583//1556 2802//2752 3072//3021
f 683//673 3546//3488 681//671
f 2730//2679 2729//2678 2882//2832
f 2362//2318 4366//4326 1477//1454
f 4412//4372 2721//2669 1873//1838
f 155//155 1557//1530 152//152
f 4925//4927 2998//2947 2193//2152
f 4925//4927 2193//2152 2740//2690
f 3786//3734 2298//2254 2137//2097
f 4817//4800 4195//4142 4593//4563
f 1806//1774 4222//4171 4275//4230
f 344//340 800//787 2603//2554
f 3850//3796 2097//2057 4849//4840
f 2224//2182 4044//3988 4342//4300
f 1673//1639 281//279 280//278
f 951//935 502//495 2938//2886
f 2423//2379 2422//2378 4417//4377
f 4091//4037 1887//1853 2927//2875
f 1747//1715 2989//2938 4284//4239
f 2216//2174 1574//1547 2217//2175
f 1269//1249 637//629 4580//4549
f 2814//2764 4197//4144 578//570
f 3876//3821 4813//4796 4377//4338
f 2733//2682 3245//3191 2807//2757
f 285//283 284//282 263//261
f 2889//2839 2737//2686 2054//2014
f 2749//2699 1939//1902 853//840
f 2552//2506 4106//4054 3685//3628
f 2652//2603 1415//1392 4073//4018
f 312//308 3551//3494 313//309
f 2886//2836 2887//2837 3324//3267
f 4664//4638 419//413 4295//4251
f 3552//1162 2125//2085 4660//3825
f 1561//1534 4693//3745 1562//1535
f 3674//3617 3761//3706 3801//3748
f 4800//4780 417//411 419//413
f 1275//1255 2510//2464 4742//4719
f 940//924 2823//2773 767//753
f 4823//4809 422//416 2370//2326
f 4868//4860 4252//4205 4254//4206
f 2236//2194 4241//4194 3035//2984
f 1762//1730 3415//3358 2060//2020
f 1667//1634 1905//1869 2395//2351
f 796//783 798//785 807//794
f 1761//1729 3414//3357 1762//1730
f 826//813 364//360 366//362
f 4539//4503 1292//1272 1294//1274
f 4685//4657 4910//4907 4473//4432
f 2138//2097 2141//2100 618//610
f 4663//4637 2316//2272 2289//2245
f 2400//2356 3194//3139 4490//4448
f 2400//2356 4490//4448 3971//3915
f 4771//4752 4950//4965 4031//3974
f 1638//1607 387//383 3063//3012
f 3481//3423 1638//1607 3063//3012
f 4393//4354 3640//3582 1404//1383
f 3436//3379 3654//3596 1035//1016
f 2944//2892 4426//4387 4427//4388
f 4964//4995 3904//3850 4827//4813
f 876//863 3883//3829 4208//4157
f 4277//4232 4146//4092 4145//4091
f 3475//3417 1834//1801 4652//4624
f 4297//4253 1411//1388 1412//1389
s 0
f 4352//3551 310//3551 3608//3551
s 1
f 3469//3412 3195//3140 1216//1197
f 4028//3972 3618//3559 1206//1186
f 1984//1947 2321//2277 2099//2059
f 4902//4897 2883//2833 2841//2790
f 3210//3155 4297//4253 3333//3277
f 1452//1429 546//538 545//537
f 3659//3601 1452//1429 545//537
f 805//792 3753//3698 1927//1891
f 1396//1375 2493//2447 1397//1376
f 2167//2126 464//458 467//461
f 1549//1522 3158//3103 1383//1362
f 1368//1348 1549//1522 1383//1362
f 4305//4261 4964//4995 4827//4813
f 3537//3479 473//467 472//466
f 3516//3458 1361//1341 1363//1343
f 2077//2037 479//473 478//472
f 3022//2971 4552//4516 3023//2972
f 4975//5008 3501//3443 2424//2380
f 1590//1563 994//979 996//981
f 1638//1607 2358//2314 387//383
f 3079//3028 3069//3018 2312//2268
f 1161//1142 1058//1039 2668//2619
f 1161//1142 2668//2619 716//702
f 4237//4190 3460//3403 1673//1639
f 4571//4540 2524//2478 1944//1907
f 2406//2362 2706//2655 2407//2363
f 4887//4882 2786//2736 1350//1330
f 825//812 742//728 3857//4468
f 3929//3874 3588//3531 510//503
f 4634//4604 1479//1456 1481//1458
f 4634//4604 1481//1458 4472//4431
f 913//898 1265//1245 914//899
f 4930//4934 4048//3993 1441//1418
f 1770//1738 105//105 1771//1739
f 4976//5009 286//284 3731//3675
f 986//971 4903//4898 984//969
f 527//519 526//518 4935//4944
f 2560//2514 2410//2366 2409//2365
f 4419//4379 1660//1629 2236//2194
f 1276//1256 4832//4817 3862//3807
f 990//975 989//974 2423//2379
f 1902//1866 3549//3491 2211//2170
f 3123//3069 2811//2761 382//378
f 3140//3085 3281//3226 3280//3225
f 2778//2728 2595//2546 2594//2545
f 2779//2729 2778//2728 2594//2545
f 3674//3617 2495//2450 2496//2451
f 1749//1717 3049//2998 3048//2997
f 274//272 276//274 3592//3535
f 2125//2085 1277//1257 1279//1259
f 2804//2754 2975//2924 3340//3284
f 2349//2305 625//617 624//616
f 2513//2467 4686//4658 2514//2468
f 4595//4565 3071//3020 1468//1445
f 1467//1444 4595//4565 1468//1445
f 1521//1494 1523//1496 1147//1128
f 3097//3046 1161//1142 715//701
f 4359//4319 4842//4829 2380//2336
f 3706//3650 4977//5010 3111//3058
f 538//530 839//826 4879//4871
f 3196//3141 3152//3097 1216//1197
f 1270//1250 638//630 637//629
f 3823//3770 2557//2511 3824//3771
f 4514//4476 164//164 640//632
f 629//621 2655//2606 4663//4637
f 1978//1941 2106//2066 4928//4931
f 3549//3491 2212//2171 2211//2170
f 3375//3318 3038//2987 3039//2988
f 3380//3323 651//643 654//646
f 2157//2116 3746//3690 4754//4733
f 3415//3358 3518//3460 3091//3040
f 2060//2020 3415//3358 3091//3040
f 3371//3314 3373//3316 4963//4994
s 0
f 1145//5011 4914//5011 1093//1074
s 1
f 3168//3113 1309//1289 2553//2507
f 1358//1338 2570//2521 1359//1339
f 4821//4804 3380//3323 1016//1001
f 1747//1715 4821//4804 1016//1001
f 2660//2611 4869//4861 622//614
f 390//386 392//388 3585//3528
f 329//325 910//895 330//326
f 3809//3756 3808//3755 4057//4002
f 3529//3471 1692//1656 760//746
f 2761//2711 4330//4287 2762//2712
f 4351//4311 4439//4085 4230//4180
f 3162//3107 1791//1759 3128//3073
f 3162//3107 3128//3073 362//358
f 4494//4452 4870//4862 553//545
f 2834//2783 745//731 2775//2725
f 4593//4563 4195//4142 3480//3422
f 3779//3725 2089//2049 2860//2812
f 4009//3952 553//545 3926//3871
f 1421//1398 1420//1397 285//283
s 0
f 4351//4941 4352//5012 2385//5013
s 1
f 4162//4108 3878//3823 3877//3822
f 706//694 2667//2618 1842//1807
f 1866//1831 3559//3501 3558//3500
f 3357//3301 753//739 1613//1584
f 2815//2765 2386//2342 3006//2955
f 1029//332 282//280 4887//4882
f 1392//1371 4832//4817 1276//1256
f 3592//3535 424//418 423//417
f 2097//2057 2244//2202 4849//4840
f 4041//3985 3327//3271 4042//3986
f 814//801 3302//3245 815//802
s 0
f 4906//5014 4487//5014 2674//2449
s 1
f 570//562 2859//2811 762//748
f 570//562 762//748 761//747
f 3575//3518 4688//4660 899//886
f 4321//4278 3933//3878 4643//4615
f 2865//2817 776//762 762//748
f 2859//2811 2865//2817 762//748
f 1835//1689 2600//2551 1779//1747
f 4473//4432 4475//4434 3907//3853
f 1107//1088 1106//1087 3733//3677
f 3138//3083 2062//2022 2725//2675
f 3138//3083 2725//2675 1775//1743
f 4784//4765 4936//4945 2323//2279
f 1779//1747 2600//2551 4532//4495
f 4018//3961 301//299 304//302
f 2458//2414 4714//4687 3602//3545
f 3355//3299 2775//2725 3356//3300
f 2343//2299 3135//3080 841//828
f 260//258 2677//2626 860//847
f 260//258 860//847 945//929
f 1906//1870 3614//3555 3244//3190
f 4978//5015 4049//3994 2126//2086
f 4978//5015 2126//2086 4891//4886
f 3409//3352 4826//4812 4979//5016
f 1053//1034 846//833 867//854
f 1581//1554 3923//3868 2149//2108
f 1698//1662 4907//4902 4497//4455
f 4626//4596 434//428 433//427
s 0
f 3948//5017 2008//5017 4336//5017
s 1
f 2524//2478 2523//2477 4299//4255
f 2108//2068 4078//4023 4077//4022
f 1668//1635 3225//3171 1185//1165
f 4893//4888 2573//2524 2694//2643
f 1850//1815 738//724 1851//1816
f 2992//2941 4436//4397 3468//3411
f 3023//2972 3321//3264 1242//1222
f 2402//2358 1315//1295 2403//2359
f 2212//2171 423//417 1597//1570
f 2297//2253 2296//2252 991//976
f 4710//4683 4482//4441 4481//4440
s 0
f 3829//2448 1891//571 2561//5018
s 1
f 4802//4783 4435//4396 2122//2082
f 2436//2392 4802//4783 2122//2082
f 3967//3911 2038//1999 3693//3636
f 1190//1170 3896//3842 3329//3273
f 2541//2495 1070//1051 1072//1053
f 823//810 4324//4281 4880//4874
f 4032//3975 148//148 147//147
f 2956//2905 2955//2904 435//429
f 1176//1157 4721//4694 4722//4695
f 3614//3555 4932//4939 3847//3793
f 4480//4439 4479//4438 636//628
f 2241//2199 1092//1073 3689//3632
f 2766//2716 3794//3741 2767//2717
f 4427//4388 4156//4102 4155//4101
f 2944//2892 4427//4388 4155//4101
f 3487//3429 4968//5000 247//247
f 2757//2707 3261//1655 3797//3744
f 4361//4321 214//214 216//216
f 2779//2729 2594//2545 375//371
f 374//370 2779//2729 375//371
f 4512//4474 4411//4371 3130//3075
s 0
f 512//505 3101//505 513//505
s 1
f 1375//1354 4797//4777 4162//4108
f 3844//3790 828//815 2946//2894
f 4279//4234 4358//4318 1620//1591
f 2718//2666 3572//3515 4868//4860
f 3173//3118 2537//2491 2536//2490
f 3934//3879 1832//1799 2897//2847
f 3439//3382 4614//4583 850//837
f 1807//1775 474//468 1808//1776
f 2411//2367 3998//3942 2412//2368
f 4374//4335 4373//4334 4972//5004
f 3937//3883 1008//993 4727//4701
f 4375//4336 570//562 1154//1135
f 4835//4820 4773//4754 4586//4555
f 4194//4141 4279//4234 1620//1591
f 606//598 4980//5019 607//599
f 4965//4996 4261//4214 1516//1489
f 1357//1337 3656//3598 3655//3597
f 1355//1335 1357//1337 3655//3597
f 3367//3310 2166//2125 461//455
f 738//724 3491//3433 3125//3071
s 0
f 2726//5020 396//5020 398//5020
s 1
f 2627//2578 4956//4976 4330//4287
f 850//837 4965//4996 524//516
f 851//838 850//837 524//516
f 3607//3550 1065//1046 1064//1045
f 703//691 1038//1019 704//692
f 4738//4713 973//958 244//244
f 558//550 4289//4244 2190//2149
f 4531//4494 4696//4668 4607//4577
f 2313//2269 2312//2268 3626//3568
f 267//265 3658//3600 1951//1914
f 2849//2800 1799//1767 4755//4734
f 4736//4711 3835//3782 2925//2873
f 4730//4704 4736//4711 2925//2873
f 2759//2709 2841//2790 2843//2792
f 703//691 4438//4399 1038//1019
f 1234//1214 463//457 462//456
f 1347//1327 2109//2069 917//902
f 2604//2555 4271//4226 345//341
f 2446//2402 4108//4056 4214//4163
f 718//704 1085//1066 2484//2440
f 4706//4679 1470//1447 1471//1448
s 0
f 2591//4969 902//4969 1213//4969
s 1
f 1794//1762 1417//1394 2616//2567
f 804//791 1084//1065 2686//2635
f 1670//3724 2056//2016 1671//3566
f 4580//4549 813//800 2893//2843
f 3323//3266 4567//4535 1989//1952
f 1105//1086 3697//3641 3696//3640
f 3029//2978 1080//1061 1079//1060
f 577//569 579//571 4778//4759
f 738//724 1067//1048 3491//3433
f 3168//3113 4625//4595 1309//1289
f 1205//1185 3526//3468 1254//1234
f 2887//2837 1256//1236 402//396
f 2904//2854 4659//4633 4430//4392
f 810//797 809//5021 4554//4518
f 3256//3202 2173//2131 4445//4405
f 2600//2551 3513//3455 3057//3006
f 2814//2764 2386//2342 2815//2765
f 3305//3248 295//293 1118//1099
f 1897//1861 3277//3222 3278//3223
f 1819//1787 941//925 794//781
f 3556//3498 1123//1104 1122//1103
f 812//799 195//195 197//197
f 4293//4249 4676//4649 4294//4250
f 460//454 2490//3733 1303//1283
f 2307//2263 2418//2374 4721//4694
f 1175//1156 2307//2263 4721//4694
f 2810//2760 404//398 2151//2110
f 4169//4116 1955//1918 1174//1155
f 3627//3569 259//257 3144//3089
f 4533//4496 1201//1181 1200//1180
f 546//538 3472//3414 2766//2716
f 353//349 2647//2598 354//350
f 1905//1869 680//670 1906//1870
f 1862//1827 3052//3001 1863//1828
f 4015//3958 4541//4505 3709//3653
f 3708//3652 4015//3958 3709//3653
f 4508//4841 2507//1350 2506//2461
f 4845//4832 256//254 3114//3061
f 169//169 168//168 1777//1745
f 3217//3162 1154//1135 1153//1134
f 4504//4462 1193//1173 1447//1424
f 1346//1326 1345//1325 2569//2520
s 0
f 4409//2762 4723//2762 1319//2762
s 1
f 4714//4687 3586//3529 3929//3874
f 755//741 4696//4668 4531//4494
f 4724//4997 1623//4698 1320//1300
f 2340//2296 3760//3705 4087//4033
f 1184//1164 4781//4762 1900//1864
f 1184//1164 1900//1864 4961//4990
f 1395//1374 1394//1373 2824//2774
f 2247//2205 2249//2207 2033//1994
f 1717//1682 4501//4459 4530//4493
f 1812//1780 3081//3030 1813//1781
f 318//314 411//405 1494//1469
f 4829//4815 3246//3192 596//588
f 3611//1747 2967//2916 2966//2915
f 1446//1423 3688//3631 484//478
f 2837//2786 2838//2787 3921//3866
f 4757//4737 2837//2786 3921//3866
f 1192//1172 2892//2842 1193//1173
f 4867//3787 4683//3383 2491//2762
f 2548//2502 3841//2028 4944//4955
f 2867//2819 564//556 3580//3523
f 4219//4168 4835//4820 4586//4555
f 1658//1627 1660//1629 4419//4379
f 4934//4943 3412//3355 3411//3354
f 2136//2096 2138//2097 1186//1166
f 2432//2388 329//325 531//523
f 348//344 3017//2966 2398//2354
s 0
f 2829//5022 253//252 252//1982
s 1
f 2123//2083 2931//2879 4678//4651
f 3244//3190 3615//3556 3848//3794
f 978//963 3244//3190 3848//3794
f 3171//3116 4463//4422 2875//2825
f 788//775 3067//3016 2653//2604
f 2889//2839 1966//1929 2737//2686
f 3754//3699 3118//3064 2773//2723
f 2919//3269 2918//3607 3326//3270
f 4665//4639 3153//3098 4981//5023
f 1401//1380 1125//1106 1402//1381
f 1057//1038 3109//3056 1282//1262
f 4710//4683 4593//4563 4482//4441
f 4942//4953 3771//3716 2181//2139
f 1106//1087 4976//5009 3733//3677
f 1372//1351 1482//2146 2543//2497
f 4085//4031 2763//2713 3234//3180
f 2339//2295 4190//4137 1870//1835
f 1450//1427 2339//2295 1870//1835
f 2043//2004 2297//2253 3775//3720
f 1736//1704 4444//4404 3616//3557
f 2377//2333 2458//2414 2460//2416
f 1535//1508 4148//4094 1536//1509
f 3288//3232 3646//3588 4476//4435
f 1971//1934 1970//1933 4881//4875
f 1971//1934 4881//4875 4197//4144
f 2242//2200 4019//3962 3565//3506
f 1387//1366 2368//2324 1725//1690
f 3586//3529 3588//3531 3929//3874
f 1899//1863 1405//1384 4570//4539
f 548//540 4768//4748 2433//2389
f 4825//4811 4200//4147 4824//4810
f 4378//4339 1243//1223 4399//4361
f 3697//3641 3823//3770 3825//3772
f 2951//2899 1651//1620 2949//2897
f 4982//5024 3162//3107 3066//3015
f 3893//3839 4982//5024 3066//3015
f 3157//3102 1269//1249 4580//4549
f 698//686 697//685 1732//1700
f 698//686 1732//1700 4912//4909
f 3444//3387 3396//3339 4720//4693
f 4054//3999 3793//3740 2247//2205
s 0
f 3440//505 512//505 441//505
s 1
f 206//206 205//205 3678//3621
f 4427//4388 931//915 4156//4102
f 1885//1851 3734//3678 4110//2940
f 1625//1299 1019//5025 1021//1299
f 4978//5015 4891//4886 3287//3231
f 3286//3230 4978//5015 3287//3231
f 3942//3888 4257//4210 4739//4715
f 4020//3963 890//877 889//876
f 172//172 990//975 4888//4883
f 172//172 4888//4883 4795//4775
f 4673//4143 1878//1844 4097//3837
f 1377//1356 2757//2707 3797//3744
f 3809//3756 4057//4002 4584//4553
f 4442//4402 3886//3832 4624//4594
f 2583//2534 2585//2536 3520//3462
f 3739//3683 3817//3764 972//957
f 1824//1792 4481//4440 1258//1238
f 4971//5003 4642//4614 3425//3368
f 4939//4948 4568//4537 3505//3447
f 680//670 647//639 4932//4939
f 1447//1424 1446//1423 2119//2079
f 3489//3431 2628//2579 2761//2711
f 319//315 2093//2053 4462//4421
f 3236//3182 1527//1500 2728//2677
f 3922//3867 386//382 4877//4869
f 638//630 608//600 639//631
f 988//973 4713//4686 2422//2378
f 4829//4815 453//447 1353//1333
f 1738//1706 3206//3151 2603//2554
f 220//220 2348//2304 2973//2922
f 185//185 220//220 2973//2922
s 0
f 3749//3694 4901//5026 1825//4648
s 1
f 3029//2978 4232//4183 1115//1096
f 1096//1077 1793//1761 1792//1760
f 2807//2757 3061//3010 555//547
f 1727//1692 1381//1360 1380//1359
f 2347//2303 3598//3541 1840//1805
f 2542//2496 3276//3221 3163//3108
f 1368//1348 1383//1362 1369//1349
f 1153//1134 1386//1365 1385//1364
f 2246//2204 2131//2091 1335//1315
f 1903//1867 1487//1462 2498//2453
f 4973//5005 4792//4773 2605//2556
f 4944//4955 3841//2028 2924//2872
f 407//401 406//400 1027//1010
f 3327//3271 3326//3270 475//469
f 1911//1875 1026//1009 3314//3257
f 3579//3522 4506//4465 1293//1273
f 4075//4020 62//62 63//63
f 1399//1378 1398//1377 1721//1686
f 4359//4319 3227//3173 4842//4829
f 4953//4968 3832//3779 3176//3121
f 4953//4968 3176//3121 4882//4877
f 2750//2700 997//982 3318//3261
f 3492//3434 4115//4063 2263//2220
f 4087//4033 4970//5002 2341//2297
f 3958//3902 4808//4790 3472//3414
f 1990//1953 4025//3968 3298//3241
f 4571//4540 2522//2476 2524//2478
f 1655//1624 1657//1626 3533//3475
f 4289//4244 1735//1703 1734//1702
f 2299//2255 299//297 298//296
s 0
f 4917//1852 655//4952 657//1852
s 1
f 1488//1463 4943//4954 2107//2067
f 1959//1922 1882//1848 2825//2775
f 1653//1622 3186//3131 1654//1623
f 459//453 4867//3787 2491//2762
f 1857//1822 3538//3480 2398//2354
f 1857//1822 2398//2354 1815//1783
f 4073//4018 4583//4552 4218//4167
f 4420//4380 4380//4341 2416//2372
f 4420//4380 2416//2372 116//116
f 1061//1042 1176//1157 1062//1043
f 227//227 2973//2922 624//616
f 1457//1434 1459//1436 3507//3449
f 4311//4267 1457//1434 3507//3449
f 3088//3037 3869//3814 3868//3813
f 3043//2992 2885//2835 3042//2991
f 4490//4448 328//324 3173//3118
f 979//964 3539//3481 2396//2352
f 2724//2674 757//743 4383//4344
f 189//189 2724//2674 4383//4344
f 380//376 1189//1169 2142//2101
f 2405//2361 2407//2363 3645//3587
f 3262//3207 605//597 4488//4446
f 2706//2655 3871//3816 4036//3979
f 1599//1572 1601//1574 1472//1449
f 1683//1649 759//745 1493//1468
f 2893//2843 813//800 815//802
f 4943//4954 1000//985 2107//2067
f 4970//5002 258//256 4600//4570
f 2851//2802 3747//3691 4136//4714
f 4778//4759 579//571 4779//4760
f 3667//3610 4903//4898 2497//2452
f 1106//1087 1108//1089 4707//4680
f 4976//5009 1106//1087 4707//4680
f 1288//1268 2150//2109 3478//3420
f 4775//4756 1015//1000 3471//3413
f 632//624 4070//4015 3247//3193
f 1322//1302 632//624 3247//3193
f 2380//2336 743//729 1237//1217
f 3723//3667 1860//1825 4055//4000
s 0
f 3103//2446 2812//2446 2811//2586
s 1
f 1543//1516 4116//4064 1541//1514
f 4026//3970 1831//1798 4690//4662
f 3936//3881 3548//3490 2179//2137
f 3728//3672 4030//2973 3729//3673
f 2092//2052 4855//4849 4591//4561
f 4122//4070 4088//4034 4089//4035
f 4122//4070 4089//4035 4304//4260
f 4913//4910 351//347 3437//3380
f 937//921 936//920 2778//2728
f 1916//1880 937//921 2778//2728
f 3052//3001 4317//4274 1863//1828
f 4753//4732 962//947 2572//2523
f 1321//1301 632//624 1322//1302
f 3354//3298 2991//2940 881//868
f 3189//3134 3911//3857 3910//3856
f 4421//4381 3189//3134 3910//3856
f 4945//4956 2804//2754 2898//2848
f 687//677 4945//4956 2898//2848
f 3977//3921 4715//4688 4737//4712
f 2015//1975 526//518 2016//1976
f 972//957 4362//4322 3605//3548
f 3428//3371 1658//1627 4221//4170
f 1730//1698 3428//3371 4221//4170
f 2424//2380 2426//2382 4940//4950
f 1515//1488 4983//5027 2314//2270
f 965//950 968//953 1423//1400
f 1283//1263 4684//4656 4719//4692
f 2382//2338 2384//2340 3721//3665
f 3652//3594 1774//1742 294//292
f 1433//1410 4530//4493 1166//1147
f 1165//1146 1433//1410 1166//1147
f 3266//3211 2439//2395 3267//3212
f 3508//3450 1459//1436 1590//1563
f 1001//986 1000//985 4943//4954
f 2129//2089 1634//1603 1633//1602
f 3732//3676 4431//4393 4893//4888
f 1508//1483 1510//1485 4984//5028
f 162//162 3875//3820 1453//1430
f 3058//3007 3377//3320 297//295
f 559//551 561//553 2911//2861
f 1506//1481 559//551 2911//2861
f 4747//4725 3266//3211 4711//4684
f 4455//4414 4619//4588 3694//3637
f 4481//4440 4483//4442 4184//4131
f 1360//1340 2255//2212 2257//2214
f 3222//3168 1871//1836 874//861
f 2951//2899 3659//3601 1649//1618
f 2951//2899 1649//1618 1651//1620
f 773//759 775//761 1102//1083
f 3993//3937 3077//3026 4923//4925
f 3643//3585 1114//1095 1113//1094
f 3643//3585 1113//1094 4063//4008
f 2028//1989 3014//2963 3518//3460
f 970//955 2854//2806 4500//4458
f 843//830 2617//2568 2102//2062
f 4177//4124 843//830 2102//2062
f 4005//3949 4249//4202 2934//2882
f 2656//2607 1137//1118 3414//3357
f 1768//1736 483//477 4864//4857
f 1768//1736 4864//4857 4985//5029
s 0
f 4508//4841 2506//4750 3213//4841
s 1
f 2736//2685 3306//3249 4413//4373
f 4000//3944 1426//1403 2172//2130
f 4000//3944 2172//2130 4709//4682
f 4252//4205 4182//4129 3865//3810
f 4817//4800 4951//4966 4195//4142
f 4890//4885 2637//2588 4904//4900
f 3338//3282 4890//4885 4904//4900
f 1585//1558 4279//4234 1586//1559
f 316//312 2707//2656 2220//2178
f 3287//3231 4891//4886 4360//4320
f 3287//3231 4360//4320 3646//3588
f 792//779 4980//5019 606//598
f 2466//2422 2467//2423 4890//4885
f 3032//2980 664//654 2648//2599
f 2907//2857 4155//4101 4856//4850
f 2786//2736 1152//1133 2784//2734
f 1773//1741 1579//1552 4134//4080
f 4275//4230 2564//2517 3788//3736
f 3359//3303 180//180 192//192
f 2433//2389 3229//3175 549//541
f 871//858 4571//4540 1944//1907
f 1751//1719 1754//1722 745//731
f 1560//1533 1850//1815 1852//1817
f 4276//4231 3787//3735 4456//4415
f 3368//3311 3145//3090 2540//2494
f 4968//5000 4819//4802 248//248
f 1710//1675 2909//2859 3023//2972
f 3615//3556 3358//3302 812//799
f 468//462 4511//4473 1485//1460
f 4490//4448 3173//3118 3972//3916
f 2846//2797 1021//1299 2633//2584
f 3563//3504 3014//2963 1367//1347
f 3997//3941 1535//1508 4805//4787
f 633//625 1218//1199 795//782
f 336//332 4441//4401 2896//2846
f 3576//3519 1738//1706 1365//1345
f 1546//1519 3310//3253 3313//3256
f 3361//3305 1546//1519 3313//3256
f 4664//4638 4036//3979 419//413
f 2206//2165 2478//2434 2070//2031
f 928//912 551//543 342//338
f 627//619 4663//4637 2292//2248
f 4133//4079 735//721 1742//1710
f 1578//1551 4589//4558 1579//1552
f 4309//4265 3318//3261 3317//3260
f 3990//3934 1250//1230 4421//4381
f 3990//3934 4421//4381 2556//2510
f 4983//5027 4557//4525 4558//4526
f 4983//5027 4558//4526 2314//2270
f 1043//1024 3994//3938 3264//3209
f 503//496 505//498 1946//1909
f 1721//1686 1720//1685 2071//2032
f 2329//2285 3820//3767 3261//1655
f 3311//3254 152//152 3312//3255
f 696//684 3428//3371 1730//1698
f 890//877 2928//2876 4134//4080
f 1313//1293 4969//5001 4966//4998
f 3343//3287 2976//2925 2975//2924
f 140//140 4971//5003 3425//3368
f 141//141 140//140 3425//3368
f 1310//1290 2560//2514 4313//4270
f 1311//1291 1310//1290 4313//4270
f 1787//1755 4739//4715 1788//1756
f 2789//2739 3683//3626 2162//2121
f 3203//3148 4559//4527 3204//3149
f 4839//4826 4841//4828 4769//4749
f 4768//4748 4839//4826 4769//4749
f 3432//3375 1348//1328 1349//1329
f 2442//2398 156//156 2053//2013
s 0
f 488//5030 3218//5030 961//5031
s 1
f 2150//2109 2149//2108 3386//3330
f 3417//3360 75//75 30//30
f 4466//4425 4642//4614 225//225
f 3153//3098 4175//4122 2270//2227
f 1002//987 2364//2320 2366//2322
f 1708//1672 1709//1674 3296//3239
f 3409//3352 4979//5016 4865//4858
f 542//534 544//536 3671//3614
f 2690//2639 2113//2073 1857//1822
f 2690//2639 1857//1822 1856//1821
f 4692//4665 3874//3819 3314//3257
f 1026//1009 4692//4665 3314//3257
f 293//291 2370//2326 421//415
f 4878//4870 4942//4953 2180//2138
f 3984//3928 304//302 3985//3929
f 3756//3701 4440//4400 3858//3804
f 1859//1824 2804//2754 3340//3284
f 1859//1824 3340//3284 3956//3900
f 3706//3650 2849//2800 4977//5010
f 619//611 2141//2100 514//506
f 1680//1646 1682//1648 4080//4025
f 4403//4365 1680//1646 4080//4025
f 4016//3959 4382//4343 3662//3604
f 286//284 4976//5009 287//285
f 4870//4862 4893//4888 1264//1244
f 3926//3871 4870//4862 1264//1244
f 4089//4035 2579//2530 2578//2529
f 1350//1330 2786//2736 4751//4730
f 287//285 4976//5009 4789//4770
f 820//807 3600//3543 2731//2680
f 3382//3023 620//612 2084//2044
f 1687//1653 3641//3583 1741//1709
f 4328//4285 4110//2940 4109//4058
f 1498//1473 4911//4908 4650//4621
f 3661//3603 544//536 2831//2781
f 777//763 3585//3528 1697//1661
f 3625//3567 3714//3658 4539//4503
f 1842//1807 4086//4032 3484//3426
f 2202//2161 3247//3193 4174//4121
f 725//711 3974//3918 2098//2058
f 3248//3194 4//4 48//48
f 3969//3913 528//520 4973//5005
f 3381//3325 2740//2690 4606//4576
f 4924//4926 3381//3325 4606//4576
f 1906//1870 680//670 4932//4939
f 2229//2187 1963//1926 2090//2050
f 1135//1116 2404//2360 1136//1117
f 2357//2313 1819//1787 1813//1781
f 1940//1903 514//506 2141//2100
f 3137//3082 4104//4050 3120//3066
f 1258//1238 4184//4131 4183//4130
f 1679//1645 1678//1644 2543//2497
f 483//477 4771//4752 4864//4857
f 1027//1010 4009//3952 4008//3951
f 1717//1682 3870//3815 4501//4459
f 4961//4990 1900//1864 3758//3703
f 3150//3095 3149//3094 1405//1384
f 3150//3095 1405//1384 1899//1863
f 1181//959 3719//3882 311//307
f 4234//4185 3690//3633 4325//4282
f 2676//2625 2515//2469 3934//3879
f 4816//4799 4710//4683 58//58
f 3653//3595 4489//4447 4653//4626
f 3679//3622 3653//3595 4653//4626
f 3164//3109 481//475 1767//1735
f 1784//1752 4314//4271 3981//3925
f 2548//2502 577//569 4778//4759
f 4768//4748 2434//2390 2433//2389
f 3789//2044 4905//4901 3225//3171
f 2298//2254 1940//1903 3554//3496
f 3988//3932 3005//2954 780//766
f 4986//5032 408//402 3973//3917
f 4986//5032 3973//3917 347//343
s 0
f 1983//4273 2140//4273 3274//4273
s 1
f 1137//1118 1138//1119 3414//3357
f 4182//4129 2192//2151 3865//3810
f 667//657 743//729 668//658
f 2182//2140 2181//2139 4118//4066
f 3767//3712 3499//3441 1616//1587
f 2545//2499 3534//3476 2546//2500
f 3808//3755 2473//2429 3940//3886
f 3062//3011 4987//5033 4933//4940
f 4804//4785 3062//3011 4933//4940
s 0
f 4901//5034 3385//5034 1610//5034
s 1
f 4895//4890 4151//4097 3597//3540
f 4895//4890 3597//3540 4896//4891
f 941//925 767//753 4793//3401
f 2302//2258 2301//2257 3305//3248
f 183//183 2687//2636 4212//4161
f 181//181 183//183 4212//4161
f 2968//2917 4207//4156 4881//4875
f 4435//4396 2877//2827 2122//2082
f 1535//1508 2625//2576 4148//4094
f 3901//3847 4183//4130 3902//3848
f 2957//2906 2100//2060 2720//2668
f 4871//4863 2023//1984 3241//3187
f 4213//4162 2446//2402 4214//4163
f 2584//2535 4462//4421 2585//2536
f 4159//4105 289//287 4515//4477
f 4744//4722 686//676 685//675
f 3498//3440 1617//1588 3499//3441
s 0
f 1408//4930 2673//2796 2672//4930
s 1
f 4260//4213 3545//3487 3544//3486
f 4260//4213 3544//3486 1964//1927
f 3318//3261 997//982 3319//3262
f 1116//1097 270//268 3531//3473
f 449//443 4572//4541 450//444
f 3351//3295 2243//2201 2096//2056
f 401//395 3351//3295 2096//2056
f 4893//4888 2694//2643 1265//1245
f 1264//1244 4893//4888 1265//1245
f 797//784 3046//2995 2941//2889
f 1445//1422 3475//3417 1981//1944
f 2514//2468 4686//4658 4357//4316
f 1128//1109 2148//2107 1129//1110
f 2188//2147 2313//2269 603//595
f 3553//3495 2188//2147 603//595
f 1618//1589 856//843 2190//2149
f 4947//4960 2857//2809 4418//4378
f 4947//4960 4418//4378 685//675
f 2372//2328 2054//2014 1918//1882
f 4215//4164 2612//2563 2611//2562
f 4920//4922 1686//1652 1685//1651
f 912//897 4756//4736 3611//1747
f 1926//1890 4332//4289 1173//1154
f 3973//3917 410//404 3017//2966
f 4156//4102 3673//3616 1987//1950
f 2125//2085 4801//4782 4908//4903
f 181//181 4212//4161 1164//1145
f 2073//2034 3370//3313 3043//2992
f 1982//1945 2139//2098 1983//1946
f 483//477 482//476 4771//4752
f 3315//3258 3669//3612 496//489
f 291//289 2680//2629 2225//2183
f 2745//2695 1090//1071 1500//1475
f 2997//2946 2998//2947 4925//4927
f 3050//2999 2997//2946 4925//4927
f 1520//1493 4954//4972 1764//1732
f 3316//3259 1520//1493 1764//1732
f 4509//4469 4750//4729 3618//3559
f 2166//2125 3367//3310 3368//3311
f 2166//2125 3368//3311 2167//2126
f 3720//3664 1508//1483 3998//3942
f 3826//3773 3827//3774 437//431
f 334//330 4884//4879 2909//2859
f 2076//2036 4579//4548 1772//1740
f 1502//1477 4568//4537 1588//1561
f 3197//3142 3982//3926 4579//4548
f 3146//3091 3406//3349 4388//4349
f 746//732 661//651 4422//4382
f 746//732 4422//4382 747//733
f 2440//2396 1199//1179 2441//2397
f 4860//4853 2553//2507 2552//2506
f 3874//3819 4582//4551 2686//2635
f 3874//3819 2686//2635 4329//4286
f 4828//4814 4450//4410 3712//3656
f 2902//2852 2901//2851 2155//2114
f 3512//3454 3463//3406 3466//3409
f 2215//2173 928//912 359//355
f 3359//3303 1803//1771 3769//3714
f 3359//3303 3769//3714 178//178
f 1334//1314 1336//1316 2326//2282
f 1378//1357 4988//5035 4798//4778
f 535//527 4610//4580 4989//5036
f 3543//3485 2467//2423 1965//1928
f 3913//4786 3949//4221 3180//4750
f 3933//3878 1596//1569 1598//1571
f 2632//2583 3134//3079 571//563
f 4615//4584 2886//2836 4843//4830
f 3730//3674 4306//4262 4426//4387
f 2259//2216 240//240 3509//3451
f 2664//2615 2613//2564 3830//3777
f 4416//4376 4738//4713 1178//1159
f 1183//1163 4781//4762 4780//4761
f 3595//3538 1028//279 1351//1331
f 1809//1777 3403//3346 4435//4396
f 4831//4816 3970//3914 1124//1105
s 0
f 2870//4188 3390//4188 1934//4188
s 1
f 4499//4457 1812//1780 1217//1198
f 4514//4476 4499//4457 1217//1198
f 4468//4427 2738//2688 2740//2690
f 4468//4427 2740//2690 679//669
f 4534//4497 3422//3365 4701//4673
f 3325//3268 4534//4497 4701//4673
f 2748//2698 4130//4078 2356//2312
f 4516//4478 4727//4701 1818//1786
f 4129//4077 4516//4478 1818//1786
f 552//544 3774//3719 4815//4798
f 2531//2485 3251//3197 1908//1872
f 199//199 4791//4772 3209//3154
f 2739//2689 4925//4927 2740//2690
f 3918//3863 3756//3701 1760//1728
f 3037//2986 1938//1901 4549//4513
f 2824//2774 2823//2773 3039//2988
f 3763//3708 835//822 837//824
f 1650//1619 547//539 301//299
f 2856//2808 399//393 2535//2489
f 1946//1909 1606//1579 2397//2353
f 1542//1515 1946//1909 2397//2353
f 2113//2073 3538//3480 1857//1822
f 1744//1712 24//24 32//32
f 729//715 1744//1712 32//32
f 1590//1563 996//981 1591//1564
f 2085//2045 3074//3023 3262//3207
f 3919//3864 1760//1728 4269//4224
s 0
f 1512//5037 4132//5037 2005//5037
s 1
f 1877//1843 1504//1479 4002//3946
f 3185//3130 319//315 4875//4867
f 4200//4147 4762//4742 3457//3400
f 4293//4249 2435//2391 2434//2390
f 2428//2384 1492//1467 4164//4110
f 431//425 4955//4974 4276//4231
f 4604//4574 2980//2929 358//354
f 1584//1557 508//501 1582//1555
f 2993//2942 3468//3411 2958//2907
f 3008//2957 4316//4273 2753//2703
f 382//378 2811//2761 4298//4254
s 0
f 3364//3308 398//3308 4154//3308
s 1
f 1039//1020 696//684 698//686
f 2144//2103 68//68 73//73
f 2144//2103 73//73 2145//2104
f 3699//3643 3700//3644 2590//2540
f 3837//3784 3339//3283 4273//4228
f 3249//3195 3987//3931 586//578
f 1847//1812 2586//2537 2588//2539
f 4797//4777 1375//1354 2452//2408
f 4935//4944 526//518 2015//1975
f 2827//2777 3647//3589 2790//2740
f 1691//5038 1690//4634 2918//3607
f 3431//3374 4405//4367 4326//4283
f 4817//4800 4816//4799 57//57
f 4817//4800 57//57 18//18
f 4339//4297 682//672 681//671
f 4775//4756 3471//3413 3851//3797
f 3658//3600 3657//3599 4897//4892
f 2875//2825 380//376 2142//2101
f 3298//3241 3497//3439 3863//3808
f 1385//1364 1387//1366 1725//1690
f 3215//3160 3907//3853 4475//4434
f 2729//2678 1901//1865 2881//2831
f 4779//4760 1872//1837 1874//1839
f 4453//4413 4919//4921 3612//3553
f 2942//2890 3987//3931 2571//2522
f 2296//2252 4687//4659 991//976
s 0
f 1935//4181 781//4045 693//1581
s 1
f 1206//1186 3618//3559 316//312
f 4515//4477 289//287 977//962
f 3501//3443 3182//3127 4872//4864
f 4464//4423 2696//2645 4045//3989
f 3463//3406 2652//2603 3464//3407
f 3326//3270 3664//3606 4949//4963
f 1381//1360 2279//2236 1382//1361
f 266//264 3424//3367 3658//3600
f 3858//3804 1839//1804 4848//4839
f 1501//1476 3565//3506 3982//3926
f 3512//3454 3466//3409 4852//4845
f 1496//1471 4090//4036 920//904
f 1496//1471 920//904 1497//1472
f 249//249 4013//3956 4878//4870
f 4519//4481 4553//4517 4520//4482
f 2339//2295 2341//2297 4190//4137
s 0
f 309//4182 1933//4181 3115//4181
s 1
f 349//345 351//347 4913//4910
f 3760//3705 3759//3704 756//742
f 3760//3705 756//742 4087//4033
s 0
f 498//1056 3633//1056 4095//1057
s 1
f 3541//3483 2846//2797 1413//1390
s 0
f 4439//4085 4231//5039 4230//5039
s 1
f 3520//3462 4327//4284 3521//3463
f 1630//1599 3476//3418 3477//3419
f 4526//4489 180//180 179//179
f 3941//3887 2949//2897 3942//3888
f 1696//1660 4204//4151 4227//4177
f 1696//1660 4227//4177 4902//4897
f 1299//1279 4611//4581 4238//4191
f 274//272 2961//2910 275//273
f 2577//2528 840//827 644//636
f 2577//2528 644//636 680//670
f 944//928 1593//1566 4819//4802
f 2487//2443 3721//3665 3800//3747
f 2784//2734 3722//3666 981//966
f 2407//2363 2706//2655 4036//3979
f 2407//2363 4036//3979 4664//4638
f 2600//2551 3057//3006 4532//4495
f 3807//3754 4162//4108 3877//3822
f 3903//3849 3902//3848 3550//3492
f 4053//3998 2629//2580 3937//3883
f 219//219 2349//2305 2348//2304
f 4869//4861 2309//2265 622//614
f 264//262 3221//3167 3989//3933
f 3174//3119 4528//4491 1982//1945
f 3223//3169 3222//3168 517//509
f 4094//4040 3371//3314 4990//5040
f 2463//2419 4747//4725 4711//4684
f 239//239 4143//4089 2921//2869
f 2764//2714 4272//4227 2765//2715
f 3740//3684 972//957 3605//3548
f 448//442 2971//2920 2171//2129
f 1405//1384 1404//1383 4395//4356
f 2652//2603 4074//4019 3464//3407
f 1705//1669 3296//3239 1706//1670
f 3490//3432 674//664 676//666
f 1876//1842 4529//4492 1877//1843
f 2068//2029 2924//2872 4491//5041
f 2386//2342 2388//2344 3006//2955
f 2049//2010 1291//1271 353//349
f 940//924 3039//2988 2823//2773
f 219//219 2348//2304 220//220
f 1043//1024 2891//2841 3994//3938
f 3711//3655 326//322 328//324
f 3120//3066 4104//4050 3265//3210
f 2128//2088 3095//3044 1244//1224
f 3444//3387 4720//4693 2481//2437
f 3297//3240 1205//1185 4616//4585
s 0
f 4408//4696 4523//4610 4409//2603
s 1
f 4722//4695 2088//2048 4350//4310
f 4722//4695 4350//4310 4349//4309
f 3769//3714 533//525 4989//5036
f 1753//1721 4871//4863 1754//1722
f 2675//2624 2515//2469 2676//2625
f 2929//2877 2930//2878 1830//1797
f 1977//1940 2044//2005 3691//3634
f 763//749 1697//1661 3927//3872
f 2264//2221 1713//1678 4173//4120
f 1714//1679 3195//3140 3469//3412
f 1598//1571 425//419 3754//3699
f 1945//1908 2676//2625 3705//3649
f 2883//2833 1469//1446 2842//2791
f 4623//4593 1580//1553 1287//1267
f 1922//1886 3826//3773 117//117
f 1922//1886 117//117 118//118
f 1974//1937 1973//1936 1024//1007
f 302//300 3795//3742 303//301
f 1791//1759 3954//3898 3352//3296
f 1376//1355 3400//3343 2963//2912
f 758//744 4287//4242 3976//3920
f 4951//4966 4194//4141 4195//4142
f 168//168 1718//1683 2455//2411
f 168//168 2455//2411 1777//1745
f 1282//1262 3684//3627 2597//2548
f 4031//3974 4950//4965 148//148
f 4031//3974 148//148 4032//3975
f 4470//4429 4060//4005 3281//3226
f 4552//4516 1710//1675 3023//2972
f 2260//2217 2098//2058 1177//1158
f 4980//5019 4991//5042 607//599
f 4172//4119 3927//3872 2264//2221
f 459//453 2491//2762 2490//3733
f 4512//4474 4349//4309 4411//4371
f 3547//3489 1766//1734 3385//4932
f 3676//3619 2860//2812 2799//2749
f 4919//4921 478//472 480//474
f 3640//3582 3639//3581 1645//1614
s 0
f 2506//3125 4830//3125 2914//3125
s 1
f 2932//2880 4612//4582 4852//4845
f 3998//3942 3435//3378 4786//4767
f 2693//2642 2893//2843 1271//1251
f 1429//1406 2666//2617 1430//1407
f 3930//3875 4760//4740 2517//2471
f 4815//4798 4502//4460 4992//5043
f 327//323 3211//3156 3630//3572
f 1715//1680 1717//1682 1130//1111
f 3625//3567 3016//2965 3714//3658
f 4023//3966 3355//3299 3701//3645
f 3176//3121 3965//3909 3177//3122
f 3822//3769 4935//4944 2015//1975
f 4119//4067 1034//1015 4181//4128
f 3007//2956 4315//4272 3008//2957
f 3692//3635 2044//2005 3519//3461
f 1011//996 4371//4331 2994//2943
f 371//367 4234//4185 372//368
f 4308//4264 4556//4522 4993//5044
f 470//464 4492//4450 3049//2998
f 471//465 470//464 3049//2998
f 2696//2645 2697//2646 4045//3989
f 1170//1151 1169//1150 2131//2091
f 1718//1683 2453//2409 2455//2411
f 3906//3852 2283//2240 4379//4340
f 3121//3067 3265//3210 1896//1860
f 3118//3064 3185//3130 4875//4867
f 1209//1189 4682//4655 4297//4253
f 3980//3924 4994//5045 3981//3925
f 3199//3144 4703//4676 4058//4003
f 2031//1992 2030//1991 4592//4562
f 3951//3896 2031//1992 4592//4562
f 4756//4736 3434//3377 3040//2989
f 3100//3049 2413//2369 4542//4506
f 583//575 772//758 584//576
f 4188//4135 110//110 3887//3833
f 1303//1283 2490//3733 4125//4073
f 836//823 2556//2510 2558//2512
f 3427//3370 3124//3070 3428//3371
f 2127//2087 2129//2089 3423//3366
f 3637//3579 4527//4490 3635//3577
f 2163//2122 3317//3260 2164//2123
f 2793//2743 2792//2742 485//479
s 0
f 4674//5046 2592//5046 487//5046
s 1
f 3076//3025 247//247 3566//3507
f 2543//2497 1482//2146 2544//2498
f 3933//3878 323//319 469//463
f 354//350 2647//2598 320//316
f 354//350 320//316 3503//3445
f 592//584 4416//4376 1178//1159
f 2571//2522 3987//3931 3249//3195
f 4668//4642 4990//5040 4373//4334
f 1189//1169 3928//3873 1190//1170
f 3909//3855 4407//4369 2432//2388
f 3723//3667 3725//3669 1860//1825
f 1860//1825 2981//2930 4960//4989
f 4055//4000 1860//1825 4960//4989
f 2554//2508 1311//1291 1892//1856
f 838//825 2135//2095 3490//3432
f 3819//3766 3805//3752 3804//3751
f 1438//1415 4254//4206 1849//1814
s 0
f 3790//4873 3218//4873 488//4873
s 1
f 1992//1955 2395//2351 2396//2352
f 1992//1955 2396//2352 3735//3679
f 3806//3753 4077//4022 1752//1720
f 4387//4348 3601//3544 3867//3812
f 4847//4838 2927//2875 2928//2876
s 0
f 4917//1852 657//1852 4724//1852
s 1
f 300//298 1149//1130 4820//4803
f 747//733 2563//2516 594//586
f 3379//3322 3445//3388 1789//1757
f 253//5047 2568//2221 2567//2519
f 4076//4021 35//35 27//27
f 280//278 282//280 1029//332
f 3727//3671 4390//4351 3664//3606
f 1702//1666 1370//1350 1678//1644
f 2794//2744 4948//4962 2461//2417
f 2719//2667 2718//2666 4254//4206
f 2562//2515 4110//2940 4328//4285
f 3148//3093 3443//3386 1868//1833
f 4341//4299 2086//2046 4915//4913
s 0
f 4230//4182 308//4182 310//4182
s 1
f 331//327 4317//4274 3052//3001
f 3010//2959 471//465 1749//1717
f 2807//2757 2205//2164 2069//2030
s 0
f 4859//5048 1826//5048 4906//2264
s 1
f 3247//3193 4072//4017 4174//4121
f 4395//4356 537//529 536//528
f 838//825 4334//4291 2135//2095
f 2958//2907 3468//3411 3577//3520
f 965//950 1423//1400 2013//1973
f 2565//1271 2538//2492 2566//2518
f 333//329 1748//1716 4884//4879
f 4759//4739 1648//1617 1647//1616
f 2615//2566 2155//2114 2154//2113
f 2105//2065 4862//4855 2987//2936
f 2620//2571 2958//2907 2621//2572
f 518//510 2401//2357 4831//4816
f 3600//3543 4974//5006 1073//1054
f 4445//4405 2175//2133 392//388
f 1722//1687 2900//2850 3513//3455
f 3703//3647 1346//1326 1675//1641
s 0
f 1890//3700 3755//3700 4223//3700
s 1
f 663//653 3243//3189 2669//2620
f 2810//2760 2151//2110 2961//2910
f 3668//3611 2238//2196 4670//4644
f 3917//3862 3919//3864 2345//2301
f 3506//3448 4220//4169 1140//1121
f 4188//4135 99//99 110//110
f 657//4610 1624//4610 1623//2603
f 4241//4194 3822//3769 2017//1977
f 4241//4194 2017//1977 3035//2984
f 684//674 4947//4960 685//675
f 4659//4633 2582//2533 2574//2525
f 3881//3827 2450//2406 1449//1426
f 3053//3002 4236//4187 4627//4597
s 0
f 1672//769 1671//769 1836//769
f 1212//5049 3861//5049 1689//5049
s 1
f 2171//2129 2972//2921 2172//2130
f 2877//2827 2123//2083 2122//2082
f 1032//1013 3770//3715 3156//3101
f 4692//4665 4582//4551 3874//3819
f 1473//1450 4732//4706 4342//4300
f 1473//1450 4342//4300 1474//1451
f 3962//3906 1540//1513 2479//2435
f 3400//3343 3864//3809 1493//1468
f 3400//3343 1493//1468 2964//2913
f 1834//1801 2447//2403 4652//4624
f 2903//2853 4995//5050 4996//5051
f 2903//2853 4996//5051 2904//2854
f 2634//2585 689//679 4340//4298
f 3007//2956 3009//2958 3441//3348
f 4068//4013 3903//3849 4069//4014
f 3505//3447 4568//4537 1502//1477
f 3224//3170 888//875 625//617
f 4134//4080 1579//1552 955//939
f 4873//4865 2375//2331 2442//2398
f 4824//4810 4200//4147 4657//4630
f 2520//2474 790//777 792//779
f 2245//2203 2130//2090 2246//2204
f 964//949 3046//2995 797//784
f 4027//3971 2219//2177 3335//3279
s 0
f 656//4610 1624//4610 657//4610
s 1
f 662//652 3241//3187 3243//3189
f 4250//4203 2691//2640 4237//4190
f 3246//3192 2732//2681 4387//4348
f 2943//2891 4426//4387 2944//2892
f 4149//4095 959//943 3132//3077
f 2159//2118 2670//2621 2671//2622
f 3254//3200 4466//4425 4465//4424
f 4997//5052 969//954 4858//4852
f 3546//3488 3488//3430 826//813
f 1080//1061 1115//1096 1117//1098
f 4180//4127 2258//2215 3445//3388
f 4927//4929 1395//1374 3038//2987
f 3167//3112 4927//4929 3038//2987
f 3814//3761 3813//3760 3403//3346
f 1040//1021 1039//1020 1456//1433
f 1040//1021 1456//1433 4192//4139
f 856//843 557//549 558//550
f 2459//2415 4229//4179 3915//3860
f 157//157 3093//3042 155//155
f 202//202 204//204 1209//1189
f 202//202 1209//1189 4224//4174
f 2091//2051 2466//2422 4890//4885
f 3482//3424 3190//3135 4363//4323
f 3630//3572 2326//2282 4671//4645
f 3978//3922 4975//5008 1249//1229
f 2197//2156 2278//2235 4088//4034
f 1343//1323 1342//1322 2955//2904
f 2930//2878 3237//3183 1388//1367
f 4192//4139 1853//1818 2683//2632
f 2928//2876 1773//1741 4134//4080
f 3472//3414 4808//4790 2766//2716
f 4456//4415 4956//4976 2627//2578
f 120//120 4456//4415 2627//2578
f 1530//1503 1086//1067 1089//1070
f 4062//4007 1615//1586 1617//1588
f 4891//4886 723//709 4360//4320
f 4696//4668 538//530 4217//4166
f 4696//4668 4217//4166 4607//4577
f 4992//5043 4502//4460 4503//4461
f 4992//5043 4503//4461 1424//1401
f 4683//3383 2665//2616 2491//2762
f 2294//2250 4005//3949 2933//2881
f 1932//1896 3087//3036 3393//3336
f 4346//4306 4789//4770 4347//4307
f 1022//1005 1550//1523 2796//2746
s 0
f 3250//5053 3508//5053 3773//5053
s 1
f 4382//4343 1114//1095 3662//3604
f 4566//4534 2744//2694 2746//2696
f 983//968 2952//2900 1880//1846
f 2646//2597 4318//4275 4225//4175
f 842//829 172//172 4795//4775
f 3485//3427 4862//4855 3486//3428
f 2763//2713 2445//2401 2764//2714
f 4281//4236 3485//3427 3487//3429
f 4722//4695 3762//3707 2088//2048
f 4416//4376 3452//3395 4738//4713
f 1000//985 1002//987 2108//2068
f 3643//3585 4063//4008 1617//1588
f 2610//2561 4248//4201 1704//1668
f 2059//2019 2061//2021 4291//4247
f 4972//5004 4963//4994 953//937
f 4443//4403 4344//4302 4693//3745
f 1294//1274 1293//1273 3962//3906
f 3220//3166 1140//1121 1139//1120
f 638//630 606//598 608//600
f 3740//3684 3605//3548 3604//3547
f 1183//1163 4780//4761 1184//1164
f 997//982 3450//3393 998//983
f 1629//1598 2922//2870 741//727
f 3410//3353 4867//3787 459//453
f 4994//5045 4414//4374 1393//1372
f 1056//1037 1898//1862 4781//4762
f 1183//1163 1056//1037 4781//4762
f 2440//2396 4165//4111 1199//1179
f 3616//3557 4524//4486 4402//4364
f 3649//3591 1948//1911 1947//1910
f 3595//3538 2301//2257 2303//2259
f 1095//1076 720//706 722//708
f 2173//2131 3344//3288 1674//1640
f 1646//1615 1648//1617 2803//2753
f 4208//4157 3783//3729 4090//4036
f 1339//1319 1338//1318 4918//4920
f 1177//1158 567//559 3493//3435
f 3879//3824 3878//3823 4728//4702
f 4769//4749 4841//4828 3580//3523
f 4023//3966 2834//2783 3355//3299
s 0
f 4187//5054 3757//5054 4406//5054
s 1
f 4570//4539 4163//4109 4788//4769
f 4227//4177 4595//4565 1467//1444
f 501//494 2966//2915 2938//2886
f 881//868 2991//2940 3127//796
f 4849//4840 2244//2202 3025//2974
f 4339//4297 4702//4675 682//672
f 447//441 852//839 1060//1041
f 2785//2735 983//968 1880//1846
f 350//346 1211//1191 692//682
f 2815//2765 3006//2955 2965//2914
f 2513//2467 1676//1642 4686//4658
f 3041//2990 1127//1108 4998//5055
f 4679//4652 3200//3145 3202//3147
f 4679//4652 3202//3147 4997//5052
f 4464//4423 2800//2750 3839//3786
f 4960//4989 2981//2930 2461//2417
f 4890//4885 2467//2423 2637//2588
s 0
f 3102//4610 1513//4610 4408//4610
s 1
f 4898//4893 4488//4446 3348//3292
f 4898//4893 3348//3292 4762//4742
f 4894//4889 4424//4385 1313//1293
f 3627//3569 3144//3089 4840//4827
f 1486//1461 3982//3926 3565//3506
f 2042//2003 1121//1102 2338//2294
f 2334//2290 2336//2292 3511//3453
f 1348//1328 3432//3375 1992//1955
f 2432//2388 910//895 329//325
f 2121//2081 1235//1215 4280//4235
f 3502//3444 98//98 97//97
f 4544//4508 3635//3577 1888//1854
f 4544//4508 1888//1854 4091//4037
f 2926//2874 2925//2873 4560//4528
s 0
f 976//5014 3750//5014 396//5014
s 1
f 2448//2404 3020//2969 2588//2539
f 3509//3451 4638//4608 1400//1379
f 637//629 639//631 813//800
f 3778//3723 1486//1461 1953//1916
f 2273//2230 2583//2534 4621//4591
f 1283//1263 3742//3686 2850//2801
f 3077//3026 3567//3508 3836//3783
f 735//721 2826//2776 736//722
f 4084//4030 2443//2399 4085//4031
f 4991//5042 4432//4394 607//599
f 3826//3773 4857//4851 117//117
f 2822//2772 2927//2875 4847//4838
f 4902//4897 1467//1444 2883//2833
f 4211//4160 4212//4161 2687//2636
f 4987//5033 4211//4160 2687//2636
f 4229//4179 509//502 4540//4504
f 3252//3198 2228//2186 2503//2458
f 3252//3198 2503//2458 3253//3199
f 645//637 2318//2274 4139//4084
f 645//637 4139//4084 3979//3923
f 4136//4714 2066//2027 1511//3324
f 3197//3142 1501//1476 3982//3926
f 2805//2755 4265//4218 2641//2592
f 2806//2756 2805//2755 2641//2592
f 1950//1913 4388//4349 1951//1914
f 1870//1835 4190//4137 1871//1836
f 3580//3523 564//556 3581//3524
f 3884//3830 879//866 705//693
f 1098//1079 1097//1078 3668//3611
f 2133//2093 521//513 2456//2412
f 2019//1979 1915//1879 3803//3750
f 2019//1979 3803//3750 2020//1980
f 1054//1035 4159//4105 4044//3988
f 3434//3377 4900//4895 4786//4767
f 3435//3378 3434//3377 4786//4767
f 4649//4620 1384//1363 2692//2641
f 4185//4132 1687//1653 1740//1708
f 3880//3826 4173//4120 3952//3897
f 3313//3256 3312//3255 3647//3589
f 3399//3342 1139//1120 4936//4945
f 2862//2814 4345//4303 2247//2205
f 1876//1842 1878//1844 4673//4143
f 4316//4273 4196//4143 4075//4020
f 4782//4763 4471//4430 4472//4431
f 2295//2251 2294//2250 2933//2881
f 570//562 761//747 1154//1135
f 812//799 3358//3302 194//194
f 3946//3892 1325//1305 589//581
f 3947//3893 3946//3892 589//581
f 4832//4817 954//938 956//940
f 1227//1208 129//129 1151//1132
s 0
f 1825//2795 4901//5056 1610//5057
f 833//5058 3036//5058 834//5058
s 1
f 1985//1948 918//444 1686//1652
f 2924//2872 3841//2028 3842//3788
f 2924//2872 3842//3788 4491//5041
f 3795//3742 2213//2172 778//764
f 4979//5016 3030//2801 4865//4858
f 4585//4554 2628//2579 3489//3431
f 4868//4860 4119//4067 4252//4205
f 3312//3255 152//152 4021//3964
f 2863//2815 1546//1519 3361//3305
f 1548//1521 1547//1520 2555//2509
f 1786//1754 1168//1149 1861//1826
f 4057//4002 3940//3886 2328//2284
f 3845//3791 1071//1052 1070//1051
f 4051//3996 3845//3791 1070//1051
f 1879//1845 457//451 2427//2383
f 872//859 1977//1940 3691//3634
f 408//402 410//404 3973//3917
f 3118//3064 4875//4867 2584//2535
f 3258//3204 3451//3394 3450//3393
f 564//556 2744//2694 3581//3524
f 2523//2477 4288//4243 2330//2286
f 3534//3476 2548//2502 4355//4314
f 3535//3477 3534//3476 4355//4314
f 1208//1188 3677//3620 2818//2768
f 4109//4058 4111//4059 4507//4466
f 4959//4986 1026//1009 1911//1875
f 700//688 4623//4593 3966//3910
f 3743//3687 621//613 623//615
f 3511//3453 3027//2976 4656//4629
f 3802//3749 3761//3706 587//579
s 0
f 3561//4293 2008//4293 3949//4293
s 1
f 2301//2257 2441//2397 3305//3248
f 2703//2652 3416//3359 30//30
f 2703//2652 30//30 66//66
f 2025//1986 4985//5029 3281//3226
f 3452//3395 214//214 4361//4321
s 0
f 398//2671 397//2671 4153//2671
s 1
f 4372//4333 2862//2814 2032//1993
f 4588//4557 4574//4543 4982//5024
f 4588//4557 4982//5024 3893//3839
f 2379//2335 2550//2504 4467//4426
f 972//957 973//958 4362//4322
f 4905//4901 2152//2111 3225//3171
f 1495//1470 1494//1469 3378//3321
f 2029//1990 2363//2319 2030//1991
f 163//163 1023//1006 641//633
f 4410//4370 4109//4058 3130//3075
f 4308//4264 4993//5044 610//602
f 4988//5035 3797//3744 4999//5059
f 4801//4782 4084//4030 3233//3179
f 2447//2403 1326//1306 1328//1308
s 0
f 312//5060 834//5061 3036//2986
s 1
f 3587//3530 3392//3335 3588//3531
f 2164//2123 3319//3262 4750//4729
f 2164//2123 4750//4729 4509//4469
f 2104//2064 2106//2066 1978//1941
f 533//525 1802//1770 534//526
f 84//84 89//89 3888//3834
f 84//84 3888//3834 3780//3726
f 1237//1217 667//657 3182//3127
f 1592//1565 3405//3348 3610//3552
f 1439//1416 1844//1809 965//950
f 1034//1015 677//667 3381//3325
f 4911//4908 922//906 4901//4896
f 4911//4908 4901//4896 3749//3694
f 1255//1235 3526//3468 889//876
f 1255//1235 889//876 403//397
f 3849//3795 3850//3796 1528//1501
f 3087//3036 3849//3795 1528//1501
f 3991//3935 2829//2779 252//4899
f 1576//1549 1575//1548 2468//2424
f 2217//2175 1576//1549 796//783
f 2125//2085 1279//1259 4801//4782
f 93//93 1472//1449 1601//1574
f 228//228 93//93 1601//1574
f 4548//4512 3715//3659 4303//4259
f 2959//2908 3577//3520 2880//2830
f 4718//4691 792//779 606//598
f 866//853 865//852 1547//1520
f 3034//2983 4967//4999 1530//1503
f 919//903 1985//1948 4756//4736
f 3095//3044 3044//2993 1196//1176
f 3166//3111 3374//3317 1470//1447
f 3166//3111 1470//1447 4706//4679
f 450//444 2985//2934 379//375
f 2666//2617 789//776 1430//1407
f 1312//1292 4894//4889 1313//1293
f 3774//3719 4447//4407 4446//4406
f 4815//4798 3774//3719 4446//4406
f 1094//1075 4673//4143 616//608
f 4840//4827 3144//3089 2867//2819
f 3185//3130 3436//3379 317//313
f 3121//3067 1896//1860 2470//2426
f 4687//4659 1636//1605 3481//3423
f 3831//3778 3832//3779 4850//4842
f 1976//1939 1499//1474 1342//1322
f 4929//4933 1652//1621 4092//4038
f 4929//4933 4092//4038 1631//1600
f 2454//2410 3886//3832 2415//2371
f 4223//4172 4660//3825 3354//3298
f 4862//4855 4861//4854 4818//4801
f 3265//3210 3264//3209 3426//3369
f 1572//1545 1942//1905 1573//1546
f 2495//2450 2551//2505 1458//1435
f 2447//2403 3309//3252 2448//2404
f 1699//1663 1698//1662 4497//4455
f 3145//3090 3407//3350 3406//3349
f 3146//3091 3145//3090 3406//3349
f 1919//1883 1663//4536 1093//1074
f 4986//5032 347//343 346//342
f 2112//2072 4986//5032 346//342
f 3510//3452 3208//3153 1958//1921
f 4042//3986 4270//4225 4527//4490
f 208//208 210//210 257//255
f 3500//3442 3181//3126 3182//3127
f 4876//4868 3449//3392 2177//2135
f 1886//1852 599//591 601//593
s 0
f 1612//5062 2065//5062 4487//5062
f 655//571 1076//571 656//571
s 1
f 1519//1492 4954//4972 1520//1493
f 719//705 2485//2441 2950//2898
f 2677//2626 3628//3570 858//845
f 1972//1935 2815//2765 2965//2914
f 3686//3629 4575//4544 3542//3484
f 3889//3835 1434//1411 1436//1413
f 3928//3873 4123//4071 1780//1748
f 3535//3477 4354//4313 4480//4439
f 2619//2570 1419//1396 1421//1398
f 4208//4157 3781//3727 3783//3729
f 4024//3967 873//860 3692//3635
f 3601//3544 21//21 1505//1480
f 259//257 3627//3569 3628//3570
f 2303//2259 2302//2258 3524//3466
s 0
f 1408//4930 2672//4930 4851//4930
s 1
f 3117//3063 2902//2852 3021//2970
f 4404//4366 3826//3773 3078//3027
s 0
f 1837//5063 1012//5063 2839//5063
s 1
f 2260//2217 1177//1158 2734//2683
f 3627//3569 4839//4826 548//540
f 3131//3076 4507//4466 4506//4465
f 4111//4059 1537//1510 1540//1513
f 4111//4059 1540//1513 4029//3973
f 1833//1800 1326//1306 2447//2403
f 2083//2043 4086//4032 1842//1807
f 1692//1656 1694//1658 760//746
f 4711//4684 3266//3211 3473//3415
f 465//459 2540//2494 2541//2495
s 0
f 2674//3776 1999//3776 2672//3776
s 1
f 631//623 2659//2610 4602//4572
f 4280//4235 1235//1215 3181//3126
f 1055//1036 4393//4354 1403//1382
f 2045//2006 1301//1281 4748//4727
f 2200//2159 4705//4678 1104//1085
f 4464//4423 2798//2748 2800//2750
f 2243//2201 4937//4946 4121//4069
f 1979//1942 4433//4395 3494//3436
f 4956//4976 3789//2044 1668//1635
f 1409//1486 4735//1486 1020//3050
f 2325//2281 2055//2015 3495//3437
f 4054//3999 2247//2205 4345//4303
s 0
f 2845//5064 1180//5064 1889//5064
s 1
f 430//424 1124//1105 4955//4974
f 4238//4191 4578//4547 4239//4192
f 820//807 2754//2704 4916//4915
f 3001//2950 3328//3272 4323//4280
f 4343//4301 4157//4103 1831//1798
f 3158//3103 3157//3102 1384//1363
f 3404//3347 4346//4306 3108//3055
f 4120//4068 2787//2737 1465//1442
f 3950//3895 3340//3284 3341//3285
s 0
f 2873//4938 309//4938 3115//4938
s 1
f 4853//4846 3343//3287 3342//3286
f 4994//5045 3980//3924 4414//4374
f 4840//4827 2867//2819 4841//4828
f 1566//1539 1568//1541 3897//3843
f 3943//3889 1566//1539 3897//3843
f 4057//4002 2328//2284 2327//2283
f 4584//4553 4057//4002 2327//2283
f 3160//3105 4341//4299 4915//4913
f 2214//1959 1995//1958 905//890
f 4946//4957 4152//4098 1464//1441
s 0
f 1010//3927 4467//3927 1011//3927
s 1
f 4239//4192 2688//2637 4725//4697
f 4886//4881 4239//4192 4725//4697
f 4856//4850 1987//1950 1989//1952
f 3215//3160 428//422 3907//3853
f 3951//3896 4592//4562 938//922
f 1915//1879 3951//3896 938//922
f 594//586 4846//4836 2712//2661
f 594//586 2712//2661 4598//4568
f 92//92 94//94 228//228
f 92//92 228//228 229//229
f 332//328 4643//4615 3010//2959
f 4339//4297 681//671 921//905
f 4004//3948 3564//3505 4521//4483
f 4004//3948 4521//4483 4005//3949
f 4900//4895 4920//4922 3632//3574
s 0
f 781//767 694//767 693//767
s 1
f 2723//2673 3410//3353 458//452
f 750//736 4641//4613 4921//4923
f 2948//2896 4745//4723 1071//1052
f 3845//3791 2948//2896 1071//1052
f 867//854 4160//4106 4159//4105
f 4713//4686 4744//4722 4417//4377
f 2422//2378 4713//4686 4417//4377
f 4143//4089 4669//4643 4144//4090
f 4594//4564 3398//3341 3399//3342
f 1018//1003 4469//4428 3044//2993
f 2990//2939 1018//1003 3044//2993
f 3961//3905 3484//3426 3106//3053
f 4665//4639 1534//1507 3153//3098
f 4599//4569 4509//4469 4028//3972
f 4958//4984 589//581 529//521
f 3955//3899 4179//4126 2035//1996
f 2755//2705 3068//3017 2756//2706
f 3809//3756 4808//4790 3958//3902
f 3004//2953 3947//3893 4958//4984
f 341//337 1291//1271 2048//2009
f 1874//1839 3365//5065 3364//4246
f 1406//1385 2034//1995 446//440
f 2988//2937 4281//4236 4022//3965
f 1854//1819 4326//4283 4170//4117
f 2661//2612 672//662 2662//2613
f 4277//4232 4799//4779 4146//4092
f 2858//2810 4188//4135 2320//2276
f 2894//2844 1091//1072 1090//1071
f 3672//3615 3671//3614 3661//3603
f 3660//3602 3672//3615 3661//3603
f 2901//2851 1428//1405 2155//2114
f 826//813 1980//1943 364//360
f 2900//2850 1100//1081 3513//3455
f 3379//3322 4180//4127 3445//3388
f 2287//2823 2872//2823 900//2823
f 1265//1245 2695//2644 914//899
f 871//858 1943//1906 3198//3143
f 400//394 3350//3294 401//395
f 4997//5052 4858//4852 4734//4708
f 3959//3903 4997//5052 4734//4708
f 317//313 1037//1018 318//314
f 4659//4633 3142//3087 2582//2533
f 4914//4988 4199//5066 4618//4587
f 2551//2505 4914//4988 4618//4587
f 2538//2492 2957//2906 2566//2518
f 2529//2483 2528//2482 3660//3602
f 2529//2483 3660//3602 2383//2339
f 3193//3138 3711//3655 3194//3139
f 4365//4325 4094//4040 4667//4641
f 440//434 442//436 2666//2617
f 3909//3855 4045//3989 4407//4369
s 0
f 4899//5067 2845//5067 2494//5067
s 1
f 4754//4733 3119//3065 3796//3743
f 2158//2117 4754//4733 3796//3743
f 3977//3921 3978//3922 4715//4688
f 420//414 3652//3594 294//292
f 3695//3639 1642//1611 4493//4451
f 1267//1247 829//816 1268//1248
f 1821//1789 3139//3084 3141//3086
f 3524//3466 2302//2258 3263//3208
f 2199//2158 370//996 2200//2159
f 1036//1017 412//406 411//405
s 0
f 2915//482 4938//482 4187//482
s 1
f 4549//4513 1277//1257 2124//2084
f 4127//4075 1330//1310 4983//5027
f 4127//4075 4983//5027 1515//1488
f 2849//2800 4755//4734 4977//5010
f 3788//3736 4905//4901 3789//2044
f 571//563 3748//3692 1923//1887
f 3502//3444 571//563 1923//1887
f 4923//4925 3077//3026 4048//3993
f 186//186 2973//2922 227//227
f 3004//2953 4958//4984 3073//3022
f 2282//2239 4378//4339 2283//2240
f 5000//5068 4992//5043 1424//1401
f 5000//5068 1424//1401 1427//1404
s 0
f 900//887 3115//887 3116//887
s 1
f 1985//1948 4920//4922 3434//3377
f 4756//4736 1985//1948 3434//3377
f 385//381 1221//1202 2405//2361
f 4067//4012 4069//4014 4396//4357
f 1435//1412 3031//2979 1436//1413
f 2518//2472 3118//3064 3682//3625
f 1690//4634 3663//3605 2918//3607
f 1609//887 1608//1581 1232//1212
f 4658//4632 4370//4330 4066//4011
f 3696//3640 2376//2332 3285//3229
f 4392//4353 3696//3640 3285//3229
f 1109//1090 3505//3447 1110//1091
f 4932//4939 1003//988 3847//3793
f 4012//3955 3743//3687 2153//2112
f 4471//4430 4782//4763 1490//1465
f 650//642 141//141 1801//1769
f 4281//4236 3487//3429 3075//3024
f 387//383 2358//2314 4364//4324
f 387//383 4364//4324 388//384
f 3231//3177 934//918 1296//1276
f 4689//4661 3575//3518 1059//1040
f 4878//4870 4013//3956 4942//4953
f 2149//2108 4504//4462 1447//1424
f 4076//4021 729//715 33//33
f 4076//4021 33//33 35//35
f 1993//1956 1921//1885 4301//4257
f 4682//4655 3816//3763 4297//4253
f 3787//3735 3789//2044 4956//4976
f 3501//3443 4872//4864 2424//2380
f 4604//4574 358//354 360//356
f 3107//3054 1560//1533 1852//1817
f 623//615 622//614 1816//1784
f 2518//2472 3862//3807 3185//3130
f 4665//4639 4805//4787 1534//1507
f 2991//2940 4909//4524 2992//2941
f 3075//3024 3487//3429 3076//3025
f 375//371 2596//2547 376//372
f 707//695 4632//4602 4651//4622
f 3051//3000 3623//3564 3890//3836
f 3051//3000 3890//3836 4811//4794
f 3284//3228 3315//3258 490//483
f 564//556 2895//2845 2894//2844
f 809//5021 2919//3269 4041//3985
f 4981//5023 3153//3098 2198//2157
f 4849//4840 2364//2320 1002//987
f 4895//4890 2346//2302 4995//5050
f 4592//4562 2030//1991 935//919
f 567//559 3212//3157 3493//3435
f 2718//2666 4868//4860 4254//4206
f 820//807 4916//4915 4974//5006
f 2049//2010 353//349 352//348
f 3210//3155 3333//3277 3211//3156
f 2473//2429 3808//3755 3810//3757
f 2473//2429 3810//3757 3958//3902
f 3695//3639 3740//3684 3337//3281
f 3695//3639 3337//3281 3336//3280
f 1585//1558 76//76 75//75
f 3980//3924 2735//2684 2736//2685
f 3980//3924 2736//2685 4414//4374
s 0
f 2673//3825 4906//3825 2674//3825
s 1
f 4974//5006 1379//1358 1073//1054
f 1635//1604 2853//2805 1910//1874
f 1677//1643 1679//1645 3208//3153
f 949//933 3168//3113 4860//4853
f 2999//2948 2118//2078 3152//3097
f 1853//1818 4733//4707 1143//1124
f 4656//4629 3027//2976 283//281
f 2479//2435 2480//2436 4202//4149
f 212//212 2724//2674 213//213
f 4945//4956 687//677 686//676
f 2352//2308 2511//2465 4296//4252
f 2353//2309 2352//2308 4296//4252
f 3931//3876 3557//3499 2002//1963
f 2661//2612 3717//3661 4245//4198
f 4990//5040 3371//3314 4963//4994
f 2096//2056 2244//2202 2097//2057
f 918//444 3170//3115 1686//1652
f 3246//3192 4829//4815 1353//1333
s 0
f 2140//5069 3991//5069 2022//5069
s 1
f 2667//2618 2083//2043 1842//1807
f 4030//2973 3840//3787 3438//3381
f 4318//4275 4812//4795 4225//4175
f 2094//2054 4587//4556 4855//4849
f 4909//4524 4908//4903 4436//4397
f 1913//1877 3360//3304 2450//2406
f 4981//5023 2198//2157 958//942
f 878//865 1418//1395 706//694
f 4233//4184 868//855 3690//3633
f 2017//1977 2016//1976 2729//2678
f 185//185 187//187 3897//3843
f 253//5047 3230//3984 2568//2221
f 1171//1152 1725//1690 3389//1983
f 2529//2483 2383//2339 2382//2338
f 1941//1904 2529//2483 2382//2338
f 4697//4669 4183//4130 3901//3847
f 3495//3437 2055//2015 2372//2328
f 3809//3756 4584//4553 1223//1204
f 3324//3267 2809//2759 4557//4525
f 3588//3531 3392//3335 510//503
f 1066//1047 1065//1046 3524//3466
f 154//154 153//153 3098//3047
s 0
f 1838//4045 1837//4045 2870//4045
s 1
f 4710//4683 4816//4799 4593//4563
f 118//118 3502//3444 1923//1887
f 2715//2664 2893//2843 2693//2642
f 4069//4014 3920//3865 4334//4291
f 3151//3096 3962//3906 2479//2435
f 3818//3765 3701//3645 963//948
f 4206//4155 2590//2540 2589//2540
f 3334//3278 1334//1314 3630//3572
f 1591//1564 4764//4744 2228//2186
f 4182//4129 4924//4926 4606//4576
f 3878//3823 4162//4108 4962//4991
f 3824//3771 3785//3731 3586//3529
f 3098//3047 1655//1624 3533//3475
f 2910//2860 929//913 4443//4403
f 3560//3502 3996//3940 4731//4705
f 3645//3587 2407//2363 4760//4740
f 4781//4762 1898//1862 1900//1864
f 2115//2075 2527//2481 3711//3655
f 1545//1518 153//153 3311//3254
f 4743//4721 1028//279 3595//3538
f 3073//3022 529//521 528//520
f 4844//4831 1680//1646 4403//4365
f 4462//4421 2092//2052 2585//2536
f 3764//3709 4103//4049 4058//4003
f 3764//3709 4058//4003 1443//1420
f 4118//4066 1031//1012 1034//1015
f 360//356 268//266 2036//1997
f 2035//1996 360//356 2036//1997
f 1006//991 377//373 1195//1175
f 4650//4621 3749//3694 976//3693
f 4301//4257 4379//4340 4385//4346
f 3944//3890 2390//2346 2006//4029
f 3341//3285 3288//3232 4476//4435
f 533//525 535//527 4989//5036
s 0
f 933//5070 4187//3710 4406//3710
f 1020//1852 4735//1852 3291//1852
s 1
f 1552//1525 4833//4818 678//668
f 1552//1525 678//668 1553//1526
f 306//304 2232//2190 307//305
f 2986//2935 3409//3352 2723//2673
f 3508//3450 1590//1563 3773//3718
f 1536//1509 4934//4943 3411//3354
f 1542//1515 2397//2353 3184//3129
f 1749//1717 3048//2997 1750//1718
f 2207//2166 547//539 1650//1619
f 2215//2173 2214//1959 926//910
f 2250//1930 2251//2208 4568//4537
f 4284//4239 3423//3366 909//894
f 908//893 4284//4239 909//894
f 2566//2518 2957//2906 2720//2668
f 2433//2389 4656//4629 3229//3175
f 879//866 878//865 706//694
f 4949//4963 4390//4351 1044//1025
f 1597//1570 425//419 1598//1571
f 524//516 4965//4996 1516//1489
f 524//516 1516//1489 525//517
f 3467//3410 4289//4244 1734//1702
f 1226//1207 2389//2345 127//127
f 3718//3662 2980//2929 4604//4574
f 4206//4155 2589//2540 4205//4154
f 1083//1064 2686//2635 1084//1065
f 768//754 2781//2731 4438//4399
f 2587//2538 3391//3334 2588//2539
f 3428//3371 3124//3070 1658//1627
f 2895//2845 3693//3636 2464//2420
f 2744//2694 564//556 2894//2844
f 2998//2947 2178//2136 2194//2153
f 2998//2947 2194//2153 2193//2152
f 3803//3750 1004//989 3699//3643
f 3449//3392 3834//3781 3833//3780
f 4987//5033 2687//2636 1961//1924
f 4933//4940 4987//5033 1961//1924
f 101//101 2783//2733 4282//4237
f 4896//4891 3597//3540 3598//3541
f 4896//4891 3598//3541 2347//2303
f 1017//1002 2848//2799 4469//4428
f 3809//3756 1223//1204 4808//4790
f 3172//3117 3641//3583 1687//1653
f 3376//3319 2704//2653 1007//992
f 237//237 3376//3319 1007//992
f 4654//4627 4898//4893 4825//4811
f 3918//3863 3917//3862 4440//4400
f 2134//2094 3678//3621 205//205
f 4373//4334 4990//5040 4972//5004
f 3002//2951 3881//3827 1448//1425
f 4905//4901 2566//2518 2152//2111
f 393//389 2751//2701 1148//1129
f 393//389 1148//1129 394//390
f 4623//4593 1287//1267 3966//3910
f 438//432 1184//1164 4961//4990
f 438//432 4961//4990 439//433
f 2981//2930 3956//3900 2462//2418
f 3270//4152 2913//4152 1728//4152
s 0
f 4830//3125 3179//3125 4674//3125
s 1
f 3868//3813 3870//3815 1717//1682
f 1716//1681 3868//3813 1717//1682
f 1440//1417 3426//3369 1441//1418
f 1014//999 985//970 2042//2003
f 3346//3290 604//596 1974//1937
f 4969//5001 4424//4385 4015//3958
f 3863//3808 3497//3439 4776//4757
f 4994//5045 1784//1752 3981//3925
f 426//420 2262//2219 427//421
f 4285//4240 577//569 2548//2502
s 0
f 1825//4648 1610//5071 1612//5071
s 1
f 3054//3003 3532//3474 3055//3004
f 920//904 4339//4297 921//905
f 3647//3589 3312//3255 2790//2740
f 2497//2452 4903//4898 3258//3204
f 4037//3980 508//501 408//402
f 4037//3980 408//402 4986//5032
f 2655//2606 629//621 1137//1118
f 3938//3884 4112//4060 3822//3769
f 3938//3884 3822//3769 4240//4193
f 3532//3474 2073//2034 4630//4600
f 192//192 4493//4451 193//193
s 0
f 2873//4961 3115//4718 900//4961
s 1
f 1485//1460 1772//1740 3982//3926
f 294//292 293//291 421//415
f 262//260 264//262 3989//3933
s 0
f 782//5072 4661//5072 694//5072
s 1
f 3541//3483 1623//4698 1625//1299
f 2523//2477 2330//2286 4299//4255
f 3343//3287 4581//4550 2976//2925
f 939//923 941//925 1819//1787
f 2132//2092 597//589 1506//1481
f 650//642 146//146 141//141
f 2355//2311 2223//2181 4807//4789
f 2394//2350 2838//2787 1963//1926
f 3367//3310 461//455 3407//3350
f 1774//1742 4921//4923 292//290
f 3651//3593 748//734 750//736
f 281//279 2776//2726 1226//1207
f 4776//4757 3065//3014 3067//3016
f 647//639 646//638 4717//4690
f 1891//2732 1890//4914 1886//1852
f 3654//3596 3436//3379 4114//4062
f 4234//4185 4325//4282 372//368
f 4194//4141 1586//1559 4279//4234
f 445//439 3570//3511 3569//3510
f 1077//1058 883//870 4790//4771
f 1093//1074 1663//4536 1094//1075
f 702//690 769//755 703//691
f 690//680 4328//4285 4410//4370
f 4971//5003 226//226 225//225
f 4642//4614 4971//5003 225//225
f 958//942 3045//2994 4452//4412
f 4151//4097 4895//4890 4995//5050
f 4250//4203 4237//4190 3344//3288
f 87//87 251//251 79//79
f 1899//1863 4570//4539 3758//3703
f 1900//1864 1899//1863 3758//3703
f 4619//4588 4620//4589 504//497
f 598//590 597//589 2132//2092
f 3658//3600 4897//4892 1952//1915
f 1686//1652 3170//3115 3172//3117
f 1579//1552 4589//4558 3654//3596
f 3682//3625 3118//3064 3754//3699
f 80//80 90//90 4448//4408
f 4447//4407 80//80 4448//4408
f 4450//4410 3097//3046 3712//3656
f 1926//1890 4331//4288 4332//4289
f 4226//4176 4838//4825 265//263
f 4226//4176 265//263 4595//4565
f 165//165 166//166 4246//4199
f 4909//4524 4436//4397 2992//2941
f 670//660 3125//3071 671//661
f 4385//4346 4399//4361 4386//4347
f 1193//1173 4694//4666 1446//1423
f 3173//3118 4605//4575 3174//3119
f 1081//1062 3763//3708 368//364
f 2983//2932 4269//4224 2984//2933
f 1207//1187 316//312 2220//2178
f 911//896 4756//4736 912//897
f 3603//3546 103//103 105//105
f 1770//1738 3603//3546 105//105
f 3860//3806 3054//3003 3763//3708
f 4306//4262 4305//4261 4426//4387
f 1330//1310 4557//4525 4983//5027
f 2301//2257 3596//3539 2440//2396
f 4061//4006 3479//3421 3939//3885
f 3383//3326 4061//4006 3939//3885
s 0
f 2490//2617 2492//2617 1723//2617
s 1
f 1003//988 650//642 1801//1769
f 1912//1876 3314//3257 1518//1491
f 2365//2321 2429//2385 1865//1830
f 2365//2321 1865//1830 2366//2322
f 145//145 109//109 1869//1834
f 4495//4453 4814//4797 5000//5068
f 4495//4453 5000//5068 4837//4822
f 1683//1649 3864//3809 1378//1357
f 1683//1649 1378//1357 4798//4778
f 3407//3350 461//455 463//457
f 1214//1195 3724//3668 3723//3667
f 2228//2186 4764//4744 2502//2457
f 541//533 726//712 2072//2033
f 1058//1039 1263//1243 3331//3275
f 1592//1565 2227//2185 3405//3348
f 445//439 4646//1677 2568//2221
f 2744//2694 2894//2844 2745//2695
f 1062//1043 4349//4309 4512//4474
f 4782//4763 3791//3738 1490//1465
f 4059//4004 2267//2224 4335//4292
f 4957//4982 942//926 944//928
f 4957//4982 944//928 4818//4801
f 4975//5008 2424//2380 652//644
f 4235//4186 550//542 1532//1505
f 3059//3008 1463//1440 122//122
f 4812//4795 3290//3234 4838//4825
f 706//694 1843//1808 4632//4602
f 1821//1789 3141//3086 1822//1790
f 4524//4486 2836//2785 4848//4839
f 1930//1894 1932//1896 3393//3336
f 4796//4776 1103//1084 1105//1086
f 4796//4776 1105//1086 5001//5073
f 1559//1532 1850//1815 1560//1533
f 4871//4863 3241//3187 662//652
f 2916//2863 1945//1908 3705//3649
f 157//157 156//156 2375//2331
f 1950//1913 828//815 3844//3790
f 4388//4349 1950//1913 3844//3790
f 3132//3077 4453//4413 3612//3553
f 3749//3694 1825//3695 3750//3695
f 1094//1075 1876//1842 4673//4143
f 841//828 2318//2274 645//637
f 4605//4575 3630//3572 4671//4645
f 1021//1299 4691//4664 2633//2584
f 3062//3011 4211//4160 4987//5033
f 4795//4775 4888//4883 2617//2568
f 3084//3033 1682//1648 3582//3525
f 4550//4514 802//789 804//791
f 3972//3916 3173//3118 2536//2490
f 785//772 4338//4296 1561//1534
f 1229//1210 1583//1556 3072//3021
f 907//892 4821//4804 908//893
f 1956//1919 675//665 4437//4398
f 1956//1919 4437//4398 4791//4772
f 4199//4146 4035//3978 2791//2741
s 0
f 4618//5074 4199//5074 2791//5075
s 1
f 2205//2164 3245//3191 2206//2165
f 1397//1376 2493//2447 2943//2891
f 3280//3225 3279//3224 3594//3537
f 1383//1362 3158//3103 1384//1363
f 4771//4752 4772//4753 4950//4965
f 1874//1839 1873//1838 3365//5065
f 3811//3758 3624//3565 3537//3479
f 3799//3746 1609//887 1231//1192
f 4827//4813 929//913 931//915
f 4305//4261 4827//4813 931//915
f 4052//3997 2814//2764 578//570
s 0
f 808//5021 4505//5021 809//5021
s 1
f 1272//1252 3302//3245 3650//3592
f 4531//4494 4607//4577 255//253
f 4742//4719 2509//2463 4978//5015
f 3277//3222 1440//1417 2717//2665
f 3660//3602 3661//3603 2384//2340
f 2186//2144 1775//1743 2187//2145
f 3992//3936 2851//2802 3440//3383
f 4920//4922 1685//1651 3632//3574
f 431//425 430//424 4955//4974
f 4294//4250 2334//2290 3511//3453
f 4069//4014 4334//4291 4396//4357
f 3295//3238 4603//4573 1735//1703
f 1159//1140 2212//2171 3932//3877
s 0
f 4336//4180 3608//4180 2872//4180
f 4336//5076 2872//5076 2286//3745
s 1
f 2104//2064 3147//3092 4957//4982
f 2104//2064 4957//4982 4861//4854
f 4997//5052 3202//3147 1910//1874
f 969//954 4997//5052 1910//1874
f 2830//2780 1169//1150 2828//2778
f 1445//1422 2897//2847 3475//3417
f 3522//3464 1615//1586 4062//4007
f 1609//887 3798//3745 1607//1580
f 414//408 1852//1817 415//409
f 234//234 237//237 1007//992
f 502//495 501//494 2938//2886
f 4667//4641 4990//5040 4668//4642
f 4773//4754 2679//2628 2680//2629
f 4434//2603 460//454 1302//1282
f 3165//3110 4060//4005 4904//4900
f 951//935 2742//2692 502//495
f 2515//2469 1134//1115 3935//3880
f 3032//2980 4701//4673 664//654
f 3779//3725 3676//3619 3675//3618
f 3497//3439 3499//3441 4776//4757
f 4651//4622 2539//2493 566//558
f 2837//2786 4260//4213 1964//1927
f 4327//4284 4591//4561 3767//3712
f 4814//4797 4815//4798 4992//5043
f 4814//4797 4992//5043 5000//5068
f 4412//4372 4761//4741 975//2670
f 3416//3359 3831//3778 4850//4842
f 4940//4950 4625//4595 3168//3113
f 948//932 4940//4950 3168//3113
f 2257//2214 2218//2176 3738//3682
f 2267//2224 2257//2214 3738//3682
f 4670//4644 2238//2196 4088//4034
f 4670//4644 4088//4034 4122//4070
f 3669//3612 3467//3410 1734//1702
f 3669//3612 1734//1702 3670//3613
f 4626//4596 433//427 2371//2327
f 2310//2266 4626//4596 2371//2327
f 1139//1120 1141//1122 2414//2370
f 1405//1384 4395//4356 4570//4539
f 4477//4436 1077//1058 3272//3216
f 3271//3215 4477//4436 3272//3216
f 2380//2336 4842//4829 743//729
f 4287//4242 2908//2858 3322//3265
f 4433//4395 4928//4931 4434//2603
f 3259//3205 1053//1034 1052//1033
f 365//361 2762//2712 2995//2944
f 1100//1081 4810//4793 1101//1082
f 4930//4934 1441//1418 3426//3369
f 4774//4755 4852//4845 3112//3059
f 254//5077 2567//2519 1997//1960
f 2226//2184 384//380 3922//3867
f 2226//2184 2225//2183 4135//4081
f 2226//2184 4135//4081 384//380
f 1425//1402 4603//4573 3295//3238
f 3583//3526 2276//2233 1509//1484
f 601//593 600//592 1082//1063
f 416//410 673//663 2661//2612
s 0
f 3390//1803 1837//1803 2839//1803
s 1
f 2679//2628 945//929 946//930
f 4660//3825 4909//4524 2991//2940
f 369//365 3763//3708 837//824
f 3751//3696 3447//3390 4876//4868
f 3751//3696 4876//4868 4492//4450
f 586//578 3802//3749 587//579
f 2624//2575 3706//3650 2625//2576
f 4807//4789 4732//4706 1473//1450
f 3412//3355 4766//4746 3466//3409
f 1335//1315 1169//1150 2830//2780
f 3010//2959 469//463 471//465
s 0
f 3365//3308 2726//3308 398//3308
s 1
f 152//152 1557//1530 4021//3964
f 3471//3413 3775//3720 3776//3721
f 4577//4546 2636//2587 2467//2423
f 910//895 4046//3990 911//896
s 0
f 3102//1004 4408//1004 3103//1004
s 1
f 2565//1271 1805//1773 2538//2492
f 4207//4156 1496//1471 1570//1543
f 4411//4371 4410//4370 3130//3075
f 1283//1263 4719//4692 3742//3686
f 2533//2487 2890//2840 1042//1023
f 282//280 2786//2736 4887//4882
f 1108//1089 4708//4681 4707//4680
f 2994//2943 367//363 711//5078
f 370//366 369//365 4705//4678
s 0
f 1180//5014 1182//5079 1890//5080
s 1
f 4525//4488 4142//4088 4232//4183
f 4044//3988 4159//4105 4515//4477
f 2325//2281 4248//4201 4873//4865
f 2512//2466 1266//1246 4698//4670
f 3784//3730 1930//1894 3587//3530
f 2769//2719 4600//4570 2770//2720
f 4597//4567 3335//3279 151//151
f 3479//3421 714//700 3104//3051
f 3939//3885 3479//3421 3104//3051
f 3756//3701 3858//3804 2316//2272
f 2654//2605 3756//3701 2316//2272
f 1723//1688 2492//1931 1724//1689
f 140//140 2408//2364 224//224
f 140//140 224//224 4971//5003
f 2394//2350 3921//3866 2838//2787
f 4884//4879 1748//1716 4854//4847
f 4884//4879 4854//4847 4833//4818
f 821//808 2733//2682 2807//2757
f 2095//2055 2097//2057 3850//3796
f 3490//3432 2135//2095 674//664
f 2204//2163 2060//2020 2059//2019
f 2091//2051 2090//2050 2466//2422
f 1426//1403 3295//3238 2172//2130
f 3890//3836 1072//1053 4700//4672
f 3890//3836 4700//4672 4699//4671
f 4152//4098 1465//1442 1464//1441
f 2418//2374 2419//2375 3762//3707
f 2973//2922 2348//2304 624//616
f 136//136 2771//2721 2770//2720
f 1455//1432 4749//4728 4733//4707
s 0
f 4851//3776 2672//3776 1999//3776
s 1
f 164//164 1217//1198 166//166
f 3347//3291 4645//4617 3881//3827
f 281//279 1226//1207 1227//1208
f 1980//1943 2761//2711 365//361
f 4053//3998 3793//3740 4054//3999
f 3848//3794 3615//3556 812//799
f 3781//3727 4050//3995 3782//3728
f 1051//1032 2956//2905 108//108
f 112//112 1051//1032 108//108
f 4866//4859 3024//2973 4683//3383
f 2793//2743 4695//4667 4948//4962
f 1931//1895 2856//2808 1932//1896
f 4503//4461 4446//4406 4449//4409
f 4503//4461 4449//4409 4603//4573
f 4053//3998 4727//4701 4516//4478
f 2801//2751 1270//1250 1269//1249
f 3293//3236 4599//4569 4771//4752
f 3523//3465 4062//4007 1113//1094
f 1112//1093 3523//3465 1113//1094
f 794//781 702//690 2021//1981
f 489//482 488//482 960//5081
f 2953//2902 2391//2347 4613//4294
f 1045//1026 3285//3229 4658//4632
f 338//334 598//590 339//335
s 0
f 2872//1755 3609//1755 2873//1755
s 1
f 2412//2368 3998//3942 4785//4766
f 4297//4253 1412//1389 3333//3277
f 4841//4828 2867//2819 3580//3523
f 1659//1628 3938//3884 4240//4193
f 1659//1628 4240//4193 1660//1629
f 3681//1704 4312//4269 3622//3563
f 2965//2914 3988//3932 2082//2042
f 5001//5073 1105//1086 3696//3640
f 4138//3941 4806//4788 2046//2007
f 1727//1692 539//531 1381//1360
s 0
f 4153//2796 4859//2796 2169//2796
s 1
f 3250//3196 3773//3718 1260//1240
f 2798//2748 4464//4423 3909//3855
f 4774//4755 4977//5010 4755//4734
f 4677//4650 4774//4755 4755//4734
f 3315//3258 496//489 2912//2862
f 3530//3472 1332//1312 1331//1311
f 4287//4242 3322//3265 4007//3950
f 3967//3911 1289//1269 2038//1999
f 1154//1135 2936//2884 1155//1136
s 0
f 2385//5082 4352//4625 3608//5082
s 1
f 3069//3018 3016//2965 3625//3567
f 2791//2741 994//979 1459//1436
f 3804//3751 2960//2909 3819//3766
f 665//655 2322//2278 2324//2280
f 665//655 2324//2280 666//656
f 885//872 1058//1039 1161//1142
f 4073//4018 1415//1392 1337//1317
f 4073//4018 1337//1317 4583//4552
f 2025//1986 1768//1736 4985//5029
f 2752//2702 4075//4020 63//63
f 2752//2702 63//63 44//44
f 871//858 1944//1907 1943//1906
f 3691//3634 2044//2005 3692//3635
f 2819//2769 2821//2771 4014//3957
f 830//817 1396//1375 831//818
f 4923//4925 4048//3993 4930//4934
f 3396//3339 730//716 732//718
f 4720//4693 3396//3339 732//718
f 3541//3483 1413//1390 2651//2602
f 4163//4109 4395//4356 536//528
f 3806//3753 1752//1720 1751//1719
f 602//594 220//220 1568//1541
f 602//594 1568//1541 1567//1540
f 1529//1502 4394//4355 4943//4954
f 1333//1313 1332//1312 2161//2120
f 1796//1764 3211//3156 327//323
f 229//229 227//227 1411//1388
f 1810//1778 356//352 4308//4264
f 2697//2646 917//902 919//903
f 1216//1197 925//909 1416//1393
f 3527//3469 256//254 3528//3470
f 2525//2479 4713//4686 988//973
f 4455//4414 4636//4606 3915//3860
f 4455//4414 3915//3860 4619//4588
f 4561//4529 1475//1452 4713//4686
f 3698//3642 3825//3772 4714//4687
f 3698//3642 4714//4687 2458//2414
s 0
f 3308//4936 693//4936 695//4936
s 1
f 1684//1650 4798//4778 4277//4232
f 4850//4842 4953//4968 4883//4878
f 3819//3766 274//272 3592//3535
f 4759//4739 4741//4717 2146//2105
f 3370//3313 2049//2010 642//634
f 2947//2895 4365//4325 4667//4641
f 2947//2895 4667//4641 4666//4640
f 1354//1334 1399//1378 2478//2434
f 4070//4015 4602//4572 3617//3558
f 2813//2763 1319//1299 1318//1298
f 2699//2648 4310//4266 4309//4265
f 4492//4450 4876//4868 2176//2134
f 1046//1027 1045//1026 1521//1494
f 4049//3994 2354//2310 1461//1438
f 4049//3994 1461//1438 1460//1437
f 1722//1687 1724//1689 2901//2851
f 3409//3352 4865//4858 3410//3353
f 770//756 772//758 583//575
f 2033//1994 852//839 447//441
f 3347//3291 1974//1937 4959//4986
f 2491//2762 2665//2616 2492//1931
f 3325//3268 4701//4673 3032//2980
f 169//169 1777//1745 1776//1744
f 4789//4770 4707//4680 4709//4682
f 3361//3305 3313//3256 3647//3589
f 3362//3306 3361//3305 3647//3589
f 3268//3213 3273//3217 4828//4814
f 4949//4963 1044//1025 1046//1027
f 522//514 3032//2980 523//515
f 2065//1793 2631//2582 832//819
f 1166//1147 4300//4256 1167//1148
f 4785//4766 4787//4768 3632//3574
f 4608//4578 4785//4766 3632//3574
f 1252//1232 3189//3134 4421//4381
f 4042//3986 475//469 4270//4225
f 2378//2334 2460//2416 4368//4328
f 315//311 3852//3798 2606//2557
f 4481//4440 4184//4131 1258//1238
f 4998//5055 4400//4362 4203//4150
f 3746//3690 4684//4656 1283//1263
f 3092//3041 3746//3690 1283//1263
f 2693//2642 1271//1251 3461//3404
f 4320//4277 3011//2960 945//929
f 3366//3309 1331//1311 4189//4136
f 3983//3927 3985//3929 4209//4158
f 1885//1851 1891//2732 1886//1852
s 0
f 1482//2120 1484//2120 2544//2120
s 1
f 1869//1834 4283//4238 224//224
f 2408//2364 1869//1834 224//224
f 3329//3273 3896//3842 982//967
f 2244//2202 3026//2975 3025//2974
f 4976//5009 4707//4680 4789//4770
f 4537//4501 3304//3247 299//297
f 792//779 791//778 4374//4335
f 792//779 4374//4335 4980//5019
f 3961//3905 3106//3053 2539//2493
f 2562//2515 4328//4285 689//679
f 1457//1434 2495//2450 1458//1435
f 828//815 271//269 273//271
f 394//390 1148//1129 4116//4064
f 1285//1265 3977//3921 4737//4712
f 2417//2373 1343//1323 1051//1032
f 1050//1031 2417//2373 1051//1032
f 4146//4092 4999//5059 2160//2119
f 3782//3728 4702//4675 4339//4297
f 4257//4210 1651//1620 3983//3927
s 0
f 3765//5083 3219//4499 810//5084
s 1
f 1832//1799 3935//3880 1833//1800
f 383//379 2758//2708 2877//2827
f 4554//4518 809//5021 4041//3985
f 1162//1143 4471//4430 1163//1144
f 376//372 3306//3249 2736//2685
f 2701//2650 1972//1935 2081//2041
f 2670//2621 3796//3743 869//856
f 3303//3246 4543//4507 3589//3532
f 3303//3246 3589//3532 748//734
f 4108//4056 3391//3334 434//428
f 3616//3557 4402//4364 4401//4363
f 1907//1871 2531//2485 1908//1872
f 134//134 2770//2720 4600//4570
f 4590//4559 134//134 4600//4570
f 3148//3093 4102//4048 3764//3709
f 4945//4956 686//676 4264//4217
f 4263//4216 4945//4956 4264//4217
f 460//454 1303//1283 1302//1282
f 4855//4849 3300//3243 3299//3242
f 769//755 768//754 4438//4399
f 3622//3563 4312//4269 3925//3870
f 4206//4155 3699//3643 2590//2540
f 3656//3598 2880//2830 1364//1344
f 390//386 3585//3528 776//762
f 548//540 2433//2389 549//541
f 4108//4056 434//428 4626//4596
f 2351//2307 3320//3263 4633//4603
f 698//686 4749//4728 1455//1432
f 1932//1896 2856//2808 3087//3036
f 2335//2291 437//431 2336//2292
f 4102//4048 872//859 3199//3144
f 786//773 3866//3811 2374//2330
f 2986//2935 2533//2487 3409//3352
f 2933//2881 4005//3949 2934//2882
s 0
f 901//4467 3861//4467 1212//4467
s 1
f 2214//1959 905//890 926//910
f 3579//3522 3129//3074 3131//3076
f 3579//3522 3131//3076 4506//4465
f 3254//3200 4465//4424 4952//4967
f 4993//5044 4496//4454 712//698
f 610//602 4993//5044 712//698
f 124//124 121//121 4702//4675
f 3782//3728 124//124 4702//4675
f 3395//3338 3675//3618 3869//3814
f 4144//4090 1218//1199 633//625
f 4772//4753 4763//4743 150//150
f 3491//3433 3492//3434 3126//3072
f 3642//3584 1617//1588 3498//3440
f 4886//4881 1300//1280 4239//4192
f 4887//4882 1350//1330 1030//1011
f 2185//2143 4220//4169 2186//2144
f 156//156 154//154 3098//3047
f 3700//3644 2250//1930 4939//4948
f 2910//2860 1703//1667 1146//1127
f 290//288 4586//4555 4773//4754
f 631//623 4602//4572 4070//4015
f 632//624 631//623 4070//4015
f 2869//683 1670//3724 1672//5085
f 384//380 4135//4081 385//381
f 2862//2814 2033//1994 2032//1993
f 2092//2052 2094//2054 4855//4849
f 4602//4572 3188//3133 3617//3558
f 1420//1397 283//281 285//283
f 1306//1286 1308//1288 3911//3857
f 4491//5041 3842//3788 4131//5086
f 3794//3741 3976//3920 3885//3831
f 2972//2921 4546//4510 2172//2130
f 1300//1280 1299//1279 4239//4192
f 3029//2978 1115//1096 1080//1061
f 1480//1457 915//900 1481//1458
f 3747//3691 3742//3686 2066//2027
f 2344//2300 4322//4279 3640//3582
f 2344//2300 3640//3582 4393//4354
f 4977//5010 4774//4755 3111//3058
f 1219//1200 2708//2657 1220//1201
f 1335//1315 2131//2091 1169//1150
f 1241//1221 1243//1223 4378//4339
f 4429//4391 3154//3099 1937//1900
f 1024//1007 4138//3941 2046//2007
f 3820//3767 3942//3888 4739//4715
f 4799//4779 4999//5059 4146//4092
f 2732//2681 3246//3192 3245//3191
f 896//883 899//886 4688//4660
f 3128//3073 3353//3297 363//359
f 2909//2859 4884//4879 2852//2803
f 2847//2798 949//933 1197//1177
f 2816//2766 2501//2456 2817//2767
f 339//335 598//590 2132//2092
f 1660//1629 4241//4194 2236//2194
f 1056//1037 1055//1036 1898//1862
f 3043//2992 3294//3237 1252//1232
f 1251//1231 3043//2992 1252//1232
f 4500//4458 2080//2040 3371//3314
f 4094//4040 4500//4458 3371//3314
f 3338//3282 4904//4900 4060//4005
f 1377//1356 3797//3744 4988//5035
f 1378//1357 1377//1356 4988//5035
f 4286//4241 3945//3891 3947//3893
f 1471//1448 4372//4333 4706//4679
f 2401//2357 3971//3915 3970//3914
s 0
f 4723//1852 4917//1852 4724//1852
s 1
f 3076//3025 3487//3429 247//247
s 0
f 3458//5087 2544//5087 1484//5087
s 1
f 2157//2116 4754//4733 2158//2117
f 4081//4026 3084//3033 2417//2373
s 0
f 3440//4610 4137//4610 512//4610
s 1
f 2010//1970 4757//4737 3921//3866
f 1328//1308 1089//1070 3309//3252
f 1412//1389 626//618 2130//2090
f 1176//1157 4722//4695 1062//1043
f 4382//4343 1112//1093 1114//1095
f 3639//3581 1643//1612 1645//1614
f 1750//1718 2739//2689 2738//2688
f 581//573 3968//3912 3122//3068
f 136//136 3192//3137 4267//4222
f 2771//2721 136//136 4267//4222
f 4355//4314 4944//4955 2923//2871
f 4383//4344 757//743 4375//4336
f 4599//4569 4028//3972 4772//4753
f 4035//3978 3482//3424 995//980
f 3717//3661 2661//2612 2663//2614
f 2460//2416 2459//2415 4636//4606
f 553//545 4009//3952 1027//1010
f 4228//4178 1447//1424 2855//2807
f 412//406 4180//4127 413//407
f 1766//1734 3547//3489 825//812
f 4315//4272 4099//4042 4316//4273
f 1958//1921 3208//3153 3163//3108
f 4025//3968 1439//1416 2013//1973
f 519//511 518//510 4831//4816
f 1499//1474 1501//1476 3197//3142
f 4794//4774 4293//4249 2434//2390
f 4816//4799 58//58 57//57
f 4976//5009 3731//3675 3733//3677
f 330//326 3591//3534 500//493
f 1463//1440 1462//1439 431//425
f 1237//1217 743//729 667//657
f 3434//3377 4920//4922 4900//4895
f 4567//4535 4856//4850 1989//1952
f 206//206 3678//3621 3677//3620
f 1208//1188 206//206 3677//3620
s 0
f 3914//5088 3180//5088 3179//5088
s 1
f 1175//1156 4721//4694 1176//1157
f 4834//4819 679//669 678//668
f 4628//4598 1595//1568 3743//3687
f 1241//1221 4378//4339 2282//2239
f 2234//2192 1241//1221 2282//2239
f 1925//1889 3387//3331 4331//4288
f 1147//1128 1523//1496 1131//1112
f 3663//3605 695//4936 3726//3670
f 4969//5001 4015//3958 3708//3652
f 2778//2728 936//920 3510//3452
f 2778//2728 3510//3452 2595//2546
f 283//281 3027//2976 284//282
f 3712//3656 3096//3045 3713//3657
f 3496//3438 2495//2450 3674//3617
f 2882//2832 1047//1028 1049//1030
f 999//984 4922//4924 4758//4738
f 4750//4729 999//984 4758//4738
f 2806//2756 3342//3286 2804//2754
f 3493//3435 3212//3157 1280//1260
f 4107//4055 1892//1856 1894//1858
f 2165//2124 4509//4469 4599//4569
f 4633//4603 2750//2700 4310//4266
f 2699//2648 4633//4603 4310//4266
f 3614//3555 1906//1870 4932//4939
f 1314//1294 4966//4998 3448//3391
f 2263//2220 2262//2219 2482//2438
f 3126//3072 2263//2220 2482//2438
f 290//288 4773//4754 291//289
f 1925//1889 4331//4288 1926//1890
f 4940//4950 2426//2382 4625//4595
f 1178//1159 4738//4713 1156//1137
f 907//892 3380//3323 4821//4804
f 4302//4258 4548//4512 4303//4259
f 4079//4024 2608//2559 2609//2560
f 1958//1921 3163//3108 1882//1848
f 4209//4158 3985//3929 2057//2017
f 2268//2225 2700//2649 2269//2226
f 3208//3153 1679//1645 2542//2496
f 4994//5045 1393//1372 1782//1750
f 528//520 4176//4123 4973//5005
f 3916//3861 4120//4068 1465//1442
f 1780//1748 1779//1747 4532//4495
f 1780//1748 4532//4495 2240//2198
f 573//565 572//564 1056//1037
f 3477//3419 2203//2162 2802//2752
f 510//503 3392//3335 3394//3337
f 4984//5028 1510//1485 2252//2209
f 1709//1674 1202//1182 3297//3240
f 2493//2447 1396//1375 765//751
f 1353//1333 1354//1334 2206//2165
f 4120//4068 2498//2453 2787//2737
f 4239//4192 4205//4154 2688//2637
f 3947//3893 589//581 4958//4984
f 3798//3745 1787//1755 1607//1580
f 998//983 5002//5089 4011//3954
f 998//983 4011//3954 4922//4924
f 4484//4443 3564//3505 4004//3948
f 2372//2328 2055//2015 2054//2014
f 3519//3461 4748//4727 1969//1932
f 4796//4776 5001//5073 4391//4352
f 4662//4636 4796//4776 4391//4352
f 2261//2218 1210//1190 4792//4773
f 4176//4123 2261//2218 4792//4773
f 4996//5051 2982//2931 2904//2854
f 2934//2882 4249//4202 4251//4204
f 4252//4205 3865//3810 4253//951
s 0
f 1019//5025 1407//4914 1409//4914
s 1
f 3712//3656 3097//3046 3096//3045
f 2170//2128 4273//4228 3139//3084
f 2398//2354 2801//2751 2399//2355
f 1124//1105 1806//1774 4955//4974
f 3867//3812 3601//3544 1505//1480
f 4934//4943 4148//4094 4766//4746
f 4934//4943 4766//4746 3412//3355
f 1991//1954 3298//3241 3863//3808
f 1791//1759 3352//3296 3128//3073
f 4994//5045 1782//1750 1784//1752
f 3106//3053 4941//4951 3212//3157
f 2378//2334 2377//2333 2460//2416
f 2049//2010 352//348 642//634
f 805//792 1927//1891 806//793
f 4173//4120 1712//1677 4312//4269
f 3681//1704 4173//4120 4312//4269
f 3130//3075 4109//4058 3131//3076
f 4993//5044 1699//1663 4496//4454
f 3282//2903 1233//1213 4439//4085
f 3489//3431 2761//2711 1980//1943
f 4647//4618 4634//4604 1361//1341
f 2359//2315 2233//2191 2234//2192
f 2359//2315 2234//2192 3821//3768
f 4036//3979 4800//4780 419//413
f 2986//2935 2988//2937 2890//2840
s 0
f 4830//1694 489//1694 2914//1694
s 1
f 2012//1972 4384//4345 3012//2961
f 3828//3775 449//443 451//445
f 593//585 4485//4444 594//586
f 4285//4240 2548//2502 2547//2501
f 139//139 2817//2767 3815//3762
f 4822//4805 4377//4338 3941//3887
f 3235//3181 3234//3180 4064//4009
f 3514//3456 3513//3455 1099//1080
f 1190//1170 3329//3273 3328//3272
f 3544//3486 3543//3485 1965//1928
f 3544//3486 1965//1928 1964//1927
f 4150//4096 4302//4258 4460//4419
f 760//746 4287//4242 758//744
f 1574//1547 1576//1549 2217//2175
f 3521//3463 3766//3711 1615//1586
f 4605//4575 4671//4645 3174//3119
f 702//690 704//692 727//713
f 4968//5000 248//248 247//247
f 288//286 4151//4097 2906//2856
f 230//230 92//92 1411//1388
f 3985//3929 2622//2573 1476//1453
f 1141//1122 2455//2411 2415//2371
f 3916//3861 1465//1442 4152//4098
f 2392//2348 862//849 4158//4104
f 4177//4124 2392//2348 4158//4104
f 1308//1288 1173//1154 4332//4289
f 3911//3857 1308//1288 4332//4289
f 3087//3036 2535//2489 3849//3795
f 4554//4518 4041//3985 3636//3578
f 2269//2226 3683//3626 2789//2739
f 4820//4803 3069//3018 3079//3028
f 516//508 4820//4803 3079//3028
f 3853//3799 420//414 4648//4619
f 2299//2255 4537//4501 299//297
f 3713//3657 3096//3045 3251//3197
f 4006//1056 2067//2028 3742//3686
f 273//271 4365//4325 2947//2895
f 3486//3428 4819//4802 4968//5000
f 4102//4048 3148//3093 1977//1940
f 2264//2221 2266//2223 1713//1678
f 2509//2463 4049//3994 4978//5015
f 2989//2938 2128//2088 2127//2087
f 160//160 2949//2897 4813//4796
f 1917//1881 4914//4988 2551//2505
f 1530//1503 4967//4999 1086//1067
f 2332//2288 1237//1217 1236//1216
f 3796//3743 2471//2427 869//856
f 2706//2655 2709//2658 3871//3816
f 1805//1773 2565//1271 4222//4171
f 1806//1774 1805//1773 4222//4171
f 1466//1443 2787//2737 3255//3201
f 4328//4285 4109//4058 4410//4370
s 0
f 512//4609 4137//4609 3102//4609
s 1
f 3848//3794 812//799 811//798
f 3636//3578 3635//3577 4544//4508
f 3999//3943 1427//1404 1426//1403
f 2350//2306 2682//2631 4255//4208
f 1746//1714 3892//3838 74//74
f 1746//1714 74//74 15//15
f 4374//4335 4972//5004 4991//5042
f 3339//3283 3338//3282 4470//4429
f 3339//3283 4470//4429 4274//4229
f 357//353 278//276 614//606
f 871//858 2985//2934 4572//4541
f 2176//2134 2178//2136 2998//2947
f 4559//4527 3944//3890 3204//3149
f 4555//4521 4952//4967 4282//4237
f 3514//3456 1099//1080 775//761
f 1320//1300 3541//3483 2651//2602
f 2560//2514 2559//2513 2410//2366
f 1018//1003 1017//1002 4469//4428
f 4198//4145 1872//1837 579//571
s 0
f 2005//5090 4132//5090 4033//5090
s 1
f 3214//3159 1631//1600 3215//3160
f 2023//1984 1909//1873 3241//3187
f 3722//3666 982//967 981//966
f 3346//3290 1974//1937 3347//3291
s 0
f 1678//5091 1370//5091 1372//5091
s 1
f 4043//3987 2293//2249 2295//2251
f 4672//567 4803//4784 2063//2023
f 3177//3122 4672//567 2063//2023
f 684//674 687//677 2899//2849
f 1878//1844 4002//3946 4098//4041
f 1703//1667 4338//4296 785//772
f 784//771 1703//1667 785//772
f 1222//1203 3068//3017 3665//3608
f 2609//2560 2024//1985 2023//1984
f 3166//3111 3167//3112 3375//3318
f 816//803 1022//1005 2796//2746
f 3532//3474 4630//4600 3055//3004
f 349//345 4913//4910 1067//1048
f 4985//5029 3279//3224 3281//3226
f 4123//4071 1778//1746 1780//1748
f 2797//2747 4669//4643 4143//4089
f 4262//4215 2797//2747 4143//4089
f 1323//1303 1322//1302 2202//2161
f 3729//3673 3438//3381 849//836
f 3526//3468 1204//1184 4020//3963
f 4047//3992 2683//2632 2682//2631
f 1967//1930 4725//4697 4423//4383
f 2890//2840 4022//3965 3993//3937
s 0
f 1371//1351 3270//4992 1482//5092
s 1
f 3724//3668 4513//4475 3725//3669
f 1999//5093 4899//5093 2494//5093
f 4452//4412 3045//2994 4453//4413
f 1789//1757 3445//3388 1790//1758
f 1839//1804 1841//1806 4402//4364
f 4747//4725 2439//2395 3266//3211
f 3733//3677 3732//3676 4870//4862
f 1039//1020 698//686 1455//1432
f 1929//1893 1928//1892 4210//4159
f 1929//1893 4210//4159 730//716
f 3707//3651 3110//3057 4147//4093
f 3008//2957 2753//2703 3248//3194
f 3875//3820 3876//3821 1453//1430
f 2896//2846 4441//4401 2624//2575
f 745//731 1754//1722 746//732
f 991//976 993//978 3034//2983
f 4425//4386 2273//2230 2275//2232
f 2655//2606 2316//2272 4663//4637
f 1163//1144 569//561 568//560
f 182//182 1163//1144 568//560
f 3355//3299 2834//2783 2775//2725
f 3634//3576 3595//3538 2303//2259
f 1263//1243 2597//2548 4245//4198
f 1588//1561 1618//1589 1589//1562
f 2075//266 2048//2009 3370//3313
f 1348//1328 1823//1791 1257//1237
f 1348//1328 1257//1237 1259//1239
f 3787//3735 4275//4230 3788//3736
f 4266//4219 1926//1890 1173//1154
f 722//708 3041//2990 1793//1761
f 1290//1270 1260//1240 2864//2816
f 4606//4576 2740//2690 2193//2152
f 4676//4649 2335//2291 2334//2290
f 3551//3494 3037//2986 2124//2084
f 3800//3747 3721//3665 1701//1665
f 798//785 805//792 807//794
f 3081//3030 2357//2313 1813//1781
f 742//728 826//813 366//362
f 936//920 2030//1991 3510//3452
f 514//506 2311//2267 2188//2147
f 2022//1982 254//5077 3345//4519
f 2072//2033 2350//2306 2280//2237
f 2279//2236 2072//2033 2280//2237
f 1121//1102 4304//4260 2337//2293
f 1414//1391 2635//2586 3160//3105
f 3106//3053 3484//3426 1558//1531
f 4129//4077 1818//1786 2356//2312
f 4845//4832 3113//3060 256//254
f 2441//2397 1199//1179 1201//1181
s 0
f 1076//4952 4095//4952 656//4952
s 1
f 4179//4126 4604//4574 360//356
f 4179//4126 360//356 2035//1996
s 0
f 3390//4973 709//4973 781//4973
f 1728//4134 2915//4134 933//4134
s 1
f 3521//3463 4327//4284 3766//3711
f 671//661 731//717 730//716
f 4798//4778 4988//5035 4799//4779
f 4474//4433 3353//3297 4475//4434
f 4338//4296 4337//4295 1561//1534
f 2457//2413 2648//2599 1599//1572
f 3934//3879 3935//3880 1832//1799
f 4907//4902 3687//3630 4259//4212
f 2615//2566 2616//2567 2156//2115
f 837//824 836//823 4367//4327
f 4926//4928 303//301 779//765
f 4926//4928 779//765 2360//2316
f 4117//4065 1543//1516 1542//1515
f 313//309 3551//3494 2308//3493
f 1648//1617 4759//4739 2642//2593
f 928//912 927//911 551//543
f 2645//2596 4244//4197 4318//4275
f 2180//2138 4942//4953 2181//2139
f 2638//2589 2920//2868 744//730
f 3988//3932 780//766 580//572
f 2585//2536 2092//2052 4327//4284
f 219//219 218//218 602//594
f 219//219 602//594 2349//2305
f 3620//3561 2512//2466 4698//4670
f 3620//3561 4698//4670 1694//1658
f 2317//2273 3858//3804 4848//4839
f 3347//3291 4959//4986 4645//4617
f 1335//1315 2830//2780 1336//1316
f 2874//2824 4083//4028 3172//3117
f 4951//4966 4817//4800 1586//1559
f 2420//2376 3060//3009 4672//567
f 2421//2377 2420//2376 4672//567
f 4400//4362 2644//2595 4203//4150
f 856//843 558//550 2190//2149
f 4151//4097 4995//5050 2903//2853
f 360//356 359//355 268//266
f 3048//2997 3050//2999 2739//2689
f 1750//1718 3048//2997 2739//2689
f 2018//1978 2020//1980 4205//4154
f 636//628 2159//2118 2671//2622
f 740//726 365//361 1629//1598
f 596//588 4387//4348 3867//3812
f 596//588 3867//3812 597//589
f 600//592 599//591 880//867
f 3968//3912 3969//3913 2605//2556
f 1441//1418 3836//3783 1442//1419
f 2045//2006 3494//3436 1301//1281
f 2532//2486 770//756 583//575
f 2532//2486 583//575 4826//4812
f 4269//4224 1760//1728 2204//2163
f 766//752 4101//4044 4559//4527
f 2410//2366 482//476 481//475
f 387//383 389//385 432//426
f 3063//3012 387//383 432//426
f 1016//1001 654//646 653//645
f 1851//1816 738//724 3125//3071
f 1851//1816 3125//3071 670//660
f 931//915 930//914 4156//4102
f 2879//2829 3250//3196 1260//1240
f 1063//1044 4512//4474 3129//3074
f 1726//1691 1727//1692 2425//2381
f 4425//4386 2774//2724 2273//2230
f 2503//2458 535//527 534//526
f 3998//3942 2254//2211 3435//3378
f 4448//4408 1733//1701 1735//1703
f 4449//4409 4448//4408 1735//1703
f 1017//1002 653//645 2848//2799
f 3282//2903 1231//1192 1233//1213
f 1788//1756 4209//4158 2056//2016
f 2462//2418 3956//3900 3950//3895
f 1336//1316 3991//3935 2140//2099
f 451//445 450//444 378//374
f 4113//4061 4191//4138 2996//2945
f 4685//4657 4913//4910 4910//4907
f 361//357 2653//2604 362//358
f 2665//2616 2666//2617 1429//1406
f 424//418 3682//3625 425//419
f 3294//3237 643//635 1306//1286
f 181//181 1164//1145 182//182
f 4464//4423 4045//3989 3909//3855
f 3797//3744 3261//1655 3798//3745
f 946//930 2708//2657 4168//4115
f 2323//2279 4936//4945 3442//3385
s 0
f 3213//4841 2913//1694 3270//1694
s 1
f 3556//3498 519//511 1123//1104
f 3628//3570 550//542 4235//4186
f 2353//2309 4296//4252 4295//4251
f 4581//4550 4640//4612 1273//1253
f 3439//3382 1669//1636 4128//4076
f 4990//5040 4963//4994 4972//5004
f 3292//3235 2162//2121 3293//3236
f 2387//2343 3004//2953 2388//2344
f 3153//3098 1534//1507 4175//4122
f 2168//2127 467//461 507//500
f 4710//4683 2978//2927 55//55
f 921//905 681//671 3385//4932
f 819//806 2504//2459 1023//1006
f 4256//4209 602//594 1567//1540
f 1223//1204 1222//1203 4808//4790
f 3761//3706 2496//2451 4311//4267
f 4167//4114 3735//3679 78//78
f 2221//2179 407//401 1399//1378
f 780//766 3073//3022 3070//3019
f 4008//3951 2012//1972 1398//1377
f 2634//2585 4340//4298 2635//2586
f 3813//3760 4435//4396 3403//3346
f 3625//3567 4539//4503 4806//4788
f 4138//3941 3625//3567 4806//4788
s 0
f 1678//5094 1372//4623 2543//1966
s 1
f 1116//1097 3054//3003 1117//1098
f 2655//2606 2654//2605 2316//2272
f 3273//3217 4451//4411 4450//4410
f 4015//3958 4016//3959 4541//4505
f 4257//4210 4535//4498 4739//4715
f 4335//4292 1316//1296 1315//1295
f 4184//4131 4483//4442 4381//4342
f 3320//3263 2350//2306 4255//4208
f 3064//3013 434//428 3391//3334
f 3386//3330 1931//1895 1930//1894
f 3859//3805 3028//2977 1079//1060
f 214//214 3605//3548 215//215
f 3960//3904 849//836 851//838
f 2646//2597 4225//4175 4204//4151
f 4855//4849 4587//4556 3300//3243
f 2522//2476 4288//4243 2523//2477
f 4361//4321 4362//4322 973//958
f 4738//4713 4361//4321 973//958
f 1105//1086 4874//4866 3697//3641
f 3965//3909 4672//567 3177//3122
f 2793//2743 4948//4962 2794//2744
f 1002//987 4078//4023 2108//2068
f 3611//1747 4756//4736 3040//2989
f 240//240 2638//2589 4638//4608
f 3509//3451 240//240 4638//4608
f 3504//3446 1953//1916 4169//4116
f 1307//1287 3504//3446 4169//4116
f 4139//4084 649//641 648//640
f 4902//4897 4227//4177 1467//1444
f 4640//4612 3644//3586 1274//1254
f 169//169 190//190 191//191
f 169//169 191//191 2230//2188
f 1071//1052 4745//4723 4700//4672
f 1072//1053 1071//1052 4700//4672
f 4820//4803 3015//2964 3069//3018
f 4023//3966 1751//1719 2834//2783
f 3624//3565 3814//3761 473//467
f 3635//3577 395//391 1888//1854
f 3077//3026 3076//3025 3566//3507
f 835//822 3990//3934 836//823
f 2689//2638 1111//1092 4529//4492
f 194//194 1642//1611 3336//3280
f 195//195 194//194 3336//3280
f 1314//1294 1313//1293 4966//4998
s 0
f 3829//867 2561//867 2001//867
s 1
f 3931//3876 417//411 3557//3499
f 2537//2491 1984//1947 2957//2906
f 3324//3267 2887//2837 2809//2759
f 4744//4722 4026//3970 4690//4662
f 4744//4722 4690//4662 686//676
f 3039//2988 940//924 2704//2653
f 724//710 3884//3830 725//711
f 2765//2715 4272//4227 4271//4226
f 4358//4318 4850//4842 4883//4878
f 3345//4519 254//5077 3304//3247
f 2515//2469 2514//2468 1135//1116
f 2171//2129 2971//2920 2972//2921
f 4070//4015 3617//3558 4071//4016
f 2121//2081 2333//2289 1236//1216
f 3979//3923 4139//4084 648//640
f 476//470 1521//1494 1147//1128
f 476//470 1147//1128 2751//2701
f 4581//4550 1275//1255 2976//2925
f 4313//4270 2560//2514 2409//2365
f 69//69 68//68 2144//2103
f 2143//2102 2477//2433 2369//2325
f 409//403 1759//1727 410//404
f 3226//3172 2638//2589 743//729
f 3780//3726 3888//3834 3670//3613
f 3780//3726 3670//3613 1734//1702
s 0
f 4851//5095 1999//5095 2001//5095
s 1
f 4742//4719 4978//5015 3286//3230
f 1291//1271 1290//1270 2864//2816
f 2021//1981 727//713 726//712
f 634//626 2021//1981 726//712
f 2481//2437 4720//4693 4609//4579
s 0
f 1075//4487 1076//4487 4033//4487
s 1
f 3627//3569 4840//4827 4839//4826
f 1866//1831 3560//3502 3559//3501
f 4734//4708 4858//4852 4093//4039
f 2423//2379 4417//4377 2618//2569
f 4889//4884 2423//2379 2618//2569
f 563//555 701//689 3693//3636
f 563//555 3693//3636 2895//2845
f 4173//4120 1713//1678 1712//1677
f 2504//2459 3031//2979 1435//1412
f 4163//4109 536//528 755//741
f 4937//4946 4712//4685 4711//4684
f 683//673 3488//3430 3546//3488
f 3939//3885 3104//3051 2011//1971
f 3432//3375 2395//2351 1992//1955
f 2401//2357 2400//2356 3971//3915
f 209//209 2527//2481 2115//2075
f 616//608 4315//4272 3007//2956
f 4611//4581 4458//4417 4238//4191
f 3932//3877 3933//3878 4321//4278
f 3618//3559 4758//4738 314//310
f 3613//3554 480//474 4629//4599
s 0
f 2914//1694 489//5096 2915//1697
s 1
f 4007//3950 3322//3265 3085//3034
f 411//405 413//407 1494//1469
f 4649//4620 2692//2641 2691//2640
f 4753//4732 2572//2523 1575//1548
f 3535//3477 4480//4439 3536//3478
f 4690//4662 2639//2590 4264//4217
f 4603//4573 4449//4409 1735//1703
f 3648//3590 1380//1359 2795//2745
f 4825//4811 4762//4742 4200//4147
f 2982//2931 3143//3088 3142//3087
f 2904//2854 2982//2931 3142//3087
f 866//853 3408//3351 3924//3869
f 199//199 3209//3154 1796//1764
f 200//200 199//199 1796//1764
f 1369//1349 1384//1363 4649//4620
f 1564//1537 3636//3578 4544//4508
s 0
f 4938//5031 1708//5031 3757//5097
f 4187//5031 4938//5031 3757//5031
s 1
f 1849//1814 4253//951 966//951
f 2050//2011 2052//2012 2929//2877
f 4748//4727 4123//4071 1969//1932
f 445//439 3569//3510 4646//1677
f 540//532 726//712 541//533
f 4072//4017 2843//2792 4174//4121
f 4852//4845 4765//4745 3112//3059
f 4190//4137 2341//2297 2996//2945
f 4190//4137 2996//2945 4191//4138
f 4172//4119 2264//2221 4173//4120
f 4038//3981 2013//1973 3643//3585
f 4038//3981 3643//3585 3642//3584
f 887//874 2231//2189 3217//3162
f 1872//1837 4412//4372 1873//1838
f 1005//990 4675//4646 1006//991
s 0
f 4096//4837 1407//4837 2782//4837
s 1
f 3450//3393 1013//998 5002//5089
f 3939//3885 2011//1971 3090//3039
f 820//807 4974//5006 3600//3543
f 3684//3627 414//408 416//410
f 3805//3752 423//417 2212//2171
f 812//799 194//194 195//195
s 0
f 2287//3737 900//887 902//887
s 1
f 3026//2975 2430//2386 2429//2385
s 0
f 513//4997 3101//4997 4397//4997
f 4409//4916 2004//4916 4723//4916
s 1
f 1674//1640 280//278 1029//332
f 4128//4076 1514//1487 4261//4214
f 4614//4583 4128//4076 4261//4214
f 1620//1591 4883//4878 3506//3448
f 4653//4626 4489//4447 4898//4893
f 4653//4626 4898//4893 4654//4627
f 744//730 4333//4290 668//658
f 4027//3971 1206//1186 1517//1490
f 3082//3031 4076//4021 4196//4143
f 4779//4760 4290//4245 497//490
s 0
f 4683//1594 3992//1594 2716//1004
s 1
f 2034//1995 447//441 446//440
f 3005//2954 3004//2953 780//766
f 3471//3413 2043//2004 3775//3720
f 4993//5044 4556//4522 1699//1663
f 4826//4812 3030//2801 4979//5016
f 1024//1007 1026//1009 4959//4986
f 2780//2730 2823//2773 1884//1850
f 4256//4209 1567//1540 4624//4594
f 2474//2430 2473//2429 3958//3902
f 3053//3002 1710//1675 4552//4516
f 1949//1912 2788//2738 2559//2513
f 2413//2369 4608//4578 4186//4133
f 4542//4506 2413//2369 4186//4133
f 3295//3238 1735//1703 2172//2130
f 1724//1689 2492//1931 1429//1406
s 0
f 253//5098 2567//5098 254//5098
s 1
f 3966//3910 1287//1267 1289//1269
f 3423//3366 2129//2089 1633//1602
f 1240//1220 557//549 3629//3571
f 3482//3424 4363//4323 3483//3425
f 3457//3400 3002//2951 3003//2952
f 2910//2860 4443//4403 4547//4511
f 3846//3792 1801//1769 1803//1771
f 2568//2221 1998//1961 1997//1960
f 4962//4991 1807//1775 4728//4702
f 3878//3823 4962//4991 4728//4702
f 4423//4383 2689//2638 4454//1630
f 4648//4619 4823//4809 2777//2727
f 2526//2480 1473//1450 4561//4529
f 116//116 1050//1031 111//111
f 4189//4136 1333//1313 2657//2608
f 1267//1247 4189//4136 2657//2608
f 2082//2042 3988//3932 580//572
f 1063//1044 1062//1043 4512//4474
s 0
f 2674//2264 4487//2264 4486//2264
f 2674//2794 4486//2794 4899//2794
s 1
f 3257//3203 3500//3442 3501//3443
f 3074//3023 603//595 3262//3207
f 4403//4365 4080//4025 4380//4341
f 4404//4366 4403//4365 4380//4341
s 0
f 1076//1056 498//1056 4095//1056
s 1
f 4195//4142 1619//1590 3480//3422
f 998//983 4922//4924 999//984
f 1504//1479 1503//1478 3891//3837
f 2028//1989 3924//3869 3013//2962
f 4360//4320 1781//1749 3646//3588
s 0
f 1513//5099 1512//5037 4523//4485
s 1
f 2331//2287 1125//1106 4359//4319
f 2331//2287 4359//4319 2332//2288
f 4819//4802 1593//1566 4628//4598
f 2896//2846 2623//2574 337//333
f 4133//4079 2827//2777 2826//2776
f 1613//1584 3715//3659 4548//4512
f 4251//4204 3344//3288 3256//3202
f 769//755 4438//4399 703//691
f 599//591 4223//4172 3354//3298
f 2520//2474 792//779 4718//4691
f 3040//2989 3435//3378 2254//2211
f 4105//4053 4652//4624 4213//4162
f 2130//2090 3384//3327 1170//1151
f 2439//2395 2438//2394 3562//3503
f 2639//2590 1755//1723 1757//1725
f 2639//2590 1757//1725 2640//2591
f 3212//3157 4941//4951 1280//1260
f 672//662 4210//4159 4460//4419
f 4818//4801 944//928 4819//4802
f 1647//1616 610//602 609//601
f 4759//4739 1647//1616 609//601
f 1724//1689 1429//1406 2901//2851
f 4469//4428 2848//2799 2847//2798
s 0
f 1689//3164 1691//3164 4505//3164
s 1
f 2855//2807 2119//2079 400//394
f 2855//2807 400//394 399//393
f 3606//3549 2175//2133 4743//4721
f 4441//4401 1797//1765 2624//2575
f 2619//2570 262//260 2844//2793
f 2537//2491 3175//3120 1984//1947
f 4719//4692 4006//1056 3742//3686
f 2978//2927 4167//4114 77//77
f 3227//3173 3226//3172 4842//4829
f 3086//3035 1528//1501 1527//1500
f 2105//2065 2986//2935 2723//2673
f 1693//1657 3530//3472 1331//1311
f 623//615 1816//1784 1921//1885
f 247//247 249//249 3566//3507
f 2879//2829 1260//1240 1290//1270
f 4317//4274 500//493 2741//2691
f 4317//4274 2741//2691 1863//1828
f 4484//4443 3091//3040 3564//3505
f 3789//2044 3225//3171 1668//1635
f 2528//2482 3894//3840 3672//3615
f 2528//2482 3672//3615 3660//3602
f 1909//1873 717//703 3241//3187
f 328//324 4605//4575 3173//3118
f 3302//3245 748//734 3650//3592
f 4948//4962 4056//4001 4960//4989
f 1696//1660 4902//4897 898//885
f 2499//2454 3806//3753 4023//3966
f 3496//3438 2373//2329 2495//2450
f 4999//5059 3799//3746 2160//2119
f 3493//3435 3109//3056 884//871
f 1423//1400 1114//1095 3643//3585
f 823//810 4880//4874 824//811
f 3572//3515 3574//3517 4868//4860
f 4151//4097 2903//2853 2906//2856
f 1928//1892 4150//4096 4460//4419
f 3147//3092 942//926 4957//4982
f 3775//3720 2297//2253 3033//2982
f 1627//1596 1186//1166 3382//3023
f 607//599 4432//4394 3720//3664
f 138//138 4682//4655 2818//2768
f 1149//1130 3015//2964 4820//4803
f 647//639 4717//4690 4932//4939
f 3056//3005 4630//4600 3042//2991
f 4126//4074 1295//1275 4127//4075
f 4969//5001 3708//3652 4563//4531
f 4966//4998 4969//5001 4563//4531
f 735//721 734//720 1743//1711
f 2583//2534 3523//3465 4621//4591
f 4956//4976 1668//1635 4330//4287
f 1695//1659 4998//5055 4203//4150
f 3399//3342 4936//4945 4784//4765
f 4806//4788 3963//3907 2046//2007
f 3225//3171 2152//2111 2136//2096
f 2052//2012 3728//3672 2930//2878
f 3404//3347 287//285 4346//4306
f 3053//3002 1048//1029 4236//4187
f 517//509 874//861 518//510
f 3840//3787 932//916 3231//3177
f 1712//1677 1714//1679 4622//4592
f 1279//1259 1278//1258 4084//4030
f 4686//4658 1360//1340 4059//4004
f 1249//1229 4975//5008 652//644
f 4884//4879 4833//4818 1552//1525
f 1286//1266 3290//3234 4812//4795
f 4292//4248 3080//3029 4499//4457
f 3302//3245 814//801 3303//3246
f 3803//3750 3699//3643 4206//4155
f 2832//2782 4508//4985 2833//780
f 2835//2784 2760//2710 2291//2247
f 4255//4208 2684//2633 2750//2700
f 1347//1327 3703//3647 2109//2069
f 326//322 1796//1764 327//323
f 3328//3272 3330//3274 4880//4874
f 4043//3987 914//899 2695//2644
f 3622//3563 3925//3870 335//331
f 4752//4731 3011//2960 847//834
f 4353//4312 4752//4731 847//834
f 448//442 1737//1705 2971//2920
f 1746//1714 15//15 14//14
f 1995//1958 903//888 905//890
f 1025//1008 802//789 4550//4514
f 2107//2067 1000//985 2108//2068
f 2658//2609 305//303 2979//2928
f 3053//3002 4627//4597 332//328
f 3053//3002 332//328 1710//1675
f 2196//2155 2882//2832 1049//1030
f 3257//3203 3501//3443 4975//5008
f 3978//3922 3257//3203 4975//5008
f 1006//991 1195//1175 3699//3643
f 1774//1742 750//736 4921//4923
f 2969//2918 2340//2296 2339//2295
f 2970//2919 2969//2918 2339//2295
s 0
f 832//2026 834//2026 3719//2026
s 1
f 2807//2757 2808//2758 4140//4086
f 3061//3010 2807//2757 4140//4086
f 1814//1782 1548//1521 2555//2509
f 1631//1600 428//422 3215//3160
f 1634//1603 1245//1225 613//605
f 3191//3136 2937//2885 3817//3764
f 3119//3065 3121//3067 2469//2425
f 1674//1640 1029//332 1028//279
f 2742//2692 3373//3316 1864//1829
f 3812//3759 383//379 3813//3760
f 2499//2454 4023//3966 3701//3645
f 1261//1241 1592//1565 3610//3552
f 1704//1668 4248//4201 2325//2281
f 3503//3445 320//316 3778//3723
f 180//180 4526//4489 4493//4451
f 192//192 180//180 4493//4451
f 1569//1542 4761//4741 4412//4372
f 953//937 4963//4994 950//934
f 3041//2990 4998//5055 1793//1761
f 73//73 71//71 2145//2104
f 2757//2707 2756//2706 3261//1655
f 1757//1725 3922//3867 4853//4846
f 4819//4802 4628//4598 248//248
f 696//684 1730//1698 697//685
f 1326//1306 1134//1115 2607//2558
f 2208//2167 2210//2169 2371//2327
f 388//384 2208//2167 2371//2327
f 1053//1034 867//854 1054//1035
f 729//715 67//67 33//33
f 3232//3178 1296//1276 1669//1636
f 1978//1941 4928//4931 4433//4395
f 1140//1121 4220//4169 2185//2143
f 404//398 1391//1370 2151//2110
f 1778//1746 1835//1689 1779//1747
f 2305//2261 4629//4599 4915//4913
f 2419//2375 2305//2261 4915//4913
f 1004//989 1914//1878 1916//1880
f 722//708 1793//1761 1096//1077
f 4621//4591 1112//1093 4382//4343
s 0
f 1689//4463 3307//797 1690//4463
s 1
f 3241//3187 717//703 3242//3188
f 4837//4822 5000//5068 1427//1404
f 4837//4822 1427//1404 3999//3943
f 3688//3631 2793//2743 485//479
f 108//108 2956//2905 435//429
f 108//108 435//429 104//104
f 4312//4269 4622//4592 3807//3754
f 3644//3586 3930//3875 2516//2470
f 1411//1388 624//616 626//618
f 987//972 2525//2479 988//973
f 3416//3359 2703//2652 3831//3778
f 1586//1559 18//18 76//76
f 4679//4652 4997//5052 3959//3903
s 0
f 3750//3732 1826//3732 4859//3732
s 1
f 4800//4780 3555//3497 417//411
f 3143//3088 2059//2019 4291//4247
f 1749//1717 471//465 3049//2998
f 4341//4299 2087//2047 2086//2046
f 1484//2821 1729//1697 2871//2822
f 4998//5055 1127//1108 4400//4362
f 2201//2160 3476//3418 2111//2071
f 1523//1496 1522//1495 1131//1112
f 1516//1489 2315//2271 3936//3881
f 1093//1074 615//607 1145//1126
f 2763//2713 2765//2715 3206//3151
f 3234//3180 2763//2713 3206//3151
f 1904//1868 1529//1502 4943//4954
f 1904//1868 4943//4954 1488//1463
f 4037//3980 4986//5032 2112//2072
f 1740//1708 1687//1653 1741//1709
f 4458//4417 4611//4581 4517//4479
f 4458//4417 4517//4479 2029//1990
f 3898//3844 4823//4809 2369//2325
f 3898//3844 2369//2325 130//130
f 2409//2365 481//475 3164//3109
f 1443//1420 1445//1422 1981//1944
f 4569//4538 4514//4476 640//632
f 4948//4962 4960//4989 2461//2417
f 3106//3053 3107//3054 4941//4951
f 1207//1187 2220//2178 2219//2177
f 952//936 2938//2886 2940//2888
f 2276//2233 952//936 2940//2888
f 3987//3931 3802//3749 586//578
f 186//186 227//227 187//187
f 1953//1916 1486//1461 3565//3506
f 1912//1876 1518//1491 1520//1493
f 4305//4261 931//915 4426//4387
f 4391//4352 5001//5073 3696//3640
f 4391//4352 3696//3640 4392//4353
f 3883//3829 3781//3727 4208//4157
f 3983//3927 1651//1620 3984//3928
f 4326//4283 1437//1414 4639//4611
f 4170//4117 4326//4283 4639//4611
f 2905//2855 4430//4392 3732//3676
f 4376//4337 1993//1956 3771//3716
f 4942//4953 4376//4337 3771//3716
s 0
f 3470//5100 2870//5100 1933//5100
s 1
f 949//933 4860//4853 1197//1177
f 1179//1160 176//176 1304//1284
f 3645//3587 4760//4740 3930//3875
f 2477//2433 1188//1168 3001//2950
f 1817//1785 2371//2327 1920//1884
f 153//153 1544//1517 3098//3047
f 4933//4940 1961//1924 1069//1050
f 4931//4937 4933//4940 1069//1050
f 4485//4444 4885//4880 4846//4836
f 558//550 448//442 2171//2129
f 3646//3588 2260//2217 4476//4435
f 1108//1089 4617//4586 4001//3945
f 1108//1089 4001//3945 4708//4681
f 716//702 2669//2620 3242//3188
f 4445//4405 2173//2131 2175//2133
f 2946//2894 273//271 2947//2895
f 2247//2205 2033//1994 2862//2814
f 1508//1483 4984//5028 2252//2209
f 3341//3285 4476//4435 3562//3503
f 2438//2394 3341//3285 3562//3503
f 1869//1834 101//101 4282//4237
f 3184//3129 1036//1017 1035//1016
f 1153//1134 1155//1136 1386//1365
f 469//463 323//319 3751//3696
f 3917//3862 2345//2301 2347//2303
f 2728//2677 1904//1868 1903//1867
f 3771//3716 3770//3715 1032//1013
f 355//351 4389//4350 4556//4522
f 356//352 355//351 4556//4522
f 2507//1350 4021//3964 2505//2460
f 4946//4957 1464//1441 4753//4732
f 1855//1820 4171//4118 1211//1191
f 4574//4543 3161//3106 3162//3107
f 4574//4543 3162//3107 4982//5024
f 3317//3260 3319//3262 2164//2123
f 1793//1761 4998//5055 1695//1659
f 1684//1650 1683//1649 4798//4778
f 299//297 1507//1482 300//298
f 4726//4699 3740//3684 3695//3639
f 3405//3348 2227//2185 3252//3198
f 2774//2724 2583//2534 2273//2230
f 2678//2627 1153//1134 3384//3327
f 4622//4592 1714//1679 3469//3412
f 4865//4858 3030//2801 4866//4859
f 754//740 756//742 3759//3704
f 4390//4351 4392//4353 1044//1025
f 2693//2642 3461//3404 3460//3403
f 4941//4951 3107//3054 1281//1261
f 4985//5029 4864//4857 3279//3224
f 1289//1269 2039//2000 2038//1999
f 171//171 1192//1172 1191//1171
f 3014//2963 3013//2962 1367//1347
f 2766//2716 4808//4790 3794//3741
f 3519//3461 2045//2006 4748//4727
f 348//344 3973//3917 3017//2966
f 802//789 4202//4149 803//790
f 4477//4436 2734//2683 1077//1058
f 4374//4335 4991//5042 4980//5019
f 4330//4287 1668//1635 2762//2712
f 1431//1408 1433//1410 1165//1146
s 0
f 1826//5101 4487//5101 4906//2796
s 1
f 1094//1075 616//608 615//607
f 3774//3719 1711//1676 88//88
f 3774//3719 88//88 4447//4407
f 3879//3824 4728//4702 4457//4416
f 3705//3649 3934//3879 2897//2847
f 3397//3340 2959//2908 3656//3598
f 4301//4257 3906//3852 4379//4340
f 3240//3186 3239//3185 4429//4391
f 279//277 3584//3527 1431//1408
f 279//277 1431//1408 2079//2039
f 944//928 943//927 1594//1567
f 2391//2347 2953//2902 2954//2903
f 4596//4566 2611//2562 1317//1297
f 1981//1944 2660//2611 1595//1568
f 2790//2740 4021//3964 2507//1350
s 0
f 2008//2988 3948//2988 3949//2988
s 1
f 1978//1941 4433//4395 1979//1942
f 2759//2709 4072//4017 4071//4016
f 2760//2710 2759//2709 4071//4016
s 0
f 4830//3158 4674//3158 489//3158
s 1
f 1797//1765 1799//1767 2849//2800
f 700//688 3966//3910 701//689
f 2833//780 3213//3214 3269//3991
f 2655//2606 2656//2607 2654//2605
f 3657//3599 1633//1602 3201//3146
f 3657//3599 3201//3146 3200//3145
f 1839//1804 4402//4364 4848//4839
s 0
f 4153//4100 397//5101 4859//2264
s 1
f 2142//2101 1189//1169 1188//1168
f 537//529 839//826 538//530
f 1947//1910 1949//1912 1310//1290
f 3640//3582 1645//1614 1404//1383
f 4791//4772 3210//3155 3209//3154
f 3846//3792 1803//1771 3359//3303
f 2564//2517 2566//2518 4905//4901
f 4052//3997 3462//3405 4286//4241
f 4052//3997 4286//4241 2387//2343
f 3912//3858 3785//3731 3824//3771
f 2557//2511 3912//3858 3824//3771
f 2088//2048 2189//2148 4350//4310
f 2972//2921 4348//4308 4546//4510
f 3797//3744 3799//3746 4999//5059
f 2430//2386 3996//3940 3560//3502
f 1352//1332 3100//3049 4543//4507
f 721//707 720//706 3509//3451
f 721//707 3509//3451 1400//1379
f 3405//3348 3254//3200 4545//4509
f 3610//3552 3405//3348 4545//4509
f 4680//4653 3033//2982 3034//2983
f 2685//2634 4329//4286 2686//2635
f 4635//4605 3997//3941 4805//4787
f 163//163 1551//1524 1023//1006
f 1558//1531 1560//1533 3106//3053
f 4307//4263 2963//2912 2962//2911
f 1267//1247 2657//2608 829//816
f 285//283 263//261 262//260
f 3839//3786 3838//3785 3083//3032
f 2192//2151 4606//4576 2193//2152
f 3182//3127 667//657 669//659
f 2791//2741 4035//3978 995//980
f 4085//4031 3234//3180 3233//3179
f 1587//1560 1589//1562 3349//3293
f 4322//4279 2577//2528 2576//2527
f 549//541 3229//3175 1533//1506
f 549//541 1533//1506 1532//1505
f 4764//4744 4726//4699 3695//3639
f 4189//4136 1331//1311 1333//1313
f 3687//3630 3542//3484 3545//3487
f 3461//3404 1271//1251 2776//2726
f 4788//4769 754//740 3759//3704
f 4217//4166 4879//4871 201//201
s 0
f 1826//5102 1612//5102 4487//5102
s 1
f 1942//1905 1967//1930 1573//1546
f 1344//1324 917//902 2697//2646
f 4610//4580 3769//3714 4989//5036
f 4463//4422 378//374 2875//2825
f 4645//4617 1911//1875 1913//1877
f 1613//1584 3716//3660 3715//3659
f 4991//5042 4972//5004 4432//4394
f 3601//3544 1074//1055 21//21
f 1799//1767 2436//2392 2122//2082
f 4136//4714 1511//3324 4137//505
f 3664//3606 4390//4351 4949//4963
f 2505//2460 3914//2498 2506//2461
f 3110//3057 3112//3059 4766//4746
f 4044//3988 4515//4477 4343//4301
s 0
f 3308//5103 695//5103 3663//5103
s 1
f 2681//2630 2822//2772 1204//1184
f 3283//3227 3685//3628 4907//4902
f 1698//1662 3283//3227 4907//4902
f 3725//3669 4513//4475 2899//2849
f 4716//4689 4386//4347 1554//1527
f 2819//2769 4014//3957 2820//2770
f 2850//2801 3747//3691 2851//2802
f 2854//2806 277//275 2078//2038
f 2854//2806 2078//2038 4500//4458
f 4698//4670 3455//3398 2907//2857
f 2349//2305 3224//3170 625//617
f 4424//4385 2275//2232 4015//3958
f 4625//4595 3649//3591 1947//1910
f 2027//1988 906//891 3924//3869
f 2027//1988 3924//3869 2028//1989
f 3166//3111 4706//4679 4193//4140
f 1156//1137 1157//1138 2184//2142
f 2222//2180 1156//1137 2184//2142
f 1518//1491 4329//4286 1519//1492
f 1663//4536 1662//4384 3105//3052
f 3620//3561 3366//3309 4189//4136
f 2112//2072 346//342 3538//3480
f 4970//5002 4600//4570 2769//2719
f 2341//2297 4970//5002 2769//2719
f 711//3638 2199//2158 782//769
f 2977//2926 2976//2925 3286//3230
f 3687//3630 3686//3629 3542//3484
f 4058//4003 4703//4676 3704//3648
f 4058//4003 3704//3648 1444//1421
f 1884//1850 1883//1849 2051//1227
f 3536//3478 635//627 2014//1974
f 1256//1236 1255//1235 403//397
f 1256//1236 403//397 402//396
f 3865//3810 2194//2153 4736//4711
f 3235//3181 4064//4009 3576//3519
f 4577//4546 4704//4677 2636//2587
f 4799//4779 4988//5035 4999//5059
f 1068//1049 213//213 2724//2674
f 4805//4787 1535//1508 1534//1507
f 1232//1212 1608//1581 1670//3724
f 1232//1212 1670//3724 3899//4057
f 1919//1883 4914//4988 1917//1881
f 3356//3300 3363//3307 2710//2659
f 4020//3963 4847//4838 890//877
f 2517//2471 4296//4252 2511//2465
s 0
f 308//4099 2868//4099 3470//4099
s 1
f 742//728 741//727 4510//4472
f 3078//3027 3826//3773 437//431
f 3173//3118 3175//3120 2537//2491
f 1296//1276 4615//4584 1297//1277
f 3450//3393 5002//5089 998//983
f 3600//3543 1073//1054 1074//1055
f 356//352 1811//1779 357//353
f 3582//3525 4566//4534 1976//1939
f 1975//1938 3582//3525 1976//1939
f 150//150 4763//4743 4597//4567
f 2987//2936 3485//3427 4281//4236
f 605//597 604//596 3346//3290
f 2408//2364 144//144 143//143
f 145//145 2408//2364 143//143
f 4694//4666 4695//4667 1446//1423
f 3377//3320 3514//3456 775//761
f 3377//3320 775//761 774//760
f 3700//3644 4939//4948 2590//2540
f 751//737 2712//2661 4885//4880
f 751//737 4885//4880 752//738
f 3070//3019 528//520 3969//3913
f 4386//4347 4399//4361 4863//4856
f 4386//4347 4863//4856 1554//1527
f 1974//1937 1024//1007 4959//4986
f 2488//2444 1700//1664 4517//4479
f 4937//4946 4711//4684 3473//3415
f 4121//4069 4937//4946 3473//3415
f 5002//5089 1013//998 4011//3954
f 3564//3505 4519//4481 4521//4483
f 1921//1885 1920//1884 3906//3852
f 1259//1239 4697//4669 3901//3847
f 4222//4171 2564//2517 4275//4230
f 1138//1119 2979//2928 906//891
f 3134//3079 2342//2298 572//564
f 383//379 2877//2827 4435//4396
f 399//393 401//395 2535//2489
f 2645//2596 2644//2595 4400//4362
f 254//5077 1997//1960 3304//3247
f 2579//2530 4518//4480 2580//2531
f 3860//3806 1117//1098 3054//3003
f 4416//4376 3741//3685 3452//3395
f 3944//3890 2006//4029 4693//3745
f 794//781 2021//1981 634//626
f 4323//4280 3328//3272 4880//4874
f 1384//1363 3157//3102 2715//2664
f 2624//2575 2849//2800 3706//3650
f 957//941 4665//4639 4981//5023
f 3801//3748 3802//3749 4014//3957
f 4498//4456 4258//4211 4757//4737
f 4498//4456 4757//4737 2010//1970
f 2857//2809 2618//2569 4418//4378
f 133//133 2101//2061 863//850
f 133//133 863//850 131//131
f 2337//2293 4304//4260 2578//2529
f 3298//3241 4038//3981 3642//3584
f 4879//4871 676//666 201//201
f 636//628 2671//2622 575//567
f 1894//1858 1893//1857 4704//4677
f 4589//4558 4117//4065 3183//3128
f 4525//4488 2036//1997 4141//4087
f 1436//1413 4688//4660 854//841
f 2437//2393 4747//4725 2463//2419
f 4764//4744 3695//3639 2502//2457
f 2413//2369 2412//2368 4608//4578
f 3666//3609 3976//3920 3794//3741
f 4535//4498 3983//3927 4209//4158
f 4005//3949 4521//4483 4249//4202
f 3925//3870 3877//3822 336//332
f 1510//1485 2253//2210 2252//2209
f 2069//2030 2071//2032 3515//3457
f 1263//1243 4245//4198 4485//4444
f 4911//4908 1497//1472 922//906
f 2314//2270 4558//4526 2960//2909
f 4962//4991 4797//4777 474//468
f 2342//2298 3133//3078 2343//2299
f 2075//266 3370//3313 2073//2034
f 3836//3783 3573//3516 3572//3515
f 1442//1419 3836//3783 3572//3515
f 1820//1788 149//149 2255//2212
f 3665//3608 3666//3609 4808//4790
f 138//138 2818//2768 2817//2767
f 139//139 138//138 2817//2767
f 450//444 379//375 378//374
f 3651//3593 750//736 1774//1742
f 1739//1707 2603//2554 800//787
f 2315//2271 2314//2270 3804//3751
f 4101//4044 2390//2346 3944//3890
f 4559//4527 4101//4044 3944//3890
f 134//134 4590//4559 3193//3138
f 3139//3084 4274//4229 3140//3085
f 3611//1747 3040//2989 2967//2916
f 3399//3342 1622//1593 3220//3166
f 3399//3342 3220//3166 1139//1120
f 3820//3767 4739//4715 1787//1755
f 2753//2703 45//45 5//5
f 4036//3979 2727//2676 4800//4780
f 521//513 523//515 2456//2412
f 3950//3895 2438//2394 2437//2393
f 2462//2418 3950//3895 2437//2393
f 2459//2415 3602//3545 4229//4179
f 4646//1677 3569//3510 4635//4605
f 1357//1337 3397//3340 3656//3598
f 3619//3560 3381//3325 4924//4926
f 4627//4597 4643//4615 332//328
f 1262//1242 468//462 321//317
f 4436//4397 3233//3179 3235//3181
f 4667//4641 4094//4040 4990//5040
f 1306//1286 643//635 1307//1287
f 1430//1407 789//776 3812//3759
f 3045//2994 1339//1319 4918//4920
f 766//752 3203//3148 4306//4262
f 3114//3061 1795//1763 326//322
f 1913//1877 1912//1876 3360//3304
f 2983//2932 2982//2931 4996//5051
f 1842//1807 3484//3426 3961//3905
f 3385//4932 681//671 3547//3489
f 4839//4826 4768//4748 548//540
f 1107//1088 4870//4862 4494//4452
f 4970//5002 3402//3345 258//256
f 2732//2681 2731//2680 4387//4348
f 1563//1536 1562//1535 1557//1530
f 2783//2733 101//101 119//119
f 2392//2348 2101//2061 133//133
f 132//132 2392//2348 133//133
f 1920//1884 2210//2169 2284//2241
f 1834//1801 1833//1800 2447//2403
f 2477//2433 128//128 130//130
f 4050//3995 3059//3008 126//126
f 325//321 3099//3048 4894//4889
f 325//321 4894//4889 1312//1292
f 530//522 2261//2218 4176//4123
f 3248//3194 2753//2703 5//5
f 3248//3194 5//5 4//4
f 4510//4472 1936//1899 3036//2985
f 4221//4170 1658//1627 4419//4379
f 4221//4170 4419//4379 894//881
f 971//956 970//955 4500//4458
f 2258//2215 1652//1621 4929//4933
f 3446//3389 2258//2215 4929//4933
f 4115//4063 1525//1498 2263//2220
f 96//96 230//230 232//232
f 95//95 96//96 232//232
f 3333//3277 2245//2203 3334//3278
f 286//284 288//286 2906//2856
f 1605//1578 4152//4098 4946//4957
f 2772//2722 928//912 342//338
f 959//943 4452//4412 3132//3077
s 0
f 2674//3776 4899//3776 1999//3776
s 1
f 3372//3315 1861//1826 1864//1829
f 3483//3425 4363//4323 4726//4699
f 821//808 2731//2680 2733//2682
s 0
f 2869//4726 1838//4726 2870//4726
s 1
f 734//720 2530//2484 1571//1544
s 0
f 2839//5104 1012//5105 710//5104
s 1
f 4995//5050 2346//2302 2983//2932
f 4995//5050 2983//2932 4996//5051
f 2685//2634 880//867 4034//3977
f 2685//2634 4034//3977 4329//4286
f 4130//4078 4129//4077 2356//2312
f 2088//2048 2419//2375 2086//2046
f 3994//3938 3993//3937 4923//4925
f 2450//2406 1763//1731 2451//2407
f 2533//2487 4826//4812 3409//3352
f 882//869 1764//1732 4954//4972
s 0
f 2812//2762 4409//2762 1319//2762
s 1
f 4964//4995 3205//3150 3904//3850
f 4461//4420 3278//3223 3430//3373
f 3896//3842 2952//2900 983//968
f 2//2 78//78 4415//4375
f 592//584 2//2 4415//4375
f 4040//3983 4039//3982 3064//3013
f 4040//3983 3064//3013 2587//2538
f 4973//5005 4176//4123 4792//4773
f 3174//3119 4671//4645 4528//4491
f 3567//3508 3566//3507 4878//4870
f 3197//3142 4579//4548 2076//2036
f 2955//2904 3197//3142 2076//2036
f 4858//4852 971//956 4093//4039
f 4836//4821 2628//2579 2489//2445
f 4291//4247 2061//2021 4484//4443
f 3134//3079 2632//2583 3135//3080
f 2069//2030 3515//3457 2808//2758
f 1133//1114 503//496 1946//1909
f 4413//4373 3306//3249 1957//1920
f 4751//4730 2785//2735 1880//1846
f 1806//1774 4275//4230 4276//4231
f 2417//2373 1975//1938 1341//1321
f 4612//4582 3512//3454 4852//4845
f 510//503 3394//3337 3236//3182
f 2985//2934 4024//3967 379//375
f 957//941 4981//5023 958//942
f 924//908 3021//2970 2156//2115
f 4639//4611 1437//1414 4025//3968
f 4225//4175 4812//4795 4838//4825
f 4225//4175 4838//4825 4226//4176
f 4083//4028 4082//4027 4921//4923
f 4083//4028 4921//4923 4641//4613
f 3345//4519 3304//3247 4537//4501
f 707//695 4651//4622 566//558
f 1346//1326 2569//2520 1675//1641
f 1155//1136 4172//4119 3880//3826
f 1109//1090 2590//2540 3505//3447
f 1557//1530 3913//4786 2505//2460
f 3034//2983 993//978 1848//1813
f 3034//2983 1848//1813 4967//4999
f 3518//3460 3014//2963 3563//3504
f 1097//1078 2235//2193 3668//3611
f 794//781 941//925 4793//3401
f 839//826 3490//3432 676//666
f 839//826 676//666 4879//4871
f 3175//3120 3174//3119 1982//1945
