# Blender 4.0.0
# www.blender.org
mtllib temp.mtl
o Mesh1
v 0.171986 -0.215566 -0.075047
v 0.177090 -0.214695 -0.060503
v 0.187920 -0.216987 -0.075510
v 0.188430 -0.215080 -0.059492
v -0.177347 -0.201866 -0.090382
v -0.185891 -0.212512 -0.093424
v -0.175908 -0.202694 -0.087322
v -0.183422 -0.210891 -0.083642
v -0.184347 -0.220954 -0.102583
v -0.195270 -0.220205 -0.103013
v -0.193682 -0.212052 -0.093340
v -0.193279 -0.210915 -0.084387
v -0.200043 -0.216281 -0.099468
v -0.146985 -0.026441 -0.606995
v -0.140848 -0.028887 -0.584876
v -0.156123 -0.027906 -0.592790
v 0.964775 0.007869 -0.301997
v 0.971013 0.022441 -0.314009
v 0.968195 0.008030 -0.308258
v 0.975070 0.018244 -0.316218
v -0.162981 -0.216824 -0.087453
v -0.169735 -0.215270 -0.094052
v -0.168207 -0.214931 -0.075837
v 0.013185 -0.166912 0.668621
v 0.013552 -0.167674 0.662673
v 0.007644 -0.167307 0.666573
v 0.013264 -0.162892 0.674414
v 0.066797 -0.120935 -0.354769
v 0.064137 -0.114222 -0.378149
v 0.077977 -0.093193 -0.359390
v 0.186820 -0.217406 -0.050736
v 0.197913 -0.221551 -0.052468
v 0.199365 -0.221772 -0.047070
v 0.112838 -0.039263 -0.530965
v 0.116799 -0.036753 -0.546233
v 0.123181 -0.041955 -0.521729
v 0.116684 -0.040352 -0.514583
v -0.016964 0.113416 -0.592654
v -0.014016 0.076497 -0.626081
v -0.017363 0.066017 -0.565728
v -0.029517 0.019846 -0.393339
v -0.027484 0.019486 -0.423651
v -0.052987 0.005979 -0.390009
v -0.091030 -0.071427 0.625730
v -0.096141 -0.091465 0.600688
v -0.090822 -0.093645 0.635969
v 0.146292 0.247961 -0.749330
v 0.176559 0.244391 -0.761457
v 0.156225 0.249723 -0.758225
v -0.030171 0.033464 -0.066983
v -0.003622 0.037844 -0.038578
v -0.000782 0.038462 -0.093932
v -0.173056 -0.180120 -0.084070
v -0.173193 -0.180328 -0.076142
v -0.172561 -0.191113 -0.084271
v -0.116407 -0.038389 -0.529407
v -0.118361 -0.034539 -0.551047
v -0.085832 -0.037772 -0.545476
v -0.642923 -0.107098 -0.129068
v -0.578163 -0.115618 -0.120575
v -0.579971 -0.116080 -0.092921
v -0.192276 -0.174312 -0.073162
v -0.184829 -0.173667 -0.081743
v -0.181800 -0.173676 -0.074071
v -0.153391 -0.168577 -0.163552
v -0.119103 -0.172099 -0.178842
v -0.126285 -0.173529 -0.140496
v -0.005193 0.165204 -0.574764
v -0.012090 0.158566 -0.591217
v -0.011010 0.140856 -0.561767
v -0.699278 -0.084235 -0.071183
v -0.668977 -0.081529 -0.086865
v -0.702824 -0.078385 -0.099561
v -0.167457 -0.250681 -0.138886
v -0.167459 -0.236654 -0.136030
v -0.156062 -0.234158 -0.133485
v -0.156469 -0.251650 -0.135497
v -0.208093 0.018941 -0.278082
v -0.210455 0.008130 -0.248547
v -0.202124 0.028078 -0.242836
v -0.151622 0.003008 -0.567603
v -0.153198 0.005106 -0.589029
v -0.147282 0.006394 -0.573513
v 0.034419 -0.164268 0.377805
v 0.053005 -0.156118 0.335448
v 0.053074 -0.155950 0.396242
v 0.084184 -0.121105 -0.272500
v 0.092151 -0.127807 -0.227737
v 0.089264 -0.135802 -0.276300
v -0.000707 -0.003483 -0.759819
v 0.004553 -0.002671 -0.753998
v 0.006166 -0.016773 -0.754727
v 0.041879 -0.162581 0.282441
v 0.062108 -0.162173 0.286017
v 0.050479 -0.158872 0.305959
v 0.934085 -0.061348 -0.273042
v 0.941192 -0.044055 -0.270401
v 0.942580 -0.044346 -0.278729
v -0.074651 -0.124061 0.705360
v -0.080027 -0.127949 0.660266
v -0.073286 -0.134487 0.685654
v 0.099534 -0.160545 -0.209103
v 0.097222 -0.137497 -0.198773
v 0.100039 -0.155965 -0.200170
v -0.197521 0.242677 -0.765331
v -0.158304 0.249950 -0.758348
v -0.186330 0.248133 -0.768681
v -0.209410 0.236955 -0.908443
v -0.187150 0.238715 -0.905766
v -0.183646 0.236383 -0.899575
v 0.094259 -0.171087 0.154784
v 0.092681 -0.173996 0.144629
v 0.112570 -0.169243 0.139237
v -0.028865 -0.096251 -0.580286
v -0.014488 -0.106575 -0.585726
v -0.034225 -0.108080 -0.532721
v -0.043684 -0.097621 -0.526426
v -0.040494 -0.086291 -0.569474
v 0.001057 0.225702 -0.656581
v -0.000716 0.215629 -0.642964
v 0.005127 0.225087 -0.659422
v 0.066698 -0.147661 0.335118
v 0.068186 -0.149539 0.316396
v 0.076220 -0.142322 0.317411
v 0.078865 -0.136856 0.330884
v -0.440275 -0.104597 -0.088241
v -0.462347 -0.100870 -0.065180
v -0.420374 -0.104309 -0.057592
v 0.154414 0.030855 -0.520607
v 0.169019 0.027965 -0.524694
v 0.171044 0.023581 -0.556950
v -0.022472 -0.215248 0.628715
v -0.025150 -0.206630 0.624213
v -0.022403 -0.210808 0.614981
v 0.019076 0.264983 -0.727140
v 0.036278 0.262098 -0.722459
v 0.040407 0.263693 -0.734195
v -0.296587 -0.123890 0.068002
v -0.315852 -0.127383 0.063787
v -0.283278 -0.127687 0.077569
v -0.121118 -0.019632 -0.557648
v -0.114613 -0.020276 -0.548513
v -0.110540 -0.022767 -0.552954
v -0.082171 -0.009958 -0.277178
v -0.077053 -0.003481 -0.251107
v -0.070499 0.001458 -0.271246
v -0.143918 0.249230 -0.856420
v -0.109555 0.252800 -0.834105
v -0.115720 0.243650 -0.874254
v -0.004850 0.271924 -0.841526
v 0.005228 0.270772 -0.849329
v -0.000908 0.270718 -0.899330
v -0.050832 0.029398 0.458471
v -0.040768 0.033368 0.463604
v -0.037862 0.034666 0.427896
v 0.397274 -0.139865 -0.055586
v 0.333826 -0.147851 -0.084946
v 0.367730 -0.143219 -0.087900
v 0.475043 -0.122308 -0.189865
v 0.506371 -0.118159 -0.194454
v 0.490774 -0.122655 -0.165381
v 0.188879 -0.029673 -0.214996
v 0.185166 -0.046590 -0.220858
v 0.202385 -0.029868 -0.222408
v -0.095983 -0.164692 -0.277982
v -0.090952 -0.161915 -0.299950
v -0.089350 -0.166942 -0.275353
v 0.523190 -0.123952 -0.054226
v 0.577970 -0.115592 -0.050662
v 0.539421 -0.119842 -0.032903
v 0.420798 -0.128227 -0.193640
v 0.438003 -0.120372 -0.182017
v 0.461043 -0.121114 -0.195279
v 0.855870 -0.083205 -0.155352
v 0.876515 -0.080345 -0.143138
v 0.861854 -0.081239 -0.134803
v 0.969667 0.009220 -0.243153
v 0.973962 0.027003 -0.264241
v 0.965983 0.008902 -0.245803
v 0.048020 -0.108851 0.825633
v 0.035342 -0.112063 0.864660
v 0.041504 -0.125153 0.856950
v 0.050766 -0.121934 0.821570
v -0.014732 -0.168677 0.265178
v -0.009165 -0.170363 0.219064
v 0.003453 -0.172247 0.225292
v 0.001239 -0.170646 0.282588
v 0.198236 -0.174723 -0.160499
v 0.204917 -0.172514 -0.160099
v 0.204902 -0.173151 -0.134201
v 0.198361 -0.175854 -0.137411
v 0.154136 0.011261 -0.616781
v 0.152241 0.015757 -0.607906
v 0.160843 0.007950 -0.604700
v -0.089946 -0.150957 0.296967
v -0.087462 -0.161628 0.281096
v -0.077296 -0.153402 0.310620
v 0.295520 -0.161788 -0.161852
v 0.305247 -0.167889 -0.170374
v 0.304639 -0.159660 -0.148728
v 0.089161 -0.047000 -0.327588
v 0.091555 -0.067589 -0.312319
v 0.085046 -0.065219 -0.363738
v 0.085918 -0.048292 -0.357310
v -0.201838 0.020181 -0.455137
v -0.208051 0.009721 -0.457270
v -0.208169 0.013461 -0.430038
v -0.176924 -0.246511 -0.138027
v -0.175983 -0.269000 -0.128139
v -0.177451 -0.268183 -0.120658
v -0.929602 -0.058854 -0.257919
v -0.925244 -0.056016 -0.223405
v -0.914346 -0.062952 -0.243798
v -0.020635 -0.133750 -0.459107
v -0.009715 -0.132597 -0.466608
v -0.002486 -0.137641 -0.441231
v 0.107544 -0.088415 -0.130458
v 0.103394 -0.113103 -0.116576
v 0.096344 -0.116458 -0.154503
v 0.006414 0.210151 -0.644001
v -0.109970 -0.067285 0.028545
v -0.114129 -0.088481 -0.012731
v -0.111468 -0.103343 0.032980
v 0.041627 -0.154441 0.774117
v 0.043946 -0.146040 0.813842
v 0.035324 -0.152854 0.829353
v 0.152022 -0.222237 -0.074825
v 0.148879 -0.235323 -0.072435
v 0.151118 -0.220150 -0.065391
v 0.129926 -0.016626 -0.567755
v 0.133559 -0.020683 -0.564388
v 0.139508 -0.020373 -0.588747
v 0.136082 -0.013163 -0.581040
v -0.076104 -0.030735 -0.417145
v -0.073913 -0.032807 -0.435891
v -0.078294 -0.047622 -0.413353
v 0.242833 -0.137726 0.094831
v 0.213137 -0.143894 0.109604
v 0.235119 -0.145775 0.097569
v -0.222902 -0.275853 -0.071824
v -0.211600 -0.277899 -0.073136
v -0.208049 -0.269555 -0.056991
v 0.001715 -0.112480 -0.580114
v 0.012372 -0.104032 -0.595434
v 0.010055 -0.112446 -0.571787
v -0.125399 -0.020624 -0.560904
v -0.119516 -0.026265 -0.570102
v -0.020329 -0.134899 0.918591
v -0.031756 -0.135224 0.890376
v -0.019951 -0.142463 0.916974
v -0.244655 -0.120627 -0.050888
v -0.197583 -0.122511 -0.001240
v -0.205479 -0.124230 -0.048372
v 0.010738 -0.171090 0.185631
v 0.025793 -0.173069 0.143647
v 0.031045 -0.169467 0.196080
v -0.117842 -0.033041 -0.242426
v -0.108910 -0.023899 -0.253521
v -0.110037 -0.019675 -0.231051
v 0.014521 0.206891 -0.720147
v 0.015227 0.195840 -0.684622
v 0.014741 0.188673 -0.707316
v -0.185657 -0.218537 -0.116919
v -0.174474 -0.224035 -0.128714
v -0.187369 -0.228620 -0.120586
v 0.057957 0.014583 -0.180058
v 0.063865 0.014291 -0.108015
v 0.081408 -0.005366 -0.141031
v -0.174076 0.040243 -0.219228
v -0.158426 0.043813 -0.219100
v -0.158013 0.048243 -0.225561
v -0.027034 -0.161527 0.651972
v -0.039398 -0.160899 0.623520
v -0.027376 -0.161881 0.630897
v -0.016581 -0.126045 -0.483394
v -0.001711 -0.130346 -0.490158
v -0.020593 -0.167883 0.624909
v -0.024900 -0.182455 0.627087
v -0.022685 -0.181686 0.636225
v -0.021289 -0.168351 0.633977
v -0.062047 -0.152884 0.488069
v -0.043293 -0.161778 0.492488
v -0.060489 -0.154328 0.544524
v 0.123240 -0.047715 -0.423053
v 0.134416 -0.055424 -0.434262
v 0.129041 -0.052555 -0.375298
v -0.077450 -0.006119 -0.321215
v -0.079179 -0.007160 -0.302337
v -0.071292 -0.003456 -0.303697
v 0.008206 -0.159152 -0.324047
v 0.018754 -0.155800 -0.343335
v 0.018527 -0.160337 -0.322814
v 0.037839 -0.137991 0.863086
v 0.030493 -0.136449 0.890058
v 0.034089 -0.147183 0.859290
v -0.203045 -0.036037 -0.240324
v -0.206763 -0.034154 -0.263823
v -0.198446 -0.043691 -0.242694
v 0.010243 0.003941 -0.648204
v 0.012226 0.006932 -0.609556
v 0.023603 -0.002218 -0.623935
v -0.142240 0.045569 -0.326669
v -0.128673 0.038483 -0.310556
v -0.129610 0.039467 -0.337713
v 0.634025 -0.093285 -0.185252
v 0.674283 -0.090753 -0.205791
v 0.649222 -0.095270 -0.208930
v -0.067191 -0.137652 0.716889
v -0.059783 -0.146030 0.719802
v -0.062876 -0.137832 0.746591
v 0.045673 0.028792 0.512139
v 0.061022 0.021195 0.497658
v 0.047014 0.030135 0.467919
v -0.046265 -0.195404 0.625610
v -0.033774 -0.190805 0.625647
v -0.708212 -0.091051 -0.071068
v -0.731144 -0.092261 -0.080750
v -0.692567 -0.099188 -0.071021
v 0.014553 0.124188 -0.562783
v 0.011686 0.124357 -0.544394
v 0.014183 0.105241 -0.526563
v 0.011100 0.246602 -0.848690
v 0.015485 0.247793 -0.840946
v 0.024622 0.243751 -0.867575
v -0.002094 -0.145805 0.935136
v 0.003040 -0.145107 0.932935
v 0.006732 -0.135977 0.934994
v -0.002634 -0.134319 0.936650
v 0.091487 0.232655 -0.842568
v 0.124369 0.236434 -0.879088
v 0.156161 0.231895 -0.862614
v 0.045490 -0.182129 0.002670
v 0.086539 -0.180836 -0.040251
v 0.091411 -0.179916 -0.000877
v -0.026205 -0.163097 0.688332
v -0.023649 -0.172503 0.685359
v -0.021536 -0.167009 0.690706
v 0.022984 0.235103 -0.792168
v 0.025295 0.234961 -0.811186
v 0.076311 0.230306 -0.796200
v 0.080744 -0.163575 0.278403
v 0.082928 -0.165448 0.266088
v 0.090696 -0.162309 0.265513
v -0.067497 0.018578 0.390617
v -0.070355 0.015989 0.470041
v -0.062087 0.022774 0.451416
v 0.082682 0.000427 0.266264
v 0.091729 -0.013389 0.323052
v 0.092304 -0.015366 0.273786
v 0.069039 0.003735 0.578861
v 0.076746 -0.011443 0.583417
v 0.076859 0.002558 0.534864
v 0.957474 -0.019983 -0.303733
v 0.971723 -0.000885 -0.307204
v 0.002903 -0.172788 0.187872
v 0.099859 -0.041429 -0.155009
v 0.099180 -0.031474 -0.083963
v 0.103637 -0.046536 -0.099640
v -0.043172 0.023216 -0.219474
v -0.041340 0.026275 -0.173313
v -0.032153 0.029745 -0.181795
v -0.428285 -0.111264 0.017260
v -0.401748 -0.116915 0.029285
v -0.394591 -0.112998 0.026638
v 0.064727 0.014336 0.537678
v 0.080249 0.004607 0.502129
v 0.191312 0.247910 -0.772650
v 0.199683 0.243880 -0.769183
v 0.221767 0.245348 -0.781749
v 0.159100 -0.167313 -0.154463
v 0.187412 -0.162372 -0.160285
v 0.185916 -0.164009 -0.131940
v -0.436374 -0.102595 -0.025505
v 0.919903 -0.068995 -0.260004
v 0.939488 -0.066776 -0.268554
v 0.938960 -0.067860 -0.225067
v -0.102630 -0.146545 -0.163479
v -0.098723 -0.139280 -0.153061
v -0.099089 -0.143058 -0.167428
v 0.174614 -0.258155 -0.073926
v 0.176396 -0.250692 -0.061554
v 0.171016 -0.272625 -0.063327
v 0.170894 -0.277209 -0.073791
v 0.059753 0.020133 -0.031084
v 0.060205 0.020603 0.010451
v 0.067875 0.015110 -0.006123
v -0.150462 0.025762 -0.553622
v -0.149039 0.031766 -0.511073
v -0.135146 0.025446 -0.535779
v 0.103707 -0.091156 0.214627
v 0.096030 -0.111835 0.238315
v 0.098016 -0.112764 0.205755
v 0.100382 -0.084307 -0.215952
v 0.104536 -0.087935 -0.163557
v 0.096338 -0.094924 -0.224848
v -0.069933 0.002400 -0.226601
v -0.068648 0.006503 -0.182566
v -0.056782 0.015888 -0.193846
v -0.042776 0.030290 0.022923
v -0.044873 0.029143 -0.030402
v -0.058178 0.022523 0.042225
v 0.129078 0.022808 -0.531028
v 0.141269 0.034868 -0.477700
v 0.139076 0.027333 -0.529437
v -0.103681 -0.124260 -0.105266
v -0.101536 -0.131802 -0.121330
v -0.106656 -0.134387 -0.098083
v -0.089423 -0.017759 -0.240891
v 0.222527 0.247866 -0.791671
v 0.241781 0.245641 -0.792783
v 0.113008 -0.035647 -0.315228
v 0.114343 -0.037031 -0.328557
v 0.124808 -0.045888 -0.297971
v 0.124900 -0.175031 -0.128570
v 0.140949 -0.172760 -0.148263
v 0.155187 -0.172547 -0.106721
v 0.268320 0.235891 -0.791805
v 0.258566 0.230966 -0.795831
v 0.279664 0.230189 -0.801599
v -0.297499 0.230484 -0.804492
v -0.284039 0.229663 -0.802418
v -0.270260 0.234396 -0.792809
v -0.018049 -0.195961 0.661316
v -0.024689 -0.195073 0.663883
v -0.023131 -0.190476 0.663226
v -0.491545 -0.122567 -0.007787
v -0.522460 -0.119544 -0.021088
v -0.483830 -0.128345 -0.026630
v -0.244357 0.230978 -0.882596
v 0.951352 -0.048758 -0.250882
v 0.962984 -0.024882 -0.218100
v 0.948047 -0.051250 -0.207713
v 0.943868 -0.060952 -0.222626
v -0.104965 -0.108172 0.124371
v -0.106540 -0.116791 0.107264
v -0.104814 -0.118714 0.120393
v -0.083828 -0.054890 0.633659
v -0.082822 -0.071481 0.662185
v -0.122198 -0.006166 -0.555165
v -0.124214 0.013759 -0.555217
v -0.114374 0.009239 -0.546185
v 0.054677 -0.101747 -0.460735
v 0.066548 -0.089850 -0.431901
v 0.049231 -0.115525 -0.444148
v -0.070093 0.015111 0.204562
v -0.069433 0.016104 0.265226
v -0.059896 0.022917 0.234724
v -0.707592 -0.099364 -0.157930
v -0.621812 -0.106646 -0.177969
v 0.100368 -0.010374 -0.473651
v 0.113052 -0.010301 -0.481264
v 0.107892 -0.015028 -0.525990
v -0.019634 -0.261946 0.653173
v -0.018514 -0.273372 0.636266
v -0.014677 -0.263106 0.656803
v 0.950491 -0.029581 -0.293684
v 0.953994 -0.033855 -0.291165
v -0.097399 -0.110553 0.273947
v -0.098390 -0.111232 0.220253
v -0.092387 -0.123174 0.258622
v -0.043952 -0.182663 0.054902
v -0.041699 -0.183799 0.035211
v -0.031959 -0.184379 0.041218
v -0.041194 0.028001 -0.127047
v -0.023548 0.034095 -0.123375
v -0.032497 0.031321 -0.133598
v -0.178698 -0.152975 0.120703
v -0.166691 -0.160398 0.113998
v -0.145625 -0.161229 0.127498
v 0.181119 0.011517 -0.560986
v 0.165656 0.020384 -0.562930
v 0.180952 0.018793 -0.559810
v -0.182091 -0.169829 -0.060872
v -0.188722 -0.168331 -0.067178
v -0.040423 -0.179443 -0.101106
v -0.101488 -0.176319 -0.111346
v -0.039091 -0.178489 -0.122908
v -0.202348 0.012534 -0.503504
v -0.204926 0.000081 -0.517465
v -0.210902 -0.004333 -0.475449
v -0.161960 0.005416 -0.556498
v -0.158043 0.002615 -0.556784
v -0.161728 -0.004032 -0.545090
v 0.084162 -0.001131 0.131049
v 0.078253 0.005850 0.195156
v 0.083838 -0.000706 0.206924
v 0.003458 0.063598 -0.758949
v 0.005866 0.068619 -0.736104
v 0.003190 0.028649 -0.740618
v 0.000256 0.055450 -0.758164
v 0.092490 -0.073483 0.607830
v 0.089162 -0.090769 0.630590
v 0.095221 -0.093901 0.587585
v -0.019261 -0.184839 -0.004465
v -0.011160 -0.191289 -0.002336
v -0.015520 -0.184452 0.006435
v -0.098039 -0.109920 0.388704
v -0.102315 -0.096108 0.357111
v -0.096721 -0.110699 0.322336
v -0.101306 -0.179445 0.035118
v -0.105227 -0.179373 0.005869
v -0.053000 -0.181132 0.013985
v 0.943678 -0.050561 -0.175178
v 0.940926 -0.070093 -0.183059
v 0.947420 -0.049512 -0.194391
v 0.538724 -0.105455 -0.179723
v 0.564701 -0.096222 -0.142424
v 0.592552 -0.097078 -0.175502
v -0.102442 -0.095571 0.301575
v 0.085470 0.255091 -0.729194
v 0.105039 0.246425 -0.729253
v 0.106061 0.254585 -0.739422
v 0.092880 -0.033746 -0.273051
v 0.094306 -0.034659 -0.261056
v 0.091027 -0.040642 -0.273029
v 0.723585 -0.091339 -0.078555
v 0.755732 -0.091661 -0.092547
v 0.751042 -0.086782 -0.087876
v 0.209134 -0.000066 -0.223609
v 0.200467 -0.018125 -0.218700
v 0.209007 -0.011020 -0.226406
v 0.077694 0.001430 -0.104919
v 0.077396 0.004892 -0.062912
v 0.091670 -0.015141 -0.090583
v -0.317265 -0.150969 -0.136989
v -0.349626 -0.145360 -0.136919
v -0.319462 -0.150343 -0.166885
v -0.070550 0.235076 -0.849772
v -0.089139 0.237442 -0.872374
v -0.040377 0.239048 -0.860850
v 0.228542 -0.180716 -0.061737
v 0.227128 -0.211650 -0.062941
v 0.226590 -0.190946 -0.067469
v -0.045668 -0.107358 0.836726
v -0.047534 -0.124148 0.838304
v -0.041968 -0.121187 0.858040
v 0.090595 -0.026835 -0.232162
v 0.101130 -0.025598 -0.243956
v 0.093040 -0.021578 -0.232206
v -0.377933 -0.137210 -0.182569
v -0.382326 -0.134731 -0.193527
v -0.363949 -0.142287 -0.191959
v -0.207213 -0.037525 -0.303501
v -0.199199 -0.044936 -0.272591
v 0.235370 -0.162703 -0.025937
v 0.235134 -0.162780 -0.065742
v 0.256441 -0.160165 -0.064803
v -0.642788 -0.099968 -0.050205
v -0.617106 -0.107563 -0.047806
v -0.621140 -0.099426 -0.042117
v -0.023813 0.037844 0.398029
v -0.001267 0.039758 0.399469
v -0.004628 0.038682 0.331840
v -0.016358 0.243730 -0.866759
v -0.008833 0.246322 -0.868123
v -0.006702 0.240746 -0.868910
v -0.016010 0.240647 -0.863995
v 0.186581 -0.252035 -0.063047
v 0.198566 -0.262376 -0.069361
v 0.198625 -0.250823 -0.060381
v -0.130357 -0.176279 -0.017332
v -0.132067 -0.176281 -0.069886
v -0.092414 -0.180380 -0.031269
v 0.015681 -0.048795 0.747090
v 0.021666 -0.059136 0.775325
v 0.028893 -0.053754 0.751966
v 0.120214 -0.043045 -0.481963
v 0.135508 -0.053552 -0.471740
v 0.038423 -0.065658 -0.616817
v 0.036350 -0.075789 -0.604923
v 0.027750 -0.075899 -0.635324
v 0.032342 -0.059977 -0.651240
v 0.166894 -0.211758 -0.058813
v 0.174559 -0.216090 -0.052730
v 0.070915 -0.000765 -0.230267
v 0.071186 -0.001119 -0.214454
v 0.083913 -0.016857 -0.225690
v 0.151996 -0.221854 -0.051833
v 0.154329 -0.214271 -0.062915
v 0.055510 -0.004964 -0.464706
v 0.065597 -0.008156 -0.458910
v 0.060173 -0.009826 -0.480283
v 0.014972 0.001243 -0.647369
v 0.007865 0.002133 -0.676783
v -0.868772 -0.081581 -0.150078
v -0.834335 -0.085718 -0.139065
v -0.865088 -0.080803 -0.134058
v -0.067724 -0.095904 0.748544
v -0.076539 -0.095486 0.709930
v -0.075106 -0.117567 0.710420
v -0.065077 -0.120347 0.764011
v 0.020844 0.005871 -0.561897
v 0.026043 0.007755 -0.521004
v 0.042643 -0.001912 -0.528709
v -0.010903 -0.202552 0.688183
v 0.007856 -0.203262 0.688339
v 0.005769 -0.175499 0.690001
v 0.762642 -0.092142 -0.185223
v 0.792805 -0.089170 -0.182354
v 0.784325 -0.091723 -0.148375
v -0.084512 -0.021029 0.576223
v -0.086151 -0.041823 0.606266
v -0.075531 -0.007747 0.584978
v 0.018835 0.263041 -0.712664
v 0.014660 0.263523 -0.707172
v 0.024396 0.255954 -0.701260
v 0.013137 0.271934 -0.745279
v 0.017588 0.264229 -0.747936
v 0.015666 0.261831 -0.774541
v 0.015800 -0.167902 0.628758
v 0.011041 -0.166498 0.619760
v 0.023035 -0.166384 0.623125
v -0.224102 -0.235195 -0.049602
v -0.223194 -0.249892 -0.049152
v -0.215233 -0.234190 -0.051769
v -0.973677 0.009076 -0.240490
v -0.963137 -0.007078 -0.220856
v -0.967684 0.006306 -0.239263
v -0.187578 0.249631 -0.859454
v -0.202087 0.252647 -0.845618
v -0.154586 0.253698 -0.833965
v -0.161253 -0.279513 -0.097207
v -0.152785 -0.276412 -0.095358
v -0.152781 -0.274412 -0.071662
v -0.167963 -0.279029 -0.074999
v -0.049194 -0.114676 -0.460254
v -0.042973 -0.110096 -0.497509
v -0.041349 -0.117629 -0.483542
v -0.216239 -0.227966 -0.057766
v -0.222292 -0.228567 -0.052326
v -0.055217 0.023781 -0.023588
v 0.003443 -0.185409 -0.028297
v 0.008781 -0.184062 -0.065246
v 0.027133 -0.182841 -0.039134
v -0.006314 0.042356 -0.352909
v -0.009299 0.041596 -0.371421
v -0.016109 0.030401 -0.353259
v -0.387127 -0.137906 -0.136612
v -0.381051 -0.142372 -0.143541
v -0.378663 -0.140716 -0.123536
v -0.269331 0.239360 -0.792237
v -0.126527 -0.129491 -0.023163
v -0.128187 -0.126900 0.008181
v -0.117906 -0.127911 -0.021349
v 0.172765 0.023573 -0.221783
v 0.160829 0.010898 -0.223494
v 0.176054 0.019507 -0.233039
v 0.216344 -0.165640 -0.024036
v 0.221653 -0.166273 -0.026942
v 0.228925 -0.163260 -0.013540
v 0.205307 -0.225481 -0.088004
v 0.209353 -0.227694 -0.082548
v 0.206391 -0.228834 -0.097504
v -0.117759 0.015180 -0.542976
v 0.010656 -0.183220 0.048807
v 0.016070 -0.181992 0.021108
v 0.016457 -0.181556 0.046257
v -0.114180 -0.032790 -0.366574
v -0.112614 -0.033694 -0.406139
v -0.107024 -0.031566 -0.410872
v 0.043943 0.029436 0.041029
v 0.043226 0.029807 0.108207
v 0.058295 0.021563 0.087671
v 0.081999 -0.005401 -0.409922
v 0.084792 -0.003495 -0.351800
v 0.101376 -0.005260 -0.412602
v 0.002085 -0.241324 0.666808
v 0.004118 -0.253587 0.663590
v 0.016291 -0.253837 0.662932
v -0.176079 -0.227213 -0.045921
v -0.176190 -0.246294 -0.045937
v -0.175332 -0.242519 -0.042802
v -0.173592 -0.230703 -0.042487
v 0.281257 0.246930 -0.879468
v 0.278716 0.248763 -0.862107
v 0.306503 0.242525 -0.883049
v 0.093714 -0.069776 -0.283307
v 0.092369 -0.084044 -0.283612
v 0.086312 -0.086689 -0.319913
v 0.638488 -0.086215 -0.067223
v 0.657174 -0.087422 -0.061477
v 0.663324 -0.083840 -0.073796
v 0.071463 -0.156275 0.305530
v 0.083023 -0.152752 0.299301
v 0.079919 -0.146354 0.308208
v -0.054981 -0.179667 0.040785
v -0.171475 -0.061314 -0.434679
v -0.158276 -0.055553 -0.491201
v -0.158638 -0.061481 -0.432489
v -0.262967 -0.156100 -0.152006
v -0.260130 -0.155097 -0.171247
v -0.255059 -0.156652 -0.148088
v -0.153402 -0.272572 -0.117845
v -0.320042 0.228970 -0.889583
v -0.311928 0.228950 -0.890189
v -0.312583 0.227804 -0.848893
v 0.602521 -0.104303 -0.214568
v 0.615993 -0.100729 -0.210768
v 0.626229 -0.102459 -0.217131
v -0.611003 -0.112256 -0.063327
v -0.567591 -0.118090 -0.056315
v -0.583510 -0.113387 -0.043642
v -0.015592 -0.206426 0.624354
v -0.003470 -0.209068 0.617107
v 0.073398 -0.002502 -0.314644
v 0.091941 -0.003354 -0.309250
v 0.068069 -0.008942 0.604458
v 0.043870 0.006794 0.621886
v 0.056596 -0.010931 0.631778
v -0.086308 -0.118516 -0.254069
v -0.088999 -0.141803 -0.279658
v -0.092316 -0.144287 -0.261142
v -0.098802 -0.025915 0.150781
v -0.098972 -0.025953 0.080055
v -0.102162 -0.035952 0.171182
v 0.146573 -0.227233 -0.095082
v 0.145831 -0.240326 -0.089195
v 0.147165 -0.236121 -0.079134
v 0.091159 -0.115579 -0.202789
v 0.088767 -0.106213 -0.248709
v 0.053873 -0.122453 -0.423143
v 0.059299 -0.134502 -0.420497
v 0.051803 -0.133167 -0.445700
v 0.051922 -0.118631 -0.428337
v 0.004228 0.264862 -0.943020
v 0.001046 0.254368 -0.935196
v -0.000118 0.265479 -0.949978
v 0.680871 -0.080367 -0.117712
v 0.721217 -0.075901 -0.117231
v 0.729859 -0.077052 -0.152693
v 0.206583 0.018572 -0.389631
v 0.208305 0.018202 -0.317000
v 0.212235 0.007191 -0.370343
v -0.003389 -0.154994 0.626667
v -0.011617 -0.154490 0.638999
v -0.012316 -0.157385 0.629339
v 0.006131 0.268667 -0.879269
v 0.008169 0.263062 -0.877270
v 0.006063 0.263780 -0.908909
v -0.013692 -0.176513 0.645000
v -0.014232 -0.192361 0.645567
v -0.018481 -0.191271 0.641616
v -0.018689 -0.183621 0.635547
v 0.014373 0.233285 -0.757439
v 0.014809 0.233901 -0.728089
v 0.013479 0.220379 -0.729716
v 0.911952 -0.074457 -0.148659
v 0.883123 -0.075381 -0.135805
v -0.186445 0.009314 -0.261746
v -0.181704 -0.014183 -0.261548
v -0.171991 0.022455 -0.262304
v 0.474548 -0.100233 -0.025957
v 0.498951 -0.100618 -0.014924
v 0.517257 -0.096038 -0.047105
v -0.761039 -0.090890 -0.092358
v -0.782251 -0.090488 -0.104744
v -0.743266 -0.096961 -0.099560
v -0.105803 -0.080881 0.287104
v -0.104355 -0.089863 0.284600
v -0.104738 -0.088165 0.361228
v 0.268737 -0.161157 -0.176111
v 0.280944 -0.164079 -0.190500
v 0.278560 -0.163227 -0.164752
v -0.320651 0.231113 -0.813272
v -0.318390 0.228543 -0.815815
v 0.940772 -0.068971 -0.202130
v -0.153229 -0.216907 -0.071611
v -0.155048 -0.219300 -0.048576
v -0.153377 -0.234741 -0.046844
v 0.170939 -0.229618 -0.102873
v 0.180748 -0.224795 -0.104854
v 0.184698 -0.232364 -0.112254
v 0.176366 -0.231745 -0.112696
v -0.072859 0.002674 0.560328
v -0.083754 -0.001583 0.501799
v -0.090290 -0.015249 0.518659
v -0.162757 0.255157 -0.799376
v -0.093340 0.258829 -0.767450
v -0.104877 0.256707 -0.801570
v 0.191273 -0.164003 -0.160567
v 0.190470 -0.165685 -0.139324
v 0.128005 -0.129821 -0.027084
v 0.156211 -0.124680 0.011464
v 0.186835 -0.124233 -0.033814
v -0.012579 -0.061612 -0.709616
v -0.003479 -0.052381 -0.740283
v -0.003975 -0.065051 -0.711737
v -0.113033 0.011603 -0.505019
v -0.110768 -0.000121 -0.511126
v -0.111587 0.011631 -0.520454
v -0.192874 -0.232003 -0.116043
v -0.192140 -0.246078 -0.112142
v -0.193442 -0.233874 -0.128445
v -0.163824 -0.062065 -0.350987
v -0.145182 -0.059594 -0.395213
v -0.142970 -0.056359 -0.336010
v -0.159355 -0.060831 -0.340663
v -0.094337 -0.017203 0.190859
v -0.086760 -0.003841 0.146492
v 0.061339 -0.071362 -0.497053
v 0.068151 -0.073754 -0.458643
v 0.063408 -0.082986 -0.468423
v 0.266061 -0.151973 -0.188849
v 0.248905 -0.148510 -0.189005
v 0.286435 -0.147266 -0.189348
v 0.438180 -0.104685 -0.001499
v 0.438608 -0.107379 0.009397
v 0.448931 -0.111834 0.013584
v -0.016448 -0.161046 -0.309064
v 0.002185 -0.161316 -0.303180
v -0.205166 -0.210457 -0.069284
v -0.207285 -0.218561 -0.071106
v -0.203996 -0.213989 -0.050541
v -0.213800 -0.004041 -0.428344
v -0.050157 -0.132299 0.823606
v -0.054009 -0.137776 0.797474
v -0.042639 -0.145799 0.834161
v -0.027929 -0.163116 0.774644
v -0.020945 -0.166127 0.733596
v -0.015376 -0.167113 0.776870
v -0.174668 0.045339 -0.356514
v -0.168184 0.046361 -0.366768
v -0.180052 0.042820 -0.372231
v 0.039077 0.020002 -0.315277
v 0.042533 0.020717 -0.277310
v 0.050638 0.013237 -0.293353
v -0.089790 -0.033221 -0.255238
v -0.091567 -0.049222 -0.282489
v -0.095949 -0.058439 -0.267274
v 0.184464 -0.173671 -0.091157
v 0.182648 -0.181594 -0.097556
v 0.184632 -0.180072 -0.081486
v 0.067200 -0.012065 -0.491343
v 0.096716 -0.017235 -0.535122
v 0.062799 -0.015673 -0.518378
v -0.015251 -0.169301 0.342131
v 0.000033 -0.171582 0.353917
v -0.003190 -0.171870 0.411609
v -0.001637 -0.118865 0.918814
v 0.005269 -0.121948 0.922604
v -0.014736 -0.121115 0.913638
v -0.011481 -0.164218 0.683857
v -0.016404 -0.179939 0.686024
v -0.014020 -0.172618 0.675190
v -0.194976 -0.129797 -0.085303
v -0.127663 -0.141577 -0.113490
v -0.184453 -0.136462 -0.116402
v 0.368057 -0.142523 -0.152283
v 0.362386 -0.141178 -0.184777
v 0.392952 -0.135583 -0.144450
v -0.144276 -0.154806 -0.186951
v -0.121752 -0.155184 -0.184276
v -0.114757 -0.160097 -0.206025
v 0.048578 0.029739 0.373796
v 0.049812 0.029355 0.417335
v 0.062642 0.021815 0.396424
v -0.020256 -0.147909 0.907578
v -0.014070 -0.154696 0.900358
v -0.011439 -0.149033 0.921662
v 0.185015 0.019164 -0.232520
v 0.222049 -0.246899 -0.131473
v 0.222342 -0.269563 -0.117873
v 0.217604 -0.262194 -0.129886
v -0.675771 -0.087750 -0.060707
v -0.663423 -0.098521 -0.056763
v -0.659018 -0.086961 -0.059707
v 0.051430 -0.057962 -0.571159
v 0.053030 -0.070821 -0.540438
v 0.045266 -0.074992 -0.571613
v -0.089825 -0.010194 -0.303048
v -0.087565 -0.011817 -0.278226
v -0.015763 0.035386 -0.409334
v -0.020490 0.027589 -0.426607
v -0.015688 0.031228 -0.372174
v -0.012982 0.036918 -0.390242
v -0.059748 -0.097510 0.781425
v -0.012553 -0.159341 0.644465
v -0.015554 -0.165327 0.636767
v 0.004888 0.198345 -0.622865
v -0.004151 0.206457 -0.630763
v -0.003884 0.189878 -0.608773
v 0.106437 -0.067424 0.166061
v 0.105561 -0.082040 0.222548
v 0.105605 -0.084954 0.185205
v 0.001907 -0.000238 -0.723753
v 0.012194 -0.008614 -0.721819
v 0.009450 -0.008828 -0.742909
v 0.036291 -0.066874 0.778136
v -0.736894 -0.096641 -0.164570
v -0.708954 -0.096840 -0.192293
v 0.185897 -0.147258 -0.170516
v 0.182135 -0.141648 -0.140429
v 0.218360 -0.144930 -0.177474
v -0.035165 -0.179236 0.105546
v -0.033245 -0.182190 0.073045
v -0.013909 -0.178983 0.098088
v 0.021194 -0.180669 -0.083120
v 0.040594 -0.178284 -0.123264
v 0.086171 -0.178691 -0.085244
v -0.052848 0.028067 0.366115
v -0.050854 0.029418 0.411991
v 0.205879 -0.162343 -0.106142
v 0.204012 -0.172262 -0.105594
v -0.398293 -0.132297 -0.191583
v -0.416648 -0.128001 -0.191750
v 0.017351 -0.168369 0.312240
v 0.017243 -0.168116 0.260304
v 0.028793 -0.165284 0.287996
v 0.223995 -0.177161 -0.027655
v 0.221965 -0.187569 -0.032061
v 0.221506 -0.215139 -0.032873
v 0.223316 -0.233593 -0.028655
v -0.175187 -0.038700 -0.556326
v -0.160528 -0.043091 -0.551100
v -0.164086 -0.051190 -0.516199
v 0.104852 0.254646 -0.826437
v 0.157664 0.253781 -0.836028
v 0.124907 0.251517 -0.842592
v -0.053401 -0.031188 -0.589209
v -0.041936 -0.034299 -0.635317
v -0.040855 -0.047312 -0.636658
v -0.046886 -0.053362 -0.605956
v -0.128154 -0.002174 -0.231302
v -0.132646 -0.012059 -0.246903
v -0.134687 -0.019948 -0.230659
v 0.088619 -0.123741 0.278175
v 0.090437 -0.122801 0.262704
v 0.095625 -0.108620 0.275315
v -0.005795 -0.273208 0.639001
v -0.111917 -0.065120 -0.041450
v -0.112627 -0.091354 -0.084199
v -0.114133 -0.090990 -0.038919
v -0.104757 -0.090058 0.219792
v -0.102808 -0.101560 0.186920
v -0.489931 -0.098056 -0.043972
v -0.484508 -0.099151 -0.023802
v 0.435898 -0.102615 -0.026441
v 0.400123 -0.106151 -0.004060
v -0.138458 -0.013081 -0.553975
v -0.139998 -0.003217 -0.555011
v -0.129968 -0.004361 -0.556872
v -0.127503 -0.014692 -0.557877
v -0.114393 -0.141835 -0.111486
v -0.119004 -0.145366 -0.131476
v -0.260912 -0.153582 -0.186180
v -0.254768 -0.149545 -0.186878
v -0.222396 -0.153330 -0.189170
v 0.323319 0.237204 -0.915403
v 0.322984 0.238097 -0.873091
v 0.325212 0.235538 -0.904535
v 0.060322 0.021195 0.146411
v 0.067138 0.015820 0.111387
v -0.057121 -0.033885 -0.576322
v -0.054834 -0.039565 -0.576437
v -0.058536 -0.036686 -0.555822
v -0.091414 -0.121755 0.360648
v -0.091178 -0.125212 0.420781
v -0.950055 -0.041134 -0.185006
v -0.949850 -0.052889 -0.221321
v -0.944529 -0.061791 -0.202541
v -0.012673 -0.173976 0.148583
v -0.030166 -0.176615 0.114953
v -0.002208 -0.176894 0.113551
v 0.093439 -0.135570 -0.254051
v -0.055482 -0.118366 0.807160
v -0.221229 -0.217821 -0.112241
v -0.204283 -0.217233 -0.099675
v -0.207869 -0.217559 -0.115080
v 0.171078 -0.001096 -0.228287
v 0.165576 -0.012719 -0.224352
v 0.174844 -0.021759 -0.226317
v -0.019729 0.002116 -0.638902
v -0.024909 0.003054 -0.597463
v -0.012910 0.009523 -0.599889
v -0.174516 -0.053939 -0.245221
v -0.160429 -0.056250 -0.264798
v -0.159053 -0.054329 -0.243197
v 0.075432 -0.073333 -0.416348
v 0.080981 -0.072720 -0.387650
v 0.075030 -0.079801 -0.408990
v -0.985119 0.032488 -0.267479
v -0.987901 0.034041 -0.286069
v -0.981319 0.018967 -0.277240
v -0.981491 0.021952 -0.261946
v -0.015887 0.160207 -0.627364
v -0.016235 0.131870 -0.589289
v -0.075224 -0.127156 -0.325905
v -0.066686 -0.129524 -0.375540
v -0.075791 -0.147591 -0.354688
v -0.069216 0.015424 0.499282
v -0.059901 0.023082 0.491027
v 0.205561 -0.160074 -0.145629
v 0.146498 -0.024911 -0.556059
v 0.151330 -0.027535 -0.577243
v -0.015784 0.233765 -0.788875
v -0.015551 0.235940 -0.825987
v -0.009794 0.233714 -0.828971
v 0.062587 -0.004519 -0.424312
v -0.284041 -0.161160 -0.170705
v -0.284632 -0.164521 -0.186857
v -0.274296 -0.165057 -0.179921
v -0.271835 -0.163762 -0.169424
v -0.010918 0.262276 -0.693940
v -0.013030 0.260934 -0.705386
v -0.010610 0.252807 -0.697491
v 0.765366 -0.074758 -0.099333
v 0.770015 -0.077269 -0.095719
v 0.804850 -0.073739 -0.106830
v -0.132656 -0.003897 -0.256624
v -0.136180 -0.016936 -0.255554
v -0.044474 0.030014 0.071380
v -0.025044 0.035164 0.035553
v -0.237636 0.229795 -0.803669
v -0.256236 0.230856 -0.793812
v -0.004400 0.150881 -0.556483
v -0.010205 0.128134 -0.539342
v -0.004369 0.132551 -0.531307
v -0.053208 0.024081 -0.062323
v -0.026900 0.236120 -0.836698
v 0.307145 -0.152269 -0.193734
v 0.306487 -0.151854 -0.175267
v 0.304635 -0.157126 -0.175358
v -0.106006 -0.144636 -0.137803
v -0.110894 -0.148425 -0.149696
v -0.132321 -0.166984 -0.199970
v -0.113079 -0.171046 -0.203073
v 0.028894 -0.167669 -0.266542
v 0.041715 -0.160021 -0.313704
v -0.001579 0.040075 -0.233453
v -0.002343 0.041512 -0.187233
v 0.001784 0.041570 -0.193795
v 0.179315 0.239405 -0.760977
v 0.201571 0.237492 -0.768960
v 0.127712 0.010827 -0.219340
v 0.128842 -0.004556 -0.214757
v 0.133021 0.000828 -0.218941
v -0.070316 0.014531 0.149054
v -0.059943 0.022226 0.184186
v -0.059335 0.022513 0.139188
v -0.355715 -0.129403 0.046756
v -0.346458 -0.138320 0.041587
v -0.325062 -0.137491 0.055096
v -0.093153 -0.065607 -0.300501
v -0.093488 -0.075820 -0.295063
v -0.098143 -0.076368 -0.253343
v -0.108384 -0.005228 -0.425713
v -0.100710 -0.005071 -0.382250
v -0.100673 -0.005333 -0.404352
v -0.098933 -0.169136 0.167049
v -0.088712 -0.174782 0.156214
v -0.090480 -0.172504 0.198054
v -0.977296 0.035222 -0.317955
v -0.975430 0.030222 -0.287451
v -0.972568 0.018364 -0.308937
v 0.035914 -0.117865 -0.493136
v 0.036462 -0.106218 -0.521314
v 0.043972 -0.104131 -0.503303
v 0.194758 -0.219549 -0.122262
v 0.199905 -0.216297 -0.116852
v 0.205823 -0.218706 -0.126235
v 0.013195 0.223319 -0.717826
v 0.013271 0.210463 -0.681274
v -0.206029 -0.178211 -0.071638
v -0.202074 -0.180100 -0.070481
v -0.204741 -0.167167 -0.068401
v 0.212286 -0.246683 -0.042583
v 0.210021 -0.237696 -0.041474
v 0.204568 -0.247632 -0.042654
v -0.185291 -0.035813 -0.213354
v -0.173942 -0.035455 -0.213731
v -0.183334 -0.027368 -0.220266
v 0.311412 -0.150192 -0.192923
v 0.301696 -0.150053 -0.193444
v 0.306735 -0.145036 -0.191289
v -0.091979 -0.012275 0.219334
v -0.095326 -0.018288 0.245698
v -0.085553 -0.001890 0.263894
v 0.064956 -0.041785 -0.502367
v 0.086172 -0.041161 -0.504607
v -0.067413 -0.149213 0.602400
v -0.073122 -0.145661 0.541021
v -0.060428 -0.153882 0.586252
v -0.193566 0.019131 -0.527314
v -0.194535 0.013549 -0.545657
v -0.128777 0.032693 -0.220231
v -0.130954 0.021077 -0.219406
v -0.119822 0.021408 -0.219567
v -0.010589 0.036804 0.531794
v -0.024385 0.032276 0.558273
v 0.001003 0.037272 0.537388
v 0.016034 0.048335 -0.562785
v 0.017667 0.023070 -0.534472
v 0.014644 0.018248 -0.567533
v -0.196901 -0.223838 -0.129505
v -0.197108 -0.237864 -0.136920
v -0.144062 0.011243 -0.571889
v -0.141339 0.007136 -0.560382
v 0.278778 -0.155876 -0.103866
v 0.317537 -0.149722 -0.110073
v -0.099493 -0.152617 0.273787
v -0.100731 -0.161601 0.240087
v -0.092759 -0.163299 0.263092
v -0.029513 -0.166744 0.517153
v -0.162495 -0.153268 0.127993
v -0.520242 -0.101757 -0.145101
v -0.505301 -0.106069 -0.159257
v -0.506633 -0.112419 -0.190381
v 0.002263 -0.075259 -0.684527
v 0.012107 -0.070155 -0.687189
v 0.010549 -0.081761 -0.659415
v -0.055591 -0.026812 -0.580706
v -0.041745 -0.016847 -0.609294
v -0.010038 0.134282 -0.711166
v -0.003480 0.064527 -0.737621
v -0.011158 0.117772 -0.689767
v -0.954660 -0.019775 -0.234126
v -0.950979 -0.029130 -0.200715
v -0.937260 -0.047789 -0.213845
v 0.284323 -0.155018 -0.043441
v 0.278211 -0.156410 -0.088207
v 0.315787 -0.150631 -0.055774
v 0.013919 -0.242101 0.599031
v 0.020221 -0.225940 0.603752
v 0.019942 -0.256596 0.610123
v 0.058904 0.246617 -0.855815
v 0.030822 0.250495 -0.832790
v 0.094439 0.248988 -0.847609
v -0.405256 -0.120166 0.029197
v -0.431510 -0.117869 0.020142
v -0.420734 -0.123310 0.022670
v -0.500293 -0.106444 -0.003061
v -0.511243 -0.113362 -0.005880
v -0.479008 -0.115463 0.005510
v -0.464506 -0.112903 0.009923
v -0.575609 -0.103366 -0.193216
v -0.529178 -0.105783 -0.173474
v -0.515707 -0.113261 -0.198208
v -0.458301 -0.102569 -0.008481
v 0.149253 0.228373 -0.831535
v 0.197368 0.227737 -0.842815
v -0.785039 -0.085927 -0.242680
v -0.766398 -0.088627 -0.233896
v -0.794791 -0.086353 -0.212882
v 0.133658 -0.153741 0.143719
v 0.125852 -0.162633 0.139878
v 0.150453 -0.152559 0.136535
v 0.493671 -0.122106 -0.008555
v 0.532589 -0.113197 -0.013353
v 0.501255 -0.116578 -0.004982
v 0.022243 -0.175271 0.116586
v 0.019476 -0.177611 0.080885
v 0.047289 -0.177281 0.092698
v 0.003924 0.030291 0.581420
v 0.025245 0.030631 0.570650
v 0.206985 -0.166847 -0.079962
v 0.213132 -0.162070 -0.087484
v 0.211107 -0.164873 -0.076116
v 0.031357 -0.172787 -0.218635
v 0.074570 -0.169751 -0.251718
v 0.086495 -0.174999 -0.192306
v 0.073622 -0.175038 -0.183221
v -0.076925 0.009741 0.316770
v -0.084132 0.001345 0.304468
v -0.076862 0.009813 0.341319
v -0.101477 -0.031244 0.421253
v -0.102034 -0.034063 0.366283
v -0.105190 -0.046184 0.403908
v 0.593826 -0.107647 -0.197660
v 0.621689 -0.106074 -0.188838
v 0.613681 -0.109524 -0.151532
v 0.182369 -0.218163 -0.100635
v 0.177055 -0.225460 -0.096170
v 0.092194 -0.014375 0.157148
v 0.090101 -0.010615 0.193831
v 0.099963 -0.032732 0.177672
v -0.121089 -0.165695 -0.211407
v -0.108520 -0.162652 -0.215440
v 0.110177 0.000124 -0.406903
v 0.110516 -0.003178 -0.442556
v 0.108198 -0.004297 -0.409301
v 0.649748 -0.099637 -0.222689
v 0.108251 -0.067987 -0.098322
v 0.109638 -0.088692 -0.103381
v -0.052775 -0.178608 0.086385
v 0.091486 -0.117467 0.318122
v 0.099665 -0.098411 0.316787
v 0.022125 -0.167964 0.348294
v 0.039287 -0.161811 0.315630
v 0.226967 -0.153637 0.090034
v 0.223565 -0.158575 0.076258
v 0.246470 -0.152845 0.077121
v -0.203925 -0.182302 -0.111686
v -0.198886 -0.175474 -0.097604
v -0.199086 -0.184792 -0.103291
v 0.206323 0.249593 -0.862167
v 0.246505 0.251292 -0.850632
v 0.260104 0.247992 -0.876064
v 0.147481 -0.241716 -0.054924
v 0.147074 -0.263600 -0.057728
v 0.150943 -0.254139 -0.047313
v -0.060828 -0.095338 -0.455478
v -0.063616 -0.081258 -0.477362
v 0.307834 -0.153534 -0.120951
v 0.307057 -0.153416 -0.153150
v 0.313673 -0.151264 -0.150360
v 0.103171 -0.088441 0.342578
v 0.103545 -0.089524 0.393517
v 0.097519 -0.106350 0.359534
v 0.149771 -0.243735 -0.131030
v 0.152470 -0.228881 -0.128353
v 0.173349 -0.237097 -0.134577
v 0.166720 -0.245778 -0.133855
v 0.110688 -0.018229 -0.551750
v 0.113530 -0.014626 -0.551548
v 0.112028 0.000138 -0.494776
v 0.112126 -0.000228 -0.517616
v 0.112634 -0.012156 -0.517103
v 0.105247 -0.171739 -0.233891
v 0.106493 -0.168201 -0.210628
v 0.111854 -0.172344 -0.215557
v -0.173999 -0.050583 -0.229907
v -0.002984 -0.103449 -0.608969
v 0.001784 -0.102227 -0.612109
v -0.095118 -0.103950 -0.222593
v -0.089801 -0.096833 -0.286971
v -0.017119 -0.219901 0.655679
v -0.014095 -0.224940 0.662814
v 0.004936 -0.217763 0.662419
v -0.007475 -0.172478 0.167134
v 0.004560 -0.174111 0.154590
v -0.188248 0.037596 -0.388624
v -0.189667 0.038408 -0.349279
v 0.247589 -0.159197 -0.103893
v 0.220497 -0.161800 -0.073193
v 0.005706 0.036614 -0.301641
v 0.013319 0.031559 -0.313390
v 0.015492 0.030295 -0.344577
v -0.173166 0.041602 -0.425906
v -0.183896 0.036903 -0.433556
v 0.188397 -0.168964 -0.033485
v 0.193851 -0.167207 -0.060817
v 0.214066 -0.165045 -0.061033
v 0.201050 0.029674 -0.281417
v 0.199786 0.032043 -0.235572
v 0.207752 0.017980 -0.226474
v 0.130839 -0.129592 0.122886
v 0.114735 -0.126798 0.125566
v 0.134185 -0.133922 0.130241
v 0.270023 -0.160634 -0.185510
v 0.693744 -0.098621 -0.072851
v 0.698519 -0.093704 -0.069980
v 0.000729 0.038444 0.256654
v -0.004740 0.038257 0.277651
v 0.003674 0.038598 0.321512
v 0.711607 -0.083831 -0.198846
v 0.718571 -0.087026 -0.219291
v 0.026261 0.238430 -0.714758
v 0.058161 0.239728 -0.718726
v 0.039892 0.243540 -0.708382
v 0.083662 -0.011097 -0.170106
v 0.091439 -0.021594 -0.162834
v 0.091428 -0.024014 -0.189809
v 0.171043 -0.057503 -0.465621
v 0.183233 -0.053056 -0.472626
v 0.181108 -0.058146 -0.431777
v 0.120940 0.029297 -0.222137
v 0.129413 0.029687 -0.219494
v 0.139490 0.040728 -0.219473
v 0.198193 -0.044049 -0.468140
v 0.207748 -0.033294 -0.446204
v 0.200486 -0.046281 -0.429445
v -0.083121 -0.035390 -0.316909
v -0.085845 -0.032154 -0.281325
v -0.081755 -0.027189 -0.295132
v 0.084153 -0.014197 -0.205741
v 0.526480 -0.098821 -0.021348
v 0.547491 -0.095759 -0.033525
v 0.005538 -0.207440 0.660542
v 0.012711 -0.206066 0.659468
v 0.016918 -0.207051 0.650547
v 0.000305 -0.209869 0.654630
v 0.224099 0.241598 -0.776662
v 0.162342 0.042033 -0.440534
v 0.174788 0.039045 -0.444723
v 0.165920 0.037601 -0.468908
v 0.080531 -0.137247 0.311630
v -0.112593 -0.018543 -0.527261
v -0.078379 -0.021060 -0.551654
v -0.184288 -0.203092 -0.080648
v 0.095182 -0.060659 0.583686
v 0.098695 -0.076228 0.562284
v 0.077081 -0.111134 0.693001
v 0.074924 -0.124062 0.688189
v 0.083622 -0.118381 0.638654
v -0.099478 -0.174282 0.143116
v -0.112773 -0.175499 0.111718
v -0.083531 -0.177803 0.123348
v 0.223552 -0.252322 -0.109618
v 0.222108 -0.234781 -0.086910
v 0.223160 -0.249965 -0.089790
v -0.011964 0.054538 -0.435639
v -0.044358 -0.161050 0.559863
v -0.049667 -0.158549 0.599447
v 0.010402 -0.210662 0.662617
v 0.018002 -0.206681 0.662531
v 0.016983 -0.196514 0.663724
v 0.083410 -0.008648 -0.457557
v 0.194396 -0.261227 -0.083157
v 0.198904 -0.251507 -0.087658
v 0.199404 -0.263137 -0.079741
v 0.004766 0.166114 -0.818600
v 0.005497 0.160428 -0.799713
v 0.004188 0.152997 -0.811758
v 0.018691 -0.169292 0.412219
v 0.001846 -0.172603 0.460707
v -0.003482 -0.172688 0.460393
v -0.075981 -0.147624 0.317345
v -0.061918 -0.156526 0.312310
v -0.002582 0.029373 -0.726506
v 0.000202 0.008655 -0.733947
v 0.203111 -0.225552 -0.039186
v 0.199253 -0.230473 -0.055978
v 0.048198 -0.123441 -0.445195
v -0.376721 -0.120593 0.039437
v -0.388689 -0.129114 0.032226
v -0.094100 -0.048946 0.576587
v -0.095843 -0.064330 0.591639
v -0.264463 -0.159443 -0.090100
v -0.274527 -0.157404 -0.104376
v -0.264309 -0.160239 -0.099533
v 0.046329 0.255023 -0.709937
v -0.071197 0.013619 0.081157
v -0.068131 0.015927 0.009499
v -0.076111 0.008365 0.010336
v 0.027789 0.019147 -0.425634
v 0.026422 0.023336 -0.378455
v 0.040068 0.013837 -0.402792
v 0.007328 0.212042 -0.838236
v 0.006410 0.185310 -0.809805
v 0.005210 0.195616 -0.834165
v 0.431479 -0.130195 0.007691
v 0.473895 -0.127605 -0.011893
v 0.467946 -0.122830 0.002574
v 0.619427 -0.111337 -0.091442
v 0.614221 -0.110854 -0.126493
v 0.657368 -0.106617 -0.089049
v -0.034127 -0.205695 0.627811
v -0.026517 -0.205356 0.629632
v 0.177305 0.045419 -0.270180
v 0.182257 0.044150 -0.225172
v 0.191136 0.038149 -0.275151
v 0.147988 -0.274167 -0.074338
v 0.157409 -0.279355 -0.093073
v -0.820572 -0.077105 -0.239031
v -0.848740 -0.069280 -0.216033
v -0.780482 -0.074469 -0.193349
v -0.932866 -0.070979 -0.213720
v -0.920540 -0.070034 -0.228861
v -0.897406 -0.074193 -0.210414
v 0.012747 0.233607 -0.788731
v 0.011510 0.197022 -0.762424
v 0.005340 0.187896 -0.609550
v 0.010877 0.188120 -0.630290
v 0.054232 -0.023264 -0.572600
v 0.057813 -0.032345 -0.575098
v 0.054197 -0.030960 -0.581896
v 0.004130 0.127770 -0.795794
v 0.161109 0.018771 -0.571525
v 0.164850 0.013641 -0.566849
v -0.026890 -0.079915 -0.630728
v -0.033472 -0.071429 -0.629616
v -0.020635 -0.062808 -0.685190
v -0.011250 -0.080611 -0.663009
v 0.006162 0.118378 -0.518972
v 0.006559 0.107078 -0.503520
v -0.276219 -0.150731 0.056968
v -0.257778 -0.157642 0.033566
v -0.239818 -0.157836 0.060727
v 0.476961 -0.110470 0.004410
v 0.491497 -0.114137 0.000157
v 0.500885 -0.104265 -0.005369
v 0.169927 -0.166993 -0.125302
v 0.174060 -0.168794 -0.099118
v -0.991776 0.058560 -0.301436
v -0.989699 0.058799 -0.316988
v -0.991926 0.054458 -0.316900
v -0.207251 -0.026856 -0.490005
v -0.201012 -0.036602 -0.492119
v -0.201477 -0.045618 -0.437005
v -0.956593 -0.013548 -0.265280
v -0.949330 -0.023693 -0.297434
v -0.959334 -0.004784 -0.305805
v -0.816355 -0.073722 -0.108191
v -0.811580 -0.081752 -0.106723
v -0.778570 -0.081748 -0.094244
v -0.037260 -0.007065 -0.598290
v -0.003984 0.236551 -0.670357
v -0.008163 0.221774 -0.658144
v 0.192698 -0.035220 -0.519866
v 0.198015 -0.025731 -0.519055
v 0.203729 -0.027687 -0.490864
v -0.976492 0.027150 -0.325800
v -0.974911 0.017113 -0.314968
v -0.422290 -0.130012 0.014403
v -0.400907 -0.135634 0.012525
v -0.402260 -0.130968 0.024072
v -0.179205 0.044724 -0.299922
v 0.807555 -0.072960 -0.205062
v 0.865381 -0.067089 -0.212175
v 0.825274 -0.074274 -0.229125
v -0.064923 -0.001364 -0.389883
v -0.060898 -0.002482 -0.412053
v -0.123182 -0.044236 -0.505310
v -0.112283 -0.035804 -0.493648
v -0.115145 -0.034774 -0.459902
v -0.122866 -0.044430 -0.469152
v 0.215143 -0.004144 -0.349470
v 0.213144 -0.002608 -0.277447
v 0.215129 -0.011827 -0.332833
v 0.011075 0.264454 -0.690894
v 0.018169 0.254519 -0.696226
v 0.933796 -0.050017 -0.179002
v 0.911792 -0.059131 -0.186972
v 0.918765 -0.057130 -0.169932
v -0.139146 -0.052762 -0.306952
v -0.125775 -0.046195 -0.324725
v -0.127621 -0.044258 -0.271044
v -0.192811 -0.168225 -0.097117
v -0.199369 -0.166971 -0.113508
v -0.176508 -0.170192 -0.102765
v -0.184505 -0.169182 -0.096058
v -0.021048 -0.213807 0.645880
v -0.023809 -0.209636 0.639969
v -0.015550 -0.215013 0.636849
v -0.090223 -0.064860 -0.332872
v -0.089136 -0.075313 -0.332058
v 0.008577 0.145562 -0.740199
v 0.011683 0.139146 -0.703411
v 0.009273 0.118520 -0.725243
v 0.190406 0.008841 -0.236396
v 0.192094 -0.001124 -0.234787
v 0.197394 0.001809 -0.222018
v -0.105104 -0.010049 -0.327762
v -0.106428 -0.012030 -0.292299
v -0.097748 -0.011205 -0.302391
v -0.167581 -0.172316 -0.060404
v -0.159118 -0.173993 -0.077608
v 0.066933 0.014146 -0.073122
v 0.059481 0.019364 -0.066777
v -0.788648 -0.074468 -0.101085
v -0.800550 -0.071258 -0.111303
v -0.152323 -0.025205 -0.608125
v -0.146352 -0.023205 -0.618613
v 0.108941 -0.121501 0.079220
v 0.106693 -0.119547 0.099688
v 0.113707 -0.124246 0.094448
v 0.221207 -0.200289 -0.052973
v 0.219976 -0.193791 -0.062720
v 0.219862 -0.226970 -0.052480
v -0.318488 -0.149981 -0.104884
v -0.287283 -0.156317 -0.119721
v -0.277659 -0.156769 -0.099876
v -0.661594 -0.101276 -0.206685
v -0.639961 -0.103156 -0.213638
v -0.597574 -0.108788 -0.192881
v 0.323587 0.234546 -0.915968
v -0.109990 -0.084786 0.068600
v -0.109024 -0.102965 0.082557
v -0.377302 -0.141558 -0.154369
v -0.359820 -0.144869 -0.126673
v -0.107410 -0.064368 0.406315
v -0.107098 -0.061546 0.360155
v -0.105710 -0.080810 0.358514
v 0.015028 -0.189491 0.690519
v -0.121515 0.021254 -0.525995
v -0.115453 0.016690 -0.518960
v -0.505090 -0.100877 -0.121651
v -0.456355 -0.107887 -0.131646
v 0.202362 0.021584 -0.222937
v 0.202154 0.005075 -0.221121
v -0.173703 -0.061040 -0.344267
v -0.171045 -0.062848 -0.405927
v 0.118943 0.029974 -0.264807
v 0.117079 0.027894 -0.267861
v 0.110247 0.017241 -0.260320
v -0.136837 -0.056247 -0.386179
v 0.215997 -0.227978 -0.132341
v 0.221346 -0.230938 -0.127900
v 0.217980 -0.239693 -0.134795
v 0.238536 -0.160630 0.043592
v 0.245924 -0.160347 0.015135
v 0.273220 -0.155094 0.029475
v -0.021902 -0.204264 0.647510
v -0.015619 -0.207428 0.643584
v 0.025863 -0.181520 -0.066221
v 0.086329 -0.180142 -0.059761
v -0.056208 -0.012284 0.641886
v -0.051725 -0.014183 0.649378
v -0.039993 0.000089 0.644002
v 0.107929 0.000314 -0.343003
v 0.107000 -0.003444 -0.364375
v -0.011163 0.007878 -0.621863
v -0.006922 0.005875 -0.669702
v -0.052657 -0.065108 -0.563331
v -0.052023 -0.078819 -0.537350
v -0.286304 -0.114699 0.007596
v -0.263734 -0.117171 0.029800
v -0.246190 -0.118070 0.000939
v -0.176262 -0.218524 -0.055411
v -0.176110 -0.220355 -0.065824
v -0.194739 0.030834 -0.416351
v -0.195430 0.033455 -0.361443
v 0.180682 -0.167734 -0.100831
v 0.179506 -0.171198 -0.095354
v -0.015554 0.034908 -0.578576
v 0.230993 -0.123046 -0.066498
v 0.248665 -0.118892 -0.038543
v 0.292528 -0.115953 -0.058114
v 0.331313 -0.144975 0.030729
v 0.372783 -0.135622 0.029439
v 0.334828 -0.138051 0.048168
v -0.228359 0.241316 -0.777581
v -0.239695 0.242554 -0.783498
v -0.250192 0.238390 -0.784557
v -0.223135 0.236931 -0.775575
v 0.321116 0.228836 -0.822268
v 0.328253 0.230206 -0.836208
v 0.330898 0.230365 -0.820682
v -0.105105 -0.033833 -0.474370
v -0.106800 -0.032354 -0.445724
v 0.221735 -0.166123 -0.066432
v 0.228558 -0.165695 -0.065686
v -0.016664 -0.201874 0.642475
v -0.019105 -0.205829 0.634856
v -0.125249 0.231901 -0.849779
v -0.404698 -0.138048 -0.091391
v 0.090974 -0.010723 0.373747
v 0.094442 -0.018240 0.415867
v 0.094454 -0.018515 0.354593
v 0.022250 -0.207848 0.691105
v -0.012108 -0.184151 0.025075
v -0.078120 -0.175967 0.151293
v -0.578061 -0.095910 -0.157352
v -0.552899 -0.095123 -0.126247
v -0.548323 -0.098318 -0.151813
v -0.102318 -0.036446 -0.498275
v 0.099504 -0.033321 -0.261316
v 0.095645 -0.033259 -0.298234
v 0.107142 -0.035510 -0.280412
v 0.019513 0.027197 -0.439892
v 0.019146 0.028153 -0.389070
v -0.952833 -0.026836 -0.297375
v -0.947672 -0.027598 -0.295616
v -0.945476 -0.040091 -0.289515
v -0.946593 -0.049956 -0.283616
v 0.154116 0.046593 -0.348847
v 0.159600 0.046712 -0.347079
v 0.155555 0.046161 -0.371292
v 0.009058 0.267341 -0.840079
v 0.337728 -0.140510 -0.190532
v 0.331319 -0.136218 -0.179192
v 0.360903 -0.135695 -0.190181
v 0.374900 -0.136434 -0.193081
v 0.017576 -0.218580 0.662356
v 0.020730 -0.220368 0.652361
v -0.612911 -0.109661 -0.148880
v 0.129247 -0.020590 -0.585804
v 0.133913 -0.019307 -0.611063
v 0.130562 -0.026420 -0.592249
v 0.144067 -0.165357 -0.200324
v 0.166166 -0.156232 -0.194598
v 0.165565 -0.164488 -0.196513
v 0.451076 -0.129452 -0.131842
v 0.481995 -0.127866 -0.108214
v -0.506595 -0.118514 -0.198115
v -0.471114 -0.121146 -0.196421
v -0.469446 -0.123447 -0.187895
v 0.090371 -0.004194 -0.230731
v 0.081433 -0.011110 -0.229615
v 0.097095 -0.009400 -0.229426
v -0.029932 -0.020795 0.673571
v -0.006046 -0.011584 0.667290
v -0.030961 -0.009042 0.655854
v 0.666799 -0.102462 -0.179871
v -0.206477 -0.014727 -0.512097
v -0.212189 -0.011171 -0.465191
v 0.117657 -0.128911 -0.020736
v 0.127731 -0.126902 0.018139
v -0.106817 -0.134429 0.194508
v -0.113291 -0.145354 0.167471
v -0.105511 -0.142426 0.221554
v 0.144438 -0.001899 -0.587616
v 0.150863 -0.001640 -0.605854
v 0.151339 0.000323 -0.588698
v -0.104701 -0.047113 0.214969
v -0.104910 -0.047429 0.162338
v -0.108321 -0.067683 0.158110
v -0.098688 -0.025218 0.308084
v -0.102015 -0.034256 0.288880
v -0.102917 -0.036799 0.328840
v -0.013959 0.225603 -0.710131
v -0.014031 0.215447 -0.732270
v -0.015136 0.198598 -0.701103
v -0.295504 -0.155006 -0.157621
v -0.288458 -0.155940 -0.136548
v 0.019837 -0.119001 0.905211
v 0.032075 -0.126073 0.886415
v 0.104245 -0.146473 0.227574
v 0.102229 -0.145298 0.257706
v 0.103862 -0.153201 0.244738
v -0.156503 -0.225434 -0.127831
v -0.153907 -0.232777 -0.129465
v -0.191474 0.021122 -0.239538
v -0.184453 0.028242 -0.230327
v -0.189685 0.020534 -0.222511
v 0.207434 -0.165755 -0.067023
v 0.200492 -0.172430 -0.071081
v 0.207997 -0.167194 -0.070978
v -0.036404 -0.058374 -0.642705
v -0.045522 -0.067980 -0.590864
v -0.195423 -0.045987 -0.241312
v -0.189134 -0.051082 -0.267033
v -0.184942 -0.050996 -0.240418
v -0.149831 -0.054272 -0.267461
v -0.147586 -0.055267 -0.299648
v 0.010717 -0.191965 0.664086
v -0.046646 -0.009965 -0.564802
v -0.049600 -0.016210 -0.577320
v -0.162894 0.048300 -0.316720
v -0.154857 0.048347 -0.287866
v -0.158419 0.047687 -0.350257
v -0.252102 -0.152027 0.073696
v -0.856332 -0.073236 -0.120722
v -0.881760 -0.073797 -0.132220
v -0.849634 -0.081873 -0.126131
v 0.177251 0.007628 -0.234142
v -0.202944 -0.224253 -0.131011
v -0.199323 -0.215182 -0.119558
v -0.787462 -0.091854 -0.148641
v -0.769528 -0.092853 -0.171216
v -0.776262 -0.093322 -0.126885
v -0.985110 0.043327 -0.366972
v -0.986557 0.051375 -0.344879
v -0.980471 0.041625 -0.369539
v 0.081249 -0.123490 -0.288927
v -0.154330 -0.026122 -0.255874
v -0.144515 -0.024708 -0.254764
v -0.141164 -0.011972 -0.259924
v -0.154418 -0.013696 -0.260517
v 0.281535 -0.114945 -0.027747
v 0.292697 -0.114271 0.019557
v 0.323050 -0.111317 -0.023796
v -0.063003 -0.167063 -0.269122
v -0.043420 -0.159450 -0.319179
v -0.024500 -0.166842 -0.269256
v -0.383904 -0.116445 0.033850
v -0.370302 -0.113814 0.031817
v -0.159948 -0.244360 -0.043401
v -0.158462 -0.234359 -0.042761
v 0.089886 -0.121601 -0.227938
v 0.093858 -0.127771 -0.211495
v -0.019818 -0.194946 0.665444
v -0.744337 -0.079597 -0.085172
v -0.728428 -0.085501 -0.077647
v -0.718383 -0.080160 -0.082991
v 0.198749 -0.213085 -0.048112
v 0.202880 -0.207924 -0.063038
v 0.122569 -0.010675 -0.218617
v 0.134390 -0.017913 -0.213051
v 0.090315 -0.008638 0.453023
v 0.100781 -0.035469 0.460732
v -0.106568 -0.122321 0.133213
v -0.115063 -0.125016 0.109824
v 0.015726 -0.019204 -0.724624
v 0.017131 0.032457 -0.426167
v 0.012320 0.037766 -0.377908
v 0.367751 -0.143895 -0.137693
v 0.387908 -0.137973 -0.131059
v 0.391539 -0.137903 -0.114767
v -0.020519 -0.197615 0.630586
v -0.004419 -0.062975 0.796878
v 0.000760 -0.077387 0.834878
v 0.008063 -0.076915 0.832071
v -0.097792 -0.132316 -0.153978
v -0.091917 -0.121956 -0.195513
v -0.094455 -0.135302 -0.201994
v -0.048011 0.029056 0.226094
v -0.068923 -0.068504 0.712056
v -0.074291 -0.053950 0.664738
v -0.076199 -0.076365 0.697791
v -0.255222 0.244581 -0.796357
v 0.620735 -0.110655 -0.065358
v -0.151466 0.019599 -0.598014
v -0.151458 0.020027 -0.577356
v -0.147378 0.011982 -0.594114
v -0.156752 -0.215496 -0.093382
v -0.155864 -0.217498 -0.113665
v -0.171593 -0.216478 -0.116925
v 0.192121 -0.175753 -0.131943
v 0.188131 -0.166367 -0.115747
v -0.679868 -0.091425 -0.207956
v -0.620482 -0.096164 -0.186605
v -0.618449 -0.101294 -0.208971
v 0.979786 0.036576 -0.336015
v 0.985330 0.043610 -0.354673
v 0.984067 0.035215 -0.334800
v -0.054921 0.015171 -0.241289
v 0.109516 -0.122583 0.039186
v 0.111828 -0.125154 0.040336
v -0.000787 -0.172305 0.505240
v 0.021770 -0.168656 0.527788
v 0.020177 -0.168790 0.585545
v -0.000846 0.144863 -0.805187
v -0.000061 0.116191 -0.789915
v -0.002823 0.124836 -0.777282
v -0.005036 0.268848 -0.686462
v -0.003490 0.260756 -0.686020
v 0.007321 0.171518 -0.779193
v 0.005115 0.117881 -0.769025
v -0.176353 -0.248325 -0.065466
v -0.176540 -0.255198 -0.077446
v -0.178721 -0.265283 -0.064712
v 0.142121 0.000874 -0.576372
v 0.143114 0.010768 -0.565562
v 0.142618 0.001836 -0.591108
v 0.162779 -0.058287 -0.467682
v 0.178213 -0.051139 -0.498779
v 0.325865 -0.148715 -0.134515
v -0.178656 0.030659 -0.221364
v 0.003462 -0.187123 0.665157
v 0.012786 -0.173924 0.662651
v 0.015255 -0.185147 0.663427
v -0.040456 -0.139762 -0.428265
v -0.047343 -0.142572 -0.410137
v -0.054611 -0.142499 -0.439993
v -0.128598 -0.160614 0.144097
v -0.139420 -0.160424 0.133852
v -0.126709 -0.168479 0.134181
v -0.001322 0.039004 -0.119595
v -0.011162 0.036243 -0.145152
v 0.151738 0.038791 -0.465791
v 0.405094 -0.130481 -0.193336
v 0.004199 0.037854 0.186587
v 0.013140 0.037495 0.251306
v -0.050693 0.023607 -0.120844
v -0.044209 0.028476 -0.072298
v 0.061826 0.256198 -0.809460
v 0.108796 -0.116719 -0.027255
v 0.110012 -0.122143 -0.006355
v 0.108973 -0.123111 -0.028395
v -0.074057 0.012832 0.402780
v -0.096414 -0.026143 -0.289747
v -0.086247 -0.026201 -0.300247
v -0.086862 -0.026512 -0.282438
v 0.103119 -0.012817 -0.232917
v 0.107572 -0.020860 -0.234763
v 0.107987 -0.004951 -0.236592
v 0.373084 -0.118337 -0.131935
v 0.325068 -0.121018 -0.116451
v 0.346430 -0.114067 -0.089022
v 0.021626 0.237029 -0.835163
v 0.042036 0.235552 -0.836182
v -0.111469 -0.117480 -0.022924
v -0.112036 -0.116355 0.013624
v 0.100344 -0.006266 -0.236049
v -0.113529 -0.122100 0.008711
v -0.111775 -0.122409 -0.020888
v -0.113951 -0.125690 -0.018072
v 0.002639 -0.130150 -0.494076
v 0.002973 -0.134558 -0.472787
v -0.053247 0.262989 -0.739921
v -0.057766 0.260909 -0.731515
v -0.034584 0.263715 -0.725970
v -0.222254 -0.198371 -0.040064
v -0.222809 -0.224335 -0.033129
v 0.211740 0.007622 -0.265609
v 0.210826 0.000703 -0.234702
v -0.135303 0.028197 -0.222986
v 0.113784 0.009172 -0.498302
v -0.523647 -0.114841 -0.012289
v 0.102187 -0.126437 -0.116011
v 0.104959 -0.121917 -0.090966
v 0.107227 -0.137986 -0.101004
v 0.112756 -0.176136 -0.051771
v 0.152577 0.048456 -0.233365
v 0.167503 0.049020 -0.224882
v 0.159630 0.048161 -0.272188
v 0.154518 0.047662 -0.283193
v -0.019435 -0.003280 -0.673720
v 0.116047 0.258241 -0.777986
v 0.156814 0.256030 -0.805163
v 0.131068 0.256543 -0.809659
v 0.052337 -0.140575 0.786784
v 0.052299 -0.131814 0.805523
v 0.047173 -0.146973 0.788330
v 0.776817 -0.080051 -0.095209
v 0.812163 -0.078047 -0.107693
v 0.764282 -0.077102 -0.198841
v 0.774561 -0.080126 -0.224974
v -0.092210 -0.011080 0.446361
v -0.093299 -0.013267 0.388773
v 0.020755 -0.169270 0.460259
v 0.003641 -0.172373 0.477590
v -0.017739 0.249851 -0.836171
v -0.013174 0.255213 -0.802211
v -0.011607 0.251157 -0.840729
v -0.108149 -0.059151 0.074464
v 0.104420 -0.081750 0.468690
v 0.103382 -0.089139 0.487067
v 0.103753 -0.090857 0.442921
v 0.003535 0.274114 -0.786374
v -0.929727 -0.053495 -0.178578
v -0.914012 -0.056641 -0.171658
v -0.920972 -0.056347 -0.200689
v -0.027368 -0.049797 0.742758
v -0.035819 -0.068868 0.786653
v -0.022190 -0.061187 0.781903
v -0.947973 -0.055014 -0.261502
v -0.940698 -0.070599 -0.254263
v -0.104789 -0.154577 -0.195662
v -0.100499 -0.152118 -0.204216
v -0.152243 -0.021611 -0.600655
v -0.159456 -0.025535 -0.591139
v 0.008470 0.009272 -0.639245
v 0.333408 -0.146547 -0.162332
v -0.223129 -0.164737 -0.012294
v -0.211423 -0.167239 -0.018907
v -0.211913 -0.165486 0.027201
v 0.106790 -0.033270 -0.254740
v 0.106467 -0.028120 -0.239447
v -0.040002 -0.159453 0.706822
v -0.017243 -0.166729 0.696947
v 0.050882 0.002888 -0.425952
v 0.062199 -0.001751 -0.379609
v 0.774278 -0.084990 -0.241474
v 0.800060 -0.080975 -0.243855
v 0.818952 -0.080645 -0.248939
v 0.942769 -0.055956 -0.161211
v 0.948473 -0.062091 -0.156665
v -0.010506 0.246051 -0.860360
v 0.005599 -0.168526 0.778540
v 0.016715 -0.167086 0.710625
v 0.016487 -0.166550 0.775042
v 0.057689 -0.108665 0.791220
v -0.070535 -0.067987 -0.460240
v -0.070520 -0.082001 -0.440012
v -0.291598 -0.145052 0.064470
v -0.314360 -0.144799 0.045517
v -0.110558 0.012453 -0.297353
v -0.108665 0.000377 -0.295391
v -0.107166 -0.005505 -0.325230
v -0.083019 0.002910 0.442452
v -0.077741 0.007688 0.492435
v 0.101233 -0.034330 0.007243
v 0.100369 -0.033691 0.063421
v 0.104326 -0.047888 0.039510
v 0.104507 -0.044526 -0.015893
v -0.126562 0.238025 -0.891847
v -0.112215 0.240040 -0.888683
v -0.100935 0.238283 -0.885916
v 0.004144 0.009163 -0.718968
v 0.251198 -0.145115 0.088855
v -0.016802 0.029902 -0.335742
v -0.013871 0.030803 -0.304605
v 0.328568 -0.112842 -0.062046
v 0.212228 0.008313 -0.309974
v -0.065541 0.011928 0.556497
v -0.053641 0.023506 0.535880
v 0.051649 0.020495 -0.142081
v 0.076650 -0.175631 0.137764
v -0.816099 -0.081056 -0.249132
v -0.799959 -0.081670 -0.244493
v 0.025100 0.035237 0.018019
v 0.025575 0.035042 0.071953
v 0.032415 0.033405 0.067530
v -0.139754 0.014208 -0.560420
v -0.139229 0.006992 -0.559102
v -0.233880 -0.162965 -0.021800
v -0.220237 -0.164142 0.027960
v -0.916761 -0.059730 -0.150590
v -0.885127 -0.061604 -0.146532
v -0.011358 0.089735 -0.487953
v -0.016736 0.080333 -0.510537
v -0.015938 0.064850 -0.476790
v -0.059940 0.021774 0.083351
v -0.046119 0.029423 0.100866
v -0.143931 -0.018585 -0.551966
v -0.137543 -0.020328 -0.557912
v 0.184607 -0.214321 -0.108376
v 0.068248 -0.177265 -0.125075
v 0.101526 -0.176690 -0.087211
v 0.018886 -0.168254 0.660268
v 0.015522 -0.173209 0.646500
v -0.442742 -0.125455 -0.193939
v -0.410122 -0.131423 -0.189001
v -0.030305 -0.034026 -0.681498
v -0.026047 -0.041520 -0.696511
v -0.028743 -0.049436 -0.678647
v -0.539881 -0.118896 -0.030087
v -0.521776 -0.123672 -0.039354
v 0.152110 -0.219992 -0.111365
v 0.147407 -0.240822 -0.116579
v -0.010812 0.037157 0.146775
v -0.009105 0.037516 0.209729
v -0.002636 0.037861 0.172418
v 0.284634 -0.120190 -0.087076
v -0.296416 -0.144359 -0.188507
v -0.269383 -0.150982 -0.188375
v -0.299406 -0.153532 -0.190641
v 0.000601 0.128830 -0.526670
v 0.005537 0.140595 -0.548291
v 0.039426 0.006239 -0.474493
v -0.078725 -0.139008 0.407163
v -0.075331 -0.140236 0.357345
v -0.068789 -0.147366 0.413324
v -0.195522 -0.167141 -0.132658
v -0.168574 -0.169059 -0.134735
v -0.089094 -0.026906 -0.337002
v -0.085996 -0.026405 -0.366225
v -0.080401 -0.026601 -0.362130
v 0.029604 0.008540 0.626834
v 0.031300 0.004963 0.632680
v -0.496578 -0.125131 -0.126102
v -0.468962 -0.125113 -0.164731
v -0.446887 -0.130160 -0.134642
v -0.140952 -0.050660 -0.250460
v -0.133628 -0.045706 -0.246362
v 0.175483 -0.165041 0.093230
v 0.210808 -0.163457 0.061952
v -0.038002 -0.129998 -0.472521
v -0.044847 -0.120599 -0.467345
v -0.033889 -0.122192 -0.485038
v -0.419124 -0.105182 -0.002420
v -0.355771 -0.109413 -0.008137
v -0.136441 0.027570 -0.248958
v -0.129340 0.015816 -0.246803
v 0.015884 0.173854 -0.659637
v 0.016269 0.152184 -0.620791
v 0.015198 0.142476 -0.651588
v -0.196419 0.243210 -0.886616
v -0.157864 0.241863 -0.887684
v -0.299325 -0.136865 0.069127
v 0.228355 0.244940 -0.885672
v 0.271391 0.241059 -0.905009
v 0.176473 0.042071 -0.221313
v 0.194309 0.035190 -0.224866
v 0.009208 -0.174044 -0.214513
v 0.004476 -0.173919 -0.220140
v 0.015814 -0.172564 -0.216393
v -0.011281 -0.137742 0.931925
v 0.343633 -0.144265 -0.194141
v -0.941163 -0.069946 -0.203245
v -0.941018 -0.070222 -0.222345
v 0.143344 -0.168038 -0.199523
v 0.177154 -0.164648 -0.188875
v 0.000824 0.253743 -0.690906
v 0.008873 0.246429 -0.691953
v 0.010405 0.250142 -0.695386
v 0.110685 -0.149386 -0.143814
v 0.119239 -0.146248 -0.132597
v 0.112642 -0.154288 -0.165643
v -0.030954 -0.126397 0.891627
v -0.038974 -0.136138 0.864601
v -0.193680 -0.173051 -0.093482
v -0.185646 -0.173535 -0.092301
v -0.056027 -0.047237 0.700438
v -0.181018 -0.055081 -0.281324
v -0.171041 -0.058424 -0.304243
v 0.218655 -0.166677 -0.062150
v 0.216481 -0.213920 -0.067219
v 0.225727 -0.214780 -0.068330
v 0.210410 -0.228329 -0.070623
v 0.062016 -0.110256 0.773397
v 0.063509 -0.120320 0.764728
v -0.192523 0.038288 -0.238517
v -0.182411 0.044620 -0.243290
v -0.191047 0.038457 -0.288209
v -0.008496 -0.194741 0.015848
v -0.005176 -0.184492 0.031160
v -0.016961 0.258664 -0.787358
v -0.013496 0.261158 -0.786023
v -0.073015 -0.033102 -0.458746
v -0.070245 -0.042575 -0.475601
v -0.071862 -0.043383 -0.453204
v -0.020031 -0.182745 0.675925
v 0.228885 -0.165632 -0.025760
v 0.228455 -0.172193 -0.032196
v 0.227424 -0.171907 -0.065206
v -0.106246 -0.154054 0.229237
v -0.104782 -0.158745 0.229390
v -0.083880 -0.000524 0.100351
v -0.084134 -0.000976 0.041296
v -0.092207 -0.012821 0.065213
v -0.120072 -0.041878 -0.511309
v -0.192589 -0.267948 -0.083733
v -0.195433 -0.279339 -0.072749
v -0.195166 -0.280806 -0.097293
v -0.009287 -0.167570 -0.264774
v -0.266911 -0.139178 -0.166146
v -0.215976 -0.139982 -0.155370
v -0.223035 -0.145191 -0.178128
v -0.145924 0.041137 -0.428353
v -0.140859 0.043580 -0.370584
v -0.132688 0.037002 -0.419425
v 0.105110 -0.052637 0.087969
v 0.105604 -0.057437 0.153767
v 0.106889 -0.066077 0.113712
v -0.945184 -0.033168 -0.271373
v -0.940915 -0.041902 -0.240001
v -0.940088 -0.043948 -0.279592
v -0.067869 -0.176002 0.144691
v -0.054738 -0.176344 0.121468
v -0.050262 -0.173722 0.149020
v -0.022528 -0.095855 0.862776
v -0.017924 -0.077072 0.826615
v -0.026715 -0.077397 0.819184
v 0.185909 -0.207228 -0.076667
v 0.194217 -0.208754 -0.074085
v 0.189002 -0.174164 -0.075098
v 0.146370 -0.252881 -0.085513
v 0.147912 -0.275638 -0.097543
v -0.007663 -0.182803 0.052092
v 0.060540 0.021543 0.239041
v 0.063032 0.020424 0.291831
v 0.066686 0.016673 0.244922
v -0.201421 -0.167749 -0.039556
v -0.191600 -0.168943 -0.008278
v 0.069917 -0.140509 0.652033
v 0.059637 -0.147416 0.677449
v 0.066362 -0.146618 0.607553
v 0.068331 0.014383 0.084559
v 0.078240 0.005473 0.082377
v 0.077952 0.006009 -0.003327
v -0.006867 -0.161299 0.645092
v 0.124853 -0.042589 -0.234981
v 0.139783 -0.048057 -0.229683
v 0.143226 -0.045003 -0.218654
v 0.107672 -0.151364 0.195927
v 0.102572 -0.164545 0.218598
v -0.073478 -0.178505 0.089209
v 0.095572 -0.152757 -0.236505
v 0.093665 -0.152259 -0.262675
v 0.105624 -0.063132 0.420720
v 0.104739 -0.081719 0.407745
v -0.155103 -0.173596 -0.095153
v -0.218707 -0.172018 -0.068129
v -0.222194 -0.171454 -0.039202
v -0.219467 -0.187334 -0.062391
v 0.943685 -0.039710 -0.191398
v 0.950705 -0.038480 -0.192054
v 0.957211 -0.018378 -0.212956
v -0.172060 -0.057342 -0.471330
v -0.005086 0.174263 -0.587861
v -0.009019 0.176173 -0.600036
v -0.050143 -0.039086 0.686791
v -0.040643 -0.047159 0.720701
v -0.024527 -0.035307 0.703379
v -0.224752 -0.259357 -0.063502
v -0.128108 -0.051223 -0.377644
v -0.123726 -0.047261 -0.402450
v -0.123455 -0.045170 -0.351692
v 0.019549 -0.068645 0.804480
v 0.024717 -0.079640 0.825701
v -0.298228 -0.155317 -0.164215
v -0.192444 0.000583 -0.255513
v -0.190854 -0.017584 -0.253388
v -0.187180 -0.010174 -0.260042
v 0.227448 -0.193237 -0.053684
v 0.226278 -0.225136 -0.054003
v 0.343663 -0.110192 0.000401
v 0.333998 -0.113249 0.027583
v 0.367705 -0.109626 0.013166
v -0.161433 0.036257 -0.223315
v -0.151957 0.035646 -0.246780
v -0.147176 0.035885 -0.229509
v 0.006030 -0.180494 0.687154
v 0.014988 -0.173130 0.686191
v 0.018011 -0.208702 0.684466
v -0.136062 -0.023104 -0.219214
v -0.143997 -0.029599 -0.219756
v -0.140317 -0.032711 -0.211459
v -0.002060 -0.001063 -0.724582
v 0.001469 -0.000069 -0.747612
v -0.003937 -0.004468 -0.749003
v 0.134872 -0.045787 -0.524791
v 0.198975 -0.246898 -0.114315
v 0.199045 -0.263973 -0.105178
v -0.219540 0.245044 -0.779408
v -0.201985 0.248439 -0.779225
v -0.238534 0.246663 -0.794808
v -0.140306 -0.018046 -0.617304
v -0.141344 -0.016824 -0.602678
v -0.136236 -0.023364 -0.604579
v -0.401687 -0.114847 -0.132550
v -0.331972 -0.120088 -0.117666
v -0.356373 -0.124081 -0.148733
v -0.099326 -0.006122 -0.358903
v -0.075403 -0.003103 -0.381959
v 0.013769 0.034371 -0.589207
v 0.011996 0.017322 -0.599339
v -0.470090 -0.114672 -0.178929
v -0.457537 -0.121538 -0.194703
v 0.187637 0.021835 -0.222695
v 0.193327 0.029324 -0.221505
v 0.165400 0.032690 -0.219010
v -0.014686 -0.167235 0.664660
v -0.011196 -0.153766 0.672870
v 0.001172 -0.163715 0.670007
v -0.064702 -0.175892 -0.167894
v -0.099913 -0.173435 -0.200561
v -0.067235 -0.173970 -0.201913
v -0.992067 0.049863 -0.294480
v -0.991400 0.045536 -0.315727
v 0.405690 -0.108174 0.013441
v -0.147411 -0.174470 0.004425
v -0.094808 -0.039632 0.557729
v -0.097663 -0.034294 0.526546
v -0.098016 -0.043243 0.543170
v 0.163827 0.239220 -0.897510
v 0.201048 0.239317 -0.903764
v 0.176610 0.237206 -0.901563
v -0.012017 0.243590 -0.701406
v -0.012811 0.240587 -0.708758
v -0.010786 0.239121 -0.689376
v 0.004236 0.037616 0.098367
v 0.024296 0.035451 0.149985
v 0.027047 0.035054 0.117801
v 0.164198 -0.133791 0.123503
v 0.161555 -0.130448 0.115573
v 0.496949 -0.098597 -0.090264
v 0.453324 -0.101365 -0.064318
v 0.479489 -0.099093 -0.060999
v 0.112528 -0.125754 -0.008185
v 0.155280 0.241027 -0.752647
v -0.105971 -0.014530 -0.257997
v -0.098087 -0.012924 -0.283159
v 0.067978 -0.147446 0.527813
v 0.067797 -0.147393 0.451146
v 0.078568 -0.138447 0.488569
v -0.025591 0.037332 0.447808
v 0.019554 -0.007913 -0.685181
v 0.028793 -0.014861 -0.658784
v 0.022363 -0.015031 -0.688427
v -0.269081 -0.145435 0.078876
v -0.264442 -0.134896 0.086762
v 0.304106 -0.124783 -0.122417
v 0.243895 -0.124837 -0.088409
v -0.010366 0.103673 -0.505663
v -0.041174 0.033448 0.389608
v 0.098970 -0.162123 -0.235628
v -0.002221 0.040594 -0.153899
v 0.173337 -0.223133 -0.120379
v 0.170474 -0.226717 -0.109978
v 0.178044 -0.230562 -0.126559
v 0.104285 -0.080979 0.273597
v 0.104459 -0.081712 0.335286
v 0.102480 -0.088991 0.288780
v -0.110479 -0.122041 0.108031
v -0.113311 -0.121191 0.077332
v 0.098283 -0.105721 -0.169832
v 0.774343 -0.093129 -0.123051
v 0.782528 -0.090544 -0.105496
v 0.742122 -0.096107 -0.097651
v -0.972247 0.021004 -0.289983
v -0.974530 0.024911 -0.266910
v -0.011393 -0.228742 0.604706
v 0.005976 -0.230773 0.601803
v -0.007796 -0.239666 0.601253
v -0.245110 -0.133491 -0.131543
v -0.240052 -0.136835 -0.147212
v 0.008549 -0.177549 0.122466
v 0.005517 -0.180078 0.098718
v 0.012909 -0.178672 0.101929
v -0.051349 -0.118293 -0.443295
v -0.050301 -0.133656 -0.451154
v -0.054562 -0.122911 -0.430253
v 0.014406 0.096389 -0.641786
v 0.016984 0.100197 -0.593610
v 0.015200 0.065071 -0.595623
v 0.096347 -0.003765 -0.277146
v 0.105564 -0.003612 -0.269624
v 0.106118 -0.002913 -0.320108
v 0.018073 -0.128603 -0.483783
v 0.035680 -0.123564 -0.487522
v 0.037302 -0.130208 -0.470886
v -0.175467 -0.242801 -0.115772
v -0.175513 -0.252902 -0.103928
v 0.077900 -0.138457 0.422607
v 0.067443 -0.146692 0.384394
v -0.017867 -0.091380 -0.623610
v -0.090093 -0.122551 -0.206970
v -0.095362 -0.147113 -0.233525
v -0.098446 -0.148070 -0.204438
v -0.694814 -0.097432 -0.210753
v -0.741417 -0.091882 -0.219697
v -0.687263 -0.097048 -0.227873
v 0.211728 -0.216785 -0.111000
v 0.214544 -0.224720 -0.105158
v 0.221931 -0.223871 -0.109416
v 0.220407 -0.218294 -0.115026
v 0.013991 -0.175708 -0.176080
v -0.006416 0.199596 -0.814569
v -0.004640 0.207680 -0.837861
v -0.001672 0.180469 -0.826171
v -0.004567 0.181239 -0.799797
v -0.176041 -0.200715 -0.095687
v -0.173788 -0.209807 -0.102216
v -0.175552 -0.216506 -0.097472
v -0.200204 0.026936 -0.398091
v 0.097474 -0.110847 0.498239
v 0.101455 -0.089821 0.524689
v 0.088238 -0.113841 -0.235186
v 0.052769 -0.082532 0.778127
v 0.045103 -0.074808 0.781923
v 0.054310 -0.094989 0.790923
v -0.016131 0.031589 -0.253289
v -0.019098 0.033870 -0.181632
v -0.009866 0.034640 -0.243961
v -0.699188 -0.092985 -0.224826
v -0.657415 -0.097148 -0.216343
v -0.677749 -0.097422 -0.225884
v -0.131010 -0.038970 -0.550466
v 0.142354 -0.153714 -0.179918
v 0.010715 0.174314 -0.609947
v 0.751633 -0.089715 -0.223829
v 0.810033 -0.082905 -0.235774
v 0.092607 -0.015387 0.022977
v 0.094164 -0.018848 0.080249
v 0.056381 -0.172636 0.158362
v 0.186872 -0.044687 -0.507285
v 0.183771 -0.034369 -0.546521
v -0.207556 -0.225200 -0.063511
v -0.206497 -0.235905 -0.050780
v 0.040597 -0.053073 0.735664
v 0.048075 -0.065568 0.755693
v 0.206627 -0.186578 -0.072211
v 0.204324 -0.201689 -0.068602
v 0.207365 -0.213406 -0.071218
v 0.195736 -0.255198 -0.128034
v 0.094463 -0.091962 -0.249229
v -0.009560 -0.211822 0.612812
v 0.006636 -0.213200 0.612050
v 0.800801 -0.088572 -0.112983
v 0.803825 -0.083925 -0.106259
v 0.139307 -0.016221 -0.218445
v -0.160679 0.026770 -0.553883
v -0.172519 0.029279 -0.520893
v -0.160832 0.030542 -0.521954
v -0.103837 -0.037552 0.019390
v -0.110864 -0.060715 -0.016601
v -0.061510 -0.144405 -0.423503
v -0.155299 0.238392 -0.900670
v 0.622864 -0.096816 -0.043716
v 0.612336 -0.105616 -0.042672
v 0.641398 -0.098654 -0.049831
v -0.187625 -0.000974 -0.558213
v -0.181214 0.001280 -0.557438
v -0.179526 -0.009705 -0.548175
v 0.084072 -0.000913 -0.022048
v -0.224240 -0.234263 -0.131325
v -0.222862 -0.225898 -0.126343
v -0.212635 -0.230009 -0.125268
v -0.044759 -0.198403 0.637026
v -0.045127 -0.203440 0.647312
v -0.043209 -0.206001 0.629497
v -0.221388 -0.222459 -0.082867
v -0.223034 -0.220074 -0.089623
v -0.222856 -0.235745 -0.085166
v -0.396490 -0.109293 -0.090018
v -0.367494 -0.108940 -0.056221
v -0.349532 -0.114011 -0.091385
v -0.007199 0.154411 -0.750785
v -0.002537 0.154046 -0.800585
v 0.147266 0.044288 -0.384156
v 0.141371 0.044444 -0.348993
v -0.097499 -0.020325 -0.256233
v -0.089561 -0.024061 -0.260681
v -0.090548 -0.019055 -0.254243
v -0.081405 -0.119598 -0.288663
v -0.075040 -0.121247 -0.323970
v -0.081212 -0.127706 -0.297253
v -0.181072 -0.184270 -0.075995
v -0.181157 -0.181092 -0.079722
v -0.184252 -0.203138 -0.076307
v -0.066323 -0.064120 -0.492570
v -0.024998 -0.186028 0.624497
v 0.087218 -0.002979 -0.230691
v 0.090335 -0.002114 -0.257486
v 0.010800 0.250473 -0.840941
v 0.081646 0.003877 0.426271
v 0.091195 -0.010970 0.428799
v -0.118078 -0.028894 -0.220521
v -0.076075 -0.041282 0.638577
v -0.069764 -0.046199 0.659374
v 0.165188 -0.209106 -0.071746
v 0.090458 -0.038643 -0.327005
v 0.089463 -0.041547 -0.356459
v 0.782781 -0.070415 -0.121698
v 0.813468 -0.069366 -0.117754
v 0.828536 -0.066964 -0.128875
v -0.513744 -0.096276 -0.085961
v -0.480970 -0.100709 -0.092199
v -0.108223 -0.085180 0.140763
v 0.011101 -0.170377 0.207585
v 0.002110 -0.005313 0.658533
v 0.025352 -0.017342 0.672117
v -0.068185 -0.147160 -0.398088
v -0.075340 -0.153164 -0.356391
v 0.019471 -0.083020 -0.640896
v 0.019938 -0.095481 -0.606809
v 0.010537 -0.093078 -0.629620
v 0.019365 -0.033676 -0.715621
v 0.027518 -0.029764 -0.682174
v 0.028261 -0.038827 -0.683029
v 0.004782 0.001114 -0.715647
v 0.116983 -0.132882 0.136870
v 0.127064 -0.144116 0.141446
v -0.133708 -0.141671 0.135699
v -0.123772 -0.152618 0.150384
v -0.121737 -0.134716 0.140551
v -0.183888 -0.050427 -0.237568
v 0.818859 -0.087277 -0.128052
v 0.843622 -0.082899 -0.126068
v 0.826474 -0.082794 -0.115486
v -0.235037 -0.162657 -0.068810
v -0.220878 -0.166018 -0.069477
v -0.228280 -0.165557 -0.066439
v -0.298396 -0.162703 -0.190505
v -0.181930 -0.183518 -0.092083
v -0.019941 -0.259844 0.611488
v -0.018706 -0.235641 0.627667
v -0.014710 -0.184694 0.663280
v -0.133291 0.029248 -0.506083
v 0.171955 -0.173744 -0.080557
v 0.183644 -0.168503 -0.082633
v -0.128757 0.003665 -0.254609
v -0.078312 -0.166031 0.274124
v -0.059752 -0.168372 0.221149
v -0.055235 -0.164983 0.261067
v -0.096820 -0.120858 0.199005
v -0.199797 -0.208485 -0.067054
v -0.193598 -0.214159 -0.063283
v -0.382400 -0.137334 -0.158727
v -0.418160 -0.130966 -0.181072
v 0.188810 0.011967 -0.560481
v 0.047182 -0.128554 0.833415
v 0.044397 -0.140849 0.829095
v 0.011046 -0.047376 -0.735062
v 0.011315 -0.060408 -0.712260
v 0.004006 -0.048734 -0.746491
v -0.445122 -0.122244 0.014014
v 0.010114 -0.188647 0.619197
v 0.011666 -0.178254 0.611359
v 0.007861 -0.166292 0.611697
v -0.871039 -0.062476 -0.173006
v -0.865558 -0.062912 -0.151699
v -0.828896 -0.066534 -0.157525
v -0.077189 -0.031774 -0.397197
v 0.191198 -0.173109 -0.113245
v 0.197920 -0.177538 -0.119977
v 0.195666 -0.179179 -0.109525
v 0.568644 -0.117836 -0.076893
v -0.293602 -0.134566 -0.158066
v -0.301464 -0.138831 -0.177644
v -0.018235 0.039764 -0.447217
v -0.021825 0.027106 -0.466939
v -0.178217 -0.256761 -0.055009
v 0.077407 -0.042269 -0.421235
v 0.075187 -0.040581 -0.443157
v 0.079609 -0.040311 -0.418293
v 0.047615 0.242502 -0.872643
v 0.073315 0.243101 -0.873988
v 0.082610 0.240849 -0.880929
v -0.043771 0.023307 0.572569
v -0.010876 0.072338 -0.664886
v -0.009865 0.023041 -0.644518
v 0.243058 0.229255 -0.822340
v 0.252422 0.228070 -0.843079
v 0.003322 0.242515 -0.909499
v 0.006113 0.239483 -0.869095
v -0.001690 0.237512 -0.886532
v -0.102212 -0.034733 0.087268
v -0.104229 -0.040229 0.035721
v 0.289975 -0.150697 -0.191724
v 0.001484 0.112244 -0.504844
v 0.045694 0.237330 -0.724279
v -0.097242 -0.126254 0.227569
v -0.013229 0.272364 -0.746040
v -0.012043 0.273547 -0.790834
v -0.013070 0.268593 -0.793147
v -0.046091 -0.208156 0.625384
v 0.227928 -0.179634 -0.052513
v 0.297479 0.235652 -0.928059
v 0.263258 0.236225 -0.921352
v 0.303567 0.237971 -0.926826
v 0.003462 0.010844 0.626639
v 0.062404 0.021422 0.466562
v 0.081029 0.004559 0.469431
v 0.048429 -0.000844 -0.477068
v 0.051108 -0.009351 -0.531249
v -0.191565 -0.055693 -0.411942
v -0.186037 -0.053002 -0.473059
v -0.181448 -0.059532 -0.429797
v -0.097793 -0.016216 -0.257823
v -0.959664 -0.029671 -0.283460
v -0.965900 -0.014240 -0.302770
v -0.957656 -0.029040 -0.292679
v 0.111368 0.010856 -0.220101
v 0.108195 0.009533 -0.236821
v 0.016083 -0.179819 0.666576
v 0.576510 -0.092118 -0.049247
v 0.593392 -0.094414 -0.039944
v 0.599001 -0.090539 -0.052531
v 0.011710 -0.032504 -0.740384
v -0.300749 0.228658 -0.813879
v -0.131027 0.031410 -0.466743
v -0.177158 -0.236708 -0.133980
v -0.140435 0.046062 -0.247083
v -0.131536 0.037539 -0.223249
v -0.129465 0.039792 -0.253630
v -0.060045 -0.010271 -0.485224
v -0.056900 -0.006039 -0.467534
v -0.043650 -0.002813 -0.513065
v -0.200109 -0.171231 -0.109510
v -0.205164 -0.172401 -0.117227
v -0.136469 -0.155711 0.138490
v -0.092296 -0.013924 0.491753
v 0.047811 -0.022870 0.663831
v 0.066806 -0.047664 0.667047
v 0.066318 -0.034114 0.647495
v 0.786603 -0.071644 -0.110074
v 0.551325 -0.114463 -0.172390
v 0.583871 -0.109790 -0.184163
v -0.154211 -0.035743 -0.563433
v -0.161980 -0.030931 -0.576134
v -0.170265 -0.026781 -0.572943
v 0.334817 -0.120545 0.054154
v 0.354696 -0.122743 0.048658
v 0.369833 -0.117785 0.039843
v 0.377433 -0.128168 -0.175877
v -0.160126 0.043192 -0.427798
v 0.048111 0.028831 0.267175
v 0.053182 0.026423 0.309290
v 0.043460 0.016249 -0.346935
v 0.054875 0.004488 -0.363669
v -0.117482 0.017973 -0.465692
v -0.113773 0.009209 -0.472656
v -0.118255 0.020095 -0.501135
v -0.059624 -0.153802 0.431452
v -0.056642 -0.154055 0.363102
v -0.044431 -0.160618 0.389736
v -0.022185 -0.000089 0.647537
v 0.000314 0.003172 0.644930
v -0.019041 0.003934 0.640947
v 0.101551 -0.134501 -0.136817
v 0.106886 -0.142450 -0.114721
v -0.094711 -0.091146 -0.264833
v -0.090910 -0.091117 -0.293353
v 0.101585 -0.038868 -0.351615
v 0.104880 -0.036594 -0.379364
v 0.112954 -0.037494 -0.368195
v 0.564087 -0.113793 -0.029310
v 0.590930 -0.110671 -0.040275
v 0.584307 -0.105061 -0.029872
v 0.062839 -0.000196 -0.346848
v 0.071376 -0.002464 -0.352381
v -0.028177 0.034636 0.083102
v -0.002007 0.037813 0.080500
v -0.005771 0.037483 0.037533
v -0.064790 -0.026423 -0.576147
v -0.066408 -0.032622 -0.575750
v -0.139645 -0.035850 -0.560600
v -0.132935 -0.031281 -0.572541
v -0.171401 -0.210317 -0.091555
v -0.171513 -0.210028 -0.083862
v 0.041120 -0.158552 0.678484
v 0.042604 -0.156191 0.735538
v 0.024941 -0.164731 0.721908
v 0.206427 -0.213050 -0.079900
v 0.464845 -0.105038 0.002082
v -0.018939 0.033815 -0.522033
v -0.016910 0.015928 -0.560863
v 0.084345 -0.129831 0.360212
v 0.093614 -0.114515 0.342189
v 0.012040 0.232652 -0.699884
v 0.009787 0.229094 -0.679928
v -0.005777 -0.168697 0.760218
v 0.084977 -0.100152 -0.294436
v -0.911213 -0.060161 -0.215904
v -0.109105 -0.093448 -0.123986
v -0.106294 -0.122825 -0.084101
v -0.085192 -0.015959 0.554074
v -0.371825 -0.142419 -0.171360
v -0.349090 -0.144696 -0.194100
v 0.570871 -0.096565 -0.031530
v -0.176219 -0.128088 -0.061167
v -0.124024 -0.134426 -0.067017
v -0.118791 -0.139188 -0.095164
v 0.538949 -0.093420 -0.062507
v 0.526482 -0.095687 -0.096665
v -0.155055 -0.165899 -0.188561
v -0.190592 -0.161299 -0.193235
v -0.138419 -0.163306 -0.205548
v -0.054831 -0.085989 -0.507584
v -0.058656 -0.064198 -0.535278
v -0.989450 0.045223 -0.278967
v -0.982649 0.049675 -0.294737
v -0.012074 0.016594 -0.608293
v -0.084855 -0.001670 0.013420
v 0.179803 -0.052404 -0.238715
v 0.168986 -0.054180 -0.235225
v 0.152569 0.047658 -0.222722
v -0.027649 0.240583 -0.871649
v -0.860621 -0.076098 -0.256431
v -0.865493 -0.073312 -0.256405
v -0.827569 -0.080784 -0.251710
v 0.986412 0.035573 -0.294236
v 0.982254 0.024444 -0.278890
v 0.979790 0.018249 -0.311027
v 0.016895 -0.262512 0.656381
v -0.181076 -0.236315 -0.119733
v -0.074187 -0.140673 0.325903
v -0.068061 -0.146436 0.345535
v 0.123177 -0.023815 -0.568651
v 0.128270 -0.019648 -0.559660
v 0.126144 -0.025237 -0.572385
v 0.283948 -0.154204 0.020104
v 0.296582 -0.153155 0.002748
v 0.333894 -0.148056 0.004630
v 0.098733 -0.113577 0.180987
v 0.097384 -0.119763 0.194097
v -0.531984 -0.122708 -0.101698
v -0.529406 -0.123472 -0.060523
v -0.000765 0.161734 -0.816710
v 0.653172 -0.093668 -0.054312
v 0.180095 -0.030227 -0.563534
v 0.182737 -0.023391 -0.559292
v 0.189412 -0.017627 -0.559470
v 0.190869 -0.022336 -0.556048
v 0.042657 0.030444 0.166795
v 0.308718 0.240301 -0.907324
v -0.157011 0.016924 -0.594775
v -0.156749 0.016100 -0.615193
v -0.159553 0.011147 -0.584834
v -0.138263 -0.044281 -0.225570
v -0.102123 0.231399 -0.773217
v -0.059509 0.231140 -0.779495
v -0.056500 0.233742 -0.742441
v -0.265532 -0.158291 -0.142336
v -0.871159 -0.066786 -0.127744
v -0.846831 -0.067685 -0.122756
v -0.151527 -0.014991 -0.618640
v -0.146686 -0.010888 -0.614435
v 0.064958 -0.051225 0.689644
v 0.075197 -0.056468 0.670023
v 0.219597 -0.233213 -0.072684
v 0.222497 -0.241240 -0.073093
v -0.003742 0.100863 -0.488939
v -0.004235 0.089852 -0.473548
v -0.083068 -0.157010 -0.332674
v -0.069831 -0.161190 -0.308229
v 0.308531 -0.136841 -0.170409
v 0.329231 -0.127014 -0.147156
v -0.025514 -0.030969 -0.700137
v -0.016299 -0.015747 -0.721152
v -0.019537 -0.034822 -0.721440
v -0.128686 0.038731 -0.266743
v -0.118524 0.027707 -0.293174
v 0.206016 -0.249286 -0.136955
v 0.666559 -0.105249 -0.121171
v -0.228077 -0.165298 -0.044304
v -0.225964 -0.171996 -0.041657
v -0.226376 -0.171967 -0.026694
v -0.227986 -0.165530 -0.023819
v 0.112251 -0.135545 -0.077075
v 0.110883 -0.130443 -0.054328
v 0.117415 -0.133264 -0.057228
v 0.044616 0.029976 0.210587
v 0.061279 0.020564 0.192163
v -0.274898 -0.159469 -0.118036
v 0.147886 -0.173861 -0.088896
v 0.169309 -0.171349 -0.087235
v 0.163909 -0.173434 -0.080662
v 0.156665 -0.172664 -0.073354
v -0.068347 -0.001915 -0.355879
v -0.378268 -0.108786 0.006789
v -0.409270 -0.108821 0.013136
v 0.053965 -0.019758 -0.564477
v 0.059486 -0.017074 -0.526660
v -0.005893 0.117258 -0.512234
v -0.011621 0.109465 -0.520339
v -0.106972 -0.060608 0.331057
v -0.015779 0.112440 -0.550889
v -0.016913 0.092214 -0.530615
v 0.022240 -0.100123 0.870250
v -0.012344 0.221879 -0.766438
v -0.012374 0.191819 -0.735925
v -0.049905 -0.101443 0.817506
v -0.058783 -0.111166 0.793144
v -0.050274 0.014952 -0.294685
v -0.062049 0.004350 -0.311219
v 0.010960 0.259052 -0.836118
v 0.012150 0.264873 -0.814039
v 0.150340 -0.253558 -0.129772
v 0.164276 -0.260136 -0.128835
v 0.149443 -0.269273 -0.120633
v 0.088644 -0.127947 0.276052
v 0.094020 -0.145376 0.285684
v 0.100811 -0.148432 0.267043
v -0.287596 0.227942 -0.867337
v -0.204838 -0.150206 -0.189346
v -0.183081 0.027464 -0.253558
v -0.075836 -0.173750 0.190462
v -0.055481 -0.170686 0.194407
v 0.011643 -0.205348 0.623622
v 0.069473 -0.060262 -0.463379
v -0.182574 -0.235070 -0.065626
v -0.181272 -0.248291 -0.068494
v 0.078405 -0.047614 -0.410091
v 0.006224 0.247435 -0.887086
v 0.975276 0.006285 -0.307371
v 0.972580 -0.003008 -0.289882
v -0.025594 0.232830 -0.774026
v -0.016969 0.234315 -0.744638
v 0.005094 0.045474 -0.371832
v 0.011187 0.046469 -0.420194
v 0.005326 0.053781 -0.414828
v -0.084208 -0.173980 0.194081
v 0.734531 -0.088611 -0.234656
v 0.766587 -0.086946 -0.239067
v 0.720883 -0.091848 -0.230738
v 0.058950 -0.180109 0.035705
v 0.092479 -0.179208 0.032856
v -0.006736 0.036169 -0.688281
v -0.112520 -0.010277 -0.455959
v -0.102342 -0.007469 -0.435707
v -0.064539 -0.008540 -0.461856
v -0.222343 -0.270094 -0.122854
v -0.223159 -0.257056 -0.130334
v -0.212691 -0.263123 -0.129206
v 0.029335 -0.175021 -0.188448
v -0.002464 0.040295 -0.304886
v 0.198360 -0.219273 -0.109783
v 0.205194 -0.224325 -0.106449
v -0.142081 -0.028451 -0.236179
v 0.212819 0.004159 -0.401076
v 0.214657 -0.003918 -0.404245
v -0.138341 -0.125728 0.092577
v -0.120052 -0.125065 0.093375
v -0.128537 -0.125198 0.073038
v 0.011996 0.094382 -0.500737
v 0.939389 -0.042987 -0.208121
v 0.949960 -0.031528 -0.258939
v 0.014302 -0.176987 -0.116144
v 0.018983 -0.178263 -0.127516
v -0.378486 -0.141730 0.001628
v -0.307709 -0.151166 0.000018
v -0.343126 -0.144603 0.022120
v 0.103750 -0.122914 0.143643
v 0.112338 -0.136630 0.147212
v 0.109206 -0.127624 0.138689
v 0.043263 -0.016722 -0.602470
v 0.045099 -0.036941 -0.619565
v -0.060520 0.237533 -0.719660
v -0.020530 0.236119 -0.726019
v -0.023969 0.239184 -0.712187
v -0.252488 -0.145387 0.088427
v -0.701592 -0.080773 -0.156780
v -0.687923 -0.080176 -0.127286
v -0.646545 -0.087754 -0.160861
v 0.076848 -0.151921 -0.350859
v 0.083023 -0.153862 -0.330181
v 0.078326 -0.158970 -0.321170
v -0.229828 -0.156627 -0.156290
v -0.208170 -0.156946 -0.171901
v -0.207016 -0.158627 -0.159576
v 0.192285 -0.045757 -0.233654
v -0.121545 0.023166 -0.472642
v -0.013094 -0.172046 0.624150
v -0.015638 -0.172657 0.636844
v -0.015690 -0.183066 0.623146
v 0.004136 0.080556 -0.761540
v -0.196596 0.004576 -0.234278
v -0.208859 -0.025837 -0.244535
v -0.121388 -0.039734 -0.296874
v -0.119434 -0.036901 -0.275334
v 0.238769 0.235558 -0.783621
v -0.183623 -0.020847 -0.256856
v 0.207140 -0.151385 0.107393
v 0.161324 0.012897 -0.594038
v -0.143613 0.044307 -0.222658
v 0.003725 -0.181016 0.666169
v 0.006465 -0.172664 0.667722
v -0.050717 0.243754 -0.709793
v 0.407644 -0.134992 0.009061
v 0.411614 -0.136926 -0.002574
v 0.123739 -0.032381 -0.564385
v 0.125323 -0.029159 -0.570010
v 0.135373 -0.031477 -0.574226
v -0.039540 -0.092541 0.830263
v -0.033463 -0.110965 0.870674
v 0.777915 -0.084661 -0.096316
v 0.092423 -0.121508 -0.181683
v 0.096976 -0.132568 -0.178827
v 0.191017 -0.220573 -0.098948
v 0.195135 -0.226678 -0.089887
v 0.197273 -0.225312 -0.101591
v -0.008931 -0.190168 0.009075
v -0.212985 -0.024683 -0.311208
v 0.094162 -0.036405 -0.216593
v 0.098791 -0.061967 -0.221948
v 0.094755 -0.041685 -0.227491
v 0.000538 -0.171316 0.566398
v 0.065527 -0.138260 0.705270
v 0.059035 -0.139779 0.746420
v 0.057901 -0.145399 0.714732
v 0.211802 -0.014716 -0.269221
v 0.206975 -0.022730 -0.229876
v 0.207936 -0.031529 -0.272578
v -0.158145 0.038934 -0.467080
v -0.023979 0.035619 0.150187
v 0.279489 -0.153056 0.039119
v 0.011701 0.241997 -0.703656
v -0.548500 -0.106422 -0.018289
v -0.525304 -0.107210 -0.010945
v -0.299145 -0.163532 -0.182235
v 0.062192 -0.063157 -0.503906
v 0.063224 -0.051991 -0.500148
v 0.214344 -0.264731 -0.053167
v 0.221474 -0.255136 -0.048963
v 0.105513 -0.058693 0.218935
v 0.105192 -0.066032 0.275564
v -0.204849 -0.199858 -0.071570
v -0.203082 -0.210972 -0.080517
v -0.117609 -0.039636 -0.400485
v -0.060652 -0.149015 0.681621
v -0.049144 -0.154627 0.718744
v 0.984893 0.055793 -0.331654
v 0.980927 0.050819 -0.336279
v 0.980617 0.052917 -0.314246
v 0.985268 0.057148 -0.301520
v 0.088068 -0.176626 0.127466
v 0.086582 -0.177542 0.097362
v 0.115620 -0.175173 0.084850
v -0.079101 0.006409 0.257913
v 0.089536 -0.149730 -0.290913
v 0.200128 0.000056 -0.523910
v 0.205186 -0.005036 -0.502242
v 0.200035 -0.013549 -0.521437
v -0.080472 -0.095383 0.691811
v -0.159711 0.007617 -0.577087
v -0.161865 0.008728 -0.559994
v 0.126640 -0.126093 0.069784
v 0.116864 -0.126311 0.018802
v 0.117153 -0.017912 -0.558495
v 0.571131 -0.105234 -0.203607
v -0.203373 -0.210817 -0.095184
v -0.202248 -0.199189 -0.106000
v -0.200598 -0.208662 -0.102050
v -0.219536 -0.174494 -0.071068
v -0.217794 -0.190587 -0.068889
v -0.218791 -0.211033 -0.072289
v -0.174855 -0.165231 0.093116
v -0.157848 -0.166787 0.103218
v 0.139313 -0.049935 -0.242619
v 0.146079 -0.055432 -0.297098
v 0.154478 -0.054543 -0.249578
v -0.100089 -0.034113 0.501714
v -0.102910 -0.037372 0.458728
v -0.102281 -0.044103 0.507184
v 0.043306 -0.007816 0.645179
v -0.034811 0.023305 -0.287967
v -0.193715 -0.215016 -0.050044
v -0.200987 -0.220476 -0.045647
v -0.661622 -0.106251 -0.081948
v -0.626791 -0.110309 -0.081268
v -0.644932 -0.106522 -0.061975
v 0.167473 -0.058465 -0.306070
v 0.177761 -0.054860 -0.274081
v -0.158903 -0.062516 -0.402033
v 0.206336 -0.014723 -0.493155
v 0.105483 -0.063011 0.372817
v 0.037268 0.240459 -0.869879
v 0.083519 0.238899 -0.881580
v -0.116615 0.025780 -0.316764
v 0.050498 -0.153387 0.683856
v -0.232831 0.246824 -0.877485
v 0.576846 -0.089774 -0.090986
v 0.650068 -0.082823 -0.101768
v 0.641582 -0.084428 -0.117752
v -0.270447 -0.161656 -0.147734
v -0.269840 -0.162206 -0.116709
v 0.794175 -0.069691 -0.149150
v 0.815814 -0.067696 -0.150562
v 0.839931 -0.067906 -0.189371
v 0.853219 -0.074962 -0.122749
v 0.291175 -0.158372 -0.129144
v 0.284815 -0.157497 -0.114852
v 0.268053 -0.161565 -0.114002
v 0.149672 -0.061393 -0.394284
v 0.149517 -0.060171 -0.433833
v 0.161930 -0.062765 -0.401166
v -0.207604 0.000520 -0.226032
v -0.207163 -0.022496 -0.234666
v -0.199492 -0.020653 -0.217976
v 0.109605 -0.116093 0.028674
v 0.110568 -0.159083 -0.183113
v -0.082958 -0.143258 -0.308645
v -0.166393 -0.276997 -0.068710
v -0.232399 0.232002 -0.786375
v -0.225424 -0.218495 -0.073196
v 0.172298 -0.048999 -0.519509
v 0.078974 -0.114412 -0.302703
v 0.072972 -0.119778 -0.326417
v -0.472497 -0.122298 0.002166
v -0.054518 -0.156105 0.623401
v -0.050800 -0.155470 0.674377
v -0.209137 0.015765 -0.389990
v 0.019559 -0.209003 0.617957
v 0.018982 -0.206527 0.643732
v 0.021624 -0.225812 0.633036
v -0.083494 -0.011617 -0.193294
v -0.941047 -0.052242 -0.282974
v -0.939328 -0.060533 -0.279038
v 0.150682 -0.028532 -0.595722
v 0.155898 -0.028382 -0.582667
v 0.172712 -0.029575 -0.573758
v 0.515871 -0.124571 -0.084824
v 0.488665 -0.128806 -0.060529
v -0.075418 0.006039 -0.102771
v -0.084361 -0.003446 -0.099198
v -0.075232 0.008619 -0.047220
v 0.106183 0.238334 -0.885692
v 0.951261 -0.022084 -0.211692
v -0.185071 0.041599 -0.311227
v -0.192009 0.037277 -0.317977
v -0.104832 -0.019163 -0.252187
v -0.194371 -0.242076 -0.049915
v -0.195085 -0.259400 -0.050257
v -0.190028 -0.258469 -0.067855
v -0.105501 -0.086379 0.254947
v 0.033940 -0.089833 -0.579906
v 0.025776 0.034769 0.529457
v -0.063675 0.239278 -0.877145
v -0.054204 0.241771 -0.876574
v -0.972796 -0.000879 -0.301938
v 0.005931 -0.062066 0.793740
v 0.001185 -0.043413 0.735423
v -0.152753 -0.249856 -0.086205
v -0.151607 -0.248742 -0.099680
v -0.151523 -0.224314 -0.095213
v 0.145524 0.010867 -0.601247
v 0.146471 0.007691 -0.616535
v 0.139507 -0.004157 -0.617403
v 0.572035 -0.092053 -0.115302
v -0.105678 -0.063962 0.502350
v -0.105475 -0.088038 0.478593
v -0.103926 -0.089353 0.513281
v -0.271314 0.236730 -0.922899
v -0.257212 0.241108 -0.901498
v -0.230231 0.238099 -0.916340
v -0.011200 0.068187 -0.455402
v -0.011303 0.081465 -0.475919
v 0.673297 -0.097198 -0.226353
v 0.669381 -0.095520 -0.221457
v 0.712679 -0.090067 -0.230168
v -0.302476 -0.116699 0.042099
v -0.274713 -0.122273 0.066926
v -0.252965 -0.119177 0.042235
v 0.449487 -0.133165 -0.074186
v 0.404436 -0.139297 -0.024401
v -0.191108 -0.213829 -0.073958
v -0.175866 -0.213581 -0.073587
v -0.174500 -0.181715 -0.074616
v 0.077962 -0.135939 -0.340903
v 0.073990 -0.143394 -0.371047
v 0.005222 -0.154729 0.636909
v 0.006978 -0.156118 0.624268
v 0.011081 -0.156236 0.637891
v 0.011419 -0.155993 0.643528
v 0.034443 -0.007589 -0.605958
v 0.045341 -0.008719 -0.563778
v 0.022787 -0.167510 0.691065
v 0.023631 -0.176394 0.690320
v 0.268249 0.243753 -0.801769
v 0.271754 0.239521 -0.793841
v 0.287976 0.239529 -0.801010
v 0.179408 -0.244135 -0.116768
v 0.198670 -0.238133 -0.113674
v 0.192175 -0.251652 -0.114178
v 0.083902 -0.160739 0.288028
v 0.100957 -0.035141 0.386528
v 0.227808 -0.140315 -0.159762
v 0.261032 -0.133833 -0.141674
v 0.283997 -0.141496 -0.177772
v -0.225287 0.228070 -0.841790
v -0.188139 0.232011 -0.873327
v -0.145437 0.228771 -0.825752
v -0.221545 -0.207919 -0.060229
v -0.220194 -0.201539 -0.060699
v 0.857309 -0.065995 -0.129530
v 0.870962 -0.070684 -0.128512
v 0.881068 -0.064295 -0.136972
v -0.070516 -0.038451 -0.502011
v -0.069028 -0.035575 -0.488129
v -0.885663 -0.078797 -0.181748
v -0.846929 -0.079852 -0.220190
v -0.831946 -0.084395 -0.183939
v -0.154652 -0.217669 -0.083763
v -0.185558 -0.027649 -0.235024
v -0.177050 -0.025746 -0.253448
v 0.347362 -0.145733 -0.136942
v -0.190155 0.033879 -0.223139
v -0.178580 0.044723 -0.229369
v -0.613572 -0.105427 -0.214302
v 0.001190 0.037888 0.042821
v -0.008526 -0.008130 -0.734821
v 0.297590 -0.164781 -0.191943
v -0.888497 -0.073260 -0.243399
v 0.075601 -0.138531 0.607369
v 0.073835 -0.062896 0.681751
v 0.064693 -0.063965 0.712186
v 0.070681 -0.075896 0.708526
v 0.882946 -0.071206 -0.257703
v 0.921662 -0.068188 -0.268737
v 0.868011 -0.074318 -0.258135
v 0.108310 -0.145761 0.176063
v 0.108128 -0.152473 0.181651
v 0.108164 -0.152354 0.171543
v -0.139092 0.044589 -0.278001
v 0.348894 -0.115555 0.040702
v 0.365504 -0.113652 0.034324
v -0.057898 -0.154792 -0.342520
v -0.021592 -0.155210 -0.340655
v -0.213718 -0.027383 -0.363836
v -0.207677 -0.038408 -0.413678
v -0.210664 -0.034717 -0.358127
v -0.982902 0.024814 -0.322871
v -0.987190 0.033688 -0.326810
v -0.980165 0.035817 -0.346905
v 0.083050 -0.041407 -0.379282
v 0.315367 0.229130 -0.871526
v 0.307165 0.230639 -0.895854
v 0.325357 0.230464 -0.873212
v 0.101368 -0.135843 0.222969
v 0.140824 -0.168610 -0.185206
v -0.044346 -0.058729 0.745851
v -0.061905 -0.067579 0.729561
v -0.049391 -0.069265 0.762394
v 0.319886 0.240265 -0.826367
v 0.328816 0.234794 -0.838595
v -0.214084 -0.244457 -0.131855
v 0.201083 -0.121558 -0.000266
v -0.160483 -0.023902 -0.557572
v -0.138620 -0.021754 -0.578622
v -0.533784 -0.093911 -0.048836
v -0.529185 -0.095499 -0.033541
v 0.632199 -0.089476 -0.054356
v 0.106623 -0.117225 -0.072210
v 0.106452 -0.124720 -0.071615
v 0.027690 0.021749 0.597524
v 0.045495 0.012476 0.606971
v 0.048652 0.019581 0.583030
v 0.271866 -0.146115 0.073672
v 0.271888 -0.139490 0.080885
v 0.016131 -0.135363 -0.457769
v 0.624865 -0.090027 -0.151338
v 0.690691 -0.082708 -0.158504
v 0.002068 0.039756 -0.301931
v 0.002334 0.039363 -0.258732
v 0.686800 -0.081767 -0.080902
v 0.684026 -0.085402 -0.069396
v 0.724209 -0.080726 -0.083657
v 0.296503 -0.117747 0.050078
v 0.306397 -0.120877 0.061706
v 0.324207 -0.116420 0.045278
v 0.010768 0.038928 -0.640725
v -0.107264 -0.063314 0.224641
v -0.106757 -0.081134 0.199048
v 0.015083 -0.273520 0.631860
v 0.055032 -0.165183 0.255785
v 0.056356 -0.171097 0.192907
v 0.072714 -0.168993 0.228593
v 0.034673 -0.168301 0.217549
v -0.006888 -0.177176 -0.149227
v 0.004544 -0.177107 -0.185251
v 0.005533 -0.180043 -0.129758
v 0.014141 -0.263133 0.609513
v 0.117320 0.023571 -0.415401
v 0.118690 0.026848 -0.391217
v 0.124585 0.030024 -0.433673
v 0.022010 -0.070957 -0.662416
v -0.220487 -0.251322 -0.132734
v 0.303085 -0.158410 -0.136740
v 0.202042 0.253812 -0.832883
v 0.208219 0.252700 -0.812962
v 0.259877 0.249209 -0.823947
v -0.103388 -0.139836 -0.129081
v -0.112038 -0.027997 -0.299747
v 0.009454 0.270890 -0.823207
v -0.014530 0.237631 -0.726154
v -0.014563 0.232913 -0.741684
v -0.543205 -0.101759 -0.017872
v -0.523716 -0.102378 -0.012917
v -0.202015 -0.018670 -0.528067
v -0.198606 -0.026545 -0.530299
v 0.411063 -0.113300 0.024548
v 0.432010 -0.113181 0.018708
v -0.179587 -0.167219 0.069712
v -0.225874 -0.161486 0.052764
v -0.013970 0.263877 -0.710811
v -0.014098 0.265533 -0.728409
v 0.213840 -0.274925 -0.112044
v 0.006385 0.039985 -0.341533
v 0.044261 0.028845 -0.012241
v -0.098080 0.234144 -0.743082
v -0.100901 -0.031487 0.208562
v -0.978621 0.023931 -0.256772
v -0.979894 0.040475 -0.277941
v -0.052823 0.027487 0.270802
v -0.067972 0.018175 0.310260
v -0.050549 0.028741 0.318328
v -0.978974 0.044353 -0.348720
v -0.155958 0.235882 -0.887684
v -0.092279 -0.018286 -0.148979
v -0.093871 -0.015667 -0.090789
v -0.682465 -0.104329 -0.083437
v -0.695270 -0.102686 -0.085772
v -0.719577 -0.099386 -0.119564
v -0.198201 -0.244732 -0.046136
v -0.195533 -0.226622 -0.049507
v 0.100340 -0.122943 0.162873
v -0.224889 -0.154729 -0.185824
v -0.040140 0.016185 -0.361425
v -0.009764 -0.200193 0.663264
v -0.150802 0.045537 -0.378290
v 0.077884 0.259545 -0.744270
v 0.005980 -0.145424 0.671400
v -0.013189 -0.150961 0.668484
v -0.008342 -0.146810 0.663643
v -0.074696 -0.112132 -0.344877
v -0.070847 -0.122771 -0.349773
v -0.109588 0.002744 -0.242809
v -0.111382 -0.016535 -0.217608
v -0.108908 -0.011457 -0.241102
v -0.100340 -0.065843 -0.233973
v -0.610290 -0.104318 -0.214060
v -0.066844 0.013857 -0.106022
v -0.067152 0.015868 -0.057795
v -0.669732 -0.083850 -0.071878
v -0.648367 -0.083847 -0.077223
v 0.095536 -0.121970 0.230930
v 0.151300 -0.238786 -0.045675
v 0.160259 -0.231129 -0.040001
v 0.991129 0.047680 -0.356120
v 0.056637 -0.154477 0.546329
v 0.055583 -0.154962 0.464978
v 0.016844 0.031324 -0.246226
v 0.010004 0.035489 -0.205384
v 0.027099 0.028661 -0.231051
v 0.102120 -0.158633 0.243889
v 0.092308 -0.167041 0.234428
v 0.726107 -0.077606 -0.092995
v -0.096909 -0.145815 0.278572
v -0.089289 -0.142666 0.293678
v -0.091661 -0.128336 0.267241
v 0.141559 -0.036470 -0.213890
v 0.163644 -0.044413 -0.214059
v 0.115244 -0.038074 -0.243651
v 0.118113 -0.040987 -0.266010
v 0.129742 -0.046512 -0.256747
v 0.659708 -0.104450 -0.157077
v 0.943988 -0.073219 -0.172106
v -0.884132 -0.065879 -0.134303
v -0.918185 -0.067907 -0.145554
v -0.898165 -0.074610 -0.140531
v -0.005483 -0.159564 0.892902
v -0.002974 -0.152552 0.919198
v 0.388431 -0.136384 0.017499
v 0.405156 -0.129992 0.022378
v 0.220497 -0.233692 -0.035500
v 0.225944 -0.233276 -0.029038
v 0.191251 -0.187415 -0.088605
v 0.194735 -0.182982 -0.094361
v 0.202098 -0.179731 -0.086851
v -0.203245 -0.142861 0.113440
v -0.206302 -0.147813 0.109583
v -0.196533 -0.153705 0.109699
v 0.060535 -0.040205 -0.507170
v 0.934088 -0.073473 -0.164886
v 0.931234 -0.069841 -0.153648
v -0.108437 -0.007435 -0.292285
v -0.275339 -0.115586 -0.024151
v -0.039806 0.005871 -0.482867
v -0.976234 0.008238 -0.309458
v -0.964901 0.002656 -0.308232
v -0.928912 -0.060380 -0.151631
v 0.136300 -0.052855 -0.309564
v 0.137461 -0.057509 -0.375339
v 0.148190 -0.059889 -0.356598
v 0.067055 -0.165858 0.258392
v -0.280406 0.233691 -0.911603
v -0.066548 0.011496 -0.150329
v -0.002340 -0.167797 -0.262041
v 0.018728 -0.170069 -0.247102
v 0.012113 -0.180850 0.076978
v -0.088294 -0.006586 -0.046903
v 0.005090 0.084078 -0.469184
v 0.004875 0.094218 -0.483213
v 0.054307 0.014020 -0.257738
v -0.171704 0.048290 -0.244164
v -0.172967 0.047161 -0.261390
v 0.162804 -0.217680 -0.105909
v 0.162539 -0.218361 -0.088898
v 0.167171 -0.224782 -0.096798
v 0.096221 -0.111750 0.399806
v 0.097983 -0.110030 0.444186
v 0.092637 -0.120524 0.430898
v -0.128519 -0.129353 0.119960
v -0.124526 -0.131761 0.132042
v -0.191635 -0.216982 -0.117579
v 0.103291 -0.163826 -0.205195
v -0.174875 -0.221090 -0.044585
v -0.159741 -0.221657 -0.044387
v -0.103365 -0.095924 0.414757
v -0.945745 -0.041537 -0.186939
v 0.075927 -0.132365 0.653278
v -0.104826 -0.045489 0.105058
v 0.100237 -0.033158 0.127461
v -0.082364 -0.045458 -0.376320
v -0.086664 -0.052129 -0.351420
v -0.082679 -0.040667 -0.362746
v -0.129737 -0.012560 -0.213480
v -0.126913 -0.030066 -0.212677
v 0.212214 -0.129695 -0.094673
v 0.013314 -0.162970 0.845340
v 0.018968 -0.158409 0.874176
v 0.007038 -0.160859 0.885881
v 0.023640 -0.032508 0.698815
v 0.047870 -0.038244 0.686833
v -0.049410 0.232728 -0.816538
v -0.099261 -0.110657 0.487647
v -0.097863 -0.111514 0.543247
v -0.129897 -0.125639 0.037866
v 0.168617 0.231345 -0.781216
v 0.235286 0.230845 -0.796351
v 0.193154 0.232399 -0.776526
v -0.111624 -0.109250 -0.047374
v -0.107781 -0.123956 -0.072738
v 0.186426 -0.183090 -0.107861
v 0.191268 -0.187718 -0.107914
v 0.189228 -0.205088 -0.108095
v 0.094851 -0.112703 0.535903
v 0.093280 -0.118966 0.501327
v -0.052022 -0.078736 0.776768
v 0.010360 0.201828 -0.647415
v -0.444106 -0.112343 0.015294
v 0.009301 -0.167407 -0.271793
v 0.058410 -0.116268 -0.401997
v 0.059695 -0.122796 -0.388135
v -0.153120 -0.221592 -0.113000
v 0.165108 0.244125 -0.877685
v 0.148834 -0.020692 -0.609374
v 0.149771 -0.024726 -0.619725
v 0.076429 0.007181 0.130339
v 0.020968 -0.105175 -0.574799
v 0.019278 -0.115720 -0.543247
v 0.222769 -0.226685 -0.068593
v -0.106255 -0.047077 -0.101156
v -0.106528 -0.061665 -0.156443
v -0.108938 -0.067579 -0.129919
v -0.112335 0.008165 -0.436204
v -0.112700 -0.000083 -0.462770
v 0.603722 -0.087659 -0.073486
v 0.096498 -0.175619 -0.151435
v -0.011117 -0.184841 -0.005478
v 0.005560 -0.186736 -0.007374
v 0.007616 -0.191430 -0.002185
v 0.204940 0.232470 -0.881636
v 0.229902 0.236660 -0.913865
v 0.252277 -0.154857 -0.159614
v 0.264254 -0.161666 -0.145236
v -0.209184 0.251864 -0.806311
v 0.121052 -0.170799 -0.207553
v 0.109175 0.015518 -0.291565
v 0.107659 0.008083 -0.277831
v 0.063978 -0.040847 -0.518315
v 0.062653 -0.036416 -0.556879
v 0.567460 -0.116300 -0.122042
v 0.819699 -0.084171 -0.213332
v 0.836458 -0.079713 -0.246695
v -0.566569 -0.113764 -0.168879
v 0.114879 0.024202 -0.323093
v 0.109407 0.014786 -0.347784
v 0.084165 -0.131396 0.294921
v 0.266961 -0.156976 -0.012959
v 0.018323 -0.047036 -0.713979
v 0.026634 -0.050626 -0.681341
v -0.205948 -0.218686 -0.091010
v 0.002644 -0.152700 -0.352588
v -0.011805 -0.144952 -0.396965
v 0.008747 -0.147461 -0.382804
v -0.038930 -0.159474 0.673689
v -0.023580 -0.160999 0.667086
v 0.156127 -0.050570 -0.520416
v 0.160645 -0.045798 -0.540456
v -0.069599 0.259580 -0.775710
v 0.229904 -0.134085 0.098347
v 0.199974 -0.134727 0.112555
v 0.980057 0.020095 -0.255255
v 0.969301 -0.010707 -0.223747
v 0.972487 -0.005592 -0.241210
v -0.125332 -0.175609 -0.099485
v -0.092363 -0.179357 -0.065726
v -0.205158 0.235104 -0.772442
v -0.207226 0.231587 -0.784064
v -0.196985 0.233225 -0.774672
v 0.306942 0.243608 -0.834595
v -0.096411 -0.122444 -0.166783
v 0.181907 -0.254546 -0.112656
v 0.200128 -0.190270 -0.072142
v -0.029425 -0.019706 -0.670868
v 0.026279 -0.008262 -0.648556
v -0.324322 0.235949 -0.910051
v -0.322798 0.230968 -0.919549
v -0.324426 0.230730 -0.900042
v 0.016149 0.126769 -0.583898
v 0.017626 0.086482 -0.545960
v -0.175507 -0.270374 -0.093678
v -0.000027 0.038860 0.501570
v 0.029842 0.034959 0.504043
v -0.084902 -0.040394 -0.331957
v -0.108404 -0.169306 0.152200
v -0.595001 -0.089594 -0.121433
v -0.566235 -0.090694 -0.089900
v -0.029969 -0.183581 -0.018999
v -0.678590 -0.098378 -0.062656
v -0.660916 -0.104489 -0.065913
v 0.164120 -0.208161 -0.075948
v 0.161476 -0.221815 -0.121605
v -0.023537 -0.122005 -0.499038
v 0.007608 0.252945 -0.879071
v 0.007017 0.244854 -0.876964
v 0.026777 0.035532 0.214238
v -0.111444 -0.133739 -0.077146
v 0.036370 -0.038932 -0.654975
v 0.037684 -0.052941 -0.640899
v 0.005363 -0.189143 0.027525
v 0.107959 -0.066993 0.048363
v 0.108994 -0.065212 0.006797
v 0.102275 -0.091235 0.257063
v 0.146354 0.040976 -0.435038
v 0.130644 0.030616 -0.473226
v 0.010195 -0.183995 -0.005919
v 0.008170 -0.188018 0.024027
v -0.128119 0.007140 -0.217674
v -0.121076 0.004512 -0.216034
v -0.035481 -0.171931 0.164053
v -0.322285 0.234390 -0.936304
v -0.319150 0.236226 -0.927261
v 0.612146 -0.091538 -0.048754
v -0.100515 -0.028225 0.017770
v -0.101058 -0.027857 -0.030707
v -0.104496 -0.036529 -0.021897
v 0.202297 -0.176744 -0.117538
v 0.203174 -0.176138 -0.131410
v 0.786038 -0.073573 -0.183221
v -0.098303 -0.060455 0.567624
v -0.760319 -0.080626 -0.087849
v 0.084062 0.000212 0.343445
v 0.117148 0.020632 -0.456199
v 0.112189 0.016953 -0.394088
v -0.190054 -0.253883 -0.126856
v -0.196573 -0.251673 -0.137056
v 0.116820 0.000002 -0.559084
v 0.121367 0.010285 -0.558701
v 0.144414 0.023390 -0.561629
v 0.132988 -0.000133 -0.558372
v 0.110733 -0.089052 0.022871
v 0.161625 -0.172524 -0.055264
v 0.171705 -0.170041 -0.065115
v 0.015605 0.077923 -0.500526
v -0.176575 -0.180429 -0.090562
v -0.318446 -0.119994 0.056834
v -0.352113 -0.120770 0.048221
v -0.114721 -0.167616 -0.217273
v -0.105706 -0.169718 -0.241487
v 0.189849 -0.222345 -0.109470
v -0.097282 -0.156922 -0.258410
v -0.064478 0.020929 0.331751
v 0.185248 -0.172709 -0.104109
v -0.937190 -0.072347 -0.167937
v -0.916203 -0.074843 -0.188584
v -0.913429 -0.075682 -0.164196
v -0.200027 0.024267 -0.224690
v -0.193819 -0.264008 -0.131238
v -0.155485 -0.269104 -0.057823
v -0.174501 -0.271203 -0.059847
v -0.013031 -0.189303 0.665890
v -0.003280 -0.078413 -0.676542
v -0.084723 -0.130283 0.356504
v -0.017703 0.095971 -0.565318
v -0.018388 0.071311 -0.529471
v 0.048886 -0.043918 0.705382
v -0.153297 -0.259052 -0.127925
v -0.165020 -0.263107 -0.132220
v 0.078876 -0.030846 -0.572973
v 0.075241 -0.034120 -0.568803
v 0.960621 -0.002078 -0.233320
v 0.955991 -0.011649 -0.221310
v -0.504101 -0.126321 -0.089268
v 0.215554 -0.147707 -0.184845
v 0.259322 -0.144954 -0.185803
v -0.061257 -0.153833 0.328504
v -0.442732 -0.133724 -0.014779
v -0.421318 -0.137411 -0.026724
v -0.414848 -0.135592 0.002279
v 0.194201 0.015751 -0.222378
v 0.062048 -0.071898 0.732452
v 0.060329 -0.083165 0.754968
v 0.069366 -0.083194 0.721869
v 0.084111 -0.132441 0.527283
v 0.083132 -0.131900 0.563334
v 0.077045 -0.139312 0.550833
v -0.017610 -0.234610 0.605240
v -0.017180 -0.251811 0.604641
v 0.215288 -0.222627 -0.061480
v 0.217938 -0.233917 -0.043728
v 0.007316 0.008578 -0.654879
v -0.078657 -0.029896 -0.439317
v -0.079459 -0.032272 -0.469673
v -0.290797 0.240250 -0.903566
v -0.277630 0.248515 -0.867211
v -0.257394 0.245691 -0.883268
v -0.003272 -0.128725 -0.512747
v 0.010770 -0.145533 0.667536
v 0.012118 -0.153768 0.676053
v -0.146741 -0.021060 -0.590059
v -0.036418 0.032845 0.208416
v -0.024865 0.035932 0.243125
v -0.025527 0.035466 0.214385
v 0.361975 -0.109111 -0.056289
v 0.186940 -0.156265 -0.190926
v 0.192895 -0.160275 -0.184177
v 0.187053 -0.162305 -0.189832
v 0.042291 -0.116417 -0.474428
v 0.041592 -0.125774 -0.472174
v -0.160364 -0.159113 -0.198637
v -0.177959 -0.154636 -0.192190
v -0.136707 -0.160007 -0.202729
v -0.168929 -0.251688 -0.044754
v -0.157646 -0.257742 -0.047738
v -0.631703 -0.084078 -0.092491
v -0.587939 -0.088789 -0.067045
v 0.159739 -0.244293 -0.040792
v -0.004661 0.268104 -0.927061
v -0.000544 0.270992 -0.929130
v -0.000647 0.270785 -0.952040
v 0.175660 -0.257213 -0.087919
v 0.186583 -0.260454 -0.071642
v 0.208706 -0.157550 -0.165955
v 0.204940 -0.171508 -0.176455
v -0.152931 0.023075 -0.562079
v -0.133528 0.020585 -0.555987
v -0.059971 -0.161117 0.295898
v -0.010792 0.267632 -0.835734
v -0.009510 0.261223 -0.857757
v 0.056911 -0.037853 -0.564129
v -0.198898 -0.166555 -0.167493
v -0.201836 -0.167462 -0.126168
v -0.202136 -0.168958 -0.165173
v -0.111648 0.002888 -0.531080
v 0.158407 -0.173033 -0.010992
v 0.128889 -0.176157 -0.002184
v 0.923939 -0.065497 -0.149149
v -0.558092 -0.096383 -0.028766
v -0.533054 -0.097875 -0.021685
v -0.312944 -0.150933 -0.044232
v 0.043645 0.261823 -0.763450
v 0.011306 0.238453 -0.833170
v 0.014935 0.236878 -0.816899
v 0.010499 0.234140 -0.816302
v 0.008528 0.232665 -0.842109
v 0.602278 -0.111558 -0.051629
v 0.047296 0.019486 -0.239477
v 0.150669 -0.004685 -0.620403
v 0.144943 -0.006672 -0.620807
v -0.499124 -0.121508 -0.173803
v 0.090938 -0.178527 0.059992
v 0.093370 -0.027404 -0.250016
v -0.117100 -0.173208 0.124867
v -0.132544 -0.173410 0.096221
v 0.033889 -0.001614 -0.570777
v 0.158604 -0.057221 -0.283287
v 0.050707 -0.045569 -0.590340
v -0.339330 -0.136774 -0.184879
v -0.002066 0.015958 -0.727206
v 0.000193 0.002227 -0.726368
v -0.003068 0.001047 -0.711532
v -0.003700 0.002349 -0.705609
v -0.098589 -0.175483 -0.146840
v -0.178179 -0.174611 -0.090302
v -0.177918 -0.174611 -0.086283
v 0.160534 -0.051982 -0.222790
v 0.073971 -0.097280 0.713704
v 0.061812 -0.097913 0.767462
v 0.068970 -0.105651 0.739595
v 0.006096 -0.171871 0.686094
v -0.048904 0.022511 -0.167753
v 0.264030 0.232104 -0.896177
v 0.258227 0.229568 -0.872936
v -0.020122 -0.168615 0.613144
v -0.014443 -0.172838 0.609189
v -0.016338 -0.173183 0.617137
v -0.120189 0.028530 -0.391128
v -0.111941 0.015933 -0.365929
v -0.113962 0.016174 -0.419736
v 0.400002 -0.105095 -0.033102
v -0.543284 -0.114161 -0.202689
v -0.575721 -0.109631 -0.210027
v -0.540557 -0.112645 -0.204438
v -0.069770 -0.181968 -0.041334
v 0.108043 0.007126 -0.326380
v 0.106796 0.000348 -0.294068
v -0.006020 0.227045 -0.841529
v 0.002138 0.224989 -0.843748
v -0.010707 0.036929 -0.183707
v -0.007604 0.261419 -0.885995
v -0.005970 0.249012 -0.910634
v -0.265312 0.232053 -0.897011
v -0.944357 -0.055963 -0.174640
v -0.940702 -0.071502 -0.193224
v -0.941627 -0.070241 -0.177840
v -0.062717 -0.121613 -0.389706
v -0.059039 -0.114585 -0.418782
v -0.060364 -0.128166 -0.404651
v 0.125097 -0.026938 -0.220343
v 0.163555 0.006887 -0.558941
v 0.154182 0.001204 -0.555440
v 0.158369 0.003460 -0.577904
v -0.049807 -0.157982 0.347311
v 0.198715 0.030034 -0.346518
v -0.029566 -0.166060 0.368300
v 0.896021 -0.060197 -0.153627
v 0.929915 -0.059754 -0.156065
v 0.132526 0.040941 -0.283871
v 0.130083 0.039661 -0.234071
v 0.138967 0.044612 -0.230118
v 0.916124 -0.072447 -0.212675
v 0.418545 -0.133234 -0.131708
v -0.009486 -0.018898 -0.744272
v -0.002677 -0.021073 -0.758685
v -0.012000 -0.038660 -0.738985
v -0.021686 -0.193611 0.684612
v -0.020599 -0.204143 0.687118
v -0.025205 -0.205396 0.688671
v -0.023956 -0.195625 0.676290
v -0.093498 -0.168530 0.229772
v -0.371453 -0.143334 -0.051099
v -0.363413 -0.144070 -0.085420
v 0.040480 0.032895 0.414358
v 0.030478 0.036035 0.454752
v 0.211469 -0.129528 0.097204
v -0.059860 -0.126275 0.785267
v -0.111116 -0.003198 -0.428016
v 0.089204 -0.040827 -0.313968
v -0.004059 0.251418 -0.932643
v -0.003848 0.260903 -0.945333
v 0.258398 -0.153579 -0.184620
v 0.247063 -0.151618 -0.189174
v 0.125551 -0.175914 0.043545
v 0.164272 -0.169639 0.060030
v -0.117086 0.023358 -0.227701
v -0.112887 0.003153 -0.220508
v 0.111548 -0.088955 -0.001042
v -0.040802 -0.083824 0.811754
v -0.031157 -0.166532 0.456117
v -0.016804 -0.169830 0.416917
v -0.175889 -0.276558 -0.072758
v 0.047182 -0.158980 0.554270
v 0.052821 -0.155877 0.608153
v 0.107175 -0.101687 0.089433
v 0.104683 -0.113858 0.120032
v -0.084440 -0.024963 -0.569861
v -0.058652 -0.021290 -0.568793
v 0.002678 -0.168376 0.616584
v 0.004730 -0.177489 0.616490
v 0.513782 -0.111491 -0.006507
v 0.080815 -0.058754 0.650681
v 0.081877 -0.076103 0.664724
v 0.532961 -0.103875 -0.013591
v 0.176599 -0.248697 -0.129995
v -0.787009 -0.090365 -0.181222
v -0.768087 -0.090405 -0.200985
v 0.214144 -0.276643 -0.076654
v 0.222084 -0.270524 -0.065368
v 0.020762 -0.160337 0.843285
v -0.015185 -0.248674 0.665637
v 0.523027 -0.110570 -0.192297
v 0.516378 -0.105148 -0.161060
v -0.081739 -0.077166 -0.382284
v -0.073979 -0.087382 -0.409953
v -0.081156 -0.089653 -0.364640
v -0.054678 -0.177881 0.108279
v 0.089668 -0.010465 0.509408
v 0.091357 -0.011034 0.468988
v 0.075643 -0.139151 0.359504
v -0.241561 0.234570 -0.783400
v 0.119209 0.029625 -0.337694
v 0.129534 0.037790 -0.375471
v 0.014458 -0.134646 0.926224
v 0.021165 -0.134388 0.914264
v -0.960423 -0.034971 -0.242146
v -0.041492 0.028640 0.544189
v -0.351096 -0.109463 -0.032850
v -0.314354 -0.112503 -0.030008
v -0.091702 -0.023885 -0.198815
v -0.085676 -0.017558 -0.227762
v -0.093366 -0.031762 -0.223089
v -0.644175 -0.086309 -0.063039
v -0.639874 -0.093926 -0.047898
v -0.626202 -0.091565 -0.046660
v 0.014825 0.175618 -0.640958
v 0.107545 -0.132088 -0.083876
v -0.292828 -0.124863 -0.116858
v -0.250636 -0.125126 -0.091477
v -0.043820 -0.154491 0.770819
v -0.033938 -0.154993 0.831883
v 0.159924 0.047397 -0.309862
v -0.174067 -0.259382 -0.049110
v -0.191351 -0.054692 -0.335444
v -0.181053 -0.059495 -0.344397
v 0.165827 -0.125656 0.088374
v 0.161836 -0.128439 0.107413
v 0.191025 -0.129861 0.105922
v -0.004700 -0.199812 0.661780
v 0.001909 -0.205460 0.663164
v -0.133763 0.255034 -0.767429
v -0.119638 -0.030543 -0.572047
v -0.121854 -0.032372 -0.567432
v 0.958529 -0.033815 -0.275034
v 0.115432 -0.151590 0.154179
v 0.107648 -0.159802 0.155857
v 0.056615 -0.166648 -0.274361
v 0.457489 -0.106029 -0.119557
v 0.520216 -0.098996 -0.119629
v -0.020437 -0.236146 0.661250
v -0.019766 -0.256269 0.660676
v -0.093546 -0.123047 0.542377
v -0.092766 -0.124603 0.485058
v -0.083071 -0.136880 0.545733
v -0.107125 -0.007723 -0.264828
v -0.086656 -0.168327 0.240667
v -0.190279 -0.220853 -0.065874
v -0.088072 -0.014068 -0.253214
v 0.010772 0.271830 -0.787398
v -0.206754 -0.249401 -0.134775
v -0.423511 -0.131302 -0.154621
v 0.173189 0.236554 -0.761442
v 0.233805 0.238453 -0.913693
v 0.257326 0.238023 -0.918633
v -0.440963 -0.105889 0.004805
v 0.022762 0.034555 -0.107935
v 0.023975 0.034864 -0.077664
v 0.032456 0.031891 -0.084669
v -0.172148 -0.172964 -0.096041
v -0.176153 -0.180905 -0.094239
v -0.158877 0.049167 -0.265736
v -0.098265 -0.111728 0.430986
v -0.085878 -0.133531 0.480436
v 0.162963 -0.060961 -0.440844
v -0.328396 -0.113073 -0.062710
v -0.291482 -0.116872 -0.068076
v -0.105056 0.238803 -0.732120
v -0.083773 0.238057 -0.725327
v 0.147276 -0.243927 -0.071856
v 0.012994 -0.169554 0.228395
v -0.276421 -0.143950 -0.182465
v -0.102636 -0.064576 0.540599
v -0.026206 -0.167122 0.570614
v -0.011289 -0.170323 0.543157
v -0.013899 -0.169834 0.600560
v -0.164676 -0.026242 -0.255916
v 0.221599 -0.236807 -0.044261
v 0.015254 -0.184309 0.657002
v -0.175382 -0.217174 -0.106876
v -0.289952 0.238859 -0.801298
v -0.079250 0.230623 -0.806160
v -0.088865 -0.030022 -0.427412
v -0.078930 -0.027622 -0.400836
v 0.592002 -0.106917 -0.034490
v 0.025369 -0.039675 0.715042
v -0.011547 0.182842 -0.622509
v -0.111886 -0.016889 -0.520069
v -0.094213 -0.017459 -0.520527
v -0.047936 -0.145398 -0.390589
v 0.234355 -0.127672 0.085539
v 0.245732 -0.131794 0.090604
v 0.255663 -0.127226 0.082201
v 0.320839 0.236763 -0.933883
v 0.105094 -0.063653 -0.146715
v -0.334978 -0.115823 0.041470
v 0.183339 -0.019298 -0.232955
v 0.185059 -0.002948 -0.236536
v -0.250292 0.249917 -0.863832
v 0.149921 -0.026859 -0.218916
v 0.177939 -0.028231 -0.225015
v 0.207035 -0.180598 -0.075091
v 0.202555 -0.205257 -0.084358
v 0.201387 -0.189487 -0.083770
v -0.150160 0.018089 -0.616747
v -0.002475 -0.042556 -0.750764
v 0.004265 -0.040889 -0.752730
v 0.948327 -0.069788 -0.158837
v 0.211864 -0.165196 0.030442
v 0.058349 -0.040290 -0.546458
v -0.007194 0.050286 -0.398154
v -0.003087 0.044051 -0.347397
v -0.226232 -0.173000 -0.070078
v -0.187893 -0.246406 -0.066610
v -0.626480 -0.086401 -0.123932
v -0.158256 -0.126704 -0.028339
v 0.844849 -0.069564 -0.121386
v 0.815066 -0.071630 -0.112331
v -0.097847 -0.037070 -0.198413
v -0.118021 0.028384 -0.259999
v -0.113094 0.019114 -0.259313
v -0.046741 0.029353 0.170480
v -0.034636 0.033255 0.155444
v -0.121847 0.247417 -0.736912
v -0.100992 0.244991 -0.727273
v -0.028908 0.015465 -0.462169
v -0.024489 0.011486 -0.516300
v -0.112716 -0.039081 -0.516169
v 0.891641 -0.064426 -0.218280
v 0.910592 -0.061676 -0.216862
v 0.115018 0.008715 -0.524987
v 0.112961 -0.001263 -0.537968
v 0.013025 0.257501 -0.690048
v 0.903198 -0.061702 -0.146753
v 0.079283 -0.173155 0.194740
v 0.076572 -0.174446 0.151078
v 0.088703 -0.173336 0.156113
v 0.091945 -0.172739 0.197391
v 0.116489 -0.040049 -0.286445
v 0.357603 -0.142137 0.020236
v -0.088447 -0.127779 0.573133
v -0.004698 0.262331 -0.941903
v -0.193762 -0.034526 -0.217483
v -0.193334 -0.019571 -0.218660
v 0.040926 0.025197 0.569507
v 0.152515 0.027079 -0.557814
v -0.142089 0.029401 -0.255458
v -0.136872 0.027828 -0.254463
v 0.090956 -0.056457 0.600913
v 0.165433 -0.178637 -0.078778
v 0.164282 -0.206417 -0.080856
v -0.022611 -0.170259 0.651292
v 0.128700 -0.017310 -0.554915
v -0.735489 -0.074723 -0.130912
v 0.773192 -0.082753 -0.236606
v 0.001825 -0.089752 -0.646281
v 0.025656 0.235698 -0.730132
v 0.050308 0.234779 -0.749483
v 0.033162 -0.164992 0.503023
v 0.032255 -0.165122 0.592837
v -0.165518 -0.145357 -0.151419
v -0.009416 0.238410 -0.842635
v 0.134046 0.254110 -0.759806
v 0.160324 0.252465 -0.770984
v -0.094057 -0.113335 0.585851
v -0.083542 -0.131879 0.611120
v -0.604853 -0.106050 -0.039163
v 0.987592 0.038559 -0.329622
v 0.990821 0.050440 -0.332563
v 0.262979 -0.153207 0.057788
v 0.095575 -0.053500 -0.246817
v 0.098346 -0.081871 -0.234479
v -0.363411 -0.136321 -0.192176
v -0.702787 -0.084479 -0.189121
v -0.212089 0.005483 -0.287903
v -0.214292 -0.006365 -0.301069
v -0.212353 -0.009606 -0.257043
v -0.191668 0.028324 -0.468774
v -0.175980 0.034913 -0.476258
v -0.189928 -0.256416 -0.091796
v -0.191393 -0.254402 -0.098452
v -0.181876 -0.252580 -0.099517
v -0.182140 -0.254632 -0.091859
v 0.067453 -0.138576 -0.394431
v -0.020232 0.019285 -0.512412
v -0.020288 0.013021 -0.527647
v 0.043398 -0.180850 0.045120
v 0.060388 -0.179024 0.061554
v -0.115683 -0.033105 -0.340398
v -0.110365 -0.028677 -0.331219
v -0.224359 -0.172664 -0.023517
v -0.226748 -0.183959 -0.026597
v 0.242110 -0.117999 -0.009776
v -0.171614 -0.202677 -0.076581
v -0.169080 -0.211475 -0.070918
v 0.097977 -0.024459 -0.015906
v -0.001774 0.228846 -0.849317
v -0.190340 0.018932 -0.254202
v -0.072198 -0.012053 -0.485484
v 0.185284 0.031439 -0.464044
v 0.198184 0.021762 -0.460710
v 0.190624 0.020551 -0.503374
v -0.206905 0.015647 -0.231453
v 0.087650 -0.167017 -0.275239
v 0.092859 -0.164276 -0.277928
v 0.100462 -0.168990 -0.251525
v -0.138313 -0.036193 -0.212013
v -0.193493 -0.258545 -0.103005
v 0.111165 -0.085201 -0.034834
v 0.111645 -0.095086 -0.021399
v 0.111375 -0.090129 -0.053534
v -0.091948 0.254287 -0.731791
v -0.085152 0.248326 -0.720221
v -0.062606 0.255703 -0.718718
v 0.008582 0.224308 -0.826034
v 0.011395 0.101292 -0.691079
v 0.009095 0.062838 -0.694744
v 0.192672 -0.170835 -0.166844
v -0.043261 -0.194384 0.628425
v -0.027462 0.004639 -0.558047
v -0.034575 0.003883 -0.523355
v -0.017324 0.010588 -0.570916
v -0.047387 0.005625 -0.440240
v 0.013355 -0.166468 0.676320
v -0.101075 -0.143973 0.257055
v 0.984505 0.035044 -0.271722
v 0.270216 -0.161659 -0.139597
v 0.190982 -0.218256 -0.087530
v -0.007973 -0.182844 -0.066906
v -0.017187 -0.184630 -0.024907
v -0.347929 -0.145528 -0.113623
v -0.323633 -0.151005 -0.121092
v -0.498662 -0.103424 -0.005612
v 0.206757 -0.040000 -0.348659
v 0.207157 -0.039209 -0.400269
v 0.213327 -0.025121 -0.357549
v -0.029753 -0.008730 -0.647711
v -0.003293 -0.094285 -0.633653
v 0.148669 -0.142980 0.134178
v 0.156592 -0.146962 0.134148
v -0.173247 0.234185 -0.764986
v -0.176877 0.238035 -0.757981
v -0.205220 0.238989 -0.768619
v 0.142158 -0.023463 -0.618824
v 0.430885 -0.134415 -0.005935
v 0.124809 -0.047486 -0.344303
v -0.009256 0.210128 -0.646057
v -0.014254 0.202677 -0.678936
v -0.010908 0.202332 -0.645883
v -0.310098 0.244401 -0.846571
v -0.297265 0.245604 -0.830008
v -0.281796 0.248942 -0.845170
v 0.075279 -0.162723 -0.302677
v 0.084505 -0.161277 -0.301747
v -0.304144 -0.149571 0.033453
v 0.895479 -0.068562 -0.138372
v -0.082369 -0.063169 -0.391130
v 0.191647 -0.218251 -0.102337
v 0.053555 -0.062405 0.735446
v -0.129968 0.037830 -0.381838
v -0.118866 0.028238 -0.353026
v 0.029505 0.029718 -0.196198
v 0.035121 -0.099140 0.847295
v 0.226988 -0.172846 -0.027279
v 0.227820 -0.203445 -0.032651
v -0.956248 -0.024583 -0.199319
v -0.979456 0.017712 -0.315498
v 0.070477 -0.118174 0.727575
v 0.062367 -0.132543 0.748643
v -0.020039 -0.180017 0.663711
v -0.023480 -0.182279 0.675896
v -0.249363 -0.128311 0.088913
v -0.227339 -0.130361 0.097444
v -0.230812 -0.127891 0.090165
v -0.808987 -0.089052 -0.122209
v -0.200689 0.019312 -0.475797
v -0.215821 -0.272397 -0.121025
v -0.194778 -0.274426 -0.120596
v -0.212851 -0.277519 -0.110051
v 0.179462 -0.237903 -0.060468
v 0.179176 -0.244604 -0.068233
v 0.288417 0.234341 -0.800690
v -0.057234 0.245240 -0.857105
v -0.884324 -0.068938 -0.250247
v -0.845411 -0.074539 -0.247020
v -0.095925 -0.046646 -0.242433
v -0.137543 -0.020992 -0.601415
v -0.156543 -0.034749 -0.213780
v 0.861659 -0.078020 -0.129160
v 0.104544 -0.056072 0.450574
v -0.163925 -0.123855 0.050047
v 0.223585 -0.233447 -0.064464
v -0.089516 -0.122569 0.314005
v -0.075987 -0.138699 0.316654
v 0.066178 0.255415 -0.720602
v 0.306752 -0.126940 0.067986
v 0.327247 -0.127801 0.059998
v 0.025329 0.037165 0.431460
v 0.430833 -0.129740 -0.156711
v -0.048376 0.029333 0.503290
v 0.013826 0.238647 -0.720762
v -0.002404 0.234600 -0.864062
v -0.203428 -0.186395 -0.081053
v 0.554378 -0.098397 -0.025862
v 0.003661 -0.249588 0.600771
v -0.007713 0.250439 -0.691656
v -0.209089 -0.029575 -0.466207
v 0.205371 -0.214166 -0.047128
v 0.211619 -0.224440 -0.058995
v -0.652327 -0.099996 -0.220455
v 0.167522 -0.011278 -0.549505
v 0.165231 -0.002090 -0.552960
v 0.178275 -0.003204 -0.556434
v 0.182935 -0.016978 -0.554591
v 0.178962 -0.153188 0.122355
v -0.185596 -0.026045 -0.564604
v -0.184815 -0.035708 -0.549063
v 0.011318 0.063128 -0.661157
v -0.825871 -0.067874 -0.123062
v -0.821234 -0.067150 -0.133170
v -0.849660 -0.065082 -0.133936
v 0.110356 0.230749 -0.783744
v 0.190792 0.230183 -0.799855
v -0.192620 0.254251 -0.819168
v -0.101644 -0.034073 -0.119890
v -0.102884 -0.047665 -0.167949
v 0.009622 0.244564 -0.869522
v -0.107590 0.002107 -0.260657
v -0.097834 -0.171144 -0.237778
v 0.099823 -0.147816 -0.188888
v 0.104457 -0.147418 -0.149117
v 0.104834 -0.153902 -0.169060
v 0.104853 -0.158871 -0.182124
v -0.204631 -0.180067 -0.097471
v -0.018730 0.050037 -0.480755
v -0.018530 0.060160 -0.503852
v -0.020142 0.034303 -0.490924
v -0.108617 -0.132545 0.173808
v -0.113030 -0.132052 0.153928
v -0.318385 0.232241 -0.927303
v -0.233408 -0.153423 0.085270
v -0.198142 -0.161860 0.083966
v 0.102849 -0.038260 -0.024740
v 0.043386 -0.156007 -0.336264
v -0.340412 -0.112028 0.015710
v -0.100777 -0.028418 -0.072970
v -0.023204 -0.191292 0.645231
v 0.188627 -0.056681 -0.394607
v 0.191596 -0.053198 -0.432893
v 0.194821 -0.052609 -0.409083
v -0.004189 0.059737 -0.427167
v -0.005944 0.056793 -0.421044
v -0.109033 0.007006 -0.350912
v -0.987805 0.045486 -0.343321
v 0.172170 -0.184870 -0.080757
v 0.183709 -0.218049 -0.081991
v 0.172883 -0.205499 -0.081031
v 0.001918 -0.062111 -0.718538
v -0.215321 -0.018194 -0.355187
v -0.050092 -0.170568 -0.239059
v 0.135172 -0.007438 -0.609968
v 0.132417 -0.010411 -0.579712
v 0.042550 0.233103 -0.763733
v -0.069589 -0.083809 0.729088
v -0.194464 -0.045095 -0.488312
v -0.184745 -0.042957 -0.522807
v 0.102895 -0.059644 0.517294
v 0.011966 -0.204999 0.636935
v 0.004031 -0.153134 0.915619
v 0.708613 -0.088288 -0.072770
v -0.071905 -0.034585 -0.570030
v -0.584273 -0.107768 -0.032804
v -0.023938 0.037083 0.489532
v -0.000854 0.039519 0.466002
v -0.145879 -0.002208 -0.552731
v -0.190080 0.228824 -0.815344
v -0.112587 0.229450 -0.802695
v -0.129890 0.237427 -0.742616
v -0.151539 0.238039 -0.748737
v -0.129678 0.233911 -0.753524
v -0.041028 0.032389 0.318814
v -0.040907 0.032040 0.280803
v 0.002632 -0.168539 0.714940
v -0.002634 -0.166836 0.690925
v 0.021855 -0.166409 0.699360
v 0.088078 -0.039018 -0.376458
v -0.129917 -0.049557 -0.464568
v 0.035823 -0.018341 -0.636970
v 0.198023 -0.016010 -0.533312
v -0.020019 -0.171842 0.622486
v -0.014518 -0.172817 0.620791
v 0.931113 -0.058126 -0.260093
v 0.206612 -0.221128 -0.040769
v -0.250042 -0.125282 0.077922
v -0.206532 -0.122711 0.059856
v 0.064257 0.020112 0.335908
v 0.071892 0.013508 0.391937
v 0.004867 -0.184429 0.041904
v 0.176545 -0.254273 -0.116378
v 0.170696 -0.269949 -0.119400
v 0.160856 -0.218994 -0.048315
v 0.161103 -0.062109 -0.362179
v -0.002953 -0.119400 -0.559038
v 0.001205 -0.121620 -0.551964
v -0.418486 -0.112230 -0.128707
v 0.012542 0.077569 -0.478600
v 0.015185 0.051188 -0.459005
v 0.016268 0.061936 -0.481961
v -0.129324 -0.023938 -0.576714
v -0.126433 -0.028375 -0.574174
v -0.036383 -0.113985 -0.507389
v 0.083342 -0.113372 -0.276275
v 0.096714 -0.167288 0.165925
v 0.096333 -0.169257 0.179080
v -0.015189 0.143158 -0.651560
v -0.215331 -0.011202 -0.395096
v -0.214302 -0.020015 -0.405540
v 0.933196 -0.051679 -0.243666
v 0.932630 -0.050177 -0.211344
v -0.078293 -0.004438 -0.350584
v 0.023114 0.249311 -0.699664
v -0.100016 -0.159777 -0.245811
v 0.016460 0.236006 -0.782395
v -0.013554 -0.175293 0.661974
v -0.004778 -0.173234 0.664201
v -0.006471 -0.182111 0.664548
v -0.100877 -0.093540 0.550810
v -0.097260 -0.079411 0.587258
v -0.215392 -0.003939 -0.368618
v 0.031993 0.029897 -0.155584
v 0.039175 0.027777 -0.121389
v -0.018149 -0.202255 0.626060
v 0.753764 -0.074344 -0.103483
v -0.006598 -0.175091 -0.180144
v 0.909828 -0.064815 -0.245140
v -0.154970 0.049848 -0.241944
v 0.112409 -0.010423 -0.234123
v 0.112690 -0.003008 -0.223913
v -0.105931 -0.085896 0.437105
v 0.307084 -0.145584 0.047809
v -0.985514 0.038361 -0.344196
v 0.188624 0.036979 -0.375408
v 0.189761 0.037614 -0.328236
v -0.052207 0.014353 0.590400
v -0.015634 0.176711 -0.651744
v -0.014596 0.167534 -0.684850
v 0.173674 0.043366 -0.389170
v 0.182335 0.036457 -0.436140
v -0.119283 0.024128 -0.436138
v 0.129316 -0.170823 -0.199006
v 0.003336 0.249574 -0.921338
v -0.200444 0.030052 -0.277311
v -0.207800 0.020314 -0.319249
v -0.110932 -0.116180 0.069551
v 0.874097 -0.069424 -0.237692
v 0.915695 -0.066369 -0.265253
v 0.166694 -0.021442 -0.550037
v 0.154824 -0.010104 -0.548823
v 0.010325 0.061779 -0.453220
v -0.320907 0.237204 -0.818861
v -0.323440 0.229905 -0.820277
v 0.127602 0.037597 -0.284806
v 0.129399 0.039133 -0.335033
v -0.015558 0.264362 -0.744917
v 0.014622 0.258011 -0.791669
v 0.025919 0.259155 -0.783228
v -0.251596 -0.160470 -0.061984
v -0.228064 -0.160615 -0.096971
v 0.201239 -0.177443 -0.099402
v -0.272121 -0.156610 -0.028803
v -0.240201 -0.161810 -0.042133
v -0.268920 -0.156772 0.002009
v 0.185055 -0.010959 -0.557445
v 0.071902 -0.041693 -0.464587
v 0.070354 -0.046980 -0.461988
v -0.176124 -0.276439 -0.115020
v -0.169298 -0.274662 -0.121167
v -0.168400 -0.278713 -0.110422
v -0.173799 0.046382 -0.308917
v 0.935322 -0.072384 -0.187618
v 0.097384 -0.040635 -0.493863
v 0.101233 -0.008507 -0.460736
v 0.108112 -0.005310 -0.445687
v 0.108234 -0.007187 -0.467247
v 0.084838 -0.166595 0.250141
v 0.196549 -0.244912 -0.133097
v 0.200831 -0.260213 -0.131640
v 0.005536 0.060203 -0.434117
v 0.261040 -0.160227 -0.112027
v 0.251375 -0.157794 -0.135042
v -0.264055 0.248783 -0.820623
v -0.014390 -0.182646 0.666794
v 0.220797 -0.173343 -0.060780
v 0.068661 -0.041797 -0.469773
v 0.006931 0.027495 -0.688538
v -0.019300 -0.184729 0.668119
v -0.028982 0.023363 0.589887
v -0.020482 0.010030 0.623749
v 0.975946 0.034956 -0.326438
v -0.827295 -0.082419 -0.214113
v -0.059631 -0.085127 0.765622
v -0.031713 -0.146514 0.876451
v 0.069511 -0.158329 -0.327692
v 0.067560 -0.152424 -0.357591
v -0.101108 -0.115593 0.159258
v 0.017957 0.055802 -0.532503
v -0.106654 -0.060231 0.467802
v 0.981863 0.025772 -0.321281
v -0.388729 -0.123712 -0.166239
v -0.436038 -0.115333 -0.159556
v 0.169537 -0.278069 -0.094787
v 0.156266 -0.034307 -0.568204
v 0.172879 -0.036000 -0.558445
v 0.113559 -0.024428 -0.225536
v 0.118172 -0.036486 -0.225469
v 0.137434 0.022123 -0.559731
v 0.093249 -0.016612 -0.057720
v -0.020050 -0.050731 -0.709673
v 0.194019 -0.195060 -0.104819
v 0.013644 0.156986 -0.601997
v 0.009531 0.158843 -0.583513
v 0.011936 0.145370 -0.577611
v 0.863108 -0.063167 -0.147887
v -0.016473 -0.158788 0.663728
v 0.086403 -0.002831 -0.287257
v 0.424705 -0.105968 -0.088021
v 0.418168 -0.111954 -0.127513
v -0.265509 -0.127581 0.083445
v 0.168030 -0.191370 -0.076114
v 0.167086 -0.205121 -0.075041
v 0.177683 -0.206994 -0.077415
v 0.174671 -0.184628 -0.076469
v 0.176146 -0.146302 0.127142
v 0.166865 -0.151885 0.130362
v 0.019859 -0.168520 0.673674
v 0.016462 -0.172501 0.675040
v -0.152791 -0.236789 -0.069552
v -0.066683 -0.029103 0.645185
v -0.066824 -0.011280 0.616428
v 0.136612 -0.050951 -0.495746
v 0.310019 0.240746 -0.815082
v 0.329911 0.237810 -0.823429
v 0.042106 -0.092741 -0.542316
v -0.176057 -0.135132 0.121014
v -0.150007 -0.142314 0.132284
v -0.134559 -0.134560 0.130656
v 0.161235 -0.124337 0.063881
v 0.189378 -0.122357 0.037130
v -0.201443 -0.199750 -0.068338
v 0.142103 0.045361 -0.293313
v 0.098707 -0.043676 -0.185530
v 0.112782 -0.035294 -0.394782
v 0.117559 -0.040904 -0.374095
v -0.072979 -0.039579 -0.529803
v -0.187691 -0.148685 -0.176507
v -0.094262 -0.015988 -0.002510
v 0.004441 0.037215 -0.248710
v 0.008811 0.035153 -0.227220
v 0.012126 0.032141 -0.282678
v 0.117609 0.028040 -0.230949
v 0.387777 -0.112392 0.028307
v 0.022948 -0.122799 -0.502455
v 0.136019 0.038005 -0.428111
v -0.900187 -0.071598 -0.262416
v -0.908343 -0.070513 -0.267980
v -0.885459 -0.071704 -0.262519
v -0.980905 0.049326 -0.327548
v -0.106058 -0.004808 -0.364252
v 0.005483 -0.140825 -0.427627
v -0.224512 -0.234057 -0.070018
v -0.085581 -0.105411 0.659146
v -0.089879 -0.112192 0.624650
v -0.085212 -0.121318 0.640747
v -0.594838 -0.095996 -0.035083
v -0.579559 -0.104642 -0.029264
v -0.567810 -0.099519 -0.026446
v -0.158585 -0.030806 -0.221302
v -0.168181 -0.032623 -0.227318
v -0.180993 -0.029646 -0.226897
v 0.051347 -0.087269 -0.514918
v 0.199652 0.027159 -0.397108
v 0.141506 -0.012336 -0.591026
v -0.044127 -0.016061 0.657643
v -0.052009 -0.030077 0.668843
v 0.039628 -0.145538 -0.390381
v 0.050173 -0.141716 -0.414474
v 0.062234 -0.144547 -0.393202
v 0.005366 -0.179630 -0.123341
v -0.011572 -0.179442 -0.129144
v -0.069511 -0.004656 -0.421242
v 0.143395 0.001367 -0.558241
v -0.173120 0.032681 -0.247647
v -0.175177 0.032853 -0.237416
v -0.145111 0.046240 -0.293955
v 0.179202 -0.221563 -0.051690
v 0.192333 -0.232559 -0.056364
v -0.025584 -0.181873 -0.069401
v 0.044878 -0.087827 0.806826
v -0.728425 -0.083550 -0.205063
v 0.016887 -0.155546 0.892141
v -0.198129 -0.161813 -0.185661
v 0.032149 0.033120 -0.036942
v 0.045986 0.026769 -0.065746
v -0.050776 -0.159958 0.305358
v 0.956181 -0.020346 -0.272705
v 0.957746 -0.013805 -0.296737
v -0.190417 -0.257809 -0.112477
v -0.190030 -0.264179 -0.119908
v 0.203719 -0.275395 -0.074451
v 0.203067 -0.261774 -0.054063
v -0.003653 -0.169679 -0.239660
v -0.072515 -0.181256 -0.005881
v -0.731707 -0.091891 -0.231826
v -0.722914 -0.090001 -0.230325
v -0.143962 0.036854 -0.468569
v 0.027206 0.036167 0.332867
v 0.041168 0.031774 0.314875
v 0.028349 0.035606 0.277074
v 0.107182 -0.085272 0.117828
v -0.077880 -0.067757 -0.418478
v -0.560033 -0.113875 -0.028245
v 0.004660 0.157222 -0.568176
v 0.010102 0.143420 -0.564801
v -0.066801 -0.129576 0.744106
v -0.104663 -0.046355 0.290907
v -0.925069 -0.069397 -0.254216
v -0.930686 -0.070017 -0.272960
v -0.969613 -0.014904 -0.242778
v -0.957820 -0.032130 -0.203508
v -0.964764 -0.016589 -0.214960
v 0.007287 0.037653 0.015536
v -0.153057 -0.253724 -0.048339
v -0.222224 -0.167535 -0.022291
v -0.222112 -0.167358 -0.028560
v -0.558795 -0.091215 -0.062774
v -0.570386 -0.093230 -0.042157
v -0.077767 0.243546 -0.718315
v -0.168954 -0.174366 -0.071907
v 0.148427 -0.025800 -0.585473
v 0.143652 -0.021747 -0.593663
v 0.039931 0.247440 -0.705438
v -0.798681 -0.069668 -0.118998
v -0.779354 -0.071610 -0.112075
v -0.944748 -0.033963 -0.289505
v 0.004210 0.268606 -0.942166
v -0.165272 -0.042243 -0.213366
v 0.207287 0.001606 -0.480230
v 0.210902 -0.004428 -0.461178
v 0.127768 0.247649 -0.740445
v -0.218951 -0.279371 -0.099695
v 0.426620 -0.121201 0.021727
v -0.142548 0.039260 -0.219536
v -0.238664 -0.144798 0.095819
v -0.234552 -0.134911 0.100082
v -0.157615 -0.011091 -0.545068
v -0.158094 -0.018773 -0.547627
v 0.150188 -0.011074 -0.614702
v -0.067394 -0.112253 -0.383643
v 0.020439 -0.246335 0.656023
v 0.020196 -0.241447 0.623008
v -0.723497 -0.098370 -0.088843
v 0.012372 -0.148594 0.915337
v -0.190450 -0.013527 -0.560835
v -0.185771 -0.019850 -0.558845
v 0.242330 0.241169 -0.783434
v -0.193323 -0.022157 -0.227834
v 0.159474 -0.271071 -0.061518
v 0.171413 -0.263011 -0.050919
v -0.210074 -0.135535 0.109846
v 0.089861 -0.033775 -0.307334
v 0.091095 -0.044595 -0.284991
v -0.199567 -0.003809 -0.541026
v -0.201645 -0.241007 -0.139227
v -0.925184 -0.064648 -0.272735
v 0.109792 -0.163132 0.150431
v -0.036183 -0.164564 0.276809
v -0.030019 -0.167011 0.248848
v -0.004277 -0.170763 0.675193
v 0.004510 0.068746 -0.447117
v 0.095691 0.242451 -0.877038
v 0.131201 0.240191 -0.889465
v 0.454642 -0.120474 0.010565
v -0.085656 -0.090269 -0.332534
v 0.194005 -0.122965 0.065333
v 0.174603 -0.237609 -0.039891
v 0.178831 -0.233728 -0.053393
v 0.879759 -0.074710 -0.246480
v -0.212627 -0.121233 0.033589
v 0.102578 -0.045364 0.255134
v 0.103732 -0.047542 0.169763
v -0.047214 -0.194093 0.639507
v -0.045613 -0.197388 0.663357
v -0.223535 -0.275772 -0.109803
v -0.103822 -0.035754 -0.081672
v -0.110632 -0.064430 -0.086343
v -0.108727 -0.066937 0.114238
v -0.816747 -0.082363 -0.239484
v -0.211966 -0.153808 0.098911
v -0.212696 0.007360 -0.321060
v -0.111046 -0.130871 -0.070633
v 0.280503 0.227511 -0.841992
v -0.883543 -0.073514 -0.259713
v 0.939952 -0.049387 -0.175297
v -0.044957 -0.161040 0.444033
v 0.289248 -0.160399 -0.155770
v 0.201496 -0.047670 -0.372660
v -0.060390 -0.039412 -0.539030
v 0.723789 -0.081117 -0.183193
v 0.172719 -0.222825 -0.083169
v 0.011839 -0.164616 0.622946
v 0.021221 -0.228416 0.611018
v -0.970716 -0.004927 -0.229032
v 0.090659 -0.010109 -0.014924
v -0.018714 -0.107034 0.886636
v -0.008951 -0.106104 0.892387
v 0.136877 -0.028002 -0.595797
v 0.134068 -0.024869 -0.608674
v 0.143559 -0.027876 -0.601737
v -0.002791 0.099327 -0.764031
v 0.213768 -0.279025 -0.095375
v 0.222830 -0.273609 -0.108129
v 0.222630 -0.275740 -0.090317
v 0.240955 -0.121434 0.058367
v -0.147275 -0.047527 -0.224926
v 0.011173 -0.167088 0.685521
v 0.192537 0.012399 -0.529671
v 0.202015 0.012380 -0.481475
v 0.063324 -0.021981 -0.567375
v 0.094394 -0.020283 -0.560698
v 0.104468 -0.021321 -0.566325
v 0.018933 -0.059019 -0.696860
v -0.325029 0.230475 -0.864425
v 0.118261 0.019295 -0.486213
v 0.117838 0.013381 -0.532159
v 0.013447 0.271158 -0.727824
v 0.076043 0.260721 -0.764802
v 0.196850 -0.000089 -0.551947
v 0.193595 -0.000535 -0.559982
v -0.332377 -0.143023 -0.192206
v -0.623284 -0.089402 -0.151597
v 0.065675 0.003367 -0.244884
v 0.071994 -0.000148 -0.248301
v 0.149001 -0.135655 -0.089285
v -0.192552 -0.055077 -0.359391
v -0.019812 -0.155774 0.882394
v 0.105005 -0.063713 0.467376
v -0.080986 -0.117292 0.678712
v -0.048942 -0.202493 0.635142
v 0.517967 -0.120845 -0.020815
v 0.542219 -0.114265 -0.018562
v -0.006170 -0.163896 0.620413
v 0.083420 -0.082107 -0.353309
v -0.037918 -0.163559 0.294382
v -0.156685 0.018938 -0.566797
v -0.910301 -0.066775 -0.264600
v 0.117697 -0.009243 -0.219289
v 0.752646 -0.073061 -0.118440
v 0.008053 -0.192381 0.008489
v 0.167320 -0.249315 -0.041769
v 0.100051 -0.034344 0.308153
v 0.099715 -0.033193 0.232137
v -0.004522 -0.171872 0.685962
v 0.107538 -0.115970 0.074189
v -0.933193 -0.052074 -0.240077
v -0.163630 -0.168489 0.081309
v -0.310327 -0.117713 -0.089218
v 0.194298 -0.255140 -0.107996
v -0.156528 0.020750 -0.260933
v -0.141247 0.018468 -0.260426
v -0.169995 -0.179904 -0.093460
v 0.025539 -0.165630 0.665179
v -0.173096 -0.124753 0.080192
v -0.139470 -0.130180 0.119624
v 0.201784 -0.270740 -0.120951
v 0.104917 -0.059992 0.270213
v 0.102201 -0.043974 0.334040
v 0.105412 -0.063896 0.330632
v -0.020157 -0.161950 0.833684
v -0.001864 -0.163795 0.865302
v 0.657047 -0.082594 -0.086818
v 0.689323 -0.103160 -0.087710
v 0.716063 -0.099888 -0.104660
v 0.209708 -0.229449 -0.104026
v -0.227421 -0.147768 -0.184531
v -0.026602 0.035784 0.282046
v -0.260344 0.228023 -0.835453
v 0.181481 0.040917 -0.377161
v 0.194085 0.029943 -0.420502
v -0.118995 -0.123703 0.063817
v -0.091164 -0.009309 0.313945
v -0.094336 -0.015913 0.339058
v -0.107075 -0.063887 0.278701
v -0.031678 0.035058 0.507246
v 0.112247 -0.035585 -0.426902
v 0.114224 -0.036803 -0.446477
v -0.104798 -0.065812 -0.186619
v -0.107171 -0.085834 -0.152820
v -0.525406 -0.122496 -0.122486
v 0.284429 0.229272 -0.814814
v -0.158360 -0.214276 -0.050416
v -0.156836 -0.212799 -0.062064
v 0.842036 -0.083478 -0.188342
v -0.183207 0.030659 -0.489302
v 0.221503 -0.195472 -0.068212
v 0.017053 0.235611 -0.751200
v 0.017600 0.236864 -0.727859
v -0.006139 -0.263748 0.610358
v -0.018369 -0.270439 0.620878
v -0.000779 -0.127077 -0.530284
v -0.010798 -0.118037 -0.553478
v -0.021135 -0.182963 0.656697
v -0.200677 0.006055 -0.220028
v -0.197103 -0.005384 -0.220032
v -0.195613 0.008877 -0.221722
v 0.411548 -0.130600 -0.184076
v -0.179721 -0.141728 0.123669
v 0.212890 -0.022967 -0.315820
v 0.207536 -0.037260 -0.313085
v -0.062188 0.250679 -0.712031
v -0.206538 -0.226329 -0.122893
v 0.075579 0.235817 -0.736330
v 0.301083 0.228654 -0.875898
v 0.085374 -0.003388 0.040947
v 0.095202 -0.137376 -0.226796
v -0.012097 -0.176397 0.667689
v -0.224683 -0.162564 -0.080085
v -0.207794 -0.163602 -0.079124
v -0.215362 -0.166418 -0.068239
v 0.186184 -0.026299 -0.227233
v 0.146393 0.001538 -0.564683
v -0.602416 -0.091090 -0.047504
v -0.208677 0.237665 -0.910501
v 0.087846 -0.018734 0.536523
v 0.099365 0.234417 -0.750082
v 0.138404 0.233044 -0.763111
v 0.128997 0.236782 -0.745643
v 0.111737 0.007796 -0.458132
v -0.077297 0.007909 0.194180
v -0.077457 0.007391 0.135260
v -0.084128 -0.000515 0.171038
v -0.060811 -0.017603 -0.538431
v -0.222544 -0.187870 -0.024605
v -0.222795 -0.190525 -0.028992
v -0.782290 -0.081907 -0.234646
v -0.751392 -0.088980 -0.237458
v 0.097617 -0.036276 -0.327106
v 0.085308 -0.070647 0.642903
v 0.083103 -0.096504 0.666690
v -0.217976 -0.166569 -0.044648
v 0.097043 -0.035939 -0.404478
v -0.044364 0.011758 0.611335
v 0.202841 -0.171676 -0.181685
v 0.201130 -0.176487 -0.172746
v -0.528960 -0.093969 -0.060883
v -0.165630 0.243599 -0.753204
v -0.143954 0.247633 -0.746588
v -0.893842 -0.063767 -0.219834
v -0.088322 -0.128220 0.282634
v 0.470413 -0.121995 -0.196063
v 0.092111 -0.115145 0.566089
v 0.090618 -0.111951 0.592763
v -0.168106 -0.174644 -0.089914
v -0.125130 0.241821 -0.738291
v 0.091615 -0.035113 -0.557087
v 0.226292 -0.119836 0.039400
v 0.101130 -0.169728 0.200186
v 0.020935 -0.138648 -0.435371
v -0.195703 -0.133056 0.111336
v 0.226935 -0.230797 -0.039967
v 0.119601 -0.176439 -0.168552
v 0.321143 0.235823 -0.814059
v 0.300621 0.230180 -0.808760
v 0.150475 -0.221801 -0.090155
v 0.160412 -0.220364 -0.085354
v 0.155427 -0.218814 -0.089584
v -0.036690 -0.087821 -0.578570
v -0.080267 -0.031324 -0.354635
v -0.128584 -0.051031 -0.424533
v -0.066077 0.252576 -0.827173
v 0.005819 0.175666 -0.593735
v 0.043048 -0.135795 -0.446988
v 0.049006 -0.131389 -0.452878
v 0.019227 -0.172649 0.684742
v -0.041089 0.005274 0.634532
v -0.482312 -0.129711 -0.055361
v 0.005201 0.037812 -0.025633
v 0.405841 -0.118916 -0.154388
v 0.469378 -0.113947 -0.174544
v -0.192669 -0.278861 -0.109242
v -0.012282 0.232312 -0.784347
v -0.008404 0.224599 -0.816737
v -0.890963 -0.060550 -0.186739
v -0.217722 -0.209890 -0.069408
v 0.179252 0.043131 -0.322921
v 0.085262 -0.131400 0.467859
v 0.080513 0.004828 0.356612
v 0.046718 0.022053 -0.187345
v -0.193618 -0.203318 -0.082220
v -0.192677 -0.203153 -0.075853
v 0.005086 -0.180659 0.610625
v 0.168400 -0.214519 -0.082110
v 0.018838 -0.264725 0.623246
v 0.014138 -0.271226 0.618672
v -0.324217 0.238664 -0.876779
v -0.310763 0.242129 -0.885841
v 0.533094 -0.111817 -0.201083
v -0.206419 -0.260808 -0.050184
v 0.028330 -0.162482 0.771507
v -0.007307 0.191517 -0.615737
v -0.009147 0.197307 -0.628467
v 0.097174 -0.172130 -0.240089
v 0.301455 -0.137051 0.067948
v 0.147543 -0.259205 -0.121959
v -0.192665 0.002568 -0.557956
v 0.130719 -0.014192 -0.578507
v -0.043935 0.249588 -0.705409
v 0.025735 0.036879 0.469489
v -0.071051 -0.146690 0.481217
v -0.013157 -0.273922 0.630377
v -0.008023 -0.178773 -0.121000
v 0.008070 -0.181834 -0.095869
v 0.313803 0.228433 -0.841892
v -0.111922 -0.012869 -0.489352
v -0.099565 -0.014375 -0.493499
v 0.008856 0.238884 -0.854204
v 0.016300 0.242406 -0.868744
v 0.084146 0.247197 -0.720933
v 0.180404 -0.035435 -0.213673
v -0.020700 -0.190690 0.652883
v 0.159995 -0.054856 -0.239334
v 0.088409 -0.038876 -0.453010
v -0.223199 -0.261757 -0.052556
v 0.105746 0.237778 -0.736084
v 0.128346 0.241521 -0.741148
v 0.000973 0.245446 -0.680262
v -0.319957 -0.149363 -0.193323
v 0.296382 0.234348 -0.921175
v 0.978262 0.041939 -0.279795
v 0.978229 0.028472 -0.263191
v 0.199024 -0.237264 -0.137564
v -0.079284 -0.138864 0.598120
v 0.105451 -0.120777 0.124490
v 0.175669 -0.135974 0.123002
v 0.270459 -0.134864 0.082840
v 0.279642 -0.125964 0.075251
v -0.195087 -0.017464 -0.553723
v -0.193694 -0.026101 -0.549830
v 0.550819 -0.111887 -0.201945
v -0.012964 -0.152090 0.652188
v -0.014186 -0.158562 0.651773
v -0.032770 0.026477 -0.242605
v 0.121564 0.002854 -0.215645
v -0.206497 -0.221781 -0.087805
v 0.741493 -0.082850 -0.084838
v -0.092167 0.258219 -0.749871
v 0.009323 -0.124142 -0.531373
v -0.030182 -0.165859 0.344975
v -0.468429 -0.105109 0.001967
v -0.223590 -0.226071 -0.110578
v -0.222938 -0.277525 -0.089592
v -0.001847 0.054243 -0.401473
v -0.127372 0.252694 -0.749294
v -0.083526 0.002026 0.366162
v 0.164231 0.044899 -0.395168
v 0.946448 -0.048815 -0.277986
v -0.187974 -0.255372 -0.079267
v 0.031005 -0.182702 -0.001970
v -0.550316 -0.117292 -0.149778
v 0.174794 -0.061333 -0.406974
v 0.151472 -0.021837 -0.551036
v 0.154130 -0.026783 -0.552068
v -0.174211 0.253160 -0.786167
v 0.174817 -0.225966 -0.130350
v 0.007771 -0.164736 0.673954
v -0.046183 -0.136790 -0.459707
v -0.311906 -0.126666 -0.133626
v -0.317074 -0.130577 -0.154626
v -0.203016 -0.159649 -0.178708
v -0.017930 -0.241762 0.638268
v 0.088295 -0.155772 -0.301757
v -0.206737 -0.041891 -0.363105
v -0.012526 -0.177382 0.613044
v -0.788435 -0.085115 -0.099845
v -0.801484 -0.088305 -0.111280
v 0.567947 -0.101342 -0.025155
v -0.284450 0.244059 -0.811811
v 0.153165 -0.167582 0.103637
v 0.947463 -0.052031 -0.270815
v 0.106539 0.000689 -0.250060
v 0.068901 0.014286 0.171973
v -0.007301 0.271067 -0.859751
v 0.013863 0.255813 -0.801784
v 0.118144 -0.171819 0.125423
v 0.108933 -0.065927 -0.034871
v 0.109132 -0.092131 0.053457
v 0.083911 -0.134978 -0.303796
v 0.081586 -0.147767 -0.338965
v -0.169426 -0.170469 0.035399
v -0.137584 -0.175115 0.038707
v 0.040434 0.032623 0.369082
v 0.045896 0.030652 0.342702
v -0.171818 -0.200637 -0.095382
v 0.037733 -0.164726 0.257126
v -0.147711 -0.050416 -0.514992
v 0.117761 -0.140563 -0.099571
v -0.193291 -0.164507 -0.174996
v -0.170722 -0.190104 -0.091035
v -0.052644 -0.145413 0.779987
v -0.012526 0.270975 -0.706221
v -0.004517 0.271852 -0.707198
v -0.006016 0.274185 -0.745633
v -0.222785 -0.215829 -0.073663
v -0.216119 -0.215357 -0.069310
v -0.239257 0.252078 -0.841152
v 0.010105 0.213985 -0.663051
v 0.029057 0.027110 -0.258300
v -0.147021 -0.058662 -0.433457
v -0.135849 -0.048703 -0.510848
v -0.137882 -0.055435 -0.435751
v 0.226924 -0.211144 -0.028372
v 0.078287 -0.049709 0.636694
v 0.084663 -0.052051 0.621284
v -0.133291 -0.025608 -0.589442
v 0.009013 -0.092714 0.866966
v 0.089581 -0.009955 0.091367
v 0.669921 -0.098839 -0.061945
v 0.005229 0.274044 -0.749357
v -0.006480 0.274678 -0.787808
v -0.323827 0.238665 -0.845270
v -0.102641 -0.103281 -0.158713
v -0.100686 -0.088389 -0.218912
v -0.831002 -0.083517 -0.117541
v -0.075953 -0.138849 0.641244
v 0.057888 0.013507 -0.220850
v 0.095110 -0.065837 -0.269435
v -0.013661 -0.229890 0.636191
v -0.019418 -0.228326 0.651460
v -0.113391 -0.153532 0.170766
v -0.111179 -0.158771 0.166287
v -0.108364 -0.160107 0.200652
v -0.109350 -0.154273 0.209415
v 0.178630 -0.060582 -0.379263
v 0.026365 0.036928 0.380864
v -0.005835 -0.083137 0.846783
v 0.610157 -0.102794 -0.039655
v -0.423053 -0.121166 -0.177042
v -0.211538 0.011825 -0.341287
v -0.213928 0.003227 -0.370178
v -0.009901 0.233586 -0.677135
v 0.223919 -0.264005 -0.079688
v 0.009479 -0.144139 -0.406694
v -0.966535 0.005310 -0.251965
v 0.110513 -0.004003 -0.459498
v 0.182432 -0.168871 0.026702
v 0.011957 -0.174005 0.641193
v -0.149168 0.007154 -0.594638
v -0.152250 0.008150 -0.619081
v -0.109846 0.000930 -0.408561
v -0.206744 -0.163767 -0.092325
v 0.023605 0.234021 -0.757601
v 0.012308 -0.109990 0.897923
v -0.975634 0.002445 -0.259238
v 0.172861 0.253160 -0.785670
v -0.101430 -0.166903 0.209893
v -0.176015 -0.051149 -0.505722
v 0.178822 -0.027459 -0.556270
v 0.165213 -0.027743 -0.553271
v -0.053439 -0.011142 -0.524612
v 0.133488 -0.011008 -0.554408
v 0.153582 -0.002312 -0.551118
v 0.276964 0.239871 -0.911731
v -0.011415 -0.182914 0.686848
v 0.109648 -0.164116 -0.199636
v 0.102058 -0.065833 -0.197123
v -0.174168 0.023168 -0.558632
v -0.207367 0.239699 -0.905829
v 0.012637 0.037286 -0.055495
v 0.024905 0.035166 -0.034451
v -0.579596 -0.105707 -0.204754
v 0.196098 -0.169376 -0.183177
v -0.028263 0.036043 0.344614
v -0.026692 -0.194704 0.687954
v -0.003956 -0.170711 0.600562
v -0.940497 -0.057814 -0.162904
v -0.944141 -0.067828 -0.155289
v -0.193406 -0.179890 -0.074611
v -0.148140 0.233337 -0.763431
v -0.172985 0.231712 -0.778635
v -0.182823 0.021778 -0.261320
v -0.097904 -0.023407 0.460297
v -0.195230 -0.192202 -0.094984
v -0.196503 -0.011004 -0.231327
v -0.004771 0.072144 -0.447837
v 0.154502 0.021229 -0.566755
v -0.177919 0.028785 -0.256733
v -0.155052 0.032749 -0.254879
v 0.886090 -0.078482 -0.184191
v 0.904836 -0.076983 -0.156807
v 0.067827 -0.143318 -0.389168
v 0.723953 -0.097511 -0.089356
v 0.014628 0.161546 -0.685192
v 0.148350 0.003550 -0.220577
v 0.148255 0.016576 -0.220072
v -0.090309 -0.024473 -0.241238
v 0.200964 -0.046372 -0.322332
v 0.195055 -0.053153 -0.378655
v -0.103399 -0.114083 -0.126049
v -0.097357 -0.116093 -0.168408
v -0.020264 -0.006922 -0.687747
v 0.151660 -0.225201 -0.081520
v 0.166054 0.228420 -0.817270
v -0.084403 -0.000176 0.208224
v -0.063717 -0.041597 -0.522040
v 0.083371 -0.124539 0.620555
v 0.183779 -0.222804 -0.088933
v -0.173718 -0.005414 -0.544561
v -0.164283 -0.016344 -0.543471
v 0.137810 -0.040977 -0.548351
v 0.022553 -0.167503 0.686394
v -0.174917 -0.208903 -0.064783
v -0.162759 -0.212409 -0.070109
v 0.077582 0.006390 0.264619
v 0.110888 -0.176074 -0.204555
v -0.112005 -0.027666 -0.282142
v -0.207007 -0.160606 -0.099702
v 0.204087 -0.159721 -0.184448
v -0.187565 -0.043559 -0.222321
v -0.175771 -0.047632 -0.221985
v 0.287680 -0.144935 0.064660
v 0.005212 0.029769 -0.714189
v 0.217857 -0.159675 -0.122969
v -0.172589 -0.031979 -0.564946
v 0.148754 0.237281 -0.752425
v -0.308279 0.238652 -0.810400
v -0.412643 -0.137846 -0.063892
v 0.017945 0.060161 -0.510212
v -0.207892 -0.241880 -0.128562
v -0.015259 -0.165134 0.814114
v -0.003041 -0.168623 0.787025
v -0.111526 -0.027180 -0.271523
v -0.018431 0.251210 -0.699359
v 0.195640 -0.183764 -0.102495
v 0.193543 -0.199218 -0.097193
v 0.170781 -0.170077 -0.074840
v 0.164805 -0.173127 -0.076147
v 0.601656 -0.097233 -0.037657
v -0.192804 0.023030 -0.219428
v 0.214527 -0.230238 -0.082880
v 0.128875 -0.133672 -0.063572
v 0.154218 -0.130737 -0.059926
v 0.708647 -0.096997 -0.194873
v 0.386233 -0.121984 0.035918
v 0.379596 -0.129824 0.035267
v 0.405404 -0.121887 0.028996
v 0.633390 -0.105043 -0.053112
v -0.636281 -0.083812 -0.093088
v -0.921202 -0.073409 -0.153750
v 0.109105 0.008122 -0.371279
v -0.444163 -0.129804 0.000812
v -0.005977 0.269052 -0.885427
v 0.166284 0.047173 -0.287864
v 0.167958 0.045717 -0.351525
v 0.087659 -0.142147 0.295911
v 0.989189 0.058295 -0.311191
v 0.512145 -0.113575 -0.199016
v 0.502337 -0.115498 -0.197861
v -0.378856 -0.135789 0.027285
v 0.053056 0.020213 0.557415
v -0.064691 -0.015514 -0.522292
v 0.105632 -0.176780 -0.200698
v -0.207474 0.020105 -0.364113
v -0.162646 -0.130651 0.113763
v -0.186747 -0.129017 0.100068
v 0.727564 -0.098492 -0.129330
v 0.720863 -0.098280 -0.154193
v -0.069550 -0.147938 0.326861
v 0.166614 -0.162018 0.109677
v 0.155522 -0.160728 0.122062
v 0.099383 -0.037489 0.508570
v -0.011556 0.049350 -0.420756
v 0.971737 0.024683 -0.287877
v 0.960016 -0.006215 -0.268409
v -0.061290 -0.058775 -0.527880
v 0.015931 -0.203234 0.628165
v 0.176879 0.028732 -0.504210
v 0.922269 -0.056194 -0.211354
v 0.924725 -0.058786 -0.246560
v 0.106292 -0.088993 0.141798
v 0.102578 -0.113143 0.140716
v 0.003208 0.106159 -0.780693
v 0.002762 0.090604 -0.772508
v 0.000609 0.092422 -0.777671
v 0.368771 -0.143987 -0.023926
v -0.109442 -0.151135 -0.165647
v -0.013188 -0.122906 -0.528872
v -0.032501 -0.111116 -0.526511
v 0.872919 -0.063891 -0.190622
v -0.015729 -0.172818 -0.208779
v 0.114324 -0.039192 -0.481710
v 0.120557 -0.042330 -0.500526
v -0.967008 -0.018581 -0.271976
v -0.096751 -0.042542 -0.229080
v -0.226184 -0.228127 -0.048674
v -0.226810 -0.226995 -0.026102
v -0.083274 -0.144758 0.307086
v -0.831220 -0.076036 -0.112402
v 0.100750 -0.034733 0.420776
v 0.095077 -0.128033 0.250365
v 0.069973 -0.004918 -0.411229
v 0.188573 -0.166930 -0.073937
v 0.522150 -0.114804 -0.201066
v -0.007438 -0.182203 0.647162
v 0.056932 -0.155877 0.314271
v 0.092215 -0.014931 0.223257
v 0.094999 -0.051637 0.572435
v 0.234160 0.231461 -0.790511
v -0.063055 -0.149383 -0.378498
v -0.098448 -0.033952 -0.173248
v 0.981575 0.049790 -0.345382
v -0.015312 -0.181914 0.655893
v -0.120149 -0.124540 0.023733
v -0.034415 0.021876 -0.322382
v 0.319963 0.233612 -0.919809
v 0.007343 0.269254 -0.695846
v 0.006329 0.008309 -0.683800
v 0.002853 0.039795 -0.148950
v -0.068495 0.015215 -0.040347
v -0.234481 -0.162502 -0.046905
v 0.083815 0.238414 -0.726867
v -0.029697 0.034030 0.534063
v -0.158566 -0.147807 0.130724
v -0.194807 -0.180786 -0.092382
v -0.382827 -0.130909 -0.186274
v -0.346822 -0.132709 -0.175753
v 0.986556 0.052670 -0.359792
v -0.002126 0.039647 -0.283447
v 0.154410 0.042717 -0.433276
v -0.213566 -0.280098 -0.086639
v 0.008480 0.036733 -0.148850
v 0.215381 -0.157969 -0.149692
v 0.220531 -0.154719 -0.185336
v -0.226547 -0.211826 -0.068529
v -0.465525 -0.130676 -0.090878
v 0.287414 -0.131628 0.076148
v 0.129699 -0.029084 -0.582387
v 0.181202 -0.058164 -0.339303
v 0.188394 -0.051777 -0.281679
v -0.067365 -0.147796 0.629085
v 0.081234 -0.022750 0.588105
v -0.022769 0.021789 -0.487762
v -0.224816 -0.230982 -0.023902
v -0.068448 0.004453 0.579737
v 0.988680 0.050385 -0.290552
v -0.175587 -0.256411 -0.093633
v -0.198366 -0.201581 -0.069830
v -0.099248 -0.009050 -0.331202
v 0.133344 -0.161304 -0.197500
v 0.844619 -0.075126 -0.247295
v 0.014839 -0.162194 0.653867
v 0.191865 -0.171615 -0.145497
v 0.061500 -0.042127 -0.518861
v 0.056682 -0.048038 -0.546868
v -0.026250 0.036183 0.319359
v -0.933278 -0.057789 -0.275465
v 0.671920 -0.103829 -0.074595
v 0.659010 -0.104106 -0.065973
v -0.027567 0.034711 -0.019773
v 0.175773 -0.258425 -0.103489
v -0.175087 -0.015586 -0.544879
v -0.071355 -0.034756 -0.476937
v 0.111168 0.009640 -0.416228
v 0.208077 0.010922 -0.438223
v 0.000939 -0.034736 0.710676
v 0.129584 -0.126767 0.101130
v -0.777859 -0.071339 -0.150892
v 0.194629 -0.227063 -0.128918
v 0.197999 -0.236373 -0.120172
v -0.176716 -0.026398 -0.569938
v 0.070076 0.015243 0.446341
v 0.015560 0.243298 -0.704774
v 0.022421 0.242963 -0.704727
v 0.057251 -0.011852 -0.503954
v 0.118080 -0.040745 -0.346206
v -0.097095 -0.023655 -0.270282
v -0.349313 -0.114649 0.035270
v 0.000873 -0.101407 0.886628
v 0.578023 -0.107303 -0.209503
v -0.089186 -0.119686 0.610457
v 0.015438 0.009191 -0.581765
v 0.043073 0.030921 0.245727
v 0.017603 0.003884 -0.602391
v -0.080318 -0.155258 -0.341279
v 0.171662 -0.060852 -0.349843
v -0.105384 -0.029319 -0.380739
v -0.209031 -0.165999 -0.067388
v -0.106189 -0.007114 -0.331445
v 0.100853 -0.153342 0.261307
v -0.937629 -0.050495 -0.185306
v -0.052754 -0.201169 0.661141
v -0.050469 -0.192218 0.655217
v 0.191451 -0.054078 -0.340967
v 0.198943 -0.043457 -0.260746
v 0.105644 -0.004227 -0.245943
v -0.140600 -0.168201 0.115291
v -0.205417 -0.130555 0.102708
v 0.084723 -0.000707 0.323402
v -0.226680 -0.172436 -0.064435
v -0.200285 0.029508 -0.340102
v 0.200559 -0.220594 -0.130038
v -0.835357 -0.067621 -0.188206
v -0.112065 -0.116075 0.037585
v -0.082090 -0.132459 0.298435
v -0.765347 -0.074955 -0.097086
v -0.778028 -0.070986 -0.120072
v -0.144281 -0.044026 -0.542630
v -0.013801 -0.174461 0.656930
v -0.157718 -0.211716 -0.077086
v 0.005916 -0.150359 0.648760
v 0.012731 -0.152569 0.656125
v -0.212318 0.002831 -0.422078
v 0.086369 -0.024432 -0.570865
v 0.109530 -0.029401 -0.571699
v -0.212146 -0.155902 -0.190535
v 0.002538 -0.165714 0.837963
v -0.050334 -0.172301 -0.221072
v 0.147849 0.017931 -0.567047
v -0.068955 0.015564 0.116820
v -0.128130 -0.174939 0.078627
v 0.469359 -0.108686 -0.146681
v -0.186248 0.012724 -0.559618
v -0.175597 0.014440 -0.561367
v 0.536376 -0.112502 -0.203677
v -0.023970 0.255429 -0.806619
v 0.493399 -0.127508 -0.031891
v 0.085886 -0.129947 0.425683
v -0.168349 -0.032465 -0.234857
v -0.162263 -0.033593 -0.229506
v -0.156003 -0.031869 -0.235251
v 0.102805 -0.042692 0.102562
v 0.200744 0.021970 -0.437323
v 0.201996 -0.125043 -0.058354
v 0.143129 -0.160002 0.132857
v 0.112018 -0.008754 -0.475217
v -0.319422 0.228428 -0.843357
v 0.003841 -0.170141 0.675795
v 0.100108 -0.006846 -0.439086
v 0.960792 -0.024853 -0.292543
v 0.017894 0.027420 -0.527328
v 0.022818 -0.145419 0.898676
v -0.940041 -0.069666 -0.274208
v -0.001107 0.245087 -0.923779
v -0.256782 -0.159580 -0.102317
v -0.030789 -0.169573 0.203132
v -0.733384 -0.076388 -0.096791
v 0.094171 -0.003800 -0.254821
v 0.677524 -0.092090 -0.062488
v -0.275830 -0.159628 -0.147784
v -0.052318 0.257832 -0.793300
v 0.019617 0.026645 -0.462077
v 0.186087 -0.151857 -0.190818
v -0.212333 -0.026748 -0.419271
v 0.037427 -0.161379 0.633654
v -0.091749 -0.178248 0.096993
v 0.214729 -0.011162 -0.407181
v 0.211892 -0.015554 -0.448275
v 0.023036 0.019484 -0.484923
v 0.020027 0.025219 -0.494077
v -0.012850 -0.006873 -0.712546
v 0.882600 -0.061632 -0.164093
v -0.885417 -0.079167 -0.146707
v -0.185479 -0.158793 -0.195768
v -0.118376 -0.156516 0.158383
v -0.169555 -0.023794 -0.556093
v 0.212707 -0.025010 -0.403392
v 0.028111 0.013915 -0.468184
v -0.852374 -0.082875 -0.165557
v 0.001549 -0.024301 0.690545
v -0.207067 -0.160480 -0.132685
v 0.020463 0.011724 -0.530907
v 0.020973 0.016088 -0.520144
v 0.064166 0.002106 -0.291288
v 0.067490 -0.002211 -0.330076
v -0.004610 -0.146794 0.655136
v -0.233468 -0.159236 -0.124663
v -0.089697 -0.051458 -0.311799
v 0.305671 -0.170326 -0.191153
v 0.002289 -0.170202 0.606523
v 0.353461 -0.129064 0.048952
v 0.077345 -0.093546 0.695496
v -0.105669 -0.027600 -0.572869
v 0.111592 -0.167795 -0.207978
v 0.219040 0.232923 -0.781870
v -0.014644 -0.049712 0.750874
v 0.152723 -0.034535 -0.212933
v -0.026619 -0.011716 -0.668601
v -0.157221 0.008060 -0.591975
v -0.103000 -0.098872 0.451088
v 0.210435 -0.153779 -0.187692
v 0.207371 -0.155254 -0.183627
v 0.022013 -0.209325 0.684684
v -0.014723 -0.158388 -0.328223
v -0.085851 -0.039892 -0.312463
v 0.201870 -0.036820 -0.476898
v -0.098158 -0.122180 0.186637
v 0.450225 -0.133689 -0.029336
v -0.094900 -0.018386 0.118451
v -0.943505 -0.052536 -0.173187
v 0.067772 0.246270 -0.714413
v -0.022188 -0.197296 0.690538
v 0.012523 0.185048 -0.733878
v 0.123147 0.022882 -0.216570
v 0.190481 -0.017273 -0.233316
v 0.081830 0.257285 -0.805871
v -0.755351 -0.083755 -0.224936
v 0.200374 -0.275101 -0.102001
v 0.203437 -0.279130 -0.093995
v -0.014561 -0.099555 -0.607364
v 0.160842 -0.272343 -0.116649
v -0.185402 0.021137 -0.547899
v -0.180749 -0.061097 -0.396474
v -0.048204 -0.206865 0.661387
v 0.150469 -0.056466 -0.475200
v -0.211444 -0.019608 -0.465218
v -0.056685 0.006811 -0.348188
v 0.096766 0.229280 -0.808658
v -0.872432 -0.063890 -0.199068
v 0.373772 -0.142536 0.001903
v 0.191978 -0.018544 -0.558614
v 0.054958 -0.136735 -0.433199
v -0.012867 -0.171215 0.466284
v -0.068997 -0.140690 0.685697
v -0.388737 -0.141453 -0.020066
v 0.976133 0.039475 -0.292552
v -0.193388 -0.165806 -0.161017
v 0.033033 -0.165126 0.449972
v 0.222933 -0.235229 -0.056005
v 0.046854 -0.159079 0.488181
v 0.013533 -0.168274 0.604990
v 0.015637 -0.235490 0.666532
v -0.977425 0.008339 -0.287244
v -0.237636 0.251572 -0.825540
v -0.117337 -0.133918 -0.067510
v 0.405925 -0.125210 -0.179963
v 0.980123 0.050571 -0.289708
v 0.169665 0.233306 -0.768028
v 0.046913 -0.059646 -0.592135
v -0.008354 0.197336 -0.787014
v -0.201333 -0.046516 -0.325123
v 0.202796 -0.275368 -0.111215
v -0.159217 -0.047149 -0.219684
v 0.138119 0.041772 -0.381682
v 0.183951 -0.262389 -0.087563
v 0.191194 -0.260961 -0.104115
v -0.126292 0.031435 -0.432513
v -0.070814 -0.039592 -0.513297
v -0.066754 -0.040510 -0.501759
v -0.503691 -0.099919 -0.015523
v 0.087247 -0.037269 -0.414809
v 0.111933 -0.145506 0.158366
v -0.202489 -0.047089 -0.372951
v 0.001064 0.044297 -0.353754
v -0.108597 0.004129 -0.366355
v 0.154313 0.002763 -0.614955
v 0.561568 -0.105965 -0.021528
v -0.179860 -0.245260 -0.112063
v 0.170553 -0.226853 -0.041621
v 0.258408 -0.160276 -0.101495
v 0.319552 -0.137081 0.058274
v 0.200195 -0.150004 -0.187033
v 0.260714 -0.159049 -0.094150
v -0.135098 0.023248 -0.255979
v 0.278238 -0.121907 0.066503
v -0.021421 -0.164190 0.665979
v -0.131652 0.012120 -0.257157
v 0.195778 -0.016620 -0.219302
v -0.174118 -0.279960 -0.096290
v -0.175074 -0.212948 -0.049362
v 0.241715 -0.153286 -0.186333
v 0.684039 -0.080160 -0.094364
v 0.211437 0.002990 -0.434443
v -0.176483 -0.180217 -0.085560
v 0.032258 0.033434 0.001353
vn 0.4331 0.6483 0.6262
vn 0.2109 0.9756 0.0613
vn -0.2391 0.7248 0.6462
vn -0.3339 0.9344 0.1243
vn -0.9359 0.1695 0.3089
vn -0.3339 0.8601 -0.3856
vn -0.9182 0.3073 -0.2500
vn -0.2841 0.6534 -0.7017
vn -0.1261 0.9627 -0.2395
vn 0.2463 0.9386 -0.2415
vn 0.6436 0.5799 -0.4995
vn 0.3933 0.8007 -0.4519
vn 0.5645 0.6408 -0.5203
vn -0.0604 -0.9795 -0.1920
vn 0.1678 -0.9553 -0.2432
vn -0.4277 -0.8033 -0.4145
vn -0.9477 0.2520 -0.1960
vn -0.9467 0.0891 -0.3097
vn -0.5654 -0.0925 -0.8196
vn 0.0411 -0.6664 -0.7445
vn -0.0043 0.9942 -0.1078
vn 0.5080 0.8596 -0.0557
vn 0.5746 0.7927 -0.2035
vn -0.8110 0.0604 0.5819
vn -0.8856 0.3583 -0.2957
vn 0.0569 0.8334 -0.5498
vn -0.9115 -0.0682 -0.4056
vn 0.9695 0.1150 -0.2162
vn 0.9117 -0.3654 -0.1880
vn 0.9075 -0.3846 -0.1689
vn -0.2400 0.4311 0.8698
vn -0.2889 -0.5478 0.7851
vn -0.8113 -0.3345 0.4796
vn -0.0302 -0.9941 -0.1045
vn -0.1380 -0.9694 -0.2031
vn -0.2964 -0.9502 -0.0961
vn -0.1530 -0.9881 -0.0124
vn -0.9995 0.0017 -0.0306
vn -0.9967 -0.0437 -0.0683
vn -0.9988 -0.0175 -0.0453
vn -0.6016 0.7979 -0.0366
vn -0.6717 0.7397 -0.0411
vn -0.5416 0.8376 -0.0707
vn -0.9723 0.1490 0.1800
vn -0.9908 -0.0538 0.1243
vn -0.9850 -0.0124 0.1718
vn 0.3542 0.5755 0.7371
vn 0.3217 0.5327 0.7828
vn 0.2161 0.8902 0.4011
vn -0.2409 0.9705 -0.0137
vn -0.0829 0.9966 0.0004
vn -0.0006 1.0000 0.0008
vn 0.9449 -0.2854 0.1600
vn 0.9577 -0.2316 0.1706
vn 0.9958 0.0378 0.0836
vn 0.1710 -0.9762 -0.1330
vn 0.1166 -0.9663 -0.2295
vn -0.0437 -0.9906 -0.1298
vn -0.1154 -0.9926 -0.0381
vn -0.1292 -0.9905 -0.0479
vn -0.1328 -0.9910 -0.0144
vn 0.2922 -0.8166 0.4977
vn -0.3964 -0.8979 -0.1914
vn -0.4170 -0.7160 0.5599
vn -0.1032 -0.9907 -0.0891
vn -0.1442 -0.9865 -0.0776
vn -0.0925 -0.9941 -0.0562
vn -0.4227 0.7287 0.5388
vn -0.9475 0.2539 0.1944
vn -0.9318 0.2943 0.2126
vn -0.0939 0.8596 0.5022
vn 0.0492 0.9944 0.0938
vn 0.0783 0.9919 0.1005
vn 0.0686 -0.1440 -0.9872
vn -0.0287 0.3485 -0.9369
vn 0.4152 0.3299 -0.8478
vn 0.6213 -0.1848 -0.7615
vn -0.9153 0.4022 0.0212
vn -0.9747 0.2108 0.0744
vn -0.8447 0.5285 0.0850
vn 0.0980 -0.9687 -0.2282
vn -0.0527 -0.9934 -0.1018
vn 0.6990 -0.6957 -0.1658
vn 0.3523 -0.9359 -0.0048
vn 0.4428 -0.8956 0.0421
vn 0.4804 -0.8770 -0.0016
vn 0.9733 0.1753 -0.1484
vn 0.9196 0.3789 -0.1043
vn 0.9311 0.3254 -0.1648
vn -0.0715 0.6288 -0.7743
vn 0.7514 0.5492 -0.3656
vn 0.7775 -0.0041 -0.6289
vn 0.0980 -0.9919 0.0810
vn -0.0073 -0.9873 0.1588
vn 0.1601 -0.9742 0.1590
vn -0.4983 0.1102 -0.8600
vn -0.8271 0.5466 -0.1311
vn -0.8249 0.1316 -0.5497
vn -0.9368 -0.3163 0.1496
vn -0.9041 -0.4099 0.1204
vn -0.8682 -0.4818 0.1184
vn 0.8896 0.4368 -0.1334
vn 0.9806 0.1785 -0.0810
vn 0.9268 0.3273 -0.1842
vn -0.3255 0.5613 0.7609
vn -0.2163 0.8850 0.4124
vn -0.1841 0.9320 0.3122
vn 0.0687 -0.9601 -0.2711
vn 0.2097 0.0328 -0.9772
vn 0.0613 -0.9676 -0.2451
vn 0.4676 -0.8256 0.3159
vn 0.2122 -0.9616 0.1741
vn 0.3756 -0.8467 0.3768
vn -0.6853 -0.6884 -0.2377
vn -0.4756 -0.8388 -0.2649
vn -0.6552 -0.7241 -0.2155
vn -0.8012 -0.5643 -0.1990
vn -0.8161 -0.5371 -0.2132
vn 0.0358 0.7951 0.6054
vn 0.0327 0.8035 0.5944
vn 0.6496 0.5988 0.4684
vn 0.6160 -0.7853 0.0627
vn 0.5290 -0.7783 0.3382
vn 0.7397 -0.6140 0.2753
vn 0.7690 -0.6367 0.0572
vn 0.1044 0.9899 -0.0960
vn 0.0989 0.9944 -0.0380
vn 0.0896 0.9947 -0.0498
vn 0.0052 0.9913 -0.1317
vn 0.2616 0.9556 -0.1358
vn 0.2451 0.9009 -0.3582
vn -0.8996 -0.3806 0.2139
vn -0.3294 -0.2189 -0.9185
vn -0.6939 0.4475 -0.5641
vn 0.3590 0.9286 0.0938
vn 0.1734 0.9544 0.2430
vn 0.1119 0.9890 0.0964
vn -0.1637 0.8023 0.5740
vn -0.3734 0.1710 0.9118
vn -0.3040 0.5199 0.7983
vn 0.4132 0.5923 -0.6917
vn 0.8458 0.3913 -0.3627
vn 0.1840 0.9599 -0.2114
vn -0.4998 0.8660 0.0159
vn -0.6846 0.7288 0.0133
vn -0.6492 0.7580 -0.0634
vn 0.0297 0.9749 -0.2207
vn 0.0321 0.9820 -0.1860
vn 0.0338 0.9739 -0.2245
vn -0.0186 0.9990 -0.0400
vn 0.4181 0.9066 -0.0574
vn -0.0348 0.9989 -0.0302
vn -0.4422 0.8968 0.0130
vn -0.2977 0.9545 0.0167
vn -0.3034 0.9528 0.0027
vn 0.1323 -0.9909 -0.0226
vn 0.1429 -0.9896 -0.0166
vn 0.1458 -0.9893 -0.0083
vn 0.1117 -0.9889 -0.0980
vn 0.1232 -0.9833 -0.1343
vn 0.1163 -0.9900 -0.0796
vn -0.1530 0.3947 0.9060
vn 0.3634 -0.7387 0.5676
vn 0.7770 -0.4302 0.4596
vn -0.9578 -0.1535 -0.2431
vn -0.8053 -0.5213 -0.2824
vn -0.0846 -0.9838 -0.1578
vn 0.1443 -0.9891 0.0287
vn 0.1661 -0.9761 0.1399
vn 0.1811 -0.9623 0.2030
vn -0.0045 -0.3844 -0.9231
vn -0.1548 0.9431 -0.2944
vn -0.1397 0.7215 -0.6782
vn 0.1197 -0.9928 -0.0007
vn 0.1794 -0.9624 0.2038
vn 0.2091 -0.9390 0.2729
vn -0.1787 0.7544 0.6317
vn -0.7329 0.6013 0.3183
vn -0.7349 0.6248 0.2638
vn 0.9110 0.2852 0.2977
vn 0.8320 0.4248 0.3569
vn 0.9579 0.0432 0.2839
vn 0.9714 -0.0323 0.2351
vn -0.1573 -0.9874 0.0189
vn -0.1149 -0.9929 0.0312
vn 0.0791 -0.9967 0.0179
vn 0.0196 -0.9998 0.0029
vn -0.1107 -0.9938 0.0056
vn 0.8206 -0.5695 0.0484
vn 0.8422 -0.5359 -0.0593
vn 0.0264 -0.9822 -0.1858
vn 0.5313 0.4327 -0.7283
vn 0.0071 0.9627 -0.2705
vn 0.9386 -0.2800 -0.2016
vn -0.8390 -0.2595 0.4783
vn -0.5029 -0.8077 0.3077
vn -0.4482 -0.7569 0.4757
vn -0.1450 -0.9705 0.1928
vn 0.5376 -0.8134 0.2223
vn 0.6713 -0.7290 0.1337
vn 0.9972 -0.0414 -0.0618
vn 0.9922 -0.0726 -0.1018
vn 0.9899 -0.0545 -0.1306
vn 0.9695 -0.2156 -0.1170
vn -0.7745 0.6292 -0.0649
vn -0.9161 0.3946 -0.0706
vn -0.8946 0.4434 -0.0553
vn -0.7714 0.0147 -0.6362
vn -0.4769 -0.5739 -0.6657
vn -0.9984 -0.0539 -0.0156
vn 0.6874 0.7161 -0.1213
vn 0.4597 0.8826 -0.0979
vn 0.2676 0.9531 -0.1410
vn 0.0165 -0.9749 -0.2221
vn -0.1911 -0.9599 -0.2051
vn -0.0477 -0.9841 -0.1712
vn 0.9909 -0.0972 -0.0927
vn 0.9782 -0.1662 -0.1248
vn 0.9881 -0.0855 -0.1281
vn 0.8043 0.4761 0.3556
vn -0.9910 0.1304 0.0319
vn -0.9994 0.0238 0.0243
vn -0.9986 0.0361 0.0390
vn 0.6297 -0.7725 0.0821
vn 0.8009 -0.5821 0.1404
vn 0.6557 -0.7453 0.1207
vn -0.8731 0.4524 -0.1819
vn -0.9689 0.2459 0.0294
vn -0.9553 0.2932 -0.0364
vn 0.0445 0.9395 0.3396
vn 0.4478 0.8819 0.1473
vn 0.7735 0.5416 0.3291
vn 0.7063 0.1640 0.6886
vn -0.7663 -0.6422 -0.0202
vn -0.9214 -0.3827 -0.0678
vn -0.9882 0.0863 -0.1263
vn 0.4132 0.1231 0.9023
vn 0.4362 -0.0994 0.8944
vn 0.4164 -0.5219 0.7445
vn -0.5563 -0.7791 0.2890
vn -0.1112 -0.9376 0.3294
vn -0.0323 -0.7685 0.6390
vn 0.1667 -0.9388 -0.3014
vn 0.4073 -0.8682 -0.2833
vn 0.3968 -0.8789 -0.2648
vn 0.1258 0.8090 -0.5742
vn 0.2285 0.8322 -0.5052
vn -0.8645 0.1462 0.4808
vn -0.9276 -0.1996 0.3158
vn -0.8207 -0.3722 0.4336
vn 0.1060 0.9914 -0.0772
vn 0.0742 0.9967 -0.0317
vn 0.0880 0.9916 -0.0943
vn 0.1293 -0.9903 0.0506
vn 0.0481 -0.9954 0.0833
vn 0.0072 -0.9986 0.0526
vn 0.7104 -0.6960 0.1043
vn 0.6601 -0.7166 0.2251
vn 0.9059 -0.3869 0.1723
vn 0.9992 0.0139 -0.0373
vn 0.9975 0.0680 0.0192
vn 0.9981 -0.0345 -0.0510
vn -0.1243 0.9533 -0.2752
vn -0.1445 0.6460 -0.7495
vn -0.5572 -0.0001 -0.8304
vn 0.6368 0.7699 -0.0422
vn 0.6314 0.7737 -0.0520
vn 0.7557 0.6524 -0.0570
vn -0.1745 0.4532 0.8742
vn 0.0654 0.2000 0.9776
vn -0.0652 0.9385 0.3390
vn -0.5650 -0.8218 0.0736
vn -0.2346 -0.9694 0.0720
vn -0.5096 -0.8590 0.0488
vn -0.1630 -0.9352 -0.3142
vn -0.2361 -0.9625 -0.1335
vn -0.9612 -0.2154 -0.1722
vn -0.9427 0.3311 -0.0409
vn -0.9901 0.1270 0.0601
vn -0.9324 -0.3547 -0.0693
vn -0.4993 -0.8664 -0.0061
vn -0.3866 -0.9223 0.0017
vn -0.4507 -0.8927 0.0015
vn -0.6846 -0.7288 -0.0149
vn -0.4402 -0.8974 -0.0296
vn -0.6068 -0.7947 0.0176
vn -0.2780 0.9595 0.0445
vn -0.3497 0.9359 0.0411
vn -0.5499 0.8349 -0.0229
vn -0.0338 -0.9829 -0.1811
vn -0.0210 -0.9786 -0.2048
vn -0.0132 -0.9859 -0.1671
vn 0.9337 -0.2556 0.2508
vn 0.9088 -0.2813 0.3083
vn 0.7934 -0.5707 0.2117
vn -0.8473 -0.4741 0.2394
vn -0.8674 -0.4932 0.0660
vn -0.7370 -0.6420 0.2114
vn 0.7387 0.6681 -0.0892
vn 0.8210 0.5601 -0.1108
vn 0.5651 0.8189 -0.1007
vn 0.2968 0.9548 -0.0137
vn 0.6078 0.7941 -0.0004
vn 0.5837 0.8119 -0.0133
vn -0.1341 0.9789 -0.1543
vn -0.1477 0.9715 -0.1852
vn -0.1553 0.9484 -0.2764
vn -0.8542 -0.5058 0.1201
vn -0.7094 -0.6990 0.0906
vn -0.8504 -0.5098 0.1299
vn 0.4129 0.9083 0.0673
vn 0.5563 0.8290 0.0577
vn 0.3943 0.9186 0.0268
vn -0.6154 0.5327 -0.5809
vn -0.5104 0.8564 0.0783
vn -0.3379 -0.1596 0.9275
vn -0.3187 -0.6045 0.7300
vn -0.2456 -0.8601 0.4471
vn 0.9641 0.2222 0.1453
vn 0.8728 0.4135 0.2592
vn 0.9448 0.2736 0.1802
vn 0.3675 0.9030 -0.2226
vn 0.1389 0.9654 -0.2208
vn -0.0715 0.8613 -0.5030
vn -0.0994 -0.5808 0.8079
vn 0.4836 -0.6838 0.5463
vn 0.4901 0.0803 0.8679
vn -0.1889 0.4699 0.8623
vn -0.0605 -0.9904 -0.1247
vn -0.0534 -0.9869 -0.1522
vn -0.0495 -0.9886 -0.1421
vn 0.0375 -0.9990 0.0235
vn 0.0802 -0.9966 -0.0171
vn 0.0856 -0.9963 0.0110
vn -0.5969 -0.7857 0.1624
vn -0.9947 -0.1018 -0.0120
vn -0.4215 -0.3140 0.8507
vn -0.1257 -0.9919 -0.0168
vn -0.1118 -0.9927 -0.0449
vn -0.0600 -0.9982 -0.0005
vn 0.1871 -0.9617 0.2004
vn 0.1264 -0.9834 0.1305
vn 0.5261 -0.8181 0.2323
vn -0.6076 0.7942 -0.0019
vn -0.6654 0.7463 0.0186
vn -0.5589 0.8292 0.0083
vn 0.8302 0.5574 -0.0058
vn 0.8957 0.4445 -0.0127
vn 0.9002 0.4354 -0.0017
vn 0.7137 0.6688 0.2083
vn 0.8626 0.4648 0.1997
vn 0.8122 0.5670 0.1376
vn -0.2117 -0.3610 -0.9082
vn 0.6224 -0.4254 -0.6570
vn 0.0586 -0.9978 0.0299
vn 0.9510 0.3058 -0.0456
vn 0.9297 0.3670 -0.0304
vn 0.9674 0.2509 -0.0329
vn -0.4626 0.8852 -0.0490
vn -0.4163 0.9085 -0.0367
vn -0.3472 0.9369 -0.0413
vn -0.1311 0.7631 0.6328
vn -0.2414 0.5504 0.7992
vn -0.0721 0.8915 0.4473
vn 0.6487 0.7540 0.1039
vn 0.7432 0.6665 0.0582
vn 0.1870 0.9128 0.3631
vn 0.2905 0.5534 0.7806
vn 0.1938 0.8931 0.4059
vn 0.1867 -0.9812 -0.0499
vn -0.0508 -0.9971 -0.0569
vn -0.0941 -0.9920 -0.0842
vn 0.0760 0.9967 0.0288
vn 0.1172 -0.9914 -0.0577
vn 0.5547 -0.7675 -0.3212
vn 0.4350 -0.8981 -0.0642
vn -0.6763 0.7225 -0.1432
vn -0.8869 0.4436 -0.1289
vn -0.9141 0.3973 -0.0810
vn 0.8496 -0.4919 0.1904
vn 0.9548 -0.2544 0.1540
vn 0.7254 -0.6093 0.3202
vn 0.3752 -0.9018 0.2143
vn 0.5277 0.8492 -0.0190
vn 0.5150 0.8572 -0.0064
vn 0.6180 0.7861 -0.0093
vn 0.1764 0.9555 -0.2364
vn 0.1232 0.9827 -0.1383
vn 0.2882 0.9436 -0.1628
vn 0.9654 -0.2590 0.0313
vn 0.9680 -0.2392 0.0755
vn 0.9798 -0.1957 0.0413
vn 0.9835 -0.1477 -0.1048
vn 0.9825 -0.1646 -0.0868
vn 0.9406 -0.3227 -0.1056
vn -0.7221 0.6916 0.0120
vn -0.7131 0.6987 -0.0569
vn -0.6020 0.7971 -0.0478
vn -0.3506 0.9365 -0.0041
vn -0.3973 0.9176 -0.0117
vn -0.5046 0.8633 -0.0051
vn -0.5277 0.8393 -0.1307
vn -0.2985 0.9470 -0.1185
vn -0.2809 0.9514 -0.1259
vn -0.9903 -0.0217 -0.1374
vn -0.9764 0.1618 -0.1428
vn -0.7947 0.5726 -0.2015
vn -0.8774 0.4606 0.1341
vn 0.1309 0.9710 0.2000
vn 0.1571 0.9458 0.2841
vn -0.3049 -0.9521 0.0242
vn -0.4044 -0.9136 0.0418
vn -0.5792 -0.8149 0.0240
vn 0.0705 -0.9975 -0.0081
vn 0.2168 -0.9739 -0.0673
vn 0.1763 -0.9822 -0.0644
vn 0.2932 -0.4001 0.8683
vn 0.0541 -0.9555 0.2899
vn 0.1363 -0.8781 0.4586
vn -0.2786 -0.6102 0.7417
vn -0.0620 -0.9565 0.2852
vn -0.2750 -0.5182 0.8099
vn -0.2622 -0.5225 -0.8113
vn -0.7720 -0.5574 -0.3054
vn -0.5744 0.1979 -0.7943
vn -0.2332 -0.8848 0.4034
vn -0.2102 -0.9301 0.3013
vn -0.1686 -0.9749 0.1452
vn 0.0396 -0.9908 -0.1296
vn 0.8761 -0.4820 -0.0143
vn 0.9074 -0.4020 0.1229
vn 0.9031 -0.4262 0.0527
vn 0.8638 -0.5037 -0.0152
vn -0.9892 -0.1201 0.0835
vn -0.9596 0.2483 0.1322
vn -0.8678 0.4846 0.1099
vn -0.9078 0.3485 0.2332
vn -0.9440 0.2482 0.2175
vn 0.5107 0.0846 -0.8556
vn 0.5168 0.2970 -0.8030
vn 0.8754 0.2553 -0.4106
vn 0.8472 -0.5032 -0.1703
vn 0.8760 -0.4515 -0.1699
vn 0.9284 -0.3119 -0.2020
vn -0.6485 0.7612 -0.0061
vn -0.6392 0.7690 -0.0082
vn -0.5384 0.8426 -0.0084
vn -0.0927 -0.9944 -0.0499
vn -0.1108 -0.9924 -0.0536
vn -0.1032 0.9829 -0.1526
vn -0.7192 0.6815 -0.1352
vn -0.3313 0.9375 -0.1063
vn -0.9279 -0.3265 0.1802
vn -0.7162 -0.6835 0.1411
vn -0.1772 -0.7249 0.6657
vn -0.8789 0.0055 -0.4770
vn 0.1350 -0.6932 -0.7080
vn -0.9305 -0.3657 0.0182
vn -0.9519 -0.3044 0.0345
vn -0.9933 -0.0521 0.1028
vn -0.1743 -0.9832 0.0537
vn -0.1359 -0.9907 0.0074
vn -0.0171 -0.9992 0.0363
vn -0.3963 0.9179 -0.0208
vn -0.2628 0.9648 -0.0103
vn -0.3125 0.9497 -0.0204
vn -0.3628 -0.6050 0.7088
vn -0.2752 -0.8881 0.3681
vn -0.3624 -0.8074 0.4655
vn -0.0180 -0.1029 -0.9945
vn 0.5054 0.4516 -0.7352
vn 0.4518 0.7637 -0.4611
vn -0.1675 -0.9830 0.0753
vn -0.1354 -0.9024 0.4091
vn -0.0349 -0.9977 -0.0574
vn -0.0520 -0.9977 -0.0444
vn -0.0296 -0.9989 -0.0355
vn -0.8812 0.4588 -0.1141
vn -0.9649 0.1947 -0.1764
vn -0.9794 0.1773 -0.0971
vn -0.1521 -0.6965 -0.7013
vn -0.4565 -0.8038 -0.3814
vn -0.2203 -0.5003 -0.8374
vn 0.7939 0.6080 -0.0035
vn 0.7158 0.6983 -0.0019
vn 0.8150 0.5794 0.0028
vn 0.9174 -0.1776 -0.3561
vn 0.9947 -0.0547 -0.0869
vn 0.9378 -0.1774 -0.2984
vn -0.2781 -0.4409 -0.8534
vn 0.9837 0.0721 0.1645
vn 0.9864 -0.0336 0.1609
vn 0.9853 -0.1267 0.1147
vn -0.1748 -0.9764 -0.1266
vn -0.3378 -0.8508 -0.4025
vn -0.3641 -0.9249 0.1096
vn -0.9198 -0.3919 -0.0181
vn -0.9482 -0.3174 -0.0099
vn -0.9027 -0.4302 0.0052
vn -0.0657 -0.9975 0.0262
vn -0.0842 -0.9964 0.0093
vn -0.0958 -0.9951 0.0236
vn 0.9145 0.3453 0.2107
vn 0.7250 -0.6828 -0.0898
vn 0.9348 -0.3312 0.1285
vn -0.1402 0.9705 -0.1963
vn -0.1254 0.9831 -0.1336
vn -0.1300 0.9788 -0.1585
vn -0.9463 -0.3234 0.0024
vn 0.2379 0.8520 0.4664
vn 0.3925 0.0654 0.9174
vn 0.2324 0.8732 0.4283
vn 0.6854 -0.7263 -0.0515
vn 0.9252 -0.3794 -0.0030
vn 0.9937 -0.0342 -0.1071
vn 0.3342 -0.4596 0.8229
vn 0.2749 -0.7640 0.5837
vn 0.3269 -0.2370 0.9148
vn 0.7872 0.0263 0.6161
vn 0.3065 0.0297 0.9514
vn 0.9425 -0.1413 0.3027
vn 0.7359 0.6752 -0.0510
vn 0.7334 0.6789 -0.0351
vn 0.8401 0.5412 -0.0359
vn -0.1684 -0.9857 -0.0085
vn -0.1461 -0.9886 -0.0366
vn -0.1913 -0.9812 -0.0245
vn 0.0624 -0.9887 -0.1366
vn 0.0536 -0.9906 -0.1259
vn 0.0578 -0.9911 -0.1197
vn 0.9966 0.0036 -0.0821
vn 0.9842 -0.0949 -0.1496
vn 0.6707 0.0249 -0.7414
vn -0.9092 0.2848 0.3039
vn -0.9664 -0.0095 0.2570
vn -0.9423 0.1269 0.3097
vn 0.9210 -0.1050 0.3752
vn -0.1254 -0.8696 0.4775
vn 0.4213 -0.2581 0.8694
vn -0.3180 -0.9396 -0.1269
vn -0.1433 -0.3547 -0.9240
vn -0.2782 -0.7496 -0.6006
vn -0.8510 -0.5234 0.0437
vn -0.6749 -0.7362 0.0507
vn 0.2415 -0.9693 0.0452
vn 0.1971 -0.9745 -0.1074
vn 0.1478 -0.9890 -0.0005
vn -0.3008 -0.5704 0.7643
vn -0.2544 -0.8408 0.4779
vn -0.3064 -0.1618 0.9380
vn -0.1652 0.9862 -0.0080
vn 0.0029 1.0000 -0.0035
vn -0.0789 0.9968 -0.0113
vn -0.0535 0.3471 -0.9363
vn -0.9385 0.1613 -0.3053
vn -0.6643 -0.6449 -0.3778
vn 0.0462 -0.9431 -0.3294
vn -0.4091 -0.4991 0.7639
vn -0.6120 -0.7169 0.3338
vn -0.6147 -0.3038 0.7279
vn -0.1104 -0.9939 0.0025
vn -0.0824 -0.9964 -0.0204
vn -0.0821 -0.9966 -0.0072
vn 0.1639 0.9367 0.3093
vn 0.2840 0.9075 0.3096
vn 0.3254 0.8924 0.3126
vn -0.5931 -0.8050 -0.0162
vn -0.4157 -0.9064 -0.0751
vn 0.8813 -0.4167 -0.2229
vn 0.8553 -0.4681 -0.2220
vn 0.7910 -0.5598 -0.2469
vn 0.8738 -0.4159 -0.2522
vn 0.0096 0.9395 0.3425
vn 0.1489 0.7519 0.6422
vn 0.5302 0.8137 0.2382
vn 0.7475 0.6629 -0.0417
vn 0.8191 0.5226 0.2367
vn -0.7898 0.4332 0.4342
vn -0.5777 0.8009 0.1575
vn 0.5113 0.8533 -0.1024
vn 0.1905 0.9761 -0.1049
vn 0.3776 0.9179 -0.1220
vn 0.5754 0.8116 -0.1007
vn 0.8057 0.5842 -0.0978
vn -0.1254 -0.9920 0.0166
vn -0.1349 -0.9905 0.0266
vn -0.2031 -0.9411 0.2703
vn -0.9538 0.1813 0.2397
vn -0.9714 0.0829 0.2227
vn -0.9757 -0.1124 0.1883
vn -0.9789 -0.0501 0.1981
vn 0.6109 0.7854 -0.0999
vn 0.6873 0.7145 -0.1308
vn 0.5506 0.8291 -0.0970
vn 0.4046 -0.6431 0.6502
vn -0.6363 -0.7384 0.2234
vn -0.0415 -0.0726 0.9965
vn 0.1044 -0.9921 -0.0695
vn 0.1026 -0.9925 -0.0670
vn 0.1137 -0.9932 -0.0263
vn -0.8881 0.4320 0.1569
vn -0.9066 0.3576 0.2239
vn -0.8072 0.5245 0.2707
vn 0.2702 0.9247 0.2683
vn 0.6076 0.7554 0.2453
vn 0.4222 0.5461 0.7235
vn 0.6843 0.7286 -0.0289
vn 0.4340 0.8972 -0.0820
vn 0.6752 0.7244 -0.1392
vn 0.1746 -0.9755 -0.1339
vn -0.1440 -0.6945 0.7049
vn 0.1416 -0.9899 0.0081
vn -0.6997 -0.3157 0.6409
vn -0.3956 -0.0019 0.9184
vn 0.1871 0.4096 0.8929
vn -0.4751 0.5769 0.6645
vn 0.1724 0.7831 0.5976
vn 0.6911 0.6549 0.3056
vn 0.0250 0.9774 -0.2097
vn 0.0010 0.9916 -0.1294
vn 0.0065 0.9929 -0.1190
vn 0.2228 -0.9741 -0.0400
vn 0.8858 -0.4639 -0.0097
vn 0.7635 -0.6220 0.1736
vn 0.0173 -0.9846 0.1741
vn -0.8663 -0.4508 -0.2151
vn -0.8187 -0.5345 -0.2101
vn -0.7251 -0.6423 -0.2484
vn 0.3009 0.6860 0.6625
vn 0.8529 0.2407 0.4632
vn -0.5080 0.8613 -0.0111
vn 0.0936 -0.9950 -0.0334
vn 0.0527 -0.9969 -0.0592
vn 0.0758 -0.9970 -0.0146
vn -0.7137 0.6959 0.0801
vn -0.8442 0.5322 0.0643
vn -0.6879 0.7258 0.0083
vn -0.3106 -0.9489 -0.0564
vn -0.4029 -0.9136 -0.0541
vn -0.2298 -0.9725 0.0371
vn -0.3564 0.4280 0.8305
vn -0.0010 0.9951 -0.0986
vn -0.0972 0.9923 -0.0763
vn -0.2823 0.9513 -0.1236
vn 0.1393 -0.5687 0.8107
vn 0.4325 -0.1141 0.8944
vn 0.3226 -0.5247 0.7878
vn 0.0688 -0.9968 0.0401
vn -0.4869 -0.7138 0.5035
vn 0.1600 -0.9836 0.0835
vn 0.5052 0.5325 -0.6791
vn 0.7891 0.5856 -0.1853
vn 0.3543 0.9347 0.0278
vn 0.6768 0.6979 -0.2344
vn 0.3356 -0.9377 0.0895
vn 0.1285 -0.9913 0.0303
vn 0.1413 -0.9884 0.0561
vn 0.5898 -0.8064 0.0421
vn 0.5312 -0.8471 0.0185
vn 0.2892 -0.9565 0.0389
vn 0.4049 0.9144 -0.0027
vn 0.3920 0.9200 -0.0039
vn 0.5366 0.8438 -0.0049
vn 0.0185 0.9985 -0.0509
vn 0.0332 0.9993 -0.0175
vn -0.0888 0.9954 -0.0373
vn -0.0075 -0.0308 0.9995
vn 0.0198 -0.4531 0.8913
vn 0.4646 -0.3022 0.8324
vn -0.9716 0.0476 0.2318
vn -0.7950 -0.2214 0.5648
vn -0.4195 -0.1340 0.8978
vn -0.4144 0.0881 0.9058
vn 0.0571 0.9867 -0.1522
vn 0.1097 0.9932 -0.0379
vn 0.2058 0.9773 -0.0495
vn 0.9965 0.0402 -0.0737
vn 0.9746 -0.1927 -0.1140
vn 0.9453 -0.2978 -0.1333
vn -0.0398 0.9816 0.1866
vn 0.0855 0.8529 0.5150
vn -0.0230 0.9750 0.2211
vn 0.3681 -0.7901 0.4901
vn 0.7203 -0.4482 0.5295
vn 0.7863 -0.3380 0.5172
vn -0.1305 -0.9910 0.0303
vn -0.0900 -0.9925 -0.0828
vn 0.0829 -0.9888 -0.1241
vn 0.1210 -0.9909 -0.0587
vn 0.3165 -0.9463 -0.0658
vn 0.3067 -0.9507 -0.0463
vn 0.0041 -0.9959 -0.0905
vn 0.6037 -0.7034 -0.3752
vn -0.1810 -0.9831 -0.0269
vn 0.0355 -0.9959 -0.0834
vn -0.0283 -0.9996 -0.0017
vn -0.1354 -0.1241 -0.9830
vn -0.1422 0.9381 -0.3158
vn -0.1131 -0.1530 -0.9817
vn -0.1545 -0.9822 0.1066
vn -0.1579 -0.9819 0.1046
vn -0.2023 -0.9274 0.3147
vn 0.1464 0.9085 -0.3915
vn -0.0046 0.8604 -0.5096
vn 0.1554 0.9874 -0.0287
vn 0.0213 0.9998 -0.0038
vn 0.7569 0.5690 0.3215
vn 0.4710 0.7792 0.4134
vn 0.6656 0.6353 0.3916
vn -0.9922 -0.0400 -0.1180
vn -0.9469 0.2676 -0.1785
vn -0.9503 0.2913 -0.1101
vn -0.9100 0.4146 0.0012
vn -0.9150 0.4034 0.0047
vn -0.9616 0.2746 0.0029
vn -0.9579 0.2866 0.0152
vn -0.9999 0.0047 0.0095
vn -0.9583 0.2247 0.1765
vn 0.9772 -0.1882 -0.0979
vn 0.9411 -0.3174 -0.1163
vn 0.9594 0.1934 -0.2052
vn 0.9532 -0.0757 -0.2928
vn 0.9287 -0.1222 -0.3502
vn 0.9704 -0.0547 -0.2352
vn 0.9279 -0.2212 -0.3001
vn 0.4931 -0.7022 -0.5136
vn 0.5386 -0.4263 -0.7267
vn -0.1055 0.9934 -0.0443
vn -0.0923 0.9956 0.0126
vn -0.1139 0.9904 -0.0778
vn 0.8571 0.5141 -0.0312
vn 0.8866 0.4625 -0.0055
vn 0.9417 0.3363 -0.0118
vn 0.1567 -0.8983 0.4104
vn 0.5530 -0.8093 0.1980
vn 0.7381 -0.5165 0.4341
vn 0.7800 0.6248 -0.0368
vn 0.9930 0.0889 -0.0776
vn 0.9980 0.0058 -0.0636
vn 0.6644 -0.1213 -0.7375
vn 0.9205 -0.3908 0.0068
vn 0.8889 -0.0325 -0.4570
vn 0.9760 -0.2159 -0.0277
vn 0.8647 -0.5020 -0.0153
vn 0.9337 -0.3280 0.1438
vn 0.9993 -0.0352 -0.0080
vn 0.3008 -0.7683 0.5651
vn 0.3176 -0.6745 0.6665
vn 0.4734 -0.0544 0.8792
vn 0.1531 0.2509 0.9558
vn 0.0036 -0.2516 0.9678
vn -0.0580 0.9955 0.0747
vn -0.0098 0.9766 0.2149
vn -0.0629 0.9942 0.0873
vn -0.3012 -0.6729 0.6757
vn -0.2107 -0.9338 0.2891
vn -0.1477 -0.9831 0.1082
vn -0.9927 -0.1202 0.0047
vn -0.9669 -0.2552 0.0037
vn -0.9753 -0.2209 -0.0050
vn -0.3639 -0.9278 -0.0818
vn -0.2803 -0.7493 -0.6000
vn -0.0286 -0.9967 0.0761
vn -0.6247 -0.0870 0.7760
vn -0.1954 -0.9598 0.2016
vn 0.7898 -0.6127 -0.0303
vn 0.9459 0.3245 -0.0021
vn 0.8071 0.4141 0.4209
vn 0.8511 0.0431 0.5232
vn 0.1861 0.9444 -0.2711
vn -0.7653 0.4925 -0.4143
vn -0.1493 0.4571 -0.8768
vn 0.7245 0.6880 -0.0424
vn -0.8123 0.5702 0.1221
vn -0.8263 0.5583 0.0742
vn -0.8796 0.4629 0.1095
vn -0.0572 0.9980 0.0258
vn -0.0753 0.9972 0.0008
vn -0.0089 0.9956 -0.0929
vn -0.8498 -0.5177 -0.0996
vn -0.7848 -0.6147 -0.0792
vn -0.0515 0.9946 -0.0903
vn -0.0782 0.9966 -0.0268
vn -0.0973 0.9927 -0.0714
vn -0.5862 -0.7370 -0.3366
vn -0.4521 -0.7435 -0.4927
vn -0.1609 -0.9144 -0.3714
vn 0.9197 0.3892 0.0512
vn 0.9984 0.0538 0.0186
vn 0.9316 0.3611 -0.0420
vn 0.1529 -0.3833 -0.9109
vn 0.8947 -0.3108 -0.3208
vn 0.9511 0.1096 -0.2888
vn 0.0928 -0.9949 0.0385
vn 0.2778 -0.9606 -0.0025
vn 0.3572 -0.9328 0.0474
vn 0.1619 -0.9853 0.0548
vn -0.8823 0.4707 -0.0020
vn -0.8362 0.5484 -0.0009
vn 0.9607 -0.2207 -0.1686
vn 0.9577 -0.2301 -0.1727
vn 0.9068 -0.3829 -0.1763
vn -0.1790 -0.2436 -0.9532
vn -0.0316 0.4356 -0.8996
vn -0.0892 0.5905 -0.8021
vn 0.0074 0.9802 0.1977
vn 0.1270 0.8991 0.4189
vn 0.2541 0.5523 0.7939
vn 0.0044 -0.9907 -0.1359
vn -0.0479 -0.9885 -0.1437
vn -0.8892 0.3314 0.3154
vn -0.5945 0.7974 0.1035
vn -0.6100 0.6712 0.4211
vn -0.9850 0.1667 -0.0455
vn -0.9503 -0.2175 0.2226
vn -0.9068 -0.3833 0.1754
vn -0.8226 -0.5412 0.1747
vn -0.3988 -0.9158 0.0470
vn -0.2591 -0.9658 0.0021
vn -0.2170 -0.9758 0.0275
vn -0.2839 0.9584 -0.0300
vn -0.1639 0.9854 -0.0449
vn -0.3780 0.9247 -0.0454
vn 0.4817 0.8754 -0.0404
vn 0.4908 0.8698 -0.0503
vn 0.6292 0.7750 -0.0583
vn -0.9746 0.1842 -0.1275
vn -0.9558 0.2763 -0.1009
vn -0.9768 0.1807 -0.1146
vn -0.9183 -0.2707 0.2889
vn -0.9910 -0.0684 -0.1154
vn -0.8319 -0.0010 -0.5549
vn 0.0789 0.9896 -0.1206
vn -0.0462 0.9913 -0.1230
vn 0.0754 0.9832 -0.1663
vn -0.1826 -0.9831 -0.0100
vn 0.0537 -0.9985 -0.0099
vn -0.0325 -0.9994 -0.0138
vn -0.1501 0.8229 0.5480
vn 0.3104 0.7474 0.5874
vn -0.5692 0.6368 0.5201
vn 0.2416 -0.9502 -0.1967
vn 0.6486 -0.2958 -0.7013
vn 0.7086 -0.6093 0.3559
vn 0.0953 0.9828 -0.1580
vn 0.0792 0.9820 -0.1716
vn 0.0989 0.9789 -0.1790
vn 0.2062 -0.9759 -0.0719
vn 0.2289 -0.9694 -0.0885
vn 0.2086 -0.9748 -0.0787
vn 0.0335 0.9550 -0.2948
vn 0.0127 0.9797 -0.1999
vn -0.1368 0.9060 -0.4006
vn 0.4220 0.9066 -0.0073
vn 0.4259 0.9047 0.0050
vn 0.5843 0.8115 -0.0015
vn -0.7200 -0.6321 0.2866
vn -0.4484 -0.8601 0.2431
vn -0.5046 -0.7629 0.4042
vn -0.1935 -0.6799 0.7073
vn 0.8592 -0.0751 -0.5061
vn 0.7807 -0.4960 -0.3802
vn 0.2654 -0.6011 -0.7538
vn -0.2183 0.4780 0.8508
vn -0.3031 -0.3695 0.8784
vn -0.0782 0.8337 0.5467
vn 0.9576 -0.2363 -0.1649
vn 0.9301 -0.3224 -0.1762
vn 0.8851 -0.4213 -0.1977
vn -0.1971 0.9773 0.0773
vn -0.2478 0.9644 0.0919
vn -0.8974 0.4297 0.1000
vn -0.8670 0.4971 0.0353
vn -0.7928 0.6086 0.0310
vn -0.8739 0.4785 0.0862
vn -0.9327 0.2484 0.2614
vn 0.9641 0.0452 -0.2615
vn 0.9850 -0.1726 0.0045
vn 0.6097 0.6379 0.4704
vn -0.4572 0.7252 0.5148
vn -0.2871 0.7622 0.5802
vn 0.9998 0.0175 0.0097
vn 0.9908 -0.1339 0.0204
vn 0.9851 -0.1706 0.0205
vn 0.7707 0.4968 -0.3991
vn 0.7873 0.5925 -0.1707
vn 0.8949 0.4136 -0.1675
vn 0.4610 0.8260 0.3245
vn -0.0969 -0.9942 -0.0472
vn -0.0990 -0.9932 -0.0618
vn -0.1010 0.9702 -0.2201
vn -0.1042 0.9763 -0.1899
vn -0.0930 0.9621 -0.2564
vn -0.0093 -0.9913 0.1312
vn -0.0304 -0.9961 0.0827
vn 0.0102 -0.9911 0.1329
vn 0.0875 -0.9924 -0.0870
vn 0.0023 -0.9995 -0.0324
vn 0.0599 -0.9964 -0.0595
vn -0.4572 0.8894 -0.0058
vn -0.4589 0.8885 -0.0029
vn 0.7927 -0.6073 -0.0533
vn 0.9245 -0.3813 -0.0048
vn -0.1273 -0.8363 -0.5333
vn 0.1111 0.5810 -0.8063
vn 0.1882 -0.9821 -0.0099
vn 0.2027 -0.9791 0.0177
vn 0.2515 -0.9678 0.0120
vn -0.4868 -0.0569 0.8716
vn -0.9636 -0.0411 0.2640
vn -0.9738 0.0198 0.2267
vn -0.4642 -0.3158 0.8275
vn -0.2965 -0.8629 -0.4093
vn 0.0264 -0.9257 -0.3773
vn -0.0666 -0.9769 -0.2030
vn -0.0212 0.9821 -0.1871
vn -0.0012 0.9906 -0.1365
vn -0.0333 0.9723 -0.2315
vn -0.9624 -0.0006 -0.2716
vn -0.9520 0.2009 -0.2309
vn -0.9591 -0.1448 -0.2434
vn -0.9532 -0.2174 -0.2100
vn -0.9812 0.1930 -0.0007
vn -0.9243 0.3466 0.1598
vn -0.8748 0.4797 0.0687
vn 0.9506 -0.2981 0.0861
vn 0.9885 -0.0904 0.1210
vn 0.9279 -0.3725 0.0173
vn 0.0129 -0.9504 0.3108
vn -0.9874 0.1580 -0.0121
vn -0.9976 -0.0439 -0.0532
vn -0.9992 -0.0342 -0.0198
vn -0.9690 -0.2465 0.0164
vn -0.9715 -0.2324 0.0463
vn 0.0859 0.9959 0.0275
vn 0.0587 0.9930 0.1027
vn -0.0665 0.9970 0.0383
vn -0.0564 0.9950 0.0820
vn -0.3345 0.1161 -0.9352
vn -0.1508 -0.3113 -0.9383
vn -0.0246 -0.0294 -0.9993
vn -0.0085 0.2782 -0.9605
vn -0.2561 0.9444 -0.2061
vn -0.0216 0.9825 -0.1848
vn 0.1340 -0.7254 -0.6752
vn 0.0053 0.3733 -0.9277
vn -0.1164 -0.3144 -0.9421
vn 0.6396 0.7640 -0.0852
vn 0.4438 0.8959 -0.0183
vn 0.9756 0.2056 -0.0767
vn 0.5310 0.8474 -0.0058
vn 0.6306 0.7761 -0.0081
vn -0.6198 -0.5466 -0.5631
vn -0.9510 -0.2396 -0.1956
vn -0.7096 -0.6793 -0.1868
vn -0.8481 -0.5293 -0.0229
vn -0.8335 -0.5522 -0.0191
vn -0.7239 0.1756 0.6672
vn -0.8958 -0.4417 0.0489
vn -0.9305 -0.3636 0.0441
vn -0.0199 -0.9958 0.0898
vn 0.0237 -0.9894 0.1431
vn -0.0669 -0.9912 0.1142
vn 0.9657 0.2377 -0.1046
vn -0.9679 0.0305 0.2493
vn -0.4607 0.8846 -0.0727
vn -0.4831 0.8440 -0.2331
vn -0.1314 0.8539 -0.5036
vn 0.5013 0.1462 0.8528
vn 0.2918 0.0763 0.9534
vn 0.3866 0.2208 0.8954
vn -0.5589 0.8225 -0.1052
vn -0.5616 0.8230 -0.0851
vn -0.7852 0.6075 -0.1204
vn -0.1250 -0.9845 0.1227
vn 0.0870 -0.9939 0.0677
vn 0.1047 -0.9785 0.1779
vn 0.9753 -0.1498 -0.1624
vn 0.9653 -0.2071 -0.1592
vn 0.9313 -0.3264 -0.1618
vn -0.8474 0.1447 0.5108
vn -0.9431 -0.3304 0.0372
vn -0.9428 -0.3326 0.0211
vn -0.9592 -0.0996 0.2644
vn -0.9940 0.0933 0.0572
vn -0.9939 0.0962 0.0544
vn -0.9651 0.1902 -0.1799
vn -0.9626 0.1991 -0.1836
vn -0.9640 0.1498 -0.2198
vn -0.6445 0.7617 0.0663
vn -0.5591 0.8280 0.0430
vn 0.7274 -0.6858 -0.0249
vn 0.3513 0.8718 -0.3415
vn 0.3327 0.9430 0.0113
vn -0.1455 -0.9889 -0.0297
vn -0.1293 -0.9833 -0.1280
vn -0.7479 -0.6506 -0.1315
vn 0.4064 0.9105 -0.0760
vn -0.1889 -0.9529 0.2374
vn 0.0851 -0.9423 -0.3239
vn 0.2602 -0.9284 -0.2652
vn 0.0187 -0.9925 0.1210
vn -0.8498 -0.0788 0.5212
vn -0.6769 0.4665 0.5694
vn -0.7731 -0.0172 0.6340
vn 0.0153 0.9358 0.3523
vn 0.1628 0.6793 0.7156
vn 0.1670 0.7382 0.6536
vn -0.7102 0.2088 0.6723
vn -0.7531 0.4938 0.4346
vn -0.3717 0.9283 -0.0051
vn -0.1847 0.9828 -0.0002
vn -0.0023 -0.9953 0.0964
vn -0.0842 -0.9218 0.3785
vn -0.2827 0.7696 0.5725
vn -0.8934 0.3677 0.2583
vn -0.3657 0.7475 0.5546
vn -0.4928 0.8698 -0.0258
vn 0.0697 -0.9898 -0.1239
vn 0.7527 -0.2571 -0.6061
vn 0.6979 -0.7158 -0.0216
vn 0.9916 -0.1207 0.0472
vn -0.4855 0.8551 -0.1819
vn -0.2409 0.9530 -0.1835
vn -0.1997 -0.9523 -0.2306
vn -0.2788 -0.9502 -0.1391
vn 0.0155 -0.9907 -0.1351
vn 0.0096 -0.9867 -0.1624
vn -0.2190 0.9754 -0.0234
vn -0.3319 0.9433 -0.0074
vn 0.3510 0.9363 -0.0091
vn 0.3156 -0.1199 0.9413
vn 0.2676 -0.5172 0.8129
vn 0.2895 0.1031 0.9516
vn 0.1940 0.1607 0.9678
vn 0.2552 0.1203 0.9594
vn -0.6463 0.7631 -0.0039
vn -0.5316 0.8470 -0.0063
vn -0.5312 0.8473 -0.0028
vn -0.3670 -0.4336 0.8230
vn -0.2593 -0.8765 0.4056
vn -0.3496 -0.6801 0.6443
vn -0.9901 0.0999 -0.0988
vn -0.9876 -0.1089 -0.1133
vn -0.9930 -0.0460 -0.1088
vn 0.4509 0.8918 -0.0375
vn 0.0158 0.9998 0.0106
vn 0.0193 0.9989 -0.0430
vn -0.5061 -0.8528 0.1290
vn -0.2323 -0.9700 0.0713
vn -0.3323 -0.9415 0.0567
vn 0.9755 0.2182 -0.0295
vn 0.9472 0.3203 0.0119
vn 0.9535 0.2478 -0.1713
vn 0.7319 -0.5961 -0.3302
vn 0.6714 -0.6995 -0.2449
vn 0.7956 -0.5698 -0.2056
vn -0.7823 0.6126 -0.1132
vn -0.2353 0.9719 -0.0006
vn 0.0832 0.9239 -0.3734
vn 0.9979 0.0346 0.0539
vn 0.9839 0.1504 0.0963
vn -0.7879 -0.1690 0.5921
vn 0.1862 -0.0554 0.9809
vn -0.0838 -0.7795 0.6208
vn 0.1830 -0.2349 0.9546
vn 0.2985 0.1409 0.9440
vn -0.5179 -0.2994 0.8014
vn -0.1203 -0.0990 0.9878
vn 0.0282 0.5157 0.8563
vn 0.3523 0.9135 0.2035
vn 0.2453 -0.6946 -0.6763
vn -0.0700 0.2453 -0.9669
vn -0.0975 0.7190 -0.6881
vn -0.8623 0.5064 -0.0059
vn -0.8972 0.4415 -0.0053
vn -0.8320 0.5548 -0.0073
vn 0.2987 -0.9325 -0.2029
vn 0.0267 -0.9994 -0.0198
vn -0.5725 -0.8195 0.0261
vn -0.5958 -0.8031 0.0015
vn -0.4759 -0.8793 0.0172
vn -0.6607 0.7396 -0.1285
vn -0.8380 0.4638 -0.2876
vn 0.2497 0.3587 0.8994
vn -0.7167 -0.1980 0.6686
vn 0.3785 0.2805 0.8821
vn -0.1104 0.9916 0.0667
vn -0.1912 0.9677 0.1641
vn 0.0142 0.9945 0.1037
vn 0.9978 -0.0287 -0.0602
vn 0.9882 0.1134 -0.1031
vn 0.9914 0.0934 -0.0921
vn 0.4434 0.5301 -0.7228
vn 0.6414 0.2123 -0.7372
vn 0.9549 -0.0296 -0.2953
vn 0.5733 -0.5262 -0.6281
vn 0.1984 -0.9720 0.1261
vn 0.1806 -0.9827 0.0411
vn -0.9225 -0.2569 0.2880
vn -0.7626 -0.6213 0.1800
vn -0.4789 -0.8583 0.1845
vn -0.2974 -0.9547 0.0072
vn -0.3672 -0.4640 0.8061
vn 0.1382 0.9782 -0.1552
vn 0.1233 0.9771 -0.1733
vn 0.1363 0.9593 -0.2473
vn 0.2169 -0.9105 -0.3521
vn 0.5499 -0.7745 -0.3127
vn 0.4574 -0.8278 -0.3249
vn -0.7894 0.3574 -0.4991
vn -0.8674 0.4400 -0.2324
vn -0.9931 -0.0639 -0.0983
vn -0.9915 -0.0640 -0.1133
vn -0.9949 -0.0548 -0.0852
vn 0.8655 0.4985 0.0486
vn 0.7816 0.5940 0.1905
vn 0.7072 0.7062 0.0337
vn 0.1520 -0.9883 0.0138
vn 0.1563 -0.9877 -0.0090
vn 0.1368 -0.9906 -0.0020
vn 0.2450 -0.1077 -0.9635
vn 0.6172 0.2894 -0.7316
vn 0.9056 -0.2611 -0.3342
vn -0.0248 0.9762 -0.2155
vn -0.0411 0.9797 -0.1961
vn -0.0218 0.9728 -0.2304
vn -0.3315 -0.0472 0.9423
vn -0.2936 0.1101 0.9496
vn -0.3292 -0.4909 0.8067
vn -0.2665 0.3797 0.8859
vn -0.3442 -0.3823 0.8575
vn -0.3230 -0.2412 0.9152
vn -0.2553 0.3079 0.9165
vn 0.1346 0.9618 -0.2384
vn 0.1407 0.9684 -0.2061
vn 0.1582 0.8042 -0.5730
vn 0.0285 0.9811 0.1912
vn -0.0337 -0.9976 -0.0611
vn -0.0139 -0.9989 -0.0441
vn -0.0014 -0.8285 -0.5599
vn -0.0950 -0.9897 -0.1071
vn -0.1165 -0.9908 -0.0688
vn 0.4416 -0.1038 0.8912
vn 0.3737 -0.7512 0.5441
vn 0.3450 -0.2549 0.9033
vn 0.2362 -0.8522 0.4669
vn 0.2997 -0.5322 0.7918
vn 0.2808 -0.6022 0.7473
vn 0.0993 -0.9928 0.0673
vn 0.1976 -0.9775 0.0745
vn -0.0091 -0.9978 0.0652
vn -0.0053 0.9606 0.2778
vn 0.2156 0.9581 0.1886
vn 0.8031 -0.5677 -0.1807
vn 0.2757 -0.9562 -0.0981
vn 0.5245 -0.8514 -0.0107
vn -0.0110 -0.9971 -0.0753
vn -0.0283 -0.9936 -0.1089
vn -0.0436 -0.9987 -0.0275
vn 0.0073 -0.9991 -0.0409
vn -0.7093 0.7049 -0.0031
vn -0.7915 0.6112 -0.0069
vn -0.7145 0.6996 -0.0015
vn -0.9394 0.3429 0.0013
vn -0.9546 0.2978 -0.0057
vn -0.9836 0.1802 -0.0007
vn 0.0915 -0.9885 -0.1206
vn 0.0926 -0.9917 -0.0887
vn 0.1007 -0.9924 -0.0712
vn -0.9494 0.3096 -0.0533
vn -0.3651 0.9066 -0.2114
vn 0.8868 0.4622 0.0005
vn 0.8934 0.4493 0.0029
vn 0.9469 0.3216 0.0062
vn -0.5536 -0.1408 -0.8208
vn -0.5605 0.7590 -0.3313
vn -0.9691 0.2439 -0.0358
vn -0.9175 0.3970 -0.0257
vn -0.6018 0.7979 -0.0332
vn -0.0777 -0.6361 -0.7677
vn 0.9896 0.1387 -0.0370
vn 0.9937 -0.0898 -0.0665
vn -0.1031 -0.9934 0.0499
vn 0.8815 -0.4722 0.0074
vn 0.9354 -0.3534 -0.0137
vn 0.2475 -0.9688 -0.0105
vn 0.3252 -0.9454 0.0219
vn 0.2732 -0.8774 0.3944
vn 0.2140 -0.9543 0.2087
vn 0.2569 -0.9203 0.2950
vn 0.2668 -0.3522 -0.8971
vn 0.8706 -0.1615 -0.4647
vn 0.8817 0.0488 -0.4692
vn -0.0184 0.9819 -0.1884
vn 0.0396 0.9973 -0.0617
vn 0.0055 0.9852 -0.1715
vn -0.9759 0.0843 0.2010
vn -0.8207 -0.3946 0.4132
vn -0.5433 -0.3495 0.7634
vn -0.8679 -0.4575 -0.1937
vn -0.9049 -0.3843 -0.1830
vn 0.3293 -0.9390 0.0989
vn 0.7142 -0.6999 -0.0015
vn 0.2550 -0.9664 -0.0334
vn 0.9637 -0.2667 -0.0109
vn 0.9711 -0.2385 -0.0102
vn 0.9390 -0.3435 -0.0167
vn -0.6763 0.0522 -0.7348
vn -0.5423 0.5284 -0.6532
vn 0.2841 0.0918 -0.9544
vn 0.0200 -0.2177 -0.9758
vn -0.3153 0.9188 -0.2375
vn -0.8750 0.3998 -0.2728
vn -0.9994 -0.0179 -0.0302
vn -0.9911 0.1292 -0.0307
vn -0.9486 0.3149 -0.0327
vn 0.8222 -0.4812 -0.3040
vn 0.5370 0.7830 -0.3139
vn 0.8383 0.0066 -0.5451
vn -0.1508 -0.9480 0.2802
vn -0.1571 -0.9360 -0.3150
vn 0.1606 -0.9325 -0.3235
vn -0.9371 -0.3306 -0.1120
vn -0.9333 -0.3356 -0.1281
vn -0.6354 0.5111 0.5789
vn -0.3521 0.3284 0.8765
vn -0.2274 0.3020 0.9258
vn -0.0605 -0.9964 0.0590
vn 0.0170 -0.9969 0.0772
vn -0.5153 0.8554 -0.0522
vn -0.5234 0.8517 -0.0238
vn -0.0177 -0.9980 -0.0603
vn 0.1691 -0.9377 -0.3035
vn 0.6189 0.7850 0.0290
vn 0.4381 0.8988 -0.0157
vn 0.6214 0.7832 0.0218
vn -0.2615 0.9615 -0.0849
vn -0.4585 0.8847 -0.0841
vn 0.1344 -0.9907 -0.0198
vn 0.1139 -0.9926 -0.0423
vn -0.0790 -0.9961 -0.0404
vn 0.7497 0.6617 -0.0143
vn 0.7132 0.6907 0.1192
vn 0.8820 0.3455 0.3206
vn 0.1239 0.9486 0.2913
vn 0.3501 0.9048 0.2424
vn 0.2124 0.7657 0.6071
vn -0.4617 -0.7490 -0.4752
vn 0.2490 -0.8542 0.4564
vn 0.3264 -0.3953 0.8586
vn 0.0151 0.9999 -0.0047
vn -0.0728 0.9973 -0.0044
vn 0.0578 0.9983 -0.0074
vn -0.1346 0.9811 -0.1387
vn -0.1383 0.9675 -0.2119
vn -0.0107 -0.9518 0.3065
vn 0.1431 -0.8622 0.4860
vn 0.1712 -0.7485 0.6406
vn 0.7705 0.6355 -0.0504
vn 0.8746 0.4827 -0.0456
vn 0.8927 0.4466 -0.0609
vn 0.2016 -0.9730 -0.1123
vn 0.4278 -0.8954 -0.1232
vn 0.3102 -0.9479 -0.0719
vn -0.5838 0.5909 0.5568
vn -0.0181 0.1375 0.9903
vn -0.2841 0.5443 0.7893
vn 0.6970 -0.7065 -0.1230
vn 0.9029 -0.4217 -0.0838
vn 0.7391 -0.6710 -0.0584
vn -0.9119 0.4043 -0.0708
vn -0.9763 0.1527 -0.1535
vn -0.9297 -0.3462 -0.1256
vn 0.7918 0.6072 -0.0659
vn 0.0220 0.9478 0.3182
vn -0.0233 0.9795 0.2001
vn -0.8663 0.3582 -0.3483
vn -0.2874 0.6156 -0.7338
vn 0.3442 0.9260 -0.1552
vn -0.3520 0.8416 0.4097
vn 0.3345 0.3135 0.8887
vn 0.0917 0.9901 -0.1062
vn 0.2965 0.9492 -0.1053
vn 0.2017 0.9681 -0.1490
vn 0.9020 -0.3991 0.1646
vn 0.5293 0.8295 -0.1782
vn -0.0703 0.9856 -0.1536
vn -0.7110 0.4639 -0.5285
vn 0.9791 0.1415 0.1461
vn 0.9937 0.0277 0.1086
vn 0.9794 -0.1190 0.1634
vn 0.9328 -0.3339 0.1352
vn 0.9600 -0.2487 0.1283
vn -0.2063 -0.9672 0.1483
vn -0.1375 -0.9878 0.0728
vn -0.0215 -0.9979 0.0603
vn 0.9996 0.0128 -0.0237
vn 0.8781 0.4707 0.0852
vn 0.9993 0.0369 0.0004
vn -0.8516 0.4819 0.2061
vn -0.3649 -0.9310 0.0072
vn -0.3762 -0.9262 0.0258
vn -0.1131 -0.1708 0.9788
vn 0.8156 0.0569 0.5759
vn 0.5302 0.6813 0.5047
vn 0.0055 0.9957 -0.0923
vn 0.2969 -0.9403 -0.1662
vn 0.4905 -0.7348 -0.4685
vn -0.9081 -0.4101 -0.0847
vn 0.6903 -0.3486 -0.6340
vn 0.9963 -0.0590 -0.0626
vn 0.4671 -0.4695 -0.7493
vn 0.2101 -0.9776 -0.0093
vn 0.0902 -0.9959 -0.0065
vn -0.0865 -0.9962 -0.0048
vn -0.7509 -0.4295 0.5017
vn -0.3107 -0.9017 0.3008
vn -0.9875 -0.0497 -0.1494
vn -0.1486 -0.5368 -0.8305
vn -0.5746 -0.0041 0.8184
vn -0.7491 -0.2515 0.6129
vn 0.9528 0.1701 -0.2516
vn -0.3335 0.1812 0.9252
vn -0.3242 -0.5251 0.7869
vn -0.9448 0.2814 0.1677
vn -0.9647 0.2047 0.1655
vn -0.1191 -0.9922 0.0358
vn -0.2954 -0.9494 0.1064
vn 0.0023 -0.9983 0.0589
vn 0.3037 0.6815 0.6658
vn -0.6732 0.7394 -0.0034
vn -0.6034 0.7974 -0.0050
vn -0.7283 0.6853 -0.0045
vn 0.6077 0.7914 -0.0659
vn 0.5164 0.8552 -0.0438
vn 0.5736 0.8157 -0.0746
vn 0.8711 -0.1738 -0.4593
vn 0.9938 -0.0853 -0.0707
vn 0.4493 -0.3544 -0.8201
vn 0.2305 -0.8752 0.4253
vn 0.1896 -0.9477 0.2569
vn 0.2600 -0.7642 0.5903
vn 0.1245 -0.9922 -0.0061
vn 0.1125 -0.9929 -0.0378
vn 0.1181 -0.9924 0.0354
vn 0.0768 -0.5139 0.8544
vn -0.8757 -0.2083 0.4356
vn 0.3219 0.9465 -0.0227
vn 0.4590 0.8430 0.2806
vn 0.5402 0.8413 -0.0187
vn -0.6043 -0.7649 0.2228
vn -0.1267 -0.9873 -0.0960
vn 0.1480 0.9632 -0.2242
vn 0.1350 0.9812 -0.1378
vn 0.1265 0.9829 -0.1342
vn -0.1153 -0.9899 -0.0821
vn -0.0391 -0.9980 -0.0494
vn -0.1071 -0.9897 -0.0950
vn 0.9107 -0.4069 -0.0711
vn 0.9951 -0.0735 -0.0654
vn 0.6243 0.6262 0.4670
vn 0.9358 0.2888 0.2023
vn 0.5826 0.6785 -0.4474
vn 0.3640 -0.3761 -0.8521
vn 0.9547 -0.0357 -0.2955
vn 0.7965 -0.3302 -0.5065
vn 0.5972 0.7549 -0.2711
vn 0.9809 0.0627 -0.1842
vn -0.7140 -0.6482 -0.2647
vn -0.8255 -0.5088 -0.2441
vn -0.7932 -0.5446 -0.2727
vn -0.5119 -0.8009 -0.3108
vn 0.7451 0.5555 0.3691
vn 0.7607 0.5326 0.3712
vn -0.2067 -0.9571 0.2031
vn -0.1701 -0.9825 0.0759
vn -0.2008 -0.9632 0.1784
vn 0.2668 0.3039 0.9146
vn 0.3131 -0.2185 0.9242
vn 0.1767 0.6511 0.7381
vn 0.1852 -0.9782 -0.0939
vn 0.0833 -0.9774 -0.1942
vn -0.5968 0.7721 0.2184
vn 0.0989 0.9897 -0.1039
vn -0.9800 0.1619 -0.1161
vn -0.9120 -0.3826 -0.1479
vn -0.7987 -0.5821 -0.1525
vn -0.7460 -0.6611 -0.0796
vn 0.8848 0.4641 0.0429
vn 0.7939 0.1058 -0.5988
vn 0.8259 0.2432 -0.5087
vn -0.2054 0.6068 0.7679
vn -0.3290 -0.4649 0.8220
vn -0.3273 -0.0800 0.9415
vn -0.7013 0.7013 -0.1279
vn -0.3075 0.7392 0.5992
vn -0.7367 0.5224 0.4294
vn 0.7853 -0.5793 -0.2184
vn 0.9295 -0.3110 -0.1982
vn 0.9233 -0.3461 -0.1668
vn 0.8497 -0.3649 -0.3806
vn 0.3347 -0.4903 -0.8048
vn -0.2570 -0.8539 0.4526
vn -0.1959 -0.9388 0.2832
vn -0.2738 -0.8059 0.5249
vn -0.3925 0.9196 -0.0160
vn -0.1151 0.9866 -0.1158
vn -0.1214 0.9857 -0.1168
vn -0.1276 0.9773 -0.1692
vn -0.3656 0.9283 -0.0679
vn -0.4058 0.9093 -0.0922
vn 0.5574 -0.8298 -0.0274
vn 0.3005 -0.9499 0.0855
vn 0.5261 -0.8502 0.0202
vn 0.7031 -0.7108 -0.0211
vn 0.9913 0.1315 0.0027
vn 0.9988 0.0234 0.0419
vn 0.9969 -0.0762 0.0214
vn 0.6717 0.5506 0.4955
vn 0.6633 0.1447 0.7342
vn -0.4603 0.8743 0.1543
vn -0.2661 0.9629 -0.0450
vn -0.1781 0.9776 0.1118
vn 0.4078 -0.9116 0.0516
vn 0.6113 -0.7901 0.0468
vn 0.6027 -0.7958 0.0595
vn 0.3461 -0.8582 -0.3790
vn 0.4023 -0.8988 -0.1739
vn -0.1279 -0.9862 -0.1049
vn -0.1670 -0.7386 -0.6531
vn -0.9575 -0.1439 0.2498
vn -0.8906 -0.4111 0.1943
vn -0.8195 -0.5680 0.0769
vn -0.9937 0.0069 -0.1121
vn -0.9750 -0.1797 -0.1306
vn 0.9947 -0.0544 -0.0874
vn 0.9958 -0.0517 -0.0761
vn 0.9954 -0.0374 -0.0886
vn -0.5462 -0.2981 0.7828
vn -0.7359 0.0871 0.6715
vn -0.6301 0.0190 0.7763
vn 0.3563 0.9171 0.1788
vn 0.5494 0.8327 0.0693
vn -0.0653 0.9948 0.0776
vn -0.0977 -0.9932 0.0626
vn -0.0163 -0.9997 0.0179
vn 0.6106 0.7913 -0.0330
vn 0.5145 0.8569 -0.0315
vn -0.1203 0.8177 0.5630
vn -0.0104 0.9558 0.2940
vn -0.6965 -0.7074 -0.1205
vn 0.0520 -0.7572 -0.6511
vn 0.7958 0.6056 0.0044
vn 0.9216 0.3843 0.0553
vn 0.3875 0.9217 0.0192
vn -0.9960 0.0285 0.0841
vn -0.9964 0.0828 -0.0167
vn -0.9001 0.3154 0.3007
vn -0.1568 -0.9867 0.0433
vn -0.1854 -0.9809 0.0582
vn -0.1761 -0.9839 0.0306
vn -0.1063 -0.9903 -0.0891
vn -0.1070 -0.9822 -0.1545
vn -0.1085 -0.9917 -0.0684
vn 0.8588 -0.4886 -0.1540
vn -0.9994 0.0232 0.0241
vn -0.9975 -0.0205 0.0678
vn -0.3202 -0.9416 -0.1040
vn -0.1465 -0.9891 0.0171
vn -1.0000 0.0092 0.0002
vn -0.9963 0.0859 -0.0047
vn -0.9961 -0.0882 -0.0041
vn -0.0630 -0.0339 0.9974
vn 0.5207 0.8451 -0.1207
vn 0.7575 0.6521 -0.0319
vn 0.1245 0.9861 -0.1103
vn 0.1196 0.9836 -0.1351
vn 0.4990 0.3168 0.8066
vn 0.1694 0.0950 0.9810
vn -0.1451 -0.9882 0.0482
vn -0.0862 -0.9961 -0.0171
vn -0.7413 0.6710 0.0139
vn -0.7835 0.6214 0.0063
vn -0.8959 0.4432 0.0306
vn 0.4299 -0.9028 0.0074
vn 0.4006 0.5190 -0.7551
vn 0.8806 0.2525 -0.4010
vn 0.4594 0.1000 -0.8826
vn 0.1847 -0.9767 0.1093
vn 0.1561 -0.9872 0.0323
vn 0.1695 -0.9828 0.0734
vn -0.0905 -0.1972 0.9762
vn 0.1933 0.7987 0.5699
vn 0.0671 -0.9961 -0.0576
vn 0.0998 -0.9940 -0.0445
vn -0.6549 0.6383 0.4045
vn -0.5998 0.6026 0.5263
vn -0.3617 0.7274 0.5831
vn -0.9749 0.2212 -0.0268
vn -0.4935 0.8693 -0.0270
vn -0.9044 0.4158 -0.0957
vn -0.8789 0.4629 -0.1151
vn -0.9359 -0.2970 -0.1895
vn -0.8778 -0.4387 -0.1923
vn 0.0692 0.9969 0.0368
vn 0.0645 0.9958 0.0658
vn 0.0921 0.9957 -0.0082
vn -0.9945 0.0889 0.0557
vn -0.6444 0.3221 0.6936
vn -0.6394 0.7665 -0.0613
vn -0.6514 0.7581 -0.0319
vn -0.5636 -0.6729 -0.4791
vn -0.5051 -0.8631 -0.0028
vn -0.9970 -0.0261 -0.0729
vn -0.1057 0.9867 -0.1235
vn -0.0962 0.9927 -0.0723
vn -0.0978 0.9911 -0.0905
vn 0.2007 -0.9501 0.2388
vn 0.2379 -0.8911 0.3865
vn 0.2752 -0.8406 0.4665
vn -0.3324 0.4068 0.8509
vn -0.2344 0.8075 0.5413
vn -0.3439 0.0648 0.9368
vn -0.2651 -0.5105 0.8180
vn 0.0813 -0.9941 0.0713
vn 0.4990 -0.8643 -0.0640
vn 0.7745 -0.5167 0.3651
vn 0.0805 -0.9938 0.0764
vn 0.1805 -0.9829 0.0376
vn -0.3629 -0.5409 -0.7588
vn 0.6326 -0.6001 -0.4897
vn 0.9971 0.0413 -0.0639
vn 0.6877 0.7258 -0.0157
vn 0.0512 -0.9919 -0.1166
vn -0.1396 -0.9893 -0.0424
vn 0.8776 0.4793 -0.0031
vn 0.9221 0.3871 0.0004
vn 0.9240 0.3823 -0.0060
vn 0.0865 -0.6025 0.7934
vn -0.4270 -0.8938 0.1373
vn -0.0308 -0.9981 0.0543
vn 0.1174 0.9816 -0.1509
vn 0.1229 0.9875 -0.0989
vn 0.1326 0.9782 -0.1596
vn -0.0152 -0.9897 0.1422
vn -0.1090 -0.9723 0.2067
vn -0.0503 -0.9986 0.0140
vn -0.3410 -0.9397 -0.0272
vn 0.8826 0.4701 -0.0027
vn 0.7534 0.6575 0.0008
vn 0.0004 -0.4574 -0.8893
vn 0.8715 0.1147 -0.4768
vn 0.3877 -0.3577 -0.8496
vn -0.3595 -0.5382 -0.7623
vn -0.0942 0.9954 -0.0189
vn 0.0553 0.9982 -0.0233
vn -0.0471 0.9982 -0.0365
vn 0.9137 0.3973 -0.0855
vn -0.1258 0.7478 -0.6519
vn -0.1466 0.9257 -0.3487
vn -0.1446 0.8273 -0.5429
vn 0.1523 -0.5778 -0.8018
vn 0.4768 0.0294 0.8785
vn 0.9784 0.0965 0.1830
vn -0.1222 -0.9905 -0.0638
vn -0.9699 0.1941 -0.1469
vn -0.9106 -0.0375 -0.4117
vn -0.8660 -0.4415 -0.2346
vn 0.2138 -0.0782 -0.9737
vn 0.0471 0.5423 -0.8388
vn 0.2419 -0.3891 -0.8889
vn 0.1077 -0.9915 -0.0725
vn 0.1166 -0.9917 -0.0541
vn 0.0015 -0.7359 -0.6771
vn 0.1121 0.3363 -0.9351
vn -0.1118 -0.9835 -0.1422
vn 0.2862 0.7818 0.5540
vn 0.2429 0.2624 0.9339
vn 0.3234 0.2109 0.9225
vn -0.3030 0.8050 0.5101
vn -0.1520 0.8428 0.5163
vn -0.1958 0.7720 0.6047
vn 0.0988 -0.9921 -0.0768
vn -0.9832 -0.0740 -0.1671
vn -0.9971 -0.0223 -0.0726
vn 0.2053 0.9748 -0.0877
vn -0.0045 0.9990 -0.0451
vn -0.8876 0.4444 0.1213
vn -0.9384 0.2143 0.2711
vn -0.9549 0.2626 0.1387
vn 0.5868 -0.5257 0.6159
vn 0.7542 -0.6436 0.1305
vn 0.3304 -0.9416 0.0646
vn -0.9803 0.1976 0.0019
vn -0.9803 0.1975 0.0040
vn -0.9966 0.0819 0.0116
vn -0.9219 0.3874 0.0013
vn -0.9523 0.3052 -0.0047
vn -0.9650 0.2622 0.0027
vn -0.9965 0.0581 0.0601
vn -0.9990 -0.0328 -0.0298
vn -0.9998 0.0049 -0.0198
vn -0.2245 -0.9677 0.1149
vn -0.2080 -0.9781 -0.0033
vn 0.6890 0.5553 0.4657
vn 0.9276 0.1348 0.3484
vn 0.9762 0.2068 0.0647
vn 0.9666 0.2124 0.1437
vn 0.9861 -0.1246 0.1097
vn 0.5159 0.6142 -0.5971
vn 0.9275 0.1949 -0.3190
vn 0.8205 -0.5660 0.0802
vn 0.5600 -0.8269 -0.0516
vn 0.8080 -0.5434 0.2275
vn 0.2302 -0.9569 0.1772
vn -0.0892 -0.2910 0.9526
vn 0.7585 -0.4515 0.4699
vn -0.9033 -0.3481 -0.2506
vn -0.8795 -0.4223 -0.2196
vn -0.5266 -0.8284 0.1910
vn -0.4467 -0.8928 0.0580
vn -0.3129 -0.9341 0.1716
vn 0.2508 -0.9662 0.0602
vn 0.2700 -0.9611 0.0579
vn 0.1303 0.1508 -0.9799
vn -0.6313 0.7652 -0.1262
vn -0.7454 0.6188 -0.2479
vn -0.0803 0.9966 -0.0171
vn 0.1432 0.9896 -0.0132
vn 0.0516 0.9981 -0.0347
vn -0.2369 -0.9215 0.3079
vn -0.3461 -0.1371 0.9281
vn -0.4060 -0.3793 0.8315
vn -0.2536 -0.8853 0.3898
vn 0.3340 -0.0222 0.9423
vn -0.6297 0.4824 -0.6089
vn -0.1881 0.9261 -0.3269
vn -0.1208 -0.9923 -0.0258
vn -0.0998 -0.9935 -0.0540
vn -0.1187 -0.9928 0.0181
vn -0.9479 -0.0304 -0.3171
vn -0.1724 0.9385 -0.2992
vn 0.6637 -0.1370 -0.7354
vn 0.9559 0.2227 -0.1914
vn -0.1094 0.7893 0.6041
vn -0.3610 0.7034 0.6123
vn -0.2428 0.1918 0.9509
vn -0.0522 0.1895 0.9805
vn -0.0895 0.9952 -0.0384
vn -0.0610 0.9960 0.0653
vn -0.0846 0.9963 -0.0160
vn 0.0142 -0.9902 -0.1392
vn -0.0044 -0.9852 -0.1714
vn -0.0015 -0.9905 -0.1373
vn -0.1710 0.7488 0.6404
vn -0.0441 0.9283 0.3691
vn 0.2785 -0.1724 0.9448
vn 0.2370 0.0478 0.9703
vn 0.9691 0.2300 -0.0890
vn 0.9426 0.3269 -0.0677
vn 0.1491 -0.8975 0.4149
vn -0.0667 0.8371 0.5430
vn -0.2720 0.2569 0.9274
vn -0.0051 0.9254 0.3790
vn -0.3568 0.6878 0.6322
vn 0.2625 0.8897 0.3736
vn -0.3397 -0.1678 0.9255
vn 0.0436 0.1716 0.9842
vn 0.8824 0.4706 0.0008
vn 0.9621 0.2718 0.0220
vn -0.6916 0.7022 0.1689
vn -0.4146 0.9043 0.1016
vn 0.9535 0.1946 -0.2301
vn 0.9200 0.3877 0.0575
vn 0.8287 0.5565 0.0600
vn 0.2042 -0.9780 -0.0423
vn 0.2396 -0.9682 -0.0716
vn 0.1821 -0.9825 -0.0400
vn 0.9991 0.0173 0.0398
vn -0.0799 0.9378 0.3378
vn 0.0066 0.9207 0.3902
vn 0.1593 0.9135 0.3742
vn -0.9851 0.1346 -0.1069
vn -0.9873 -0.0789 -0.1376
vn -0.9583 0.2701 -0.0932
vn -0.4023 0.9155 -0.0091
vn -0.8364 0.4745 0.2745
vn -0.7986 0.5394 0.2671
vn -0.9340 0.2730 0.2303
vn -0.1737 0.9307 0.3219
vn 0.1574 -0.9805 0.1174
vn 0.1485 0.9881 -0.0391
vn 0.3183 0.9318 -0.1745
vn 0.9946 0.0329 -0.0989
vn 0.4934 0.8684 0.0500
vn 0.4718 0.8291 -0.3001
vn -0.0073 0.9479 -0.3184
vn -0.6184 -0.7820 -0.0780
vn -0.5298 -0.8249 -0.1973
vn 0.1467 0.9640 -0.2218
vn 0.1355 0.9725 -0.1894
vn 0.1436 0.9554 -0.2581
vn -0.7231 -0.4467 -0.5268
vn -0.4022 -0.6701 -0.6238
vn 0.4390 -0.8036 -0.4019
vn -0.5590 0.8283 -0.0387
vn 0.9372 0.3484 0.0148
vn 0.5001 0.8659 -0.0118
vn 0.0083 -0.9999 0.0134
vn 0.2322 -0.9726 0.0073
vn 0.1627 -0.9862 0.0312
vn -0.6852 -0.3865 -0.6173
vn -0.4761 -0.4476 -0.7569
vn -0.9892 -0.0783 -0.1238
vn -0.1376 0.6600 0.7386
vn -0.2969 -0.3640 0.8828
vn 0.9948 -0.0742 -0.0702
vn 0.9940 -0.0579 -0.0928
vn -0.9091 -0.1261 0.3970
vn -0.7144 -0.6799 0.1653
vn -0.9931 -0.1061 0.0493
vn -0.6797 -0.7138 0.1689
vn -0.9869 0.1011 -0.1255
vn -0.9177 0.3934 0.0560
vn 0.0360 -0.9912 -0.1275
vn 0.3023 -0.9394 -0.1619
vn 0.1941 -0.9810 -0.0040
vn 0.3948 -0.6535 0.6459
vn -0.2951 -0.1666 0.9408
vn -0.6749 0.0306 -0.7373
vn 0.2595 -0.4945 -0.8296
vn 0.1019 -0.9833 -0.1509
vn 0.0884 -0.9893 -0.1162
vn -0.3315 -0.8912 -0.3097
vn -0.6396 -0.4483 0.6244
vn -0.4743 -0.5639 0.6761
vn -0.3925 -0.8481 0.3559
vn 0.0185 0.9994 0.0286
vn -0.3332 0.9429 0.0028
vn -0.0905 0.9875 -0.1291
vn -0.0864 0.5681 -0.8184
vn 0.0726 0.9973 -0.0056
vn 0.1031 0.9947 -0.0049
vn -0.4978 0.8665 -0.0360
vn -0.3896 0.9206 -0.0257
vn -0.0305 0.9873 -0.1557
vn 0.9992 -0.0064 -0.0388
vn 0.9346 0.3553 -0.0172
vn 0.9373 0.3421 -0.0670
vn -0.7119 0.7023 0.0004
vn 0.0425 -0.9976 0.0546
vn -0.0356 -0.9994 0.0030
vn -0.4792 -0.8759 -0.0565
vn 0.3621 0.1342 0.9224
vn -0.3499 -0.1930 0.9167
vn -0.7310 0.2142 0.6478
vn -0.1180 0.9751 -0.1877
vn -0.1134 0.9757 -0.1874
vn -0.1010 0.9856 -0.1357
vn -0.0980 -0.9925 -0.0725
vn -0.0746 -0.9922 -0.1001
vn -0.9992 -0.0194 -0.0359
vn -0.9958 0.0921 0.0014
vn 0.1982 0.8737 0.4443
vn -0.8328 0.5524 -0.0367
vn -0.9495 0.3043 -0.0763
vn -0.5690 0.8159 -0.1027
vn 0.1348 -0.9804 -0.1437
vn -0.0174 -0.9846 -0.1738
vn -0.0971 0.9948 0.0293
vn -0.1750 0.9575 0.2293
vn -0.1414 0.9739 0.1774
vn 0.9963 -0.0408 0.0760
vn 0.9948 -0.0847 0.0570
vn 0.9762 0.2148 0.0293
vn 0.9948 0.0340 0.0958
vn -0.6417 -0.5116 0.5713
vn -0.9523 0.3030 -0.0367
vn -0.3138 -0.6360 0.7050
vn 0.9833 0.1288 -0.1285
vn 0.9956 0.0250 -0.0899
vn 0.7826 0.5924 -0.1911
vn 0.1118 -0.9936 -0.0148
vn -0.1442 0.9894 0.0153
vn 0.1250 0.9619 0.2430
vn 0.0072 0.9998 -0.0204
vn -0.0955 0.9953 -0.0184
vn -0.6734 0.7250 -0.1443
vn 0.0846 0.9952 0.0482
vn 0.0551 0.9983 0.0173
vn 0.0205 0.9969 -0.0753
vn 0.8753 -0.4588 0.1528
vn 0.9334 -0.3087 0.1829
vn 0.7420 -0.6618 0.1071
vn 0.3038 0.1549 0.9401
vn 0.3288 0.1610 0.9306
vn -0.1190 0.9873 -0.1057
vn -0.1280 0.9744 -0.1848
vn -0.8785 0.4776 0.0110
vn -0.8823 0.4706 -0.0046
vn 0.2467 -0.9691 -0.0022
vn 0.1341 -0.9909 0.0086
vn -0.0969 0.9773 -0.1883
vn -0.6672 0.7245 -0.1729
vn -0.8632 0.4868 -0.1342
vn -0.9859 0.1667 0.0110
vn 0.9980 -0.0616 0.0161
vn 0.9893 -0.1422 0.0319
vn 0.9787 -0.2053 -0.0017
vn 0.1511 0.9882 -0.0259
vn 0.1686 0.9678 0.1868
vn 0.0999 0.9929 0.0648
vn 0.3067 0.9513 -0.0302
vn -0.3203 0.8943 0.3125
vn -0.4801 0.8163 0.3212
vn -0.2746 0.9057 0.3231
vn -0.8831 -0.4667 -0.0474
vn -0.4329 -0.9011 -0.0233
vn -0.4924 0.8470 -0.2002
vn -0.8082 0.5770 -0.1175
vn -0.9183 0.3934 0.0442
vn -0.8480 0.3124 -0.4281
vn 0.9809 0.1742 -0.0866
vn 0.1685 -0.9852 -0.0318
vn -0.2180 -0.9671 0.1307
vn -0.0586 -0.9980 0.0253
vn -0.1422 -0.9889 0.0428
vn -0.4994 -0.8283 0.2541
vn -0.7568 -0.5191 0.3973
vn -0.3735 -0.9276 0.0027
vn -0.2415 -0.9687 0.0580
vn 0.5811 0.8112 -0.0650
vn 0.3894 0.9195 -0.0529
vn -0.1945 0.3679 -0.9093
vn -0.1520 0.9171 -0.3685
vn -0.1101 -0.3766 -0.9198
vn 0.2212 0.8414 0.4930
vn 0.6994 0.3300 0.6340
vn -0.4677 0.8544 -0.2263
vn 0.0949 -0.9953 0.0187
vn 0.1735 -0.9848 0.0081
vn 0.2676 -0.9627 0.0402
vn 0.9560 0.1487 0.2528
vn -0.9772 -0.1512 -0.1492
vn -0.9224 -0.3450 -0.1735
vn -0.2916 -0.8614 0.4159
vn -0.2363 -0.9293 0.2840
vn 0.9520 0.3061 0.0015
vn 0.9957 0.0923 -0.0025
vn 0.9629 0.2662 0.0435
vn -0.7991 0.6011 0.0136
vn -0.7514 0.6568 0.0631
vn 0.9473 0.3201 0.0166
vn 0.9449 0.3273 0.0032
vn 0.9728 0.2314 0.0130
vn 0.9707 0.2403 0.0043
vn 0.1442 -0.8370 -0.5279
vn 0.1844 0.5171 -0.8358
vn 0.1729 -0.6877 -0.7051
vn 0.9725 -0.0761 -0.2202
vn 0.4001 -0.5848 0.7056
vn -0.5855 0.8107 -0.0022
vn -0.5230 0.8523 0.0078
vn -0.0949 0.9919 -0.0848
vn 0.9673 0.2536 0.0084
vn -0.6502 0.7493 0.1258
vn -0.5309 0.8415 0.0997
vn 0.4987 0.8660 -0.0363
vn -0.0044 -0.9961 0.0883
vn 0.2246 0.4829 -0.8464
vn 0.1947 0.7863 -0.5864
vn 0.1867 0.9824 -0.0006
vn 0.1676 0.9859 -0.0005
vn 0.2772 0.9608 -0.0011
vn 0.6308 0.2342 -0.7397
vn 0.2653 -0.1696 -0.9491
vn -0.2230 -0.9741 0.0370
vn -0.1620 -0.9856 0.0488
vn -0.0881 0.8683 0.4882
vn 0.0335 0.9850 0.1695
vn -0.8759 0.4016 0.2675
vn -0.9815 0.1657 0.0960
vn -0.9696 0.2118 0.1222
vn -0.5304 0.8477 -0.0070
vn -0.3843 0.9232 -0.0040
vn -0.3688 0.4311 -0.8235
vn -0.2495 0.8340 -0.4920
vn -0.6398 0.1441 -0.7549
vn 0.0478 -0.9980 -0.0417
vn 0.0934 -0.9950 -0.0348
vn 0.7214 -0.6773 -0.1441
vn 0.8425 -0.4767 -0.2508
vn -0.0104 -0.4690 -0.8831
vn -0.1365 -0.9710 -0.1962
vn -0.9708 0.0121 -0.2395
vn -0.9579 -0.1313 -0.2552
vn -0.9309 -0.2652 -0.2512
vn -0.1987 -0.9398 0.2782
vn -0.1533 -0.9813 0.1167
vn -0.6191 0.7668 -0.1697
vn -0.9806 0.1361 -0.1412
vn -0.1030 0.9947 -0.0027
vn -0.1038 0.9946 -0.0056
vn -0.0340 0.9994 -0.0034
vn -0.1047 0.9834 -0.1484
vn 0.1287 0.6340 -0.7625
vn 0.1677 -0.0289 -0.9854
vn -0.5147 -0.4090 -0.7535
vn 0.4625 0.7222 0.5143
vn 0.7443 0.5301 0.4062
vn 0.5563 0.8255 -0.0954
vn -0.6968 -0.7170 -0.0214
vn -0.6835 -0.7296 -0.0209
vn -0.5983 -0.8011 -0.0173
vn -0.0004 -0.9997 -0.0257
vn -0.0975 -0.9932 -0.0635
vn 0.0756 -0.9971 0.0054
vn 0.0459 -0.9988 0.0152
vn -0.5606 -0.8279 -0.0197
vn 0.1821 0.8871 0.4242
vn 0.1991 0.8514 0.4853
vn -0.1028 -0.9927 -0.0629
vn -0.1180 -0.9907 -0.0677
vn -0.1196 -0.9903 -0.0703
vn 0.3818 -0.9170 0.1159
vn 0.5577 -0.8186 0.1373
vn 0.2039 -0.9515 0.2304
vn 0.1570 -0.9819 0.1056
vn -0.5057 -0.6200 -0.5999
vn -0.8699 -0.3246 -0.3713
vn -0.4596 -0.8165 -0.3495
vn 0.0520 0.9896 0.1344
vn 0.0733 0.9965 0.0413
vn -0.6913 -0.7184 0.0769
vn -0.9555 -0.2699 0.1188
vn 0.9999 0.0166 -0.0036
vn 0.9973 0.0640 0.0349
vn 0.9984 -0.0336 -0.0455
vn 0.0255 0.9721 -0.2331
vn 0.0368 0.9707 -0.2376
vn -0.4160 -0.4054 0.8140
vn -0.0320 0.9723 -0.2317
vn -0.0189 0.9763 -0.2156
vn 0.1716 0.4126 0.8946
vn 0.5547 0.5728 0.6035
vn 0.1662 -0.9812 -0.0981
vn -0.0519 -0.9927 -0.1092
vn 0.0738 -0.9932 -0.0899
vn -0.7163 -0.0477 0.6961
vn 0.1032 -0.4700 -0.8766
vn -0.6379 -0.7691 -0.0394
vn -0.5491 -0.8357 -0.0034
vn 0.1639 -0.8347 -0.5257
vn 0.1684 -0.9796 -0.1095
vn 0.0604 0.0330 0.9976
vn 0.8593 0.2903 0.4212
vn 0.4740 -0.4308 0.7680
vn 0.1923 0.9555 -0.2238
vn -0.0650 0.9779 -0.1989
vn -0.0028 0.9718 -0.2356
vn -0.9007 0.2213 0.3738
vn -0.9478 -0.1820 0.2617
vn 0.6282 -0.6074 -0.4862
vn -0.2943 -0.9483 -0.1189
vn -0.6170 0.7321 0.2885
vn -0.2681 -0.9611 0.0668
vn -0.0683 -0.9951 0.0715
vn -0.6845 -0.6886 -0.2393
vn -0.9014 0.3339 -0.2756
vn 0.4242 -0.0014 -0.9056
vn 0.3432 0.8053 -0.4835
vn 0.9751 0.0405 0.2181
vn 0.9650 -0.1831 0.1877
vn -0.6438 0.7534 0.1337
vn -0.4090 0.9123 0.0194
vn -0.5793 0.8150 -0.0130
vn -0.3989 -0.9006 0.1725
vn -0.2421 -0.9141 0.3253
vn -0.1937 0.9626 -0.1894
vn -0.8653 0.4816 -0.1387
vn -0.7773 -0.6291 -0.0099
vn -0.9875 -0.1037 -0.1183
vn -0.9929 -0.0403 -0.1122
vn 0.8722 -0.4859 0.0557
vn 0.5625 -0.7753 0.2874
vn 0.9928 -0.0952 0.0728
vn 0.8863 -0.0051 -0.4630
vn -0.9798 -0.1020 0.1721
vn -0.8827 -0.4402 0.1649
vn -0.8022 0.5970 -0.0033
vn -0.7811 0.6244 0.0022
vn -0.8568 0.5156 0.0047
vn 0.4234 -0.9045 -0.0513
vn 0.9613 -0.2691 -0.0592
vn 0.5323 -0.7938 0.2943
vn 0.5434 -0.8385 -0.0415
vn -0.0007 -0.9933 -0.1154
vn 0.0771 0.9647 -0.2517
vn 0.0915 0.9722 -0.2154
vn 0.0589 0.9460 -0.3188
vn 0.2506 0.9645 -0.0832
vn 0.3474 0.9365 -0.0476
vn 0.4967 0.8654 -0.0665
vn 0.9831 0.1828 0.0066
vn 0.9887 0.1498 0.0049
vn 0.9976 0.0671 0.0172
vn 0.8852 0.4649 0.0169
vn 0.8395 0.5434 -0.0051
vn 0.9103 0.3566 -0.2104
vn 0.0789 -0.9948 0.0644
vn 0.0393 -0.9926 0.1148
vn 0.0448 -0.9952 0.0876
vn -0.4409 0.7964 0.4139
vn -0.2606 0.8898 0.3748
vn -0.4527 0.8135 0.3650
vn -0.1675 0.0082 0.9858
vn -0.5484 0.3723 0.7488
vn -0.1876 -0.0814 0.9789
vn -0.9992 -0.0228 0.0322
vn -0.8972 -0.4355 -0.0735
vn -0.0251 -0.9972 0.0705
vn 0.5305 0.8476 -0.0103
vn 0.6051 0.7961 -0.0094
vn 0.6554 0.7552 -0.0055
vn -0.1360 -0.9907 -0.0088
vn -0.1205 -0.9927 0.0104
vn 0.7214 -0.6888 0.0718
vn 0.6323 -0.7722 0.0622
vn 0.6123 -0.7899 0.0336
vn 0.6440 0.7650 -0.0031
vn 0.7471 0.6647 -0.0005
vn 0.7146 0.6995 -0.0040
vn 0.8579 0.4140 -0.3042
vn -0.4398 -0.8793 0.1827
vn -0.3205 -0.9175 0.2357
vn -0.3109 -0.7574 0.5742
vn 0.9975 -0.0367 0.0604
vn 0.8261 -0.5500 0.1228
vn -0.0007 -0.9997 0.0242
vn 0.9789 0.1930 -0.0668
vn 0.9767 0.1659 -0.1364
vn 0.9988 0.0480 0.0041
vn 0.9963 -0.0855 -0.0014
vn -0.0512 -0.9910 -0.1239
vn 0.9413 -0.2255 -0.2511
vn 0.9751 -0.1962 0.1031
vn 0.9946 -0.0088 0.1030
vn -0.4384 0.7981 0.4134
vn 0.6189 0.4264 0.6596
vn -0.0998 0.7519 0.6516
vn -0.1744 -0.9761 -0.1293
vn -0.4028 0.7327 0.5485
vn -0.8641 0.3971 0.3092
vn -0.5314 0.7712 0.3506
vn -0.3817 0.8676 0.3187
vn -0.2243 0.9015 0.3702
vn -0.9980 -0.0528 0.0333
vn 0.5957 -0.8028 0.0264
vn 0.7255 -0.6882 -0.0006
vn 0.7734 -0.6332 0.0297
vn 0.2994 0.8915 0.3399
vn 0.4749 0.7987 0.3696
vn -0.3899 -0.9121 0.1268
vn 0.9009 0.0115 0.4339
vn 0.8011 0.4490 0.3959
vn 0.5872 0.2159 0.7801
vn 0.9993 -0.0366 0.0079
vn 0.9842 -0.1659 -0.0620
vn -0.0664 0.9962 0.0558
vn -0.0378 0.9893 0.1407
vn -0.0402 0.9870 0.1555
vn 0.1715 -0.9322 0.3187
vn -0.1048 -0.9806 0.1657
vn -0.3393 -0.9169 0.2101
vn -0.0789 -0.0737 -0.9942
vn -0.3949 -0.4069 -0.8237
vn -0.3262 -0.4646 -0.8232
vn -0.8485 0.5057 0.1560
vn -0.3090 0.9344 0.1770
vn -0.2881 0.3698 0.8833
vn -0.6238 0.7406 -0.2497
vn 0.0424 0.9957 -0.0820
vn -0.8372 0.5060 -0.2076
vn -0.2505 -0.9528 -0.1717
vn -0.9169 -0.2796 -0.2847
vn -0.9964 -0.0267 0.0800
vn -0.2003 0.8780 0.4348
vn -0.1679 0.9432 0.2868
vn -0.1366 0.9620 0.2365
vn 0.7012 0.3528 -0.6195
vn 0.4506 0.8705 0.1979
vn 0.9400 -0.1712 -0.2951
vn 0.1178 0.9774 -0.1756
vn 0.1179 0.9733 -0.1967
vn 0.1308 0.9618 -0.2404
vn 0.0463 0.9967 0.0663
vn -0.1383 0.9903 -0.0141
vn 0.9963 -0.0550 -0.0665
vn 0.9946 0.0503 -0.0912
vn 0.1296 0.9542 -0.2695
vn 0.1381 0.7401 -0.6582
vn -0.3695 -0.5671 0.7361
vn 0.1476 0.0556 0.9875
vn 0.0510 -0.0299 0.9982
vn 0.6689 0.3360 -0.6631
vn 0.5085 0.0344 -0.8604
vn 0.2215 0.6484 -0.7283
vn -0.0195 -0.9986 -0.0482
vn -0.0851 -0.9947 -0.0573
vn -0.0012 -0.9976 -0.0689
vn -0.9963 -0.0535 0.0670
vn -0.9808 -0.1876 -0.0538
vn 0.0011 0.9673 0.2538
vn -0.1238 -0.9922 0.0119
vn -0.9384 0.3108 0.1508
vn -0.9356 0.3317 0.1205
vn -0.9644 0.2318 0.1272
vn -0.1124 0.8060 -0.5811
vn -0.0764 0.9175 -0.3903
vn -0.2118 -0.3534 -0.9112
vn -0.5621 -0.4461 0.6965
vn -0.8294 -0.5048 0.2391
vn -0.9781 0.1482 0.1459
vn 0.0721 0.9974 -0.0001
vn 0.1734 0.9849 -0.0025
vn 0.2217 0.9751 -0.0016
vn 0.1498 0.8186 0.5544
vn 0.1292 0.9396 0.3170
vn -0.1051 0.9914 -0.0782
vn -0.0865 0.9956 -0.0363
vn -0.0880 0.9961 -0.0053
vn 0.6030 0.7958 -0.0546
vn 0.3462 -0.2146 0.9133
vn 0.7190 0.6742 0.1689
vn -0.0316 0.9948 0.0972
vn 0.5917 -0.8062 0.0068
vn 0.5885 -0.8085 -0.0063
vn 0.6854 -0.7282 -0.0001
vn -0.1608 0.9869 0.0091
vn 0.7513 0.6424 -0.1514
vn 0.8845 0.4240 -0.1945
vn 0.9172 0.3446 -0.2000
vn -0.3571 -0.6992 0.6193
vn -0.4098 -0.0255 0.9118
vn -0.1188 0.9693 -0.2151
vn -0.1116 0.9780 -0.1762
vn -0.9031 0.3514 0.2468
vn -0.3181 0.9480 -0.0098
vn 0.8698 0.4859 -0.0860
vn -0.1128 0.9929 0.0384
vn 0.6525 0.7544 0.0711
vn 0.7712 0.5828 0.2561
vn 0.9552 0.2304 -0.1860
vn 0.9871 -0.1597 0.0110
vn 0.9923 -0.1237 -0.0051
vn 0.9633 -0.2683 -0.0020
vn -0.7052 0.7023 0.0971
vn -0.6681 0.7426 0.0466
vn 0.9435 -0.3166 -0.0977
vn 0.1308 -0.9905 0.0413
vn 0.2315 -0.8991 0.3715
vn 0.1529 -0.9792 0.1331
vn 0.9065 0.4179 -0.0603
vn 0.8771 0.4624 0.1295
vn -0.1963 0.3307 -0.9231
vn -0.0533 0.3633 -0.9302
vn -0.1910 0.0763 -0.9786
vn 0.0902 0.9769 -0.1937
vn 0.0582 0.9790 -0.1952
vn 0.0596 -0.9936 0.0962
vn 0.0118 -0.9949 0.1003
vn 0.2333 -0.9695 0.0749
vn -0.9436 -0.2315 -0.2367
vn -0.9426 0.0161 -0.3336
vn -0.9681 0.0443 -0.2465
vn 0.9974 -0.0414 -0.0589
vn 0.9996 -0.0119 -0.0244
vn 0.9974 -0.0505 -0.0507
vn 0.0918 0.9958 0.0043
vn -0.6230 0.7822 0.0070
vn -0.5908 0.8068 -0.0072
vn 0.1949 -0.9472 -0.2545
vn 0.6350 -0.6618 -0.3985
vn 0.3310 -0.8828 -0.3333
vn -0.8566 -0.4292 -0.2865
vn -0.8141 -0.5027 -0.2909
vn 0.6888 -0.7249 -0.0120
vn 0.6139 -0.7894 -0.0052
vn -0.5562 -0.7783 -0.2913
vn -0.9920 0.0672 -0.1070
vn -0.9280 0.3632 -0.0832
vn -0.8950 0.4372 -0.0882
vn -0.0909 -0.9938 -0.0643
vn -0.1008 -0.9927 -0.0661
vn 0.0938 -0.4361 -0.8950
vn 0.1139 0.8667 0.4857
vn -0.1174 0.7432 0.6586
vn 0.8173 0.5148 0.2587
vn 0.6198 0.7678 -0.1624
vn 0.1230 -0.9903 -0.0651
vn -0.9867 -0.1301 -0.0971
vn -0.7152 -0.2608 -0.6484
vn -0.6579 -0.3802 -0.6501
vn -0.9873 -0.1202 -0.1035
vn -0.5822 0.2186 -0.7831
vn -0.0008 0.7207 -0.6932
vn -0.6789 0.5090 -0.5292
vn -0.7425 0.6683 -0.0446
vn 0.9423 -0.3335 0.0296
vn 0.9854 -0.1559 0.0686
vn 0.9927 -0.0489 -0.1101
vn 0.8256 0.4771 0.3013
vn 0.6801 0.6488 0.3413
vn 0.8738 0.3822 0.3007
vn -0.3477 0.9367 -0.0415
vn -0.3181 0.9477 -0.0270
vn -0.4702 0.8820 -0.0295
vn 0.1639 0.9254 -0.3418
vn 0.1599 0.9271 -0.3389
vn 0.1721 -0.2027 -0.9640
vn 0.2375 -0.9211 -0.3085
vn -0.1155 0.9568 -0.2669
vn 0.9380 0.2796 0.2048
vn 0.0986 -0.9908 -0.0926
vn 0.0880 -0.9915 -0.0960
vn 0.8836 0.4679 0.0164
vn 0.9003 0.4352 -0.0019
vn -0.0493 -0.9963 0.0711
vn 0.5852 -0.7853 -0.2022
vn 0.5778 -0.7670 -0.2789
vn -0.5567 0.6237 0.5487
vn -0.4058 0.3620 0.8392
vn 0.4502 0.8318 0.3246
vn 0.6812 0.6672 0.3014
vn 0.8153 0.0336 0.5780
vn 0.0965 0.3087 0.9462
vn 0.9734 0.1976 0.1156
vn -0.9813 -0.1612 -0.1051
vn 0.9484 -0.2933 -0.1208
vn -0.0393 0.6306 -0.7751
vn 0.0304 0.6631 -0.7479
vn 0.2096 -0.9414 0.2644
vn 0.3280 -0.5619 0.7594
vn 0.3890 0.2292 0.8923
vn -0.0319 0.9743 -0.2232
vn -0.2246 0.9647 -0.1375
vn -0.0681 0.9888 -0.1330
vn -0.9617 0.2725 0.0279
vn -0.9805 0.1946 0.0254
vn -0.7927 -0.5245 -0.3105
vn 0.1912 -0.5528 -0.8111
vn 0.2883 0.3054 0.9075
vn 0.3202 -0.6965 0.6421
vn 0.3416 -0.3521 0.8714
vn 0.2607 -0.1417 -0.9550
vn 0.2403 -0.4490 -0.8606
vn 0.6640 -0.1042 -0.7404
vn 0.7979 0.6027 -0.0082
vn -0.7282 0.1830 -0.6605
vn -0.4231 0.6560 -0.6250
vn 0.2159 0.4597 -0.8614
vn 0.9552 0.2152 0.2034
vn 0.9278 -0.3640 0.0813
vn 0.4674 -0.6534 0.5955
vn -0.4061 0.8573 -0.3164
vn -0.6686 0.6783 0.3048
vn -0.9980 0.0211 -0.0598
vn 0.1008 0.9886 -0.1120
vn 0.0921 0.9931 -0.0728
vn 0.0981 0.9873 -0.1254
vn -0.9920 -0.0757 -0.1015
vn -0.9885 -0.0830 -0.1260
vn -0.2306 0.9716 -0.0530
vn -0.2981 0.9541 -0.0286
vn 0.0528 -0.6146 0.7871
vn -0.8169 -0.5669 0.1061
vn -0.8821 -0.1212 0.4552
vn -0.9847 -0.0004 -0.1740
vn -0.9753 -0.1434 -0.1683
vn -0.9579 0.2007 -0.2051
vn -0.8481 0.0181 0.5295
vn -0.9479 -0.1158 -0.2967
vn -0.2970 0.5362 0.7901
vn -0.9654 -0.2018 -0.1654
vn -0.2677 0.0741 -0.9607
vn 0.1920 0.6959 0.6920
vn 0.2285 0.9732 0.0280
vn 0.9459 0.2939 -0.1376
vn 0.7840 0.6208 -0.0032
vn 0.8782 0.4782 -0.0079
vn 0.6750 -0.6766 0.2943
vn -0.8305 0.4700 0.2989
vn -0.7239 0.5670 0.3930
vn 0.0661 0.9503 0.3041
vn 0.7734 -0.6277 0.0883
vn 0.5870 -0.8044 -0.0921
vn -0.0702 0.9953 0.0666
vn 0.0026 0.9666 0.2561
vn -0.0403 0.9864 0.1594
vn 0.1081 0.9924 -0.0585
vn 0.1122 0.9894 -0.0917
vn -0.9950 -0.0938 0.0355
vn 0.1597 -0.9868 0.0265
vn -0.0010 0.8450 0.5347
vn 0.2525 0.8255 0.5048
vn -0.9307 -0.2733 -0.2431
vn -0.5057 -0.8258 -0.2495
vn 0.6214 -0.7265 -0.2933
vn 0.6205 -0.7386 -0.2634
vn 0.4109 -0.8565 -0.3125
vn 0.9591 -0.0201 -0.2823
vn 0.9527 0.1895 -0.2374
vn 0.9619 -0.0484 -0.2692
vn 0.9290 0.3175 -0.1902
vn 0.4569 0.7340 0.5025
vn 0.3972 0.5556 0.7304
vn -0.4334 0.4779 0.7641
vn -0.7645 0.1440 0.6283
vn -0.6559 0.6078 0.4476
vn -0.3402 -0.8890 0.3067
vn 0.1548 -0.9822 0.1065
vn 0.2654 -0.8510 0.4532
vn 0.3074 -0.7473 0.5891
vn -0.1997 -0.9725 -0.1196
vn 0.0362 -0.4614 -0.8864
vn -0.7278 -0.6225 -0.2878
vn -0.3022 -0.5329 -0.7903
vn -0.9795 -0.1718 -0.1050
vn -0.9281 -0.2227 -0.2984
vn -0.9757 -0.0097 0.2191
vn 0.3750 -0.1284 -0.9181
vn 0.4141 0.9056 -0.0913
vn -0.0369 -0.4308 -0.9017
vn -0.4162 -0.8589 -0.2984
vn -0.9376 0.0931 0.3351
vn -0.1002 -0.9788 0.1785
vn 0.0452 -0.9953 0.0856
vn 0.0094 -0.9950 0.0999
vn -0.9970 0.0145 0.0758
vn 0.4143 0.5688 0.7105
vn 0.6543 0.7317 0.1910
vn -0.3844 -0.9163 -0.1120
vn -0.1428 -0.9879 -0.0607
vn 0.5226 0.3311 -0.7856
vn 0.9553 -0.1956 0.2216
vn 0.8775 -0.4449 0.1792
vn 0.8667 -0.3466 -0.3588
vn 0.5618 -0.7517 -0.3454
vn 0.4364 -0.6946 -0.5719
vn -0.3018 -0.5633 0.7692
vn -0.0582 -0.9179 0.3925
vn 0.7417 -0.1124 -0.6612
vn 0.5447 -0.8163 -0.1924
vn 0.1153 0.9929 -0.0281
vn 0.0869 0.9960 0.0195
vn 0.0976 0.9951 -0.0156
vn -0.9948 -0.0732 -0.0702
vn -0.7181 -0.5683 -0.4017
vn -0.1694 -0.9812 -0.0924
vn 0.2628 -0.7961 -0.5452
vn 0.1286 -0.9917 -0.0036
vn 0.1108 0.9660 -0.2336
vn 0.1151 0.9395 -0.3226
vn -0.9650 0.2441 0.0963
vn -0.9373 0.3484 -0.0055
vn -0.9657 -0.1243 0.2281
vn 0.9413 -0.2914 -0.1707
vn 0.6158 -0.7851 -0.0664
vn 0.7107 -0.6901 -0.1370
vn -0.1601 0.6049 -0.7800
vn -0.0224 0.9639 -0.2653
vn -0.1214 0.6772 -0.7257
vn -0.4098 0.8918 0.1919
vn -0.9952 -0.0529 -0.0822
vn -0.9960 -0.0431 -0.0778
vn 0.0007 -0.9981 0.0618
vn -0.0069 -1.0000 0.0011
vn 0.8135 -0.5559 -0.1711
vn 0.6187 -0.7266 -0.2988
vn -0.2987 -0.9412 -0.1577
vn -0.9582 0.2862 0.0065
vn -0.9663 0.2573 0.0128
vn -0.1306 0.1688 -0.9770
vn 0.2707 0.7728 0.5741
vn 0.0404 -0.9822 0.1833
vn -0.9033 0.4128 0.1164
vn -0.8330 0.5529 0.0190
vn -0.5965 0.8018 -0.0365
vn -0.9902 0.1337 -0.0399
vn -0.3118 -0.9498 0.0264
vn 0.9999 0.0130 0.0074
vn -0.1624 -0.5996 -0.7836
vn -0.1421 0.4282 -0.8924
vn -0.0756 0.9253 -0.3715
vn 0.0102 0.9122 0.4096
vn 0.5923 0.8055 0.0188
vn 0.7594 0.6505 0.0151
vn 0.6148 0.7833 -0.0913
vn 0.6928 0.7131 -0.1072
vn -0.5417 -0.8397 -0.0391
vn -0.4520 -0.8841 -0.1186
vn -0.3025 -0.9505 -0.0708
vn -0.0069 0.8604 0.5096
vn -0.8498 -0.4967 -0.1763
vn -0.5009 -0.5345 -0.6807
vn -0.6345 -0.6084 -0.4768
vn -0.8208 0.1162 0.5593
vn -0.9706 0.2245 0.0867
vn 0.6953 -0.5004 0.5158
vn -0.0347 0.9823 0.1843
vn 0.0637 0.8963 0.4389
vn -0.0306 0.9734 0.2271
vn 0.9295 -0.0857 -0.3586
vn -0.0179 -0.9942 0.1060
vn 0.4968 0.8639 -0.0827
vn -0.7739 -0.0445 -0.6317
vn 0.3470 0.9375 0.0243
vn 0.5543 0.7416 0.3779
vn 0.6207 0.7833 0.0352
vn -0.3688 0.9227 -0.1124
vn -0.5010 0.8577 -0.1154
vn -0.6123 0.7840 -0.1021
vn 0.8111 -0.4497 -0.3741
vn 0.0733 -0.9083 -0.4118
vn -0.5224 -0.0496 0.8513
vn -0.8780 0.4757 0.0530
vn 0.5637 0.6913 0.4521
vn 0.7083 0.6505 0.2742
vn 0.7872 0.5133 0.3419
vn -0.0067 0.9634 0.2680
vn 0.1168 -0.9889 -0.0914
vn 0.1061 -0.9907 -0.0856
vn -0.0285 -0.9249 -0.3793
vn -0.4311 -0.8238 -0.3682
vn -0.6153 0.3033 -0.7276
vn 0.2004 0.7201 0.6643
vn 0.3408 0.2842 0.8962
vn 0.1995 0.7014 0.6843
vn -0.1362 0.9486 -0.2857
vn 0.0060 0.9968 -0.0791
vn 0.4225 0.9064 -0.0058
vn 0.4638 0.8859 -0.0096
vn 0.5471 0.8355 -0.0502
vn 0.6242 0.7790 -0.0591
vn 0.8815 0.4718 -0.0169
vn 0.9718 0.2354 0.0123
vn 0.7106 0.7035 -0.0062
vn -0.4993 -0.8663 -0.0123
vn -0.5123 -0.8587 0.0137
vn -0.4082 -0.9128 -0.0092
vn -0.0949 0.8254 0.5565
vn 0.0035 0.8955 0.4450
vn -0.0577 0.9076 0.4159
vn 0.9618 0.2518 -0.1071
vn 0.5960 0.7762 -0.2057
vn -0.9631 -0.2416 -0.1183
vn -0.9607 -0.2464 -0.1283
vn 0.1426 -0.9897 0.0088
vn 0.0676 -0.9953 -0.0690
vn -0.3058 -0.9516 -0.0302
vn 0.2719 -0.8315 0.4843
vn 0.2223 -0.8863 0.4062
vn 0.3345 -0.3360 0.8805
vn 0.4858 0.8733 -0.0374
vn 0.1534 0.9879 -0.0227
vn -0.2152 0.9766 -0.0025
vn -0.0706 0.9975 -0.0009
vn -0.0690 0.9976 -0.0025
vn -0.1910 0.4493 -0.8727
vn -0.0959 -0.5480 -0.8310
vn 0.1241 -0.9225 -0.3655
vn 0.1100 -0.9033 -0.4146
vn 0.9809 0.1851 -0.0605
vn 0.9649 0.2542 -0.0666
vn 0.4338 -0.9004 0.0322
vn 0.5144 -0.8568 0.0366
vn 0.3433 -0.9390 0.0208
vn 0.9506 0.1264 -0.2836
vn 0.0653 0.8587 0.5083
vn -0.9985 0.0341 -0.0433
vn -0.9899 0.1124 -0.0861
vn 0.8148 -0.5796 -0.0136
vn 0.8942 -0.4473 -0.0209
vn 0.9879 0.1122 0.1068
vn 0.9236 0.2862 0.2552
vn -0.0857 -0.9963 -0.0003
vn 0.9361 -0.3272 -0.1287
vn 0.2400 0.9651 -0.1051
vn -0.9827 -0.1575 -0.0972
vn -0.9926 0.0001 -0.1213
vn -0.8855 0.4442 0.1365
vn -0.2779 -0.9576 -0.0756
vn -0.1357 -0.7344 -0.6651
vn 0.0647 0.9019 0.4270
vn 0.0966 0.9871 -0.1278
vn -0.0539 0.9909 -0.1231
vn -0.1332 0.9750 -0.1776
vn -0.0834 0.9956 0.0419
vn -0.1118 0.9916 -0.0655
vn -0.1181 -0.9731 -0.1979
vn -0.1910 -0.7703 -0.6084
vn -0.2626 -0.0558 -0.9633
vn -0.8940 -0.4106 -0.1795
vn -0.9545 -0.2389 -0.1783
vn -0.5298 0.6249 0.5733
vn 0.7247 0.6641 0.1839
vn -0.9957 0.0107 -0.0919
vn -0.8019 0.5975 0.0005
vn 0.3522 -0.9297 0.1074
vn 0.1191 -0.9839 0.1332
vn -0.1374 0.8476 0.5125
vn 0.2484 -0.6540 -0.7146
vn 0.0207 -0.7798 -0.6257
vn 0.2216 0.8196 -0.5284
vn 0.1373 -0.4056 -0.9037
vn 0.9646 -0.2612 0.0356
vn 0.9501 -0.3115 0.0190
vn 0.8456 -0.4854 -0.2223
vn 0.5372 -0.6578 0.5279
vn -0.5379 -0.6457 -0.5419
vn -0.8295 -0.5420 0.1349
vn -0.6631 -0.7473 0.0426
vn -0.0907 0.6639 -0.7423
vn 0.0528 0.9734 -0.2230
vn -0.9389 0.2219 -0.2630
vn 0.1484 -0.9878 0.0481
vn 0.1287 -0.9916 0.0154
vn 0.1480 -0.9853 0.0854
vn 0.9887 -0.1346 0.0653
vn 0.9900 0.1273 0.0607
vn -0.1226 -0.9919 -0.0320
vn -0.1339 -0.9910 0.0060
vn -0.6559 -0.3794 -0.6526
vn 0.2815 0.3443 0.8957
vn 0.5904 -0.4600 -0.6632
vn -0.5439 0.5140 -0.6633
vn -0.0040 -0.0268 -0.9996
vn 0.7536 -0.5116 -0.4127
vn 0.3418 0.9398 -0.0048
vn 0.0919 0.9897 -0.1100
vn -0.7194 0.6933 -0.0413
vn -0.8668 0.3854 -0.3163
vn -0.9934 -0.0421 -0.1063
vn 0.4474 -0.8335 0.3244
vn -0.0095 -0.9961 0.0872
vn 0.0262 -0.9990 0.0358
vn 0.0017 -0.9940 0.1093
vn 0.3241 -0.9432 -0.0734
vn -0.2197 0.7015 0.6780
vn -0.0879 0.8540 0.5128
vn -0.6737 0.2828 -0.6828
vn -0.0004 0.9996 -0.0273
vn 0.7121 0.6522 0.2598
vn 0.8143 0.5325 0.2310
vn 0.7934 0.4661 -0.3914
vn 0.9958 0.0903 -0.0159
vn -0.3637 0.7482 0.5550
vn -0.3902 0.7571 0.5240
vn -0.7470 -0.5917 -0.3032
vn -0.0079 -0.9864 -0.1643
vn -0.1204 0.9481 -0.2944
vn -0.1327 0.9609 -0.2431
vn -0.9613 0.1123 -0.2514
vn -0.9043 0.3423 -0.2552
vn -0.9475 -0.0194 -0.3192
vn 0.6357 0.7717 -0.0177
vn 0.8114 0.5845 -0.0063
vn -0.0097 -0.2454 -0.9694
vn 0.1088 -0.9938 -0.0214
vn -0.8490 -0.5283 0.0053
vn -0.9955 -0.0949 -0.0018
vn -0.9632 -0.1868 0.1933
vn -0.6011 -0.7405 0.3007
vn 0.4657 0.8673 -0.1759
vn 0.6624 0.7391 -0.1225
vn 0.1365 0.9799 -0.1456
vn 0.4175 0.9087 -0.0065
vn 0.5736 0.8191 -0.0049
vn -0.3539 -0.9338 0.0526
vn 0.0783 -0.9967 -0.0221
vn 0.1013 -0.9785 -0.1795
vn -0.1945 -0.9522 -0.2357
vn 0.1025 -0.9874 0.1206
vn -0.4276 0.9039 -0.0084
vn 0.0398 0.9860 0.1618
vn 0.0108 0.9587 0.2842
vn 0.5441 0.8110 -0.2150
vn 0.2511 0.9572 -0.1441
vn -0.6492 0.6121 0.4515
vn -0.9389 0.2811 0.1985
vn -0.9975 0.0706 -0.0008
vn -0.9789 0.1718 0.1110
vn -0.9846 0.1459 0.0960
vn 0.5435 0.7317 0.4113
vn -0.9935 -0.0881 -0.0723
vn -0.9928 -0.0847 -0.0849
vn -0.8886 0.3476 0.2992
vn -0.9692 0.0613 0.2386
vn -0.5414 0.8390 -0.0539
vn -0.6347 0.7711 -0.0503
vn 0.9869 0.1479 -0.0647
vn 0.9811 0.1803 -0.0697
vn -0.4959 -0.2850 -0.8203
vn 0.0690 -0.5305 -0.8449
vn -0.4661 -0.6987 -0.5427
vn 0.9283 0.2771 0.2478
vn 0.9029 -0.0548 0.4264
vn 0.9299 -0.1709 0.3257
vn 0.0183 -0.9983 -0.0554
vn 0.0151 0.7564 -0.6539
vn 0.5707 -0.7906 0.2219
vn 0.0860 -0.9923 0.0895
vn 0.0764 -0.9939 0.0791
vn -0.0798 0.9614 -0.2634
vn 0.9794 -0.0898 -0.1809
vn -0.0825 -0.0885 0.9927
vn -0.1635 -0.6332 0.7565
vn 0.9722 -0.1592 -0.1718
vn 0.9809 -0.1577 -0.1142
vn 0.7203 -0.4586 -0.5204
vn 0.9179 -0.3935 -0.0511
vn 0.0656 -0.9978 -0.0051
vn -0.1466 -0.9864 0.0748
vn 0.6317 0.7647 0.1274
vn 0.8632 0.4847 0.1413
vn 0.4377 0.8678 0.2353
vn -0.0802 -0.9936 0.0795
vn -0.2009 0.3069 -0.9303
vn 0.0158 -0.8890 -0.4576
vn -0.0056 -0.8091 -0.5876
vn 0.0497 -0.9982 0.0344
vn 0.0519 -0.9983 0.0269
vn -0.9945 -0.0506 -0.0920
vn 0.4020 0.9059 -0.1333
vn 0.1447 0.9860 -0.0825
vn -0.1835 0.9754 -0.1222
vn -0.4128 -0.6495 -0.6386
vn -0.5920 -0.2910 -0.7516
vn -0.1369 -0.4803 -0.8663
vn -0.0031 -0.9980 -0.0638
vn -0.3603 0.9304 0.0671
vn -0.5605 0.7379 0.3760
vn 0.1553 0.6899 0.7071
vn -0.5205 0.8428 0.1371
vn 0.9472 0.3193 -0.0293
vn 0.9897 0.1373 -0.0397
vn -0.0262 0.9955 0.0909
vn -0.2062 0.9763 0.0658
vn -0.0502 0.9987 0.0130
vn 0.9003 0.3554 0.2514
vn -0.7810 0.6246 -0.0002
vn -0.8605 0.5057 -0.0620
vn 0.1427 -0.9897 -0.0063
vn 0.0476 -0.9987 0.0172
vn -0.1541 -0.9790 0.1338
vn -0.1409 -0.9892 0.0395
vn -0.1747 -0.9676 0.1823
vn 0.8675 0.4392 0.2336
vn 0.6823 0.5540 0.4770
vn 0.6362 0.7087 0.3049
vn 0.8553 0.4705 -0.2169
vn 0.9683 0.0727 -0.2390
vn -0.0866 -0.9076 0.4109
vn 0.1002 -0.9788 0.1787
vn 0.0212 -0.9347 0.3548
vn -0.3516 -0.7007 0.6208
vn 0.1202 0.9877 -0.1000
vn 0.1046 0.9932 -0.0504
vn 0.1254 0.9839 -0.1271
vn 0.6027 -0.7448 -0.2866
vn 0.8001 -0.5457 -0.2491
vn 0.2615 -0.9406 -0.2166
vn -0.0563 -0.9948 -0.0847
vn -0.2516 -0.9664 -0.0532
vn -0.4967 -0.8616 -0.1050
vn 0.5974 -0.7827 0.1745
vn 0.6872 0.7246 -0.0511
vn 0.9469 -0.2799 0.1584
vn 0.9852 -0.1240 -0.1181
vn 0.8991 -0.2608 -0.3516
vn 0.9902 -0.0553 -0.1284
vn 0.9816 -0.1769 0.0714
vn -0.9543 -0.2603 0.1470
vn 0.7573 -0.6525 0.0277
vn 0.7472 -0.6642 0.0211
vn 0.2354 -0.6317 0.7386
vn 0.4049 0.6522 0.6408
vn 0.3205 -0.7911 0.5209
vn 0.9094 0.3723 -0.1854
vn 0.2948 0.8415 0.4528
vn 0.0063 -0.3193 0.9476
vn 0.3353 -0.5027 0.7968
vn -0.2157 -0.5826 0.7836
vn 0.2019 -0.9319 0.3014
vn 0.1678 -0.9695 0.1787
vn -0.0868 -0.9247 -0.3706
vn -0.5011 -0.5536 -0.6652
vn -0.1857 -0.9474 -0.2608
vn -0.7037 0.6134 0.3584
vn -0.7597 0.5169 0.3945
vn 0.3225 -0.3987 0.8585
vn 0.9748 0.2037 -0.0911
vn 0.9574 0.2745 -0.0893
vn 0.9367 0.2767 0.2145
vn 0.4726 0.8459 -0.2472
vn 0.4027 0.8560 0.3243
vn -0.5018 -0.8631 -0.0569
vn -0.9655 -0.2572 0.0406
vn 0.9469 0.3187 -0.0425
vn 0.9856 0.1439 -0.0887
vn 0.9794 0.2016 -0.0087
vn -0.0003 -0.9999 0.0171
vn 0.8115 -0.5751 0.1034
vn 0.8121 -0.5723 0.1137
vn 0.6791 -0.7303 0.0744
vn 0.9857 -0.1562 0.0636
vn 0.9466 -0.2867 0.1475
vn 0.9151 -0.3955 0.0789
vn -0.0001 0.9923 -0.1242
vn -0.1703 0.9854 -0.0028
vn 0.1818 -0.9733 0.1401
vn 0.9090 -0.2922 0.2972
vn -0.3167 0.0273 0.9481
vn -0.3137 0.1266 0.9411
vn -0.6041 -0.7876 0.1213
vn 0.9801 -0.1344 -0.1462
vn 0.9592 -0.1159 -0.2580
vn 0.0379 -0.7265 0.6861
vn 0.7208 -0.3390 0.6046
vn 0.9925 0.1218 0.0093
vn 0.9999 -0.0080 0.0073
vn -0.9806 0.0131 0.1958
vn -0.9818 0.1732 -0.0782
vn 0.7888 -0.6146 0.0121
vn -0.5892 -0.8059 0.0582
vn -0.5543 -0.8306 0.0532
vn -0.5619 0.8227 -0.0866
vn -0.8718 0.4821 -0.0871
vn -0.8723 0.4884 -0.0244
vn -0.2654 0.9453 0.1897
vn 0.0694 -0.9949 0.0725
vn 0.0370 -0.9987 0.0347
vn 0.1291 -0.9901 0.0548
vn -0.7450 0.6670 -0.0078
vn 0.9776 0.1454 -0.1524
vn 0.9627 0.2148 -0.1643
vn 0.9826 0.0321 -0.1832
vn 0.9745 -0.1133 -0.1937
vn -0.9809 0.0181 0.1936
vn -0.7245 -0.6769 -0.1301
vn -0.8981 -0.1649 -0.4076
vn 0.0354 0.9994 -0.0068
vn 0.1688 0.9851 -0.0335
vn -0.2114 0.7437 -0.6343
vn -0.1632 0.9237 -0.3465
vn -0.9885 0.0662 -0.1358
vn -0.5274 -0.3094 -0.7913
vn 0.2900 -0.1731 -0.9412
vn 0.5884 0.1039 -0.8019
vn 0.9993 0.0327 -0.0198
vn 0.7608 0.0240 -0.6485
vn -0.2162 -0.9491 0.2291
vn -0.2287 -0.9505 0.2106
vn -0.3298 -0.9395 0.0923
vn -0.2639 -0.9627 0.0598
vn -0.2180 -0.9734 0.0698
vn -0.9398 0.3349 0.0681
vn -0.9682 0.2488 0.0258
vn -0.9763 0.2032 0.0749
vn 0.4471 0.7531 0.4827
vn -0.4050 0.9134 -0.0420
vn 0.6794 0.4995 0.5375
vn -0.0419 0.1594 0.9863
vn -0.1129 -0.9929 0.0361
vn -0.1296 -0.9915 0.0143
vn -0.1935 -0.9380 0.2876
vn 0.0788 -0.9950 0.0611
vn 0.2217 -0.9733 0.0592
vn 0.1205 -0.9927 -0.0066
vn 0.9808 -0.1005 -0.1674
vn 0.9984 0.0566 -0.0032
vn -0.1420 -0.7184 -0.6809
vn -0.1740 -0.7070 -0.6855
vn 0.8146 0.5801 0.0038
vn 0.5426 -0.8386 0.0473
vn 0.0202 0.9737 -0.2271
vn -0.1022 0.9943 -0.0301
vn -0.0909 0.9959 -0.0033
vn -0.1085 0.9912 -0.0760
vn 0.1980 -0.9799 0.0259
vn -0.0616 -0.9961 0.0634
vn -0.1018 0.9935 -0.0503
vn -0.0901 0.9957 -0.0214
vn -0.1108 0.9909 -0.0764
vn 0.3584 -0.3351 0.8713
vn 0.1210 -0.9893 0.0811
vn 0.1981 -0.9589 0.2030
vn 0.0698 -0.9923 0.1027
vn -0.2134 -0.9770 0.0002
vn -0.1750 -0.9825 -0.0635
vn -0.0004 -0.9999 -0.0127
vn -0.9298 0.0118 0.3679
vn -0.8953 -0.2828 0.3441
vn -0.4136 -0.0173 0.9103
vn 0.9998 -0.0029 0.0181
vn -0.0370 0.9528 -0.3014
vn -0.9404 0.2822 -0.1896
vn 0.0240 -0.9169 0.3983
vn -0.0728 -0.9368 0.3422
vn -0.8183 0.1205 -0.5620
vn 0.2895 -0.9300 -0.2267
vn 0.9696 -0.1797 -0.1660
vn 0.9824 -0.0358 -0.1834
vn -0.2659 -0.7615 0.5911
vn -0.4265 -0.9038 0.0344
vn -0.4209 -0.9064 0.0351
vn -0.8884 0.4575 -0.0369
vn 0.6434 0.6520 -0.4012
vn 0.5634 0.8102 0.1618
vn 0.9995 0.0314 0.0016
vn -0.7859 0.6157 -0.0569
vn 0.5409 -0.2038 -0.8160
vn 0.2209 -0.3083 -0.9253
vn 0.9593 -0.0847 -0.2695
vn 0.1611 0.9853 -0.0568
vn 0.5531 0.5010 -0.6656
vn 0.1301 -0.9911 -0.0285
vn 0.1300 -0.9915 -0.0093
vn -0.7087 0.7043 -0.0412
vn -0.7629 0.6450 -0.0453
vn -0.7156 0.6982 -0.0222
vn -0.2000 -0.0684 -0.9774
vn -0.7354 0.6282 0.2540
vn -0.4863 0.8737 -0.0124
vn -0.6035 0.7972 -0.0131
vn 0.7989 0.1009 0.5930
vn 0.8810 -0.0197 0.4727
vn 0.5830 -0.3939 0.7106
vn 0.9557 -0.2269 0.1874
vn -0.9823 -0.1869 0.0094
vn 0.7721 -0.5951 -0.2230
vn 0.2341 0.9697 0.0699
vn 0.1147 -0.8871 -0.4472
vn 0.1430 0.5944 -0.7914
vn -0.8995 -0.4288 -0.0838
vn 0.1174 0.9394 0.3221
vn -0.0131 0.9505 0.3106
vn 0.9981 0.0087 0.0608
vn 0.9998 -0.0117 -0.0191
vn 0.9745 0.2214 0.0355
vn -0.8572 0.5036 -0.1078
vn -0.5985 0.5189 -0.6104
vn -0.7684 0.3044 -0.5630
vn -0.1160 0.9882 -0.0995
vn -0.9978 0.0379 0.0546
vn -0.9877 -0.1549 0.0210
vn -0.9927 -0.1057 0.0587
vn 0.2359 0.0232 -0.9715
vn 0.0046 0.9796 -0.2008
vn 0.2208 -0.0486 -0.9741
vn -0.8694 0.4173 0.2648
vn -0.8722 0.4049 0.2743
vn -0.1201 -0.1392 -0.9830
vn -0.1704 0.9258 -0.3375
vn -0.1901 0.7246 -0.6625
vn 0.0346 0.9881 0.1495
vn -0.0217 0.9544 0.2978
vn 0.0481 0.9908 0.1262
vn 0.1169 -0.9924 -0.0385
vn 0.1324 -0.9908 0.0270
vn 0.3699 0.5597 0.7415
vn -0.7445 0.2817 0.6053
vn 0.1332 -0.1523 0.9793
vn 0.9105 0.3685 -0.1876
vn 0.9659 0.0215 -0.2581
vn -0.1871 -0.9694 0.1588
vn -0.3210 -0.7618 0.5627
vn -0.8199 -0.5585 0.1257
vn -0.6940 -0.6934 0.1940
vn 0.6831 0.7142 -0.1525
vn 0.7010 0.6972 -0.1500
vn 0.4204 -0.5992 0.6814
vn 0.8815 0.0022 0.4721
vn 0.1650 0.9366 0.3090
vn 0.3243 0.5840 0.7442
vn 0.3237 0.6275 0.7081
vn 0.6149 -0.0100 -0.7886
vn -0.3792 0.1465 -0.9137
vn 0.1570 -0.4207 -0.8935
vn 0.4615 -0.8188 0.3414
vn 0.9741 0.2263 -0.0029
vn -0.0784 0.9740 -0.2125
vn -0.0943 0.9700 -0.2240
vn -0.0681 0.9385 -0.3386
vn 0.0182 -0.9992 -0.0369
vn 0.0403 -0.9916 -0.1230
vn 0.0263 -0.9988 -0.0415
vn 0.9619 0.0056 0.2732
vn 0.9677 -0.0844 0.2374
vn 0.0639 0.9041 0.4226
vn 0.3334 0.1389 0.9325
vn 0.1053 0.8621 0.4957
vn -0.2701 -0.9488 0.1636
vn -0.5682 -0.8208 0.0575
vn -0.1144 -0.9917 -0.0583
vn -0.1180 -0.9909 -0.0649
vn -0.1162 -0.9916 -0.0569
vn 0.8566 0.5103 -0.0770
vn 0.4298 0.8898 0.1534
vn 0.2555 0.8850 0.3892
vn 0.1144 -0.9929 -0.0325
vn -0.5311 0.6194 0.5782
vn -0.3777 0.8816 0.2831
vn -0.0112 -0.7977 -0.6030
vn -0.0077 1.0000 -0.0038
vn -0.8168 0.5438 -0.1926
vn -0.2416 -0.7114 -0.6599
vn -0.1141 -0.9928 -0.0356
vn 0.7645 -0.6425 0.0522
vn 0.9028 0.3359 0.2687
vn 0.8005 0.5167 0.3037
vn 0.9248 0.2862 0.2507
vn -0.2139 0.8975 -0.3857
vn -0.1474 -0.5071 -0.8492
vn -0.2165 0.4599 -0.8612
vn 0.9808 0.1714 0.0926
vn 0.9330 -0.3587 -0.0300
vn 0.9213 -0.3297 0.2064
vn 0.4313 0.9021 -0.0174
vn 0.0332 0.9451 0.3250
vn 0.0418 0.9277 0.3710
vn 0.0262 -0.9839 -0.1766
vn -0.0053 -0.9783 -0.2071
vn -0.9572 -0.2893 -0.0061
vn -0.8748 -0.4834 -0.0323
vn -0.9052 -0.4248 0.0121
vn -0.4981 -0.7564 -0.4240
vn -0.8776 -0.4522 -0.1589
vn 0.0747 -0.9132 -0.4005
vn 0.8282 -0.5427 -0.1399
vn 0.0942 -0.9944 -0.0473
vn 0.0285 -0.9940 -0.1059
vn 0.5804 -0.8099 -0.0855
vn 0.9442 0.3197 0.0793
vn 0.2027 -0.9775 -0.0584
vn -0.5169 0.7954 0.3166
vn -0.7857 0.5423 0.2977
vn -0.6353 0.7098 0.3044
vn 0.2948 0.9556 0.0017
vn 0.9289 0.3537 -0.1094
vn 0.1302 0.3648 -0.9220
vn -0.0796 0.9967 -0.0148
vn -0.1378 0.9701 -0.1996
vn 0.0605 0.9974 -0.0399
vn 0.0684 0.9952 0.0705
vn 0.0386 0.9887 0.1451
vn 0.0579 0.8807 0.4701
vn 0.9933 -0.1050 -0.0491
vn 0.9823 0.1730 -0.0724
vn 0.1890 0.9187 0.3468
vn 0.4720 0.8100 0.3480
vn 0.4469 0.8670 0.2207
vn 0.3211 -0.8261 0.4631
vn 0.4045 -0.4401 0.8017
vn 0.0668 -0.9796 -0.1895
vn -0.1193 0.9857 -0.1189
vn -0.1251 0.9867 -0.1035
vn 0.2712 0.9614 0.0467
vn 0.3925 0.9197 -0.0071
vn -0.0283 0.9756 0.2175
vn 0.0958 0.8315 0.5472
vn 0.0718 0.8501 0.5217
vn -0.0250 0.9833 0.1805
vn 0.0859 0.8896 0.4486
vn 0.0058 0.9711 0.2387
vn 0.9952 -0.0740 -0.0638
vn -0.9990 0.0445 0.0082
vn -0.9916 -0.1279 0.0194
vn 0.4624 -0.8850 0.0541
vn -0.0412 -0.9945 0.0958
vn -0.0676 -0.9954 0.0679
vn -0.0089 -0.9949 0.1008
vn 0.0241 -0.9974 0.0677
vn -0.0664 -0.9948 -0.0779
vn -0.0141 -0.9974 -0.0713
vn 0.0658 -0.9978 -0.0011
vn 0.2827 -0.5677 -0.7732
vn -0.7857 0.6173 -0.0402
vn -0.7765 0.6293 -0.0318
vn -0.6530 0.7549 -0.0608
vn 0.7172 -0.6363 -0.2841
vn -0.2176 -0.0085 -0.9760
vn 0.3809 -0.9173 0.1162
vn 0.0385 0.9984 -0.0416
vn 0.0947 0.9904 0.1008
vn 0.1100 0.9885 0.1042
vn -0.8171 0.5455 -0.1867
vn 0.5591 -0.8288 0.0218
vn 0.7193 0.6906 -0.0762
vn -0.6457 -0.7407 0.1857
vn -0.9216 -0.3875 0.0218
vn -0.2007 0.5981 0.7759
vn -0.1549 0.7285 0.6673
vn -0.9445 -0.2282 -0.2364
vn -0.7997 -0.5619 -0.2116
vn 0.2181 0.6059 0.7651
vn 0.2177 0.5203 0.8258
vn -0.1584 -0.9834 0.0887
vn -0.1687 -0.9797 0.1086
vn -0.5463 0.7661 0.3386
vn -0.6505 0.7584 0.0410
vn 0.1390 -0.9035 -0.4053
vn 0.6060 0.7893 0.0985
vn 0.4244 0.9053 -0.0149
vn -0.0655 -0.9713 0.2285
vn -0.9481 0.3181 -0.0012
vn -0.0269 0.7149 0.6987
vn 0.6227 0.6709 0.4026
vn -0.4564 0.8898 -0.0076
vn -0.5946 0.8040 -0.0079
vn -0.4498 0.8931 -0.0097
vn 0.9520 0.2888 -0.1015
vn 0.0534 -0.9857 -0.1599
vn -0.8508 0.5223 -0.0572
vn -0.8588 0.5115 -0.0272
vn -0.1372 -0.9843 0.1114
vn -0.1565 -0.9789 0.1313
vn -0.1075 -0.9941 -0.0144
vn 0.2085 -0.0304 0.9776
vn 0.7879 -0.0070 0.6157
vn 0.9649 0.2283 0.1295
vn -0.0886 -0.9742 -0.2076
vn -0.5021 0.8631 -0.0546
vn -0.2133 -0.8785 0.4275
vn 0.1672 0.9845 -0.0522
vn 0.1271 0.9830 0.1325
vn 0.0703 -0.8865 -0.4573
vn 0.7743 -0.5861 -0.2385
vn 0.4097 -0.9117 -0.0326
vn -0.9263 -0.3388 -0.1648
vn -0.9829 -0.0524 -0.1764
vn 0.9775 0.1766 0.1149
vn 0.8010 -0.0834 0.5928
vn 0.9835 0.1321 0.1239
vn -0.9906 0.0948 -0.0986
vn 0.1775 0.6790 -0.7123
vn -0.6123 0.7898 -0.0376
vn -0.5913 0.8060 -0.0258
vn 0.0026 0.9736 0.2284
vn 0.0494 0.9912 0.1225
vn 0.9873 0.1199 0.1038
vn -0.7536 0.0651 0.6541
vn -0.3081 0.2634 0.9142
vn 0.9070 -0.2932 -0.3022
vn 0.4895 -0.8720 0.0066
vn 0.4713 -0.8820 -0.0032
vn 0.3317 0.9429 -0.0317
vn 0.4068 0.9130 -0.0314
vn 0.3431 0.9384 -0.0411
vn 0.7629 -0.6204 0.1819
vn 0.3296 -0.9310 0.1568
vn -0.0511 0.9830 0.1761
vn -0.9110 0.2821 0.3009
vn -0.8830 0.2777 0.3785
vn -0.9282 0.3086 0.2079
vn -0.2732 -0.2812 0.9199
vn 0.0014 -0.4789 0.8779
vn -0.5695 -0.8134 0.1185
vn -0.4284 -0.9016 0.0604
vn -0.4574 -0.8880 0.0463
vn 0.1021 -0.9934 -0.0515
vn 0.8082 -0.5317 -0.2532
vn -0.3110 0.4785 0.8212
vn -0.3306 -0.0664 0.9414
vn -0.3472 -0.6552 0.6709
vn -0.1899 -0.9602 0.2047
vn -0.0182 -0.9367 0.3497
vn 0.2006 -0.9375 0.2845
vn 0.2741 -0.7975 0.5375
vn -0.8228 -0.5008 0.2687
vn 0.6741 -0.6573 0.3370
vn 0.9158 -0.3095 -0.2559
vn 0.8268 -0.5593 0.0597
vn 0.8290 -0.4582 -0.3205
vn -0.3952 -0.2473 0.8847
vn -0.3612 -0.5848 0.7263
vn -0.3259 -0.7535 0.5709
vn 0.7832 -0.5762 -0.2335
vn 0.1614 -0.9806 0.1108
vn 0.2883 -0.6167 0.7325
vn 0.9841 0.1779 -0.0013
vn 0.0951 0.9947 -0.0383
vn -0.5996 0.7923 -0.1128
vn -0.6056 -0.5240 -0.5989
vn 0.5611 0.0586 -0.8257
vn -0.1693 0.8115 0.5593
vn -0.3904 -0.9190 0.0556
vn -0.4283 -0.9031 0.0320
vn -0.2368 -0.9702 0.0508
vn -0.0537 -0.9927 0.1084
vn 0.0737 -0.9836 -0.1646
vn -0.6430 0.7641 -0.0523
vn -0.0658 -0.9934 -0.0943
vn 0.0110 -0.9946 -0.1027
vn 0.2410 -0.9677 0.0738
vn -0.8057 0.5923 -0.0090
vn 0.5018 0.7056 0.5004
vn 0.5587 0.6682 0.4913
vn 0.6298 0.7742 -0.0627
vn -0.2066 0.9775 0.0416
vn -0.2113 0.9772 -0.0208
vn 0.3647 0.9311 0.0052
vn 0.2998 0.8974 -0.3237
vn 0.5927 0.7914 -0.1497
vn 0.9176 -0.3970 -0.0206
vn 0.9306 -0.3660 -0.0030
vn 0.8569 -0.5154 -0.0131
vn -0.1488 0.9646 0.2178
vn -0.3811 0.8375 0.3916
vn 0.5554 0.7162 -0.4226
vn 0.5618 0.7719 -0.2975
vn -0.5688 0.2313 0.7893
vn 0.3085 0.3735 0.8748
vn -0.9579 -0.2869 -0.0143
vn 0.6354 0.6473 0.4211
vn 0.8654 -0.4911 0.0997
vn -0.9782 0.2075 0.0082
vn 0.9468 0.3218 0.0013
vn -0.9706 0.2103 -0.1171
vn -0.9767 0.1894 -0.1006
vn -0.9388 0.3330 -0.0878
vn -0.2661 0.2153 0.9396
vn 0.3728 -0.3753 0.8486
vn -0.1083 0.9789 -0.1732
vn 0.2785 -0.9575 0.0754
vn 0.4955 -0.8579 0.1356
vn 0.1906 -0.9681 0.1627
vn 0.2670 0.8650 0.4249
vn 0.5349 0.7843 0.3141
vn 0.0597 -0.9957 -0.0706
vn -0.9399 -0.3413 0.0059
vn -0.9574 -0.2839 0.0537
vn -0.0533 0.9983 -0.0226
vn 0.0146 -0.9939 0.1095
vn 0.0097 -0.9944 0.1048
vn 0.0782 -0.9511 0.2988
vn -0.9897 -0.1280 -0.0639
vn -0.9804 0.1735 -0.0933
vn -0.4734 -0.0701 -0.8781
vn 0.4937 -0.1490 -0.8568
vn 0.4431 -0.0111 -0.8964
vn 0.9340 -0.3534 0.0518
vn 0.8708 -0.4912 0.0216
vn -0.7887 0.5315 0.3090
vn 0.9445 0.2670 0.1911
vn -0.1585 0.6430 0.7493
vn -0.0344 -0.9920 -0.1217
vn 0.9498 -0.2427 -0.1976
vn 0.9730 0.1227 -0.1955
vn 0.9374 0.3299 -0.1111
vn -0.0354 0.9705 -0.2384
vn 0.9565 0.2233 0.1876
vn 0.6830 -0.4839 -0.5471
vn 0.6972 0.7169 -0.0030
vn 0.6078 -0.7589 -0.2337
vn 0.5817 -0.7828 -0.2211
vn 0.7348 -0.0083 -0.6783
vn -0.9719 0.2313 -0.0429
vn -0.9900 0.1251 -0.0655
vn -0.9950 0.0762 -0.0648
vn 0.9793 0.1976 -0.0436
vn 0.9987 0.0506 -0.0046
vn -0.0736 0.9944 0.0760
vn 0.0016 -1.0000 -0.0081
vn -0.0975 -0.8980 -0.4290
vn 0.1805 -0.8137 -0.5526
vn 0.5294 -0.7913 -0.3059
vn -0.0421 -0.9887 -0.1441
vn -0.1821 -0.5889 -0.7874
vn -0.1654 -0.9808 -0.1031
vn -0.2116 -0.9771 -0.0215
vn -0.0986 0.9880 0.1192
vn 0.4681 0.0957 -0.8785
vn -0.9292 0.3695 -0.0019
vn -0.9826 0.1858 0.0003
vn 0.1951 -0.9797 -0.0456
vn 0.2068 -0.9712 -0.1182
vn 0.1186 -0.9914 -0.0556
vn 0.0959 -0.9921 -0.0811
vn 0.0961 -0.9876 -0.1244
vn -0.1166 -0.9907 -0.0706
vn -0.8266 0.5626 -0.0140
vn -0.9323 0.3610 -0.0230
vn 0.9679 -0.1049 0.2282
vn 0.1462 -0.9890 0.0203
vn 0.9318 -0.2224 -0.2869
vn 0.9306 -0.2479 -0.2693
vn -0.6491 0.7377 0.1855
vn -0.0290 -0.9809 -0.1923
vn -0.0109 -0.9876 -0.1565
vn -0.0143 -0.9856 -0.1685
vn -0.2223 -0.9750 0.0020
vn -0.6511 -0.7558 -0.0696
vn -0.0708 -0.9802 -0.1847
vn 0.0719 -0.9478 -0.3106
vn -0.0349 0.9960 -0.0824
vn 0.2774 0.6587 0.6994
vn 0.2488 0.7353 0.6305
vn 0.8629 0.2016 0.4634
vn 0.7626 0.2616 0.5916
vn 0.9291 -0.3692 0.0214
vn -0.0675 -0.9967 -0.0452
vn -0.0624 -0.9970 -0.0461
vn -0.1049 -0.8458 0.5231
vn -0.0403 -0.9816 0.1866
vn -0.0878 -0.9133 0.3978
vn 0.1997 0.9792 0.0358
vn -0.9845 -0.1147 -0.1328
vn 0.1690 -0.7023 -0.6916
vn -0.2001 0.0231 0.9795
vn -0.9269 0.3123 -0.2080
vn 0.7247 0.6745 -0.1406
vn -0.8329 0.5474 -0.0817
vn -0.4652 -0.8776 -0.1158
vn -0.8815 -0.4709 -0.0360
vn 0.9907 0.1135 0.0757
vn 0.9982 0.0536 0.0261
vn -0.9979 -0.0637 -0.0135
vn 0.0323 0.9989 0.0326
vn 0.2488 0.9679 0.0371
vn -0.9271 0.3689 -0.0655
vn -0.4832 -0.7867 0.3842
vn 0.1135 0.9898 -0.0865
vn 0.1077 0.9932 -0.0445
vn -0.0785 -0.9968 -0.0139
vn -0.3137 -0.5624 0.7651
vn -0.1857 -0.9287 0.3209
vn -0.8136 0.5471 0.1966
vn -0.0608 0.9255 -0.3737
vn -0.3662 -0.9178 -0.1536
vn 0.9880 -0.0338 -0.1504
vn 0.9213 -0.3126 -0.2311
vn 0.2160 0.9764 -0.0080
vn -0.6345 0.7534 -0.1727
vn 0.9659 0.0135 -0.2585
vn 0.9396 -0.2479 -0.2362
vn 0.1213 -0.9450 0.3039
vn 0.9919 0.1247 0.0253
vn 0.9886 0.1499 0.0151
vn 0.9571 -0.2886 0.0271
vn -0.2805 0.9558 -0.0876
vn -0.5230 0.8477 -0.0886
vn 0.4853 -0.8691 -0.0951
vn 0.8568 -0.5108 0.0703
vn -0.7633 0.1438 0.6298
vn 0.1935 0.1609 0.9678
vn 0.0023 -0.9967 0.0810
vn -0.8275 -0.1202 -0.5485
vn -0.1090 0.9837 -0.1429
vn 0.0693 0.8802 0.4695
vn -0.9207 0.3900 0.0137
vn -0.8924 0.4512 -0.0003
vn -0.9474 0.3200 0.0044
vn 0.6262 -0.7796 -0.0069
vn 0.3419 -0.9301 -0.1343
vn -0.1136 0.9901 -0.0829
vn -0.9745 0.1774 0.1376
vn -0.2640 0.3606 0.8946
vn 0.8165 0.5773 -0.0003
vn -0.8271 0.5595 -0.0539
vn -0.9122 0.4079 -0.0388
vn 0.9759 0.0277 -0.2163
vn 0.4162 -0.1624 -0.8947
vn -0.4850 0.0444 -0.8734
vn -0.6842 0.5388 -0.4916
vn -0.3724 0.3900 -0.8422
vn 0.1308 -0.2326 -0.9637
vn 0.9988 0.0261 0.0418
vn 0.1267 -0.9916 -0.0250
vn 0.1678 -0.9849 -0.0416
vn 0.9819 0.1573 0.1051
vn -0.7726 -0.1335 0.6207
vn -0.1082 0.8725 0.4766
vn -0.2179 0.6711 0.7086
vn -0.8402 -0.1043 -0.5321
vn -0.8935 -0.3594 -0.2691
vn 0.2778 0.4397 -0.8541
vn -0.9146 0.3837 -0.1280
vn -0.5964 0.8027 -0.0036
vn -0.8357 -0.2228 -0.5019
vn -0.2822 -0.9575 0.0592
vn -0.1161 -0.9916 -0.0569
vn -0.1421 -0.9895 0.0248
vn -0.7296 0.4561 0.5095
vn 0.4808 -0.5028 -0.7184
vn 0.3137 -0.7114 0.6288
vn -0.5286 -0.6686 0.5230
vn 0.2921 0.0201 0.9562
vn -0.1803 -0.9202 -0.3474
vn -0.7537 -0.6568 -0.0239
vn -0.9991 0.0420 0.0083
vn -0.9990 0.0432 0.0109
vn 0.4995 0.8037 0.3234
vn 0.8643 -0.2489 -0.4370
vn 0.2424 -0.5830 -0.7755
vn 0.0871 -0.3452 -0.9345
vn 0.0915 -0.9343 -0.3447
vn -0.6949 0.6521 0.3030
vn -0.7314 0.6332 0.2533
vn -0.1160 -0.9926 -0.0369
vn -0.0688 0.8825 -0.4653
vn -0.0415 0.8967 -0.4408
vn -0.4802 -0.8709 0.1044
vn -0.1642 -0.9765 0.1396
vn -0.1336 -0.9902 0.0416
vn -0.1776 -0.9626 0.2044
vn -0.3328 -0.1681 0.9279
vn 0.8390 0.4608 0.2893
vn 0.8896 0.3713 0.2661
vn 0.9379 0.2494 0.2410
vn 0.7776 -0.6286 0.0155
vn 0.8285 -0.5584 0.0429
vn 0.6949 -0.7188 0.0201
vn -0.6197 0.1085 -0.7773
vn -0.3992 -0.2726 -0.8754
vn -0.5671 0.7253 0.3904
vn -0.3201 0.4399 0.8391
vn 0.9869 0.1475 -0.0660
vn -0.1707 -0.9846 0.0377
vn -0.1218 -0.9888 0.0864
vn -0.0328 0.9819 -0.1867
vn -0.0808 0.9898 -0.1174
vn -0.0018 0.9723 -0.2339
vn -0.2085 -0.9739 -0.0893
vn -0.5239 -0.8516 0.0180
vn -0.5070 -0.2548 -0.8234
vn -0.0817 0.9861 0.1449
vn -0.2675 0.9636 -0.0047
vn -0.1795 0.9837 -0.0068
vn -0.1660 0.9861 -0.0059
vn -0.0931 0.9933 -0.0681
vn 0.3270 -0.1415 -0.9344
vn -0.1982 -0.6806 -0.7053
vn 0.4337 -0.7642 -0.4773
vn 0.8881 -0.3882 -0.2461
vn 0.9050 -0.2618 -0.3353
vn -0.0820 0.6254 -0.7760
vn 0.0424 0.8552 -0.5165
vn -0.0704 0.8358 -0.5445
vn -0.1555 -0.3605 0.9197
vn 0.1945 -0.4540 0.8695
vn 0.0830 0.9965 -0.0102
vn 0.0670 0.9932 0.0947
vn -0.2593 -0.1601 0.9524
vn -0.7820 0.6114 -0.1212
vn -0.0686 0.9976 -0.0090
vn -0.3488 0.6921 -0.6319
vn 0.2046 -0.9759 0.0757
vn -0.3358 -0.8670 0.3683
vn 0.6665 -0.7432 -0.0590
vn 0.8789 -0.4092 -0.2452
vn -0.0580 0.7909 -0.6092
vn 0.3993 0.7762 -0.4880
vn -0.0745 -0.9742 0.2132
vn -0.9832 0.1675 -0.0720
vn -0.9888 0.1094 -0.1016
vn 0.6700 -0.7044 -0.2342
vn 0.2670 -0.9587 -0.0980
vn 0.4920 -0.8705 -0.0149
vn -0.3848 -0.9033 -0.1895
vn 0.9956 0.0041 -0.0931
vn 0.1246 -0.9922 0.0098
vn 0.0968 -0.9953 -0.0069
vn 0.3016 0.1696 0.9382
vn -0.0609 0.9081 0.4143
vn -0.0478 0.9127 0.4059
vn -0.1368 -0.9906 0.0015
vn 0.0147 0.9949 -0.0993
vn 0.5135 -0.8517 -0.1046
vn 0.0672 -0.9952 -0.0707
vn 0.8236 -0.5598 -0.0914
vn 0.8717 -0.3418 -0.3512
vn 0.2017 -0.9432 0.2640
vn 0.4664 0.8838 -0.0368
vn 0.6028 0.0204 -0.7976
vn -0.2131 0.0931 -0.9726
vn -0.1098 -0.9908 -0.0786
vn 0.0633 -0.9975 0.0326
vn 0.7911 -0.5401 0.2870
vn -0.2351 -0.9599 0.1529
vn -0.1988 -0.9739 0.1099
vn 0.5267 0.8433 -0.1068
vn -0.0911 -0.9941 0.0586
vn 0.9650 -0.1737 -0.1963
vn 0.1258 0.8891 -0.4400
vn -0.9810 -0.0868 -0.1733
vn -0.3201 -0.2955 -0.9001
vn -0.8919 0.4084 -0.1944
vn -0.8957 0.4173 -0.1538
vn -0.0631 -0.9973 -0.0365
vn -0.5043 -0.7925 0.3429
vn -0.8118 -0.5426 -0.2159
vn -0.0613 -0.9166 0.3950
vn 0.9746 0.0855 0.2072
vn 0.9448 0.2229 0.2402
vn 0.9799 0.0186 0.1985
vn 0.2847 -0.5577 -0.7797
vn -0.5060 0.8616 -0.0401
vn -0.0379 -0.9905 -0.1320
vn -0.0223 -0.9961 -0.0852
vn -0.5095 -0.8604 -0.0149
vn -0.4708 -0.7883 -0.3962
vn -0.4393 -0.8914 0.1115
vn 0.7578 0.6514 -0.0377
vn 0.9243 0.3810 -0.0233
vn 0.9217 0.3859 -0.0385
vn -0.0772 0.9970 0.0051
vn -0.0740 -0.9570 -0.2804
vn 0.0855 -0.3791 -0.9214
vn 0.1877 0.4189 -0.8884
vn -0.0497 -0.9984 -0.0264
vn -0.9924 0.1223 -0.0157
vn -0.9792 0.2025 -0.0128
vn -0.8224 -0.3908 -0.4135
vn 0.1381 -0.4181 -0.8978
vn -0.4167 0.9089 -0.0143
vn -0.9927 0.1060 -0.0579
vn -0.9390 -0.3281 -0.1025
vn 0.0440 -0.9828 -0.1796
vn -0.9830 -0.0493 0.1769
vn -0.6415 -0.7666 -0.0281
vn -0.8186 -0.5741 -0.0160
vn -0.9745 -0.1222 -0.1881
vn -0.9297 -0.3069 -0.2037
vn -0.9715 0.1342 -0.1955
vn -0.4116 -0.1798 0.8935
vn 0.5909 -0.5689 -0.5720
vn 0.1495 -0.9317 -0.3310
vn 0.5429 -0.8389 -0.0383
vn -0.4022 -0.9152 0.0251
vn 0.7151 0.6987 -0.0232
vn -0.3016 -0.9534 -0.0077
vn -0.0468 0.9895 0.1370
vn -0.0230 0.8762 0.4814
vn -0.4935 0.8697 -0.0038
vn -0.5982 0.7941 0.1074
vn -0.4046 0.9068 0.1189
vn 0.1345 -0.9879 -0.0773
vn 0.1314 -0.9887 -0.0724
vn -0.9197 0.1686 -0.3545
vn -0.5355 -0.0939 -0.8393
vn -0.8665 -0.2241 -0.4460
vn 0.5559 -0.2574 -0.7904
vn 0.1952 -0.9737 -0.1174
vn -0.3324 -0.8847 0.3269
vn 0.3656 -0.9227 -0.1223
vn -0.3480 -0.9288 0.1272
vn -0.1300 -0.9914 -0.0143
vn -0.1383 -0.9902 -0.0185
vn 0.3108 0.9505 -0.0016
vn 0.2886 0.9574 0.0113
vn 0.1242 0.9291 0.3483
vn -0.9658 -0.1593 0.2046
vn 0.8588 0.5039 -0.0927
vn 0.9998 -0.0125 -0.0156
vn -0.6412 -0.6456 -0.4148
vn -0.5823 -0.2807 -0.7630
vn -0.2446 -0.9011 -0.3580
vn -0.0028 -0.5077 -0.8616
vn 0.1117 -0.9933 0.0305
vn 0.1371 -0.9883 0.0671
vn 0.8414 0.5026 0.1988
vn 0.8305 0.2105 0.5158
vn 0.9994 0.0315 0.0164
vn -0.6662 0.6652 0.3373
vn -0.3120 -0.9501 -0.0045
vn -0.2012 -0.9795 -0.0119
vn -0.6941 -0.6927 0.1957
vn 0.4102 -0.9120 0.0037
vn 0.4723 -0.8810 0.0287
vn 0.9982 -0.0313 0.0512
vn 0.9962 0.0361 0.0791
vn -0.0673 0.9391 -0.3370
vn -0.3828 0.8696 -0.3120
vn -0.0624 -0.3874 0.9198
vn -0.4721 -0.3364 0.8148
vn 0.2978 -0.0745 0.9517
vn 0.9116 0.3487 0.2180
vn 0.9596 0.1800 0.2161
vn 0.2272 0.4967 0.8377
vn 0.7601 -0.2867 -0.5831
vn -0.1139 -0.9905 -0.0768
vn -0.1014 -0.9918 -0.0773
vn 0.1318 -0.9518 0.2769
vn 0.8525 -0.4528 0.2613
vn 0.4164 -0.9062 0.0741
vn -0.2385 -0.1968 0.9510
vn -0.1416 0.9660 -0.2164
vn -0.1292 0.9772 -0.1683
vn -0.9703 -0.1916 -0.1474
vn -0.9233 -0.3448 -0.1694
vn -0.9345 -0.3223 -0.1509
vn -0.0103 -0.9980 0.0631
vn 0.8954 0.4342 0.0983
vn 0.8806 0.4735 0.0206
vn 0.7002 -0.7140 -0.0008
vn -0.1999 -0.7137 0.6713
vn -0.7245 0.6891 -0.0157
vn -0.5654 0.8239 -0.0396
vn 0.8022 0.0285 0.5963
vn 0.8927 -0.1137 0.4361
vn -0.8921 -0.4515 0.0147
vn -0.3793 0.9179 0.1163
vn 0.0857 0.9961 -0.0212
vn 0.0818 0.9965 -0.0189
vn -0.8734 0.4821 -0.0693
vn -0.8718 0.4864 0.0586
vn -0.9126 0.4059 -0.0479
vn -0.0061 0.9569 0.2903
vn -0.2565 0.4145 0.8732
vn -0.1390 0.7549 0.6409
vn 0.9824 0.1582 0.0997
vn 0.8960 0.4269 -0.1222
vn 0.1156 0.9714 -0.2075
vn 0.1106 0.9820 -0.1534
vn -0.6073 -0.7900 0.0845
vn -0.5839 -0.8029 0.1202
vn 0.0209 0.9996 -0.0188
vn -0.3812 -0.5025 0.7760
vn -0.4835 -0.8738 0.0527
vn -0.3160 -0.9477 0.0448
vn 0.0137 0.9928 0.1189
vn 0.0646 0.9678 0.2433
vn 0.0800 0.9521 0.2950
vn -0.1217 -0.1866 -0.9749
vn -0.4102 -0.7531 0.5144
vn -0.1174 0.9840 0.1339
vn 0.0154 -0.6641 -0.7475
vn -0.0001 -0.9631 -0.2692
vn 0.8542 -0.5031 -0.1310
vn 0.7711 -0.0128 0.6366
vn 0.6577 -0.6528 0.3760
vn -0.0141 -0.9894 -0.1449
vn -0.1132 0.9855 -0.1266
vn -0.1190 0.9854 -0.1216
vn -0.9399 0.0994 0.3268
vn -0.6833 -0.3832 0.6215
vn -0.8821 -0.4700 0.0329
vn -0.8463 -0.5326 -0.0120
vn -0.7346 -0.6784 0.0129
vn 0.9923 0.1211 0.0251
vn -0.0742 -0.9900 0.1201
vn 0.7373 0.2500 0.6276
vn -0.6246 0.6924 0.3610
vn 0.7406 0.6701 -0.0494
vn -0.3639 0.0100 -0.9314
vn -0.1349 -0.9888 -0.0632
vn 0.1922 -0.7602 0.6207
vn -0.1014 0.8546 -0.5093
vn -0.0678 0.8458 -0.5291
vn -0.0171 0.9367 0.3498
vn 0.2608 0.9652 -0.0196
vn 0.2338 0.9721 -0.0184
vn 0.3510 0.9360 -0.0275
vn 0.1341 -0.6988 -0.7027
vn -0.1352 -0.1330 -0.9819
vn 0.0390 0.9990 -0.0211
vn -0.9080 -0.4185 -0.0179
vn -0.7658 -0.6430 -0.0146
vn 0.0667 -0.9950 -0.0738
vn 0.0910 0.9929 -0.0768
vn 0.1051 0.9891 -0.1034
vn -0.2915 -0.5959 0.7483
vn -0.1715 -0.8354 0.5223
vn -0.9938 0.1039 0.0400
vn 0.1758 -0.9839 0.0318
vn 0.0803 0.8433 -0.5314
vn -0.9915 0.0784 0.1040
vn -0.2662 -0.9639 0.0070
vn -0.1522 -0.9883 0.0089
vn -0.2079 -0.9753 -0.0749
vn 0.0570 0.6992 0.7127
vn 0.4811 -0.7045 0.5218
vn 0.4795 -0.7573 -0.4434
vn -0.6182 0.7846 -0.0478
vn -0.3404 0.5897 0.7324
vn 0.0462 -0.9982 -0.0393
vn 0.0370 -0.9979 0.0527
vn -0.3564 -0.9336 0.0372
vn 0.2684 -0.7051 0.6563
vn 0.2429 0.9080 0.3413
vn -0.9625 0.2197 0.1590
vn 0.8538 0.5036 -0.1318
vn -0.0093 0.9905 -0.1369
vn 0.0481 -0.9852 -0.1645
vn 0.0544 0.9306 0.3621
vn 0.2364 0.6699 0.7038
vn 0.1442 0.7914 0.5940
vn 0.6507 0.4738 -0.5934
vn 0.9892 0.1336 -0.0605
vn -0.0310 0.9642 0.2635
vn 0.2668 0.3851 0.8835
vn 0.1181 0.1192 0.9858
vn -0.0135 0.9878 -0.1549
vn 0.3500 0.4052 0.8446
vn 0.0694 0.6986 0.7121
vn 0.9533 -0.0461 -0.2984
vn 0.6074 0.1289 -0.7839
vn 0.5798 -0.0855 -0.8103
vn 0.5422 0.6725 -0.5038
vn -0.4424 -0.5011 -0.7437
vn 0.4700 -0.3525 -0.8093
vn 0.5320 -0.7469 0.3989
vn 0.1398 -0.9896 0.0348
vn 0.7332 -0.6664 -0.1357
vn -0.7414 0.6561 0.1408
vn -0.2472 0.9601 0.1307
vn -0.7367 0.0694 -0.6727
vn 0.6158 -0.2903 0.7325
vn 0.0976 0.9926 -0.0719
vn 0.0873 0.9935 -0.0735
vn 0.1686 0.7094 0.6844
vn 0.1453 0.7872 0.5993
vn -0.9363 0.3430 -0.0759
vn 0.7880 0.6155 0.0139
vn 0.9221 0.3856 0.0317
vn -0.3944 0.9189 -0.0027
vn -0.2679 0.9634 -0.0025
vn -0.3638 0.3728 0.8536
vn -0.4205 0.0734 0.9043
vn -0.7284 0.6801 -0.0826
vn -0.7148 0.6865 -0.1334
vn 0.1092 -0.9931 0.0433
vn -0.1264 0.9873 -0.0965
vn -0.2904 0.9529 -0.0872
vn -0.9375 0.3408 -0.0705
vn -0.9712 0.2140 -0.1050
vn 0.3858 -0.2239 0.8950
vn 0.1377 0.8203 0.5552
vn -0.0142 -0.9981 0.0598
vn -0.0176 -0.9983 0.0563
vn 0.2934 -0.9539 0.0635
vn 0.2113 -0.9760 0.0518
vn -0.4984 -0.8668 -0.0173
vn 0.1847 -0.9579 0.2198
vn -0.8677 -0.4935 0.0597
vn -0.9674 0.1755 -0.1823
vn -0.6968 -0.4814 0.5316
vn 0.7007 0.4961 0.5127
vn 0.3893 0.9139 0.1150
vn -0.0795 0.9494 -0.3039
vn -0.2724 -0.7094 0.6501
vn -0.6078 -0.7043 0.3668
vn 0.9459 0.2578 0.1971
vn -0.9117 -0.1139 -0.3948
vn -0.5202 0.2605 -0.8133
vn -0.9870 -0.1390 0.0805
vn 0.2816 0.2801 -0.9177
vn 0.1029 0.9944 -0.0229
vn -0.1513 0.9376 -0.3130
vn 0.1494 -0.9267 -0.3449
vn -0.0428 -0.9933 0.1074
vn 0.0129 -0.9946 0.1031
vn 0.3546 -0.9350 0.0018
vn 0.3344 -0.9422 0.0211
vn 0.0890 0.9754 -0.2016
vn -0.5366 -0.8117 -0.2305
vn 0.1552 0.9639 0.2163
vn 0.1272 0.9779 0.1661
vn -0.9508 -0.2971 0.0875
vn -0.8743 -0.4791 0.0782
vn -0.3077 -0.5546 0.7731
vn 0.8994 -0.4291 -0.0835
vn 0.9969 -0.0739 0.0280
vn 0.2224 -0.9482 0.2271
vn 0.9955 0.0842 -0.0434
vn 0.9933 -0.0377 -0.1089
vn 0.0904 0.6391 -0.7638
vn 0.1319 0.9792 -0.1543
vn -0.9829 0.1808 0.0339
vn -0.9986 0.0422 0.0325
vn -0.9964 -0.0135 0.0834
vn -0.5708 0.8163 -0.0888
vn -0.2743 0.9541 -0.1201
vn 0.6571 -0.7216 -0.2181
vn 0.6381 -0.6640 -0.3898
vn -0.0665 -0.9169 -0.3936
vn -0.0214 -0.9955 -0.0924
vn 0.9490 0.1798 -0.2589
vn -0.9516 0.2860 -0.1128
vn -0.8443 0.5249 -0.1078
vn 0.0465 -0.9977 0.0493
vn 0.0269 -0.9987 0.0425
vn 0.7482 -0.6628 0.0303
vn 0.2899 -0.9564 0.0352
vn -0.5051 -0.1140 0.8555
vn -0.9517 0.0147 0.3066
vn -0.0878 0.9959 -0.0199
vn 0.9603 0.1698 0.2214
vn 0.6312 0.7662 -0.1200
vn 0.9177 0.3973 0.0001
vn 0.0276 -0.8609 -0.5080
vn 0.8561 -0.3514 0.3790
vn -0.0839 0.9895 -0.1180
vn 0.4923 0.8606 -0.1304
vn 0.7246 0.6803 -0.1098
vn 0.6539 0.7427 -0.1440
vn -0.8950 0.2976 0.3323
vn 0.1481 -0.9700 -0.1928
vn 0.8808 -0.3866 -0.2734
vn 0.9258 -0.2901 -0.2423
vn 0.2205 -0.6136 0.7583
vn 0.9919 -0.1266 0.0054
vn 0.9964 0.0844 -0.0062
vn 0.9981 -0.0603 -0.0133
vn 0.9997 0.0084 -0.0231
vn -0.2595 0.8501 0.4583
vn -0.3804 0.4309 0.8183
vn -0.2326 0.8646 0.4453
vn 0.9935 -0.0929 -0.0654
vn 0.9962 -0.0449 -0.0743
vn 0.9952 -0.0632 -0.0751
vn -0.8296 -0.5472 -0.1109
vn 0.4473 0.6488 0.6156
vn -0.5891 0.8035 -0.0859
vn -0.5966 0.7968 -0.0956
vn -0.8381 0.5348 -0.1072
vn -0.5882 0.8043 -0.0844
vn -0.7547 -0.5983 -0.2692
vn -0.9432 0.2899 0.1624
vn 0.6627 0.4774 0.5770
vn 0.0775 -0.9957 0.0500
vn 0.5606 0.2030 -0.8028
vn -0.0542 -0.9965 -0.0641
vn -0.0557 -0.9979 -0.0320
vn -0.1700 -0.9835 0.0621
vn -0.1648 -0.9862 0.0132
vn -0.0908 0.8427 0.5307
vn 0.8542 -0.5199 0.0126
vn 0.8764 -0.4810 -0.0233
vn 0.9596 -0.2813 0.0035
vn -0.8336 0.5252 -0.1709
vn -0.2139 -0.9160 -0.3395
vn 0.2235 0.4786 0.8491
vn 0.2785 0.2214 0.9346
vn -0.0835 -0.9504 0.2995
vn -0.2923 -0.5524 0.7806
vn -0.2659 -0.4366 0.8595
vn -0.4859 -0.4746 -0.7339
vn 0.1608 -0.9733 0.1640
vn -0.6534 -0.7566 0.0266
vn -0.8546 0.4314 0.2893
vn -0.9866 0.1374 0.0885
vn -0.9734 0.1918 0.1253
vn -0.2576 0.9660 0.0199
vn -0.1914 0.9700 0.1500
vn -0.1130 0.9931 0.0298
vn 0.0572 -0.9826 -0.1766
vn 0.4813 -0.8408 -0.2477
vn -0.1856 -0.9698 0.1584
vn 0.3569 0.1368 0.9241
vn -0.9904 0.0096 -0.1381
vn 0.9771 0.1490 -0.1516
vn 0.6699 0.6725 0.3147
vn 0.5858 0.8094 -0.0408
vn 0.7716 0.6359 -0.0189
vn 0.3516 0.9355 -0.0349
vn 0.7327 0.5790 0.3577
vn 0.5739 -0.1296 0.8086
vn 0.9959 -0.0300 0.0855
vn -0.2087 0.6461 0.7342
vn -0.7505 -0.5670 -0.3395
vn 0.9727 -0.1627 0.1655
vn 0.9143 -0.3779 0.1459
vn -0.9504 -0.2323 -0.2067
vn -0.9733 0.1623 -0.1622
vn -0.1713 0.7997 0.5755
vn -0.1360 0.8475 0.5131
vn -0.0322 0.9637 0.2651
vn -0.1603 -0.9805 0.1133
vn -0.7700 0.6325 -0.0837
vn -0.1069 -0.8058 -0.5825
vn 0.3706 -0.7884 -0.4910
vn -0.0912 -0.9502 -0.2979
vn 0.3414 -0.6289 0.6985
vn 0.0411 -0.6637 0.7469
vn 0.3648 -0.2813 0.8876
vn 0.0097 0.9796 -0.2009
vn 0.1577 0.9758 -0.1515
vn 0.1709 0.9426 -0.2868
vn -0.9633 0.2323 -0.1342
vn 0.6511 0.7590 -0.0002
vn -0.1110 0.6590 0.7439
vn 0.3153 -0.6790 0.6630
vn 0.9880 0.1540 0.0126
vn 0.0372 0.9992 0.0178
vn 0.9682 -0.1038 -0.2276
vn -0.7924 -0.6097 0.0209
vn -0.9281 -0.2963 0.2256
vn 0.2623 0.8044 0.5331
vn 0.3194 0.3309 0.8880
vn 0.3771 -0.0710 0.9235
vn 0.1697 0.9855 0.0004
vn 0.1270 -0.9890 -0.0755
vn -0.4117 0.9097 0.0538
vn 0.5833 -0.7492 0.3138
vn -0.4016 -0.8896 -0.2176
vn -0.9936 -0.0885 -0.0701
vn 0.0772 0.8753 0.4774
vn -0.0471 -0.3540 -0.9341
vn -0.7527 0.3655 0.5476
vn -0.9138 -0.3984 -0.0790
vn 0.5666 0.7223 0.3965
vn 0.6566 0.7167 0.2351
vn 0.0582 -0.4733 -0.8790
vn -0.2213 -0.1826 -0.9579
vn -0.1390 -0.5038 -0.8526
vn -0.2959 -0.3345 -0.8948
vn -0.5844 0.0809 -0.8075
vn 0.3712 -0.6846 0.6273
vn -0.6246 -0.4994 -0.6004
vn -0.6238 -0.7275 -0.2856
vn 0.9960 -0.0643 -0.0623
vn 0.0090 0.9731 0.2302
vn 0.0648 0.9959 0.0628
vn 0.0519 0.9899 0.1322
vn -0.0009 -0.9964 0.0843
vn 0.0105 -0.9972 0.0745
vn -0.0422 0.9991 0.0100
vn -0.9285 0.3686 -0.0454
vn -0.9705 0.2311 -0.0691
vn 0.8996 0.1136 -0.4217
vn 0.9910 0.1318 0.0252
vn -0.0608 -0.9942 -0.0886
vn 0.9537 0.2777 -0.1153
vn 0.8322 0.5335 -0.1511
vn 0.4920 0.8330 -0.2530
vn 0.5745 0.7742 -0.2655
vn -0.9949 -0.0971 -0.0264
vn -0.9895 0.1393 0.0374
vn -0.9959 0.0858 0.0275
vn -0.9930 0.1120 -0.0363
vn -0.8385 0.5239 0.1500
vn -0.7652 0.5880 0.2622
vn 0.0672 -0.9826 -0.1732
vn -0.2567 -0.8946 0.3659
vn -0.2019 -0.9581 0.2030
vn 0.9620 0.2729 -0.0108
vn 0.0177 -0.9818 -0.1893
vn 0.0474 0.9928 0.1097
vn -0.9104 0.4132 -0.0196
vn -0.9785 -0.0280 0.2043
vn 0.4202 -0.9073 -0.0174
vn 0.5219 -0.8497 -0.0750
vn 0.5985 -0.8003 -0.0355
vn -0.2115 0.8936 0.3958
vn -0.4620 0.8566 0.2297
vn 0.9692 0.2462 0.0100
vn -0.9854 -0.0944 -0.1415
vn -0.1187 0.0248 -0.9926
vn -0.2776 0.2240 -0.9342
vn -0.0253 0.0657 -0.9975
vn 0.1838 -0.9039 -0.3861
vn -0.9959 -0.0896 0.0080
vn 0.0107 -0.9939 -0.1095
vn -0.8981 0.4084 -0.1629
vn -0.4792 0.6182 0.6230
vn -0.0229 -0.9979 0.0602
vn -0.9106 0.3048 0.2790
vn -0.6227 -0.7630 -0.1737
vn -0.5459 -0.8094 -0.2165
vn 0.9947 0.0757 0.0691
vn -0.1033 0.9869 0.1237
vn 0.2486 -0.9112 0.3285
vn 0.2740 0.3092 0.9106
vn -0.0572 -0.9659 -0.2526
vn -0.2803 -0.7066 0.6498
vn -0.1472 0.9888 0.0238
vn 0.0027 0.9999 0.0101
vn -0.2631 -0.5063 -0.8213
vn -0.0017 -0.9984 0.0562
vn 0.0145 -0.9996 0.0262
vn -0.1842 -0.8147 0.5498
vn -0.2511 -0.6366 0.7292
vn -0.0744 -0.9735 0.2163
vn -0.3075 0.9515 -0.0104
vn -0.2966 0.9550 -0.0077
vn 0.0254 -0.9992 -0.0303
vn -0.0055 -0.9025 0.4306
vn 0.2140 -0.9758 0.0444
vn 0.2792 -0.9563 -0.0866
vn 0.4818 -0.8749 -0.0482
vn 0.8864 0.4113 -0.2124
vn 0.9666 -0.1937 -0.1680
vn -0.7964 -0.0844 -0.5988
vn 0.4402 -0.6592 -0.6096
vn -0.6444 0.7296 -0.2290
vn 0.5062 0.4421 0.7405
vn -0.0064 0.9734 0.2288
vn 0.0149 0.9930 0.1171
vn 0.5834 0.8122 -0.0091
vn 0.6867 0.7269 -0.0025
vn -0.0610 -0.9867 0.1510
vn 0.8173 -0.4775 -0.3224
vn 0.6643 -0.6264 -0.4080
vn -0.2102 0.7387 0.6404
vn -0.0183 -0.9991 0.0373
vn -0.1755 -0.9441 -0.2791
vn 0.1700 -0.9484 -0.2677
vn 0.1167 0.9824 -0.1458
vn 0.9043 0.3430 0.2542
vn 0.9599 0.2509 0.1251
vn 0.9861 0.1419 0.0861
vn 0.6612 0.6341 -0.4010
vn 0.4351 -0.3859 -0.8135
vn -0.6045 -0.7557 -0.2520
vn 0.9782 -0.1591 -0.1332
vn 0.6898 -0.7197 0.0788
vn 0.6565 -0.7479 -0.0985
vn -0.9991 -0.0206 -0.0375
vn -0.9995 -0.0142 -0.0268
vn -0.9899 -0.1377 -0.0332
vn -0.7109 0.6971 -0.0930
vn -0.6229 0.7817 -0.0309
vn -0.1651 0.9847 0.0563
vn 0.2852 -0.3842 0.8781
vn -0.8645 0.4871 -0.1240
vn 0.2863 -0.9575 -0.0351
vn 0.7556 -0.0199 -0.6547
vn 0.0604 0.2302 -0.9713
vn 0.2354 -0.8333 -0.5001
vn -0.9913 -0.0989 0.0863
vn -0.9911 0.0441 0.1253
vn -0.9943 0.1064 -0.0014
vn 0.3717 0.9279 -0.0284
vn 0.4045 0.9139 -0.0341
vn 0.8009 0.2588 -0.5400
vn -0.0588 0.9879 0.1435
vn -0.1069 -0.9908 -0.0832
vn -0.2424 0.9622 -0.1241
vn 0.0715 0.9969 0.0327
vn -0.8301 -0.0288 0.5568
vn -0.8809 -0.2124 0.4229
vn -0.9901 -0.1406 -0.0019
vn 0.2323 -0.9237 0.3046
vn -0.7191 -0.6661 -0.1981
vn 0.5645 0.8244 -0.0424
vn 0.5495 0.8352 -0.0217
vn -0.5978 0.7514 0.2793
vn -0.9967 0.0724 0.0377
vn -0.9970 -0.0487 -0.0599
vn 0.2950 0.9544 -0.0464
vn 0.4718 0.8785 -0.0755
vn 0.8002 0.5973 -0.0530
vn 0.2519 -0.9206 -0.2984
vn 0.8933 -0.3886 -0.2258
vn -0.7550 0.6557 -0.0040
vn -0.8696 0.4938 0.0029
vn -0.9476 0.3108 0.0736
vn -0.1482 0.9771 -0.1526
vn -0.3436 0.8505 -0.3983
vn -0.1173 0.2573 -0.9592
vn 0.0720 -0.0988 -0.9925
vn 0.8717 0.4237 0.2464
vn -0.6083 0.7407 0.2852
vn -0.8726 -0.4532 0.1822
vn -0.6448 0.7643 -0.0077
vn -0.5381 0.8428 -0.0119
vn -0.5534 0.8294 -0.0766
vn 0.7494 0.6409 -0.1666
vn 0.0348 0.9856 -0.1653
vn -0.1523 -0.9883 -0.0017
vn -0.0678 -0.9936 -0.0904
vn 0.7045 -0.7038 -0.0920
vn -0.1497 -0.9886 0.0135
vn -0.1428 -0.9897 0.0053
vn -0.1550 -0.9878 0.0141
vn -0.3718 -0.0418 -0.9274
vn 0.5989 -0.7750 -0.2017
vn 0.9405 -0.2509 -0.2290
vn -0.7023 -0.6804 -0.2095
vn 0.0549 -0.8497 -0.5244
vn 0.0505 -0.9705 -0.2357
vn -0.2358 0.9717 -0.0150
vn 0.2420 -0.9684 -0.0601
vn 0.0544 -0.9979 0.0351
vn -0.1735 0.9795 -0.1025
vn -0.4272 0.9025 -0.0544
vn -0.3520 0.9200 -0.1723
vn 0.2004 -0.9741 0.1047
vn -0.8591 -0.1588 -0.4865
vn -0.4211 -0.4686 -0.7766
vn 0.5705 0.7405 0.3553
vn -0.1733 -0.9847 -0.0203
vn -0.1078 -0.9920 -0.0660
vn -0.1177 0.9806 0.1570
vn 0.5942 -0.5751 0.5623
vn -0.9923 -0.1040 -0.0668
vn 0.6545 -0.7368 -0.1697
vn 0.9960 -0.0659 -0.0607
vn 0.5809 -0.3564 0.7318
vn -0.1724 0.9315 0.3204
vn -0.0736 0.9336 0.3506
vn -0.9701 0.1361 -0.2008
vn -0.1158 -0.9906 -0.0726
vn -0.8795 0.3918 0.2702
vn -0.8017 -0.5516 0.2303
vn 0.0489 -0.9797 -0.1943
vn 0.1336 -0.9656 -0.2231
vn -0.9953 0.0347 0.0909
vn 0.9994 -0.0129 -0.0313
vn -0.9972 0.0723 0.0215
vn 0.6826 -0.6475 -0.3389
vn 0.1474 0.9592 -0.2415
vn 0.1322 0.9729 -0.1898
vn 0.7162 -0.6906 -0.1010
vn 0.0136 -0.9582 -0.2859
vn 0.3026 -0.8975 -0.3207
vn -0.7714 -0.1089 0.6270
vn -0.5857 -0.5621 0.5839
vn -0.3968 0.8408 -0.3682
vn 0.8630 0.5045 -0.0275
vn -0.8699 -0.3772 -0.3177
vn 0.8939 -0.0935 -0.4383
vn 0.9629 0.2184 0.1587
vn 0.9163 0.3130 0.2500
vn 0.9476 0.2596 0.1864
vn -0.0789 0.9960 0.0420
vn 0.9868 -0.0335 -0.1586
vn 0.0925 0.9954 -0.0244
vn -0.1070 0.9880 -0.1113
vn -0.1239 0.9795 -0.1587
vn -0.1717 0.7812 0.6002
vn -0.2763 0.0136 0.9610
vn -0.0029 0.2883 0.9575
vn 0.0707 0.0709 0.9950
vn -0.0301 -0.0633 0.9975
vn 0.4047 0.0430 0.9134
vn 0.3754 -0.4829 0.7911
vn 0.7513 -0.6546 0.0843
vn -0.3246 -0.9417 0.0889
vn 0.9997 0.0186 -0.0169
vn -0.7582 0.5081 0.4086
vn -0.7421 0.5968 0.3052
vn -0.3039 -0.9441 -0.1274
vn 0.2117 0.9359 0.2815
vn 0.5946 0.7674 0.2399
vn 0.7917 -0.5740 -0.2090
vn -0.1709 0.7918 0.5864
vn -0.2343 0.3614 0.9025
vn -0.1973 0.7655 0.6124
vn -0.0444 0.9986 0.0284
vn -0.0642 0.9979 0.0123
vn -0.1928 0.1217 0.9737
vn -0.2937 0.9558 -0.0114
vn 0.9671 0.2438 -0.0723
vn -0.3731 -0.9273 -0.0295
vn -0.6891 -0.7246 0.0013
vn -0.0741 -0.9957 -0.0550
vn 0.0994 0.9603 -0.2608
vn -0.8610 0.5087 0.0028
vn 0.6195 0.7849 -0.0118
vn 0.4742 0.8798 -0.0322
vn 0.4364 0.8997 -0.0102
vn -0.8153 0.5696 0.1040
vn 0.0564 0.9196 0.3888
vn 0.4492 -0.8527 -0.2667
vn -0.4169 0.9062 -0.0706
vn -0.0673 -0.9840 -0.1650
vn 0.2243 -0.5712 -0.7896
vn 0.1992 -0.1764 -0.9639
vn 0.8511 0.5242 -0.0279
vn 0.6389 0.7693 0.0068
vn 0.0004 -0.9845 -0.1754
vn -0.9942 -0.0897 -0.0596
vn -0.9776 -0.1376 0.1594
vn -0.9694 -0.2080 0.1304
vn -0.9441 -0.3061 0.1222
vn -0.1937 0.5769 0.7935
vn -0.3318 -0.2453 0.9109
vn -0.2395 0.4662 0.8516
vn 0.0114 0.9939 0.1095
vn 0.1732 0.9733 -0.1507
vn 0.3790 0.9215 -0.0847
vn 0.8890 -0.4132 -0.1974
vn 0.7292 0.6825 -0.0497
vn 0.8815 -0.1430 0.4500
vn -0.3925 0.6972 0.5999
vn -0.5564 0.6743 0.4856
vn 0.0196 -0.9840 -0.1770
vn 0.0776 -0.9800 -0.1834
vn 0.3420 -0.9042 -0.2558
vn 0.0896 -0.9959 0.0104
vn -0.0393 -0.9992 0.0011
vn -0.1494 0.9854 -0.0820
vn -0.2547 -0.6246 -0.7383
vn 0.2366 -0.9516 0.1963
vn 0.3136 -0.9490 0.0324
vn 0.2523 0.9676 -0.0114
vn 0.3699 0.0145 0.9290
vn 0.0213 -0.3656 0.9305
vn -0.0505 -0.9975 -0.0490
vn 0.7651 0.5534 0.3291
vn 0.1409 0.9727 -0.1842
vn 0.5674 -0.7794 0.2656
vn -0.1882 -0.9525 -0.2395
vn 0.3263 0.9451 -0.0163
vn 0.4272 0.9037 -0.0286
vn -0.2146 -0.9716 0.0994
vn -0.9208 0.3898 -0.0088
vn -0.9369 0.3117 -0.1586
vn 0.9849 0.0313 0.1703
vn 0.9637 -0.2149 -0.1582
vn -0.5204 -0.8101 0.2701
vn -0.7122 -0.5016 0.4911
vn -0.0946 -0.9912 -0.0928
vn -0.0497 -0.9984 0.0264
vn 0.0163 -0.7971 -0.6036
vn 0.2002 0.7546 -0.6249
vn 0.2532 0.9617 -0.1054
vn 0.2297 0.9732 -0.0096
vn 0.3417 0.9398 -0.0106
vn 0.2285 0.9735 -0.0030
vn 0.9974 -0.0558 0.0452
vn -0.9790 -0.1231 -0.1623
vn -0.2548 -0.8416 0.4762
vn 0.6656 0.5921 0.4543
vn 0.9135 0.3262 0.2432
vn -0.9423 -0.2938 0.1602
vn -0.9837 0.1800 -0.0024
vn -0.0302 -0.9995 -0.0107
vn 0.1329 -0.8133 -0.5664
vn -0.9368 -0.3431 0.0692
vn -0.9308 -0.2898 0.2230
vn -0.8921 0.0672 0.4468
vn 0.0561 0.9984 -0.0005
vn 0.8197 -0.2130 0.5318
vn 0.2538 -0.7754 0.5782
vn 0.7501 -0.6602 0.0376
vn 0.0797 0.9960 0.0392
vn 0.0221 0.9811 0.1924
vn -0.2924 -0.4444 0.8468
vn 0.3188 -0.9095 0.2667
vn 0.4782 0.8782 0.0094
vn 0.8382 0.4447 0.3157
vn 0.2962 -0.2100 0.9318
vn 0.0488 0.9897 0.1346
vn 0.0457 0.9824 0.1813
vn 0.9303 0.1521 -0.3339
vn 0.8927 0.3980 -0.2115
vn -0.0479 -0.3196 0.9463
vn 0.9565 0.2615 -0.1292
vn 0.9916 0.0845 -0.0981
vn 0.3930 0.3829 0.8360
vn -0.2208 -0.9701 -0.1004
vn 0.3314 -0.2547 0.9085
vn 0.0141 -0.1305 0.9913
vn -0.3814 -0.5307 0.7569
vn -0.3618 0.3075 0.8801
vn -0.3682 0.0407 -0.9289
vn -0.2018 0.7085 -0.6763
vn 0.9704 -0.1575 0.1829
vn -0.9058 -0.3852 -0.1766
vn 0.9792 -0.0825 0.1856
vn 0.9978 -0.0655 0.0080
vn -0.1861 -0.9524 0.2416
vn 0.6692 -0.6223 0.4061
vn 0.0297 0.2341 -0.9718
vn 0.6238 0.6563 -0.4243
vn 0.3112 0.4731 0.8242
vn 0.7454 0.6661 -0.0254
vn -0.1471 -0.8388 0.5241
vn 0.3289 -0.6301 0.7035
vn -0.2755 0.6036 0.7481
vn 0.6197 -0.7822 0.0637
vn 0.9991 -0.0308 -0.0294
vn -0.9586 0.0533 -0.2799
vn -0.0793 0.1956 -0.9775
vn 0.4877 0.5472 -0.6802
vn 0.4812 -0.6307 0.6088
vn -0.1391 -0.9882 0.0641
vn -0.0761 -0.9954 0.0586
vn -0.0216 -0.9459 0.3238
vn 0.6454 0.6336 0.4266
vn -0.0211 0.9658 -0.2583
vn -0.0905 0.8404 -0.5344
vn 0.3150 -0.4275 0.8474
vn -0.9394 -0.3121 -0.1420
vn -0.0067 0.9924 0.1228
vn 0.6054 -0.0945 0.7903
vn 0.7703 -0.3643 0.5234
vn 0.1150 -0.9894 -0.0888
vn 0.0661 0.9973 0.0325
vn 0.9780 0.2084 0.0056
vn 0.9764 0.2159 0.0046
vn 0.3906 0.9199 0.0351
vn 0.6751 0.3759 0.6347
vn -0.7085 -0.6677 -0.2286
vn -0.9530 0.3024 -0.0212
vn -0.9861 0.1629 -0.0325
vn -0.9960 0.0878 0.0136
vn -0.0956 -0.9924 -0.0775
vn -0.2961 -0.8473 0.4409
vn -0.9687 0.2477 0.0171
vn -0.7227 0.6753 -0.1475
vn -0.0034 -1.0000 0.0092
vn -0.0649 -0.9555 -0.2876
vn -0.0590 0.8854 0.4611
vn -0.4069 -0.9134 -0.0054
vn 0.0549 -0.9894 0.1344
vn 0.7354 -0.6776 -0.0048
vn -0.6746 -0.7069 -0.2128
vn -0.1208 0.9890 -0.0858
vn 0.1593 0.7949 -0.5854
vn -0.8284 -0.5387 0.1535
vn 0.9987 0.0085 -0.0498
vn -0.9204 0.0478 0.3880
vn 0.8537 0.5207 0.0024
vn -0.4950 0.7462 0.4451
vn -0.2679 0.8495 0.4545
vn -0.2323 -0.9531 -0.1940
vn -0.5432 -0.7689 -0.3372
vn -0.0794 -0.9771 -0.1972
vn -0.9858 -0.0826 -0.1462
vn 0.1281 -0.9904 -0.0526
vn 0.8538 -0.5015 -0.1396
vn 0.7122 -0.6995 0.0599
vn -0.0265 0.9844 0.1739
vn 0.2549 -0.9021 0.3482
vn -0.1504 -0.8016 -0.5787
vn 0.7983 0.5881 -0.1297
vn 0.8375 0.5279 -0.1409
vn 0.0529 0.9558 -0.2892
vn -0.0273 0.9882 -0.1508
vn -0.0207 0.9257 -0.3776
vn 0.8167 -0.4999 -0.2883
vn -0.8410 -0.5411 0.0028
vn -0.7863 0.6146 -0.0636
vn -0.8326 0.5423 -0.1125
vn 0.5521 0.8299 0.0806
vn 0.0540 0.9982 -0.0257
vn 0.9601 0.1665 -0.2246
vn 0.3977 0.0164 -0.9174
vn 0.1100 0.5557 -0.8241
vn 0.1176 0.9851 -0.1254
vn 0.6374 0.7695 -0.0391
vn 0.2866 0.9580 -0.0053
vn -0.1018 0.9815 -0.1624
vn -0.5231 -0.8520 0.0216
vn -0.5181 -0.8376 0.1733
vn 0.9981 0.0526 0.0318
vn -0.9670 -0.2000 0.1578
vn -0.8759 -0.4763 -0.0770
vn 0.2028 -0.9240 0.3242
vn 0.2691 -0.7946 0.5443
vn 0.4796 -0.6528 0.5864
vn 0.9522 -0.2739 -0.1352
vn -0.2275 -0.9737 0.0100
vn -0.6982 0.7153 -0.0306
vn 0.2353 0.8991 -0.3691
vn -0.4891 -0.1765 0.8542
vn -0.0899 0.9956 0.0272
vn 0.4060 -0.9114 -0.0672
vn 0.0469 -0.4121 0.9099
vn 0.9524 0.3047 -0.0053
vn 0.9421 0.3354 0.0008
vn -0.0748 -0.5927 -0.8019
vn 0.9961 0.0765 0.0435
vn 0.7066 0.7049 -0.0618
vn -0.1767 -0.9785 0.1066
vn 0.1067 0.9835 -0.1464
vn 0.6251 -0.6737 -0.3941
vn -0.0784 -0.2160 0.9732
vn -0.2446 -0.2129 0.9460
vn 0.8834 -0.1606 -0.4403
vn 0.5483 -0.8351 -0.0440
vn -0.0222 0.9909 0.1324
vn -0.0801 0.9558 0.2829
vn -0.4506 -0.7567 -0.4737
vn 0.9930 0.1182 0.0055
vn 0.9844 0.1758 -0.0023
vn 0.9987 0.0506 -0.0022
vn -0.3586 -0.9285 0.0969
vn -0.1059 -0.9898 0.0950
vn -0.0669 0.9936 0.0911
vn 0.1449 -0.9843 0.1006
vn 0.1292 -0.9912 0.0302
vn 0.0169 0.8944 0.4470
vn 0.0201 0.8559 -0.5167
vn -0.1820 0.9833 -0.0073
vn 0.0036 -0.9995 0.0316
vn 0.4328 0.9007 -0.0377
vn 0.6169 0.7834 -0.0758
vn -0.2712 0.9625 0.0039
vn -0.8684 0.4959 -0.0020
vn -0.9013 0.4331 0.0032
vn -1.0000 -0.0001 0.0018
vn -0.2365 0.9708 0.0408
vn -0.2202 -0.9751 0.0278
vn -0.4176 -0.9081 0.0319
vn -0.9944 0.0627 -0.0851
vn -0.9933 -0.0765 -0.0871
vn -0.1154 -0.9914 -0.0622
vn 0.0022 -0.9976 0.0686
vn 0.3468 0.8139 0.4662
vn 0.4634 0.8851 0.0434
vn 0.1136 -0.9916 -0.0614
vn -0.4099 0.9045 -0.1182
vn -0.4458 0.0815 -0.8914
vn 0.1688 -0.9853 0.0280
vn 0.3042 -0.9365 0.1743
vn -0.1119 -0.6541 -0.7481
vn -0.3776 -0.8218 -0.4268
vn -0.0756 -0.9804 -0.1818
vn -0.4192 -0.8777 -0.2321
vn -0.7022 -0.4585 0.5447
vn -0.3042 0.1078 0.9465
vn 0.7814 0.0968 0.6165
vn 0.7455 -0.2216 0.6286
vn 0.1589 -0.9832 -0.0894
vn -0.3489 0.0687 0.9346
vn 0.9685 -0.2458 0.0395
vn 0.8750 -0.4825 0.0390
vn -0.3216 0.3985 0.8589
vn -0.5007 0.5344 -0.6809
vn 0.0328 -0.9816 0.1883
vn 0.0065 -0.9978 -0.0655
vn 0.8274 0.5617 0.0032
vn 0.9784 0.1950 -0.0690
vn 0.2933 -0.5682 0.7688
vn -0.0944 -0.9815 -0.1663
vn -0.6359 -0.7525 -0.1714
vn 0.2366 -0.9129 -0.3327
vn -0.2657 0.7579 0.5958
vn -0.4498 -0.8931 -0.0012
vn 0.0169 0.9621 0.2723
vn 0.1732 -0.5289 -0.8309
vn 0.9038 0.3985 0.1558
vn 0.0197 -0.9878 0.1543
vn 0.0427 -0.9796 0.1964
vn 0.1541 -0.8795 0.4502
vn -0.9660 0.2567 -0.0306
vn -0.7341 0.6790 -0.0056
vn -0.7379 0.6749 -0.0040
vn -0.8125 0.5829 -0.0047
vn -0.3736 0.9164 -0.1439
vn 0.8538 -0.0447 0.5186
vn 0.9999 -0.0122 0.0022
vn 0.1585 0.9553 -0.2494
vn 0.2137 0.2054 -0.9551
vn 0.1026 -0.9846 0.1413
vn 0.9675 0.1643 0.1922
vn 0.9852 -0.0202 0.1703
vn 0.4933 -0.8676 0.0621
vn 0.1023 -0.9945 -0.0222
vn -0.4253 0.8498 0.3114
vn 0.4014 -0.4996 -0.7676
vn 0.0772 -0.9832 -0.1654
vn 0.0958 0.9954 0.0001
vn -0.3467 0.3079 0.8860
vn -0.3361 0.5042 0.7955
vn 0.1493 0.9818 -0.1171
vn -0.9629 -0.2090 0.1705
vn -0.0390 -0.3570 -0.9333
vn 0.9335 -0.3523 0.0674
vn 0.9564 -0.2751 0.0976
vn 0.5325 -0.8408 -0.0976
vn -0.3420 -0.1976 0.9187
vn 0.0346 -0.9841 -0.1743
vn -0.0595 0.9967 0.0561
vn 0.6968 -0.7170 0.0219
vn 0.0406 -0.9855 -0.1647
vn -0.1204 0.8999 0.4191
vn 0.9543 -0.2955 -0.0434
vn 0.1254 -0.9917 -0.0282
vn 0.4682 0.2213 0.8555
vn 0.1958 -0.8361 0.5125
vn -0.6847 0.6655 0.2972
vn -0.6707 0.7272 0.1461
vn -0.2821 0.9239 0.2584
vn -0.7837 -0.5778 -0.2281
vn -0.9837 0.1667 -0.0679
vn 0.5550 -0.8314 -0.0272
vn 0.0186 0.9836 -0.1796
vn 0.6844 0.5866 0.4331
vn 0.1913 -0.9477 -0.2556
vn 0.7910 -0.4574 -0.4063
vn 0.4188 -0.4957 -0.7609
vn -0.2681 0.8744 0.4044
vn -0.1297 -0.9915 0.0094
vn 0.0792 0.9968 0.0050
vn -0.1380 0.9671 -0.2137
vn -0.1375 0.9635 -0.2299
vn 0.8304 -0.5552 -0.0468
vn -0.7923 -0.6081 -0.0494
vn -0.9831 -0.1575 -0.0936
vn 0.1500 0.9855 -0.0797
vn 0.9955 0.0803 0.0502
vn 0.3802 0.9247 -0.0225
vn 0.7787 -0.6274 -0.0024
vn 0.7314 0.6819 -0.0077
vn 0.4936 0.8692 -0.0298
vn 0.8137 0.4458 -0.3730
vn 0.7005 0.3397 0.6276
vn -0.2068 -0.7841 -0.5852
vn 0.2510 0.2499 -0.9352
vn 0.9599 -0.2785 -0.0317
vn 0.3763 -0.8229 -0.4257
vn -0.7918 0.6103 -0.0251
vn -0.1921 0.9764 -0.0983
vn -0.1615 0.8766 -0.4533
vn -0.0310 -0.4031 0.9146
vn 0.4397 -0.8966 0.0519
vn -0.8161 0.4575 0.3531
vn -0.8982 0.3509 0.2648
vn 0.1012 -0.9819 -0.1601
vn 0.3841 -0.5128 0.7678
vn -0.9735 -0.0899 -0.2104
vn -0.6827 0.1390 -0.7173
vn -0.7220 0.6390 0.2654
vn -0.2700 0.0267 0.9625
vn 0.1875 0.9820 0.0215
vn -0.6177 -0.7864 -0.0098
vn -0.0639 -0.9924 -0.1052
vn -0.0403 -0.9991 -0.0128
vn 0.0924 -0.9912 -0.0948
vn 0.0583 -0.9983 -0.0000
vn 0.7398 0.6707 -0.0540
vn 0.0222 0.9942 -0.1048
vn 0.3516 -0.9186 -0.1802
vn 0.1753 0.1818 -0.9676
vn 0.3636 0.0063 0.9315
vn 0.0702 0.1701 0.9829
vn -0.1381 -0.4799 0.8664
vn -0.1433 -0.9825 0.1187
vn 0.1168 -0.9928 0.0283
vn -0.6056 -0.4688 0.6430
vn 0.1791 -0.8406 0.5112
vn 0.3601 -0.3681 0.8573
vn 0.3243 0.7258 0.6067
vn -0.0018 -0.3554 -0.9347
vn -0.0394 -0.9855 -0.1652
vn -0.6393 0.6417 0.4237
vn -0.0891 0.7514 0.6538
vn -0.2990 0.1449 -0.9432
vn -0.7425 -0.6685 0.0426
vn 0.8202 0.5593 0.1205
vn 0.2416 0.6441 0.7258
vn 0.3559 0.2020 0.9124
vn 0.1778 0.6891 0.7025
vn -0.8962 -0.1339 -0.4230
vn -0.8302 -0.4626 -0.3112
vn 0.0987 -0.9778 -0.1849
vn 0.8342 -0.5295 0.1544
vn 0.9644 0.0841 0.2508
vn -0.3903 0.9192 -0.0535
vn -0.1201 -0.0363 0.9921
vn -0.4997 0.8423 0.2023
vn 0.2644 0.2818 0.9223
vn -0.1455 0.9793 0.1405
vn 0.3551 -0.9162 -0.1856
vn -0.2931 -0.9561 0.0079
vn -0.0805 0.8562 0.5104
vn -0.9927 0.1202 -0.0080
vn -0.9050 -0.4250 0.0181
vn 0.0463 0.9835 0.1748
vn -0.1857 0.9278 0.3235
vn -0.8111 0.5849 0.0016
vn 0.1157 0.9918 -0.0537
vn 0.4765 -0.6009 -0.6418
vn 0.5381 -0.8125 0.2243
vn 0.0442 -0.9987 0.0266
vn -0.1227 -0.9897 -0.0736
vn 0.2169 -0.9756 -0.0328
vn 0.2221 0.3453 -0.9118
vn 0.1954 0.8121 -0.5499
vn -0.1081 0.9841 0.1408
vn 0.3790 0.7013 -0.6037
vn 0.6910 -0.2536 -0.6769
vn -0.4069 -0.7842 -0.4684
vn 0.1257 0.9661 -0.2254
vn 0.1247 0.9622 -0.2422
vn -0.6392 -0.7606 -0.1136
vn -0.9946 0.0977 -0.0362
vn 0.9551 -0.2020 -0.2168
vn -0.8212 -0.5705 0.0103
vn -0.3454 -0.9324 0.1067
vn -0.3064 -0.6811 0.6650
vn -0.2381 -0.8785 0.4142
vn 0.2204 0.5891 0.7774
vn -0.1739 0.9481 0.2663
vn 0.2106 -0.9581 0.1941
vn 0.8287 -0.5167 -0.2153
vn -0.9798 0.1903 0.0618
vn 0.6527 0.7576 -0.0027
vn -0.7625 0.6419 -0.0811
vn 0.5217 0.8305 -0.1951
vn 0.2632 -0.9324 0.2475
vn 0.9861 0.1656 -0.0140
vn 0.9992 0.0027 0.0394
vn 0.9312 0.3270 -0.1612
vn 0.9778 0.0433 -0.2048
vn -0.1356 -0.9900 0.0378
vn -0.1330 -0.9907 0.0290
vn 0.3066 0.9518 -0.0070
vn 0.3845 0.9230 -0.0120
vn 0.6950 0.1286 -0.7074
vn 0.0798 -0.9945 0.0680
vn 0.1290 -0.9748 -0.1822
vn 0.0765 0.9795 -0.1862
vn -0.0204 -0.9880 -0.1533
vn 0.9921 -0.0216 0.1236
vn -0.7483 -0.6537 0.1130
vn -0.7982 0.5813 0.1581
vn 0.0311 0.9949 0.0964
vn -0.1008 0.9945 0.0298
vn 0.0527 0.3157 -0.9474
vn 0.8142 0.5794 -0.0365
vn -0.0503 0.9984 -0.0272
vn 0.9406 0.2701 0.2057
vn 0.3499 0.9365 -0.0231
vn 0.2631 -0.9624 -0.0682
vn 0.3043 -0.9439 -0.1280
vn 0.3967 -0.9168 -0.0469
vn 0.5315 -0.0353 0.8463
vn 0.8128 0.5253 0.2519
vn 0.8956 0.3810 0.2295
vn 0.8411 -0.4292 -0.3291
vn 0.1922 0.8851 0.4239
vn 0.8493 0.5279 -0.0048
vn 0.3127 -0.6298 0.7110
vn 0.1648 0.9860 0.0255
vn -0.0652 0.9977 -0.0201
vn -0.8448 0.5316 0.0612
vn -0.9572 -0.2683 -0.1086
vn -0.9819 -0.1609 -0.1002
vn -0.2945 -0.7770 0.5563
vn -0.7747 -0.6270 0.0818
vn 0.6650 0.7459 -0.0380
vn 0.9916 0.0346 -0.1247
vn -0.9981 0.0024 0.0612
vn -0.9957 0.0640 -0.0672
vn -0.9447 -0.2474 0.2155
vn -0.7079 -0.6559 0.2619
vn -0.8361 -0.5437 0.0732
vn -0.9870 -0.0938 0.1307
vn 0.2379 -0.9711 0.0179
vn 0.1928 0.9812 -0.0069
vn -0.1379 0.9016 0.4099
vn 0.3709 -0.2722 0.8879
vn 0.1495 0.9449 -0.2912
vn -0.9344 0.3562 -0.0027
vn -0.9664 0.2566 -0.0167
vn -0.9270 0.2849 0.2437
vn 0.9990 -0.0326 0.0307
vn 0.0111 -0.9888 -0.1486
vn 0.9005 0.4328 0.0422
vn -0.9009 0.4255 -0.0859
vn 0.1281 -0.9914 0.0279
vn -0.5953 -0.7629 -0.2523
vn 0.7144 -0.6921 -0.1034
vn 0.1831 -0.8256 -0.5337
vn 0.9492 0.3074 -0.0679
vn -0.6869 -0.7173 -0.1170
vn -0.1355 -0.9907 0.0141
vn 0.3323 0.8222 0.4622
vn -0.9499 -0.3114 0.0275
vn 0.1080 0.9840 0.1416
vn -0.6176 -0.7818 0.0861
vn -0.3279 -0.9252 -0.1910
vn -0.3776 0.7955 -0.4740
vn -0.0568 0.8523 -0.5199
vn -0.5367 0.8377 -0.1011
vn 0.2836 -0.3062 -0.9087
vn 0.1115 -0.5514 -0.8268
vn -0.0090 0.9707 -0.2403
vn 0.1001 -0.0630 -0.9930
vn 0.0778 0.9471 -0.3114
vn 0.9930 0.0778 -0.0893
vn -0.2795 0.7703 -0.5732
vn 0.0470 0.9602 -0.2755
vn 0.1426 0.9898 -0.0042
vn 0.2067 0.9784 -0.0030
vn 0.1594 0.9156 -0.3692
vn -0.4870 -0.6307 -0.6042
vn -0.1946 0.9808 -0.0138
vn -0.9626 0.0294 0.2695
vn 0.0182 -0.9993 0.0338
vn -0.4747 0.7500 0.4607
vn -0.7685 -0.2895 0.5706
vn 0.9331 -0.0838 0.3498
vn -0.0501 -0.9794 0.1957
vn -0.0233 -0.9896 0.1422
vn 0.5229 -0.5410 0.6586
vn -0.9234 0.3829 0.0261
vn 0.9233 -0.0101 -0.3840
vn 0.9832 0.1658 0.0759
vn -0.2053 0.8201 0.5341
vn 0.0096 0.8897 -0.4565
vn 0.2427 -0.7965 0.5538
vn -0.0197 -0.7673 0.6409
vn 0.1213 -0.9911 -0.0554
vn 0.1381 -0.9897 0.0366
vn 0.6775 -0.6584 -0.3278
vn 0.1950 -0.9397 0.2811
vn 0.9973 -0.0525 -0.0521
vn 0.1797 0.0010 0.9837
vn 0.0969 -0.0766 0.9923
vn -0.9836 0.1802 -0.0063
vn 0.6974 -0.7156 0.0385
vn 0.5700 -0.8216 0.0091
vn -0.9653 -0.2333 -0.1177
vn -0.9567 -0.2622 -0.1261
vn -0.7891 0.5844 -0.1893
vn -0.8115 0.5844 0.0022
vn 0.0023 -0.9987 0.0501
vn -0.8032 0.5957 -0.0054
vn -0.6334 -0.7659 -0.1104
vn 0.8978 -0.4325 0.0830
vn -0.8536 0.5189 -0.0462
vn 0.2998 -0.4041 -0.8642
vn -0.0726 0.3452 -0.9357
vn -0.1452 -0.9453 -0.2920
vn 0.7975 -0.5473 -0.2541
vn -0.1922 0.9409 0.2791
vn -0.0637 0.9759 -0.2089
vn 0.7293 0.6842 -0.0051
vn 0.2931 -0.9352 -0.1985
vn 0.4403 -0.8970 0.0400
vn -0.8491 -0.5194 -0.0966
vn 0.5037 -0.4846 -0.7151
vn -0.4466 -0.7833 0.4324
vn -0.1806 -0.8316 0.5252
vn 0.2815 -0.8692 0.4066
vn 0.9959 -0.0529 -0.0738
vn 0.1001 -0.9933 -0.0583
vn -0.3103 -0.7762 -0.5489
vn 0.2071 -0.7844 0.5847
vn -0.3332 0.8082 0.4856
vn -0.1216 -0.9923 -0.0214
vn 0.9984 0.0538 0.0177
vn -0.3045 0.4427 -0.8434
vn -0.2458 -0.9671 0.0651
vn -0.0696 -0.9967 0.0412
vn 0.4893 -0.8683 0.0812
vn -0.2470 0.1304 0.9602
vn 0.9185 -0.3477 -0.1884
vn 0.9752 -0.1256 0.1821
vn 0.0797 -0.6448 0.7602
vn -0.4410 -0.5220 0.7300
vn 0.2379 0.5301 0.8139
vn 0.0477 -0.0548 0.9974
vn 0.2474 0.9631 0.1055
vn -0.0754 0.9876 -0.1376
vn -0.1051 0.9868 -0.1233
vn 0.0983 -0.9911 -0.0900
vn 0.3639 0.0478 0.9302
vn 0.3348 -0.6366 0.6948
vn 0.3463 -0.2246 0.9108
vn 0.2450 -0.8651 0.4377
vn 0.0747 0.9972 -0.0012
vn -0.2394 -0.9161 0.3217
vn -0.9919 0.1226 -0.0345
vn -0.2174 -0.9092 0.3551
vn -0.7429 0.6675 -0.0502
vn 0.1301 0.9912 -0.0233
vn 0.1737 0.9844 -0.0265
vn 0.8713 0.1406 0.4703
vn 0.6196 0.7847 0.0179
vn -0.1754 0.8406 -0.5125
vn -0.1779 0.8980 -0.4024
vn -0.2348 -0.8813 0.4100
vn 0.5399 0.8352 0.1046
vn -0.1918 0.9716 -0.1385
vn 0.0081 -0.9969 -0.0778
vn -0.8369 0.5469 -0.0218
vn -0.0871 0.9585 0.2715
vn -0.0498 0.9664 0.2520
vn 0.1127 -0.9935 -0.0138
vn 0.1042 -0.9933 -0.0507
vn -0.6702 -0.7029 0.2381
vn 0.2566 -0.9091 0.3282
vn 0.2847 -0.8772 0.3865
vn 0.9550 0.2794 0.0992
vn -0.8579 0.4895 0.1563
vn -0.9381 0.3444 0.0366
vn -0.9402 0.3405 0.0013
vn -0.9695 -0.1693 -0.1771
vn 0.1380 0.9859 -0.0942
vn 0.3904 0.9096 -0.1420
vn -0.4325 0.8998 -0.0576
vn -0.4730 0.8714 -0.1302
vn 0.9949 -0.0948 0.0351
vn 0.9952 0.0126 0.0973
vn 0.8728 -0.2642 -0.4104
vn 0.9199 -0.1780 -0.3493
vn 0.2500 -0.4587 -0.8527
vn 0.1318 -0.9912 0.0095
vn -0.2911 0.9380 -0.1879
vn -0.4412 -0.8791 -0.1802
vn -0.6067 -0.7701 -0.1969
vn -0.1095 0.9914 -0.0712
vn 0.0197 -0.9960 -0.0875
vn -0.2408 -0.9701 0.0301
vn -0.4587 -0.8869 -0.0549
vn -0.9040 -0.4236 -0.0577
vn -0.9641 0.2497 -0.0902
vn -0.9940 -0.1075 -0.0194
vn -0.9650 -0.1873 0.1838
vn -0.8530 0.0732 0.5168
vn -0.3357 0.0004 0.9420
vn 0.9572 0.2894 0.0024
vn 0.9103 0.3801 0.1637
vn 0.1168 0.9912 -0.0619
vn -0.0562 -0.7920 0.6079
vn -0.0131 -0.5769 -0.8167
vn 0.9517 -0.3024 -0.0532
vn 0.3226 -0.9224 0.2125
vn 0.8861 0.4635 0.0030
vn 0.9596 0.2448 0.1391
vn 0.0517 -0.9589 0.2792
vn 0.0975 -0.9863 -0.1330
vn -0.9246 0.3761 -0.0605
vn -0.9396 0.2333 -0.2506
vn 0.6227 -0.6347 0.4575
vn -0.2863 0.9570 -0.0478
vn -0.4344 0.8999 -0.0387
vn 0.1358 -0.9789 -0.1525
vn 0.4396 0.8706 0.2211
vn 0.9972 0.0475 -0.0579
vn 0.3024 0.9519 0.0494
vn -0.6306 0.7760 -0.0112
vn -0.3108 -0.9505 0.0017
vn 0.1954 -0.7747 0.6014
vn -0.2570 0.9627 0.0849
vn -0.3430 -0.1237 0.9312
vn 0.9485 -0.0080 -0.3168
vn 0.1429 0.9240 -0.3546
vn 0.1234 0.9463 -0.2988
vn -0.3270 0.7058 -0.6285
vn -0.2745 0.9615 0.0084
vn -0.0890 0.9931 -0.0758
vn -0.1479 -0.9849 0.0899
vn 0.3708 0.9287 0.0033
vn 0.1020 -0.9911 -0.0856
vn 0.0497 -0.9775 -0.2051
vn -0.9969 -0.0288 -0.0727
vn -0.1177 -0.9922 -0.0414
vn 0.3680 0.0409 0.9289
vn -0.6201 -0.7451 -0.2456
vn 0.3020 -0.9519 0.0515
vn 0.4128 -0.9086 0.0637
vn -0.6176 -0.7848 0.0515
vn 0.8834 0.4058 0.2342
vn -0.9233 0.3727 -0.0927
vn -0.0067 -0.2673 0.9636
vn -0.7566 0.6227 0.1993
vn 0.8048 0.4708 0.3613
vn -0.7024 -0.6971 -0.1437
vn 0.5896 0.1081 0.8005
vn -0.0197 0.9842 0.1762
vn -0.0524 0.8653 -0.4985
vn -0.1465 0.9481 -0.2823
vn -0.9963 -0.0833 0.0194
vn -0.7991 -0.5937 -0.0943
vn 0.8905 -0.4538 -0.0325
vn 0.9729 -0.1848 -0.1388
vn -0.1801 0.9836 -0.0089
vn 0.7603 0.2822 -0.5851
vn 0.1753 -0.9544 0.2415
vn 0.1943 -0.9454 0.2618
vn -0.2299 0.9732 -0.0067
vn 0.4150 -0.8909 -0.1848
vn 0.4244 0.4235 -0.8003
vn -0.7386 -0.6718 -0.0559
vn -0.9796 0.1980 -0.0340
vn 0.8738 0.4803 -0.0762
vn 0.0376 0.9235 0.3818
vn 0.0659 0.9946 0.0800
vn 0.1008 0.9941 -0.0406
vn -0.9392 0.1373 -0.3146
vn -0.9849 -0.0592 0.1628
vn -0.0768 0.4312 -0.8990
vn 0.6754 0.7374 0.0062
vn 0.1232 -0.8388 0.5303
vn 0.0854 -0.7517 0.6539
vn 0.4245 0.8949 -0.1380
vn -0.6584 -0.7525 0.0157
vn -0.0017 -0.9902 0.1397
vn -0.0121 0.9638 0.2664
vn 0.0355 0.8877 0.4591
vn -0.1202 -0.1374 -0.9832
vn -0.9294 -0.3560 0.0973
vn 0.8779 0.4651 -0.1136
vn 0.3717 0.9283 -0.0066
vn 0.5808 0.8081 -0.0983
vn -0.6632 -0.6719 -0.3297
vn 0.1448 -0.9882 0.0493
vn 0.2114 -0.9765 0.0426
vn -0.1891 -0.9766 0.1025
vn 0.7419 0.6542 0.1472
vn 0.8963 -0.3675 0.2481
vn 0.4625 0.8402 0.2830
vn -0.8726 -0.0178 0.4881
vn -0.6946 0.7067 0.1344
vn 0.4699 -0.8818 0.0410
vn 0.6779 -0.7309 0.0795
vn -0.5079 0.8507 0.1352
vn -0.2931 -0.9218 0.2537
vn -0.0932 0.9161 0.3899
vn 0.8198 0.5726 -0.0102
vn -0.9883 -0.1521 -0.0108
vn -0.7224 0.6913 -0.0154
vn -0.2444 0.6654 -0.7054
vn 0.1166 0.9898 -0.0823
vn -0.9763 0.2162 0.0126
vn -0.9422 -0.0483 0.3316
vn -0.0056 0.9453 0.3260
vn 0.0834 0.9947 0.0608
vn 0.1418 -0.9600 -0.2413
vn 0.9565 0.0419 0.2887
vn 0.3400 0.9202 -0.1940
vn -0.3152 -0.8829 0.3480
vn -0.9062 -0.4080 0.1109
vn -0.9539 0.2970 -0.0440
vn 0.0457 0.5719 -0.8191
vn 0.0803 -0.3403 -0.9369
vn -0.3167 -0.7284 -0.6076
vn 0.1223 -0.9903 0.0666
vn 0.0113 -0.9961 -0.0876
vn -0.6290 0.6775 -0.3813
vn -0.6298 0.7768 -0.0027
vn -0.1392 -0.9889 0.0511
vn -0.1233 0.9786 -0.1645
vn -0.3811 0.2753 -0.8826
vn -0.1004 -0.1438 -0.9845
vn -0.1866 0.2940 -0.9374
vn 0.0452 0.9836 -0.1746
vn 0.1572 -0.9818 0.1062
vn 0.7673 -0.6411 -0.0156
vn 0.1024 0.9756 0.1944
vn -0.0247 0.9973 -0.0690
vn -0.1538 0.9735 0.1693
vn 0.9726 0.2325 0.0032
vn 0.7583 0.6476 -0.0756
vn -0.1050 0.9868 -0.1232
vn 0.3198 -0.7895 0.5238
vn -0.6926 0.6679 -0.2724
vn -0.2255 -0.9742 0.0009
vn 0.3853 -0.9219 0.0416
vn -0.1109 0.9915 -0.0684
vn 0.7863 -0.5562 -0.2691
vn 0.9955 0.0744 -0.0584
vn 0.7966 -0.5113 0.3225
vn -0.5354 -0.6849 -0.4942
vn 0.0231 -0.9192 -0.3931
vn 0.0336 -0.9992 -0.0236
vn -0.0230 -0.9979 0.0602
vn 0.0552 0.9849 0.1643
vn 0.1501 0.9869 0.0587
vn 0.2803 0.2309 0.9317
vn -0.3022 -0.9512 0.0622
vn -0.0015 0.9903 -0.1390
vn 0.9384 0.3454 0.0093
vn 0.0862 0.5662 -0.8198
vn -0.9582 -0.2835 -0.0395
vn 0.3586 -0.9332 0.0231
vn -0.0552 -0.9980 0.0296
vn 0.9980 -0.0551 -0.0317
vn 0.9795 -0.1760 -0.0976
vn 0.8729 0.4830 -0.0697
vn 0.9771 0.2113 -0.0243
vn -0.6873 0.6984 -0.1993
vn -0.1112 0.9930 -0.0400
vn -0.1747 -0.9747 0.1396
vn -0.1220 0.1651 -0.9787
vn -0.7945 -0.3328 0.5080
vn 0.0851 0.9195 -0.3838
vn 0.9657 -0.2569 -0.0364
vn 0.7309 0.6781 -0.0772
vn -0.1064 -0.9938 -0.0333
vn -0.0241 0.8715 0.4897
vn -0.6155 -0.7869 -0.0451
vn 0.8928 0.4272 -0.1428
vn 0.9321 0.3393 -0.1270
vn 0.4970 0.8664 -0.0479
vn 0.2495 0.9682 -0.0200
vn 0.1505 -0.9651 0.2141
vn -0.0549 -0.9963 -0.0659
vn -0.9690 0.2351 -0.0761
vn 0.3001 -0.7284 -0.6159
vn 0.1618 -0.8313 -0.5318
vn 0.3784 -0.4145 0.8276
vn 0.9739 0.0957 0.2060
vn -0.0350 0.4426 -0.8960
vn 0.1738 0.7838 -0.5963
vn 0.0919 -0.9329 0.3482
vn -0.1492 0.9403 0.3060
vn 0.1349 0.3469 0.9282
vn -0.8576 0.4825 -0.1781
vn -0.7995 -0.5829 -0.1446
vn -0.9620 -0.2730 -0.0043
vn 0.1947 -0.6505 -0.7341
vn 0.5976 -0.7717 -0.2178
vn 0.7158 -0.3067 -0.6273
vn -0.0092 -0.9817 -0.1903
vn -0.9249 0.3725 -0.0764
vn 0.8567 -0.4913 -0.1569
vn -0.9000 0.4217 0.1104
vn 0.1380 -0.9890 0.0536
vn -0.8711 0.4912 0.0015
vn -0.2598 0.7961 0.5466
vn 0.3509 -0.1433 0.9254
vn -0.0965 -0.1771 0.9794
vn 0.9941 -0.0737 -0.0796
vn -0.0603 0.2353 0.9701
vn -0.5625 0.4165 0.7143
vn -0.0022 0.9935 -0.1142
vn 0.1435 0.9570 -0.2523
vn -0.9119 -0.4088 -0.0367
vn -0.5887 -0.8082 0.0152
vn -0.4742 -0.8309 -0.2911
vn 0.0171 -0.8804 -0.4740
vn -0.5084 0.8239 -0.2506
vn -0.3061 -0.9520 0.0007
vn 0.1093 -0.9136 0.3917
vn -0.1500 -0.9818 -0.1168
vn -0.9836 -0.1609 -0.0809
vn -0.5711 0.8191 -0.0535
vn -0.0396 -0.9991 -0.0157
vn 0.1259 0.9874 -0.0960
vn 0.1561 -0.9812 0.1138
vn 0.7390 -0.3162 -0.5949
vn 0.5644 -0.7713 -0.2941
vn -0.1922 -0.9813 0.0047
vn -0.7576 -0.6461 0.0930
vn -0.1269 -0.9918 0.0116
vn -0.9499 0.3099 0.0399
vn 0.0376 -0.9972 -0.0650
vn 0.3659 -0.9307 -0.0038
vn 0.9740 -0.2264 0.0075
vn 0.4127 -0.9109 -0.0011
vn 0.0903 -0.9869 0.1335
vn 0.5682 0.0381 0.8220
vn -0.9335 -0.3568 -0.0350
vn -0.0825 0.9923 0.0921
vn -0.3044 0.9402 -0.1526
vn -0.1486 0.9381 -0.3129
vn -0.5118 0.7588 0.4028
vn 0.0659 -0.9576 0.2804
vn 0.9212 -0.3310 -0.2046
vn -0.9882 -0.1266 -0.0856
vn -0.6997 -0.7134 0.0388
vn -0.3088 -0.9135 -0.2651
vn 0.0657 -0.8821 0.4665
vn -0.3634 0.9303 -0.0496
vn -0.2180 -0.9753 0.0361
vn 0.2012 -0.9141 -0.3520
vn 0.6433 0.7630 -0.0636
vn -0.1801 -0.9812 0.0688
vn -0.8642 -0.5017 -0.0383
vn -0.0015 0.9563 0.2925
vn 0.2548 -0.9669 -0.0122
vn 0.9042 0.3131 0.2904
vn -0.7196 -0.6943 -0.0054
vn 0.3919 0.9120 0.1210
vn 0.9666 0.2554 -0.0211
vn 0.9225 -0.3098 -0.2301
vn 0.3441 -0.2124 0.9146
vn -0.1936 -0.6880 -0.6994
vn 0.2435 0.4977 0.8325
vn 0.0554 -0.9975 0.0439
vn 0.3277 -0.7194 0.6124
vn -0.0454 0.7246 -0.6877
vn 0.1792 -0.9835 0.0235
vn -0.6976 -0.4175 0.5823
vn 0.0145 0.9493 0.3141
vn -0.9349 -0.3537 0.0297
vn -0.6442 -0.1161 0.7560
vn -0.6565 0.2977 0.6931
vn -0.4890 -0.8722 -0.0140
vn -0.4958 0.6476 0.5787
vn 0.0311 -0.9477 -0.3177
vn -0.0755 0.9952 0.0626
vn 0.9571 0.2807 -0.0715
vn -0.9363 -0.1851 -0.2984
vn 0.2960 0.9552 -0.0048
s 1
f 1//1 2//2 3//3
f 3//3 2//2 4//4
f 5//5 6//6 7//7
f 7//7 6//6 8//8
f 9//9 10//10 6//6
f 11//11 12//12 6//6
f 10//10 13//13 11//11
f 6//6 10//10 11//11
f 12//12 8//8 6//6
f 14//14 15//15 16//16
f 17//17 18//18 19//19
f 20//20 19//19 18//18
f 21//21 22//22 23//23
f 24//24 25//25 26//26
f 27//27 25//25 24//24
f 28//28 29//29 30//30
f 31//31 32//32 33//33
f 34//34 35//35 36//36
f 37//37 34//34 36//36
f 38//38 39//39 40//40
f 41//41 42//42 43//43
f 44//44 45//45 46//46
f 47//47 48//48 49//49
f 50//50 51//51 52//52
f 53//53 54//54 55//55
f 56//56 57//57 58//58
f 59//59 60//60 61//61
f 62//62 63//63 64//64
f 65//65 66//66 67//67
f 68//68 69//69 70//70
f 71//71 72//72 73//73
f 74//74 75//75 76//76
f 74//74 76//76 77//77
f 78//78 79//79 80//80
f 81//81 82//82 83//83
f 84//84 85//85 86//86
f 87//87 88//88 89//89
f 90//90 91//91 92//92
f 93//93 94//94 95//95
f 96//96 97//97 98//98
f 99//99 100//100 101//101
f 102//102 103//103 104//104
f 105//105 106//106 107//107
f 108//108 109//109 110//110
f 111//111 112//112 113//113
f 114//114 115//115 116//116
f 117//117 118//118 116//116
f 119//119 120//120 121//121
f 122//122 123//123 124//124
f 122//122 124//124 125//125
f 126//126 127//127 128//128
f 129//129 130//130 131//131
f 132//132 133//133 134//134
f 135//135 136//136 137//137
f 138//138 139//139 140//140
f 141//141 142//142 143//143
f 144//144 145//145 146//146
f 147//147 148//148 149//149
f 150//150 151//151 152//152
f 153//153 154//154 155//155
f 156//156 157//157 158//158
f 159//159 160//160 161//161
f 162//162 163//163 164//164
f 165//165 166//166 167//167
f 168//168 169//169 170//170
f 171//171 172//172 173//173
f 174//174 175//175 176//176
f 177//177 178//178 179//179
f 180//180 181//181 182//182
f 180//180 182//182 183//183
f 184//184 185//185 186//186
f 184//184 186//186 187//187
f 188//188 189//189 190//190
f 191//191 188//188 190//190
f 192//192 193//193 194//194
f 195//195 196//196 197//197
f 198//198 199//199 200//200
f 201//201 202//202 203//203
f 204//204 201//201 203//203
f 205//205 206//206 207//207
f 208//208 209//209 210//210
f 211//211 212//212 213//213
f 214//214 215//215 216//216
f 217//217 218//218 219//219
f 121//121 120//120 220//220
f 221//221 222//222 223//223
f 224//224 225//225 226//226
f 227//227 228//228 229//229
f 230//230 231//231 232//232
f 233//233 230//230 232//232
f 234//234 235//235 236//236
f 237//237 238//238 239//239
f 240//240 241//241 242//242
f 243//243 244//244 245//245
f 246//246 141//141 247//247
f 248//248 249//249 250//250
f 251//251 252//252 253//253
f 254//254 255//255 256//256
f 257//257 258//258 259//259
f 260//260 261//261 262//262
f 263//263 264//264 265//265
f 266//266 267//267 268//268
f 269//269 270//270 271//271
f 272//272 273//273 274//274
f 215//215 275//275 276//276
f 277//277 278//278 279//279
f 280//280 277//277 279//279
f 281//281 282//282 283//283
f 284//284 285//285 286//286
f 287//287 288//288 289//289
f 290//290 291//291 292//292
f 293//293 294//294 295//295
f 296//296 297//297 298//298
f 299//299 300//300 301//301
f 302//302 303//303 304//304
f 305//305 306//306 307//307
f 308//308 309//309 310//310
f 311//311 312//312 313//313
f 314//314 315//315 133//133
f 316//316 317//317 318//318
f 319//319 320//320 321//321
f 322//322 323//323 324//324
f 325//325 326//326 327//327
f 328//328 325//325 327//327
f 329//329 330//330 331//331
f 332//332 333//333 334//334
f 335//335 336//336 337//337
f 338//338 339//339 340//340
f 341//341 342//342 343//343
f 344//344 345//345 346//346
f 347//347 348//348 349//349
f 350//350 351//351 352//352
f 353//353 19//19 354//354
f 185//185 355//355 186//186
f 356//356 357//357 358//358
f 359//359 360//360 361//361
f 362//362 363//363 364//364
f 312//312 365//365 366//366
f 367//367 368//368 369//369
f 370//370 371//371 372//372
f 127//127 373//373 128//128
f 374//374 375//375 376//376
f 377//377 378//378 379//379
f 380//380 381//381 382//382
f 380//380 382//382 383//383
f 384//384 385//385 386//386
f 387//387 388//388 389//389
f 390//390 391//391 392//392
f 393//393 394//394 395//395
f 396//396 397//397 398//398
f 399//399 400//400 401//401
f 402//402 403//403 404//404
f 405//405 406//406 407//407
f 408//408 396//396 145//145
f 409//409 369//369 410//410
f 411//411 412//412 413//413
f 414//414 415//415 416//416
f 417//417 418//418 419//419
f 420//420 421//421 422//422
f 423//423 424//424 425//425
f 426//426 427//427 428//428
f 110//110 429//429 108//108
f 430//430 431//431 432//432
f 430//430 432//432 433//433
f 434//434 435//435 436//436
f 437//437 44//44 438//438
f 439//439 440//440 441//441
f 439//439 441//441 142//142
f 442//442 443//443 444//444
f 445//445 446//446 447//447
f 448//448 449//449 59//59
f 450//450 451//451 452//452
f 453//453 454//454 455//455
f 456//456 353//353 457//457
f 458//458 459//459 460//460
f 461//461 462//462 463//463
f 464//464 465//465 466//466
f 467//467 468//468 469//469
f 470//470 471//471 472//472
f 473//473 474//474 64//64
f 475//475 476//476 477//477
f 478//478 479//479 480//480
f 481//481 482//482 483//483
f 484//484 485//485 486//486
f 487//487 488//488 489//489
f 487//487 489//489 490//490
f 491//491 492//492 493//493
f 494//494 495//495 496//496
f 497//497 498//498 499//499
f 500//500 501//501 502//502
f 503//503 504//504 505//505
f 506//506 507//507 508//508
f 509//509 458//458 499//499
f 510//510 511//511 512//512
f 513//513 514//514 515//515
f 516//516 517//517 518//518
f 519//519 520//520 521//521
f 522//522 523//523 524//524
f 525//525 526//526 527//527
f 528//528 529//529 530//530
f 531//531 532//532 533//533
f 534//534 535//535 536//536
f 537//537 538//538 539//539
f 540//540 541//541 542//542
f 297//297 543//543 544//544
f 545//545 546//546 547//547
f 548//548 549//549 550//550
f 551//551 552//552 553//553
f 554//554 555//555 556//556
f 557//557 554//554 556//556
f 558//558 559//559 560//560
f 561//561 562//562 563//563
f 564//564 565//565 566//566
f 284//284 567//567 568//568
f 569//569 570//570 571//571
f 572//572 569//569 571//571
f 573//573 574//574 2//2
f 575//575 576//576 577//577
f 229//229 578//578 579//579
f 580//580 581//581 582//582
f 299//299 583//583 584//584
f 585//585 586//586 587//587
f 588//588 589//589 590//590
f 588//588 590//590 591//591
f 592//592 593//593 594//594
f 595//595 596//596 597//597
f 598//598 599//599 600//600
f 601//601 602//602 603//603
f 604//604 605//605 606//606
f 607//607 608//608 609//609
f 610//610 611//611 612//612
f 613//613 614//614 615//615
f 616//616 617//617 618//618
f 619//619 620//620 621//621
f 622//622 623//623 624//624
f 625//625 622//622 624//624
f 626//626 627//627 628//628
f 629//629 630//630 615//615
f 631//631 401//401 400//400
f 632//632 633//633 634//634
f 635//635 636//636 637//637
f 638//638 639//639 640//640
f 420//420 422//422 641//641
f 642//642 643//643 644//644
f 645//645 646//646 647//647
f 648//648 649//649 650//650
f 651//651 652//652 653//653
f 654//654 441//441 440//440
f 655//655 656//656 657//657
f 658//658 659//659 660//660
f 661//661 662//662 663//663
f 664//664 665//665 666//666
f 667//667 668//668 669//669
f 670//670 671//671 672//672
f 673//673 670//670 672//672
f 674//674 675//675 676//676
f 202//202 677//677 678//678
f 202//202 678//678 679//679
f 680//680 681//681 682//682
f 683//683 684//684 685//685
f 500//500 502//502 686//686
f 687//687 688//688 689//689
f 690//690 691//691 692//692
f 622//622 693//693 623//623
f 694//694 695//695 696//696
f 697//697 698//698 699//699
f 700//700 701//701 702//702
f 134//134 703//703 704//704
f 665//665 705//705 706//706
f 707//707 708//708 709//709
f 710//710 711//711 712//712
f 713//713 714//714 715//715
f 716//716 717//717 718//718
f 719//719 720//720 395//395
f 721//721 722//722 723//723
f 724//724 721//721 723//723
f 725//725 726//726 727//727
f 728//728 729//729 730//730
f 731//731 732//732 733//733
f 734//734 735//735 736//736
f 737//737 738//738 739//739
f 740//740 741//741 742//742
f 743//743 740//740 742//742
f 744//744 745//745 746//746
f 175//175 747//747 748//748
f 749//749 750//750 751//751
f 752//752 753//753 754//754
f 755//755 756//756 757//757
f 758//758 759//759 760//760
f 761//761 762//762 763//763
f 764//764 765//765 420//420
f 432//432 766//766 433//433
f 767//767 768//768 769//769
f 770//770 771//771 772//772
f 773//773 770//770 772//772
f 774//774 775//775 776//776
f 777//777 778//778 779//779
f 371//371 780//780 781//781
f 782//782 783//783 784//784
f 785//785 786//786 787//787
f 788//788 789//789 790//790
f 791//791 792//792 793//793
f 794//794 795//795 796//796
f 797//797 794//794 796//796
f 798//798 799//799 713//713
f 800//800 801//801 802//802
f 803//803 804//804 805//805
f 806//806 807//807 808//808
f 809//809 290//290 810//810
f 811//811 812//812 813//813
f 206//206 480//480 814//814
f 815//815 816//816 817//817
f 818//818 819//819 820//820
f 821//821 822//822 823//823
f 824//824 825//825 826//826
f 827//827 828//828 829//829
f 830//830 831//831 832//832
f 833//833 450//450 834//834
f 835//835 833//833 834//834
f 836//836 837//837 838//838
f 839//839 328//328 840//840
f 841//841 328//328 839//839
f 842//842 843//843 844//844
f 845//845 846//846 847//847
f 848//848 849//849 850//850
f 851//851 852//852 853//853
f 854//854 855//855 856//856
f 857//857 858//858 859//859
f 645//645 647//647 860//860
f 861//861 862//862 863//863
f 864//864 865//865 866//866
f 867//867 868//868 869//869
f 144//144 870//870 871//871
f 872//872 873//873 874//874
f 875//875 872//872 874//874
f 876//876 588//588 591//591
f 735//735 877//877 878//878
f 879//879 880//880 881//881
f 882//882 883//883 884//884
f 885//885 886//886 887//887
f 566//566 565//565 888//888
f 889//889 890//890 448//448
f 891//891 892//892 893//893
f 433//433 766//766 376//376
f 894//894 895//895 896//896
f 897//897 898//898 899//899
f 900//900 344//344 901//901
f 902//902 903//903 190//190
f 904//904 905//905 541//541
f 906//906 907//907 908//908
f 909//909 910//910 911//911
f 909//909 911//911 912//912
f 913//913 914//914 915//915
f 916//916 917//917 918//918
f 919//919 920//920 921//921
f 919//919 921//921 922//922
f 923//923 924//924 925//925
f 926//926 927//927 928//928
f 455//455 454//454 929//929
f 930//930 931//931 932//932
f 933//933 934//934 459//459
f 935//935 936//936 373//373
f 937//937 938//938 806//806
f 939//939 940//940 941//941
f 939//939 941//941 942//942
f 846//846 943//943 944//944
f 945//945 946//946 947//947
f 948//948 949//949 950//950
f 663//663 951//951 952//952
f 953//953 954//954 955//955
f 497//497 956//956 957//957
f 958//958 959//959 960//960
f 961//961 962//962 963//963
f 88//88 964//964 89//89
f 534//534 965//965 535//535
f 966//966 967//967 968//968
f 969//969 646//646 970//970
f 969//969 970//970 971//971
f 972//972 973//973 974//974
f 975//975 976//976 977//977
f 978//978 979//979 980//980
f 981//981 982//982 983//983
f 981//981 983//983 984//984
f 69//69 985//985 986//986
f 91//91 887//887 92//92
f 987//987 988//988 989//989
f 990//990 991//991 345//345
f 992//992 902//902 190//190
f 231//231 993//993 994//994
f 995//995 996//996 997//997
f 580//580 998//998 581//581
f 999//999 1000//1000 1001//1001
f 999//999 1001//1001 1002//1002
f 1003//1003 1004//1004 1005//1005
f 1006//1006 1007//1007 1008//1008
f 1009//1009 1010//1010 924//924
f 399//399 1011//1011 1012//1012
f 421//421 1013//1013 1014//1014
f 1015//1015 1016//1016 1017//1017
f 631//631 400//400 1018//1018
f 528//528 530//530 1019//1019
f 1020//1020 1021//1021 1022//1022
f 944//944 1023//1023 1024//1024
f 66//66 1025//1025 1026//1026
f 1027//1027 292//292 1028//1028
f 1029//1029 1030//1030 1031//1031
f 1032//1032 1033//1033 368//368
f 48//48 1032//1032 368//368
f 1034//1034 1035//1035 1036//1036
f 1037//1037 1038//1038 1039//1039
f 1040//1040 1041//1041 1042//1042
f 1043//1043 1044//1044 1045//1045
f 829//829 1043//1043 1045//1045
f 1046//1046 1047//1047 1048//1048
f 1049//1049 1050//1050 1051//1051
f 1052//1052 1053//1053 1054//1054
f 1055//1055 1056//1056 1057//1057
f 1058//1058 1059//1059 1060//1060
f 1061//1061 1062//1062 261//261
f 1061//1061 261//261 260//260
f 1063//1063 1064//1064 1065//1065
f 1066//1066 1067//1067 1068//1068
f 1069//1069 1070//1070 1071//1071
f 1072//1072 1073//1073 1074//1074
f 1075//1075 1076//1076 1077//1077
f 1078//1078 34//34 1079//1079
f 1080//1080 1081//1081 1082//1082
f 1083//1083 1084//1084 478//478
f 1085//1085 1086//1086 1087//1087
f 1088//1088 1089//1089 1090//1090
f 1091//1091 1092//1092 1093//1093
f 1094//1094 793//793 1095//1095
f 83//83 1096//1096 1097//1097
f 1098//1098 1099//1099 157//157
f 1100//1100 1101//1101 1102//1102
f 283//283 282//282 1103//1103
f 1104//1104 467//467 469//469
f 1105//1105 1106//1106 1107//1107
f 1108//1108 1109//1109 1110//1110
f 1111//1111 1112//1112 919//919
f 1113//1113 1114//1114 1115//1115
f 1116//1116 1117//1117 1118//1118
f 1119//1119 1120//1120 1121//1121
f 1122//1122 1123//1123 1124//1124
f 1125//1125 1126//1126 916//916
f 1125//1125 916//916 1127//1127
f 1128//1128 1129//1129 1130//1130
f 1131//1131 1132//1132 1133//1133
f 1131//1131 1133//1133 1134//1134
f 1135//1135 1136//1136 1137//1137
f 936//936 1138//1138 373//373
f 1139//1139 331//331 1140//1140
f 1141//1141 1142//1142 1143//1143
f 1144//1144 1145//1145 1146//1146
f 1147//1147 1148//1148 1149//1149
f 1150//1150 1151//1151 1152//1152
f 1090//1090 1153//1153 1154//1154
f 1155//1155 1156//1156 1157//1157
f 1158//1158 1159//1159 1160//1160
f 1161//1161 1158//1158 1160//1160
f 1162//1162 1163//1163 1164//1164
f 1165//1165 1166//1166 1167//1167
f 1168//1168 1169//1169 1170//1170
f 1171//1171 771//771 1172//1172
f 1173//1173 1174//1174 1175//1175
f 1176//1176 853//853 1177//1177
f 1178//1178 1179//1179 1180//1180
f 1169//1169 699//699 1181//1181
f 1182//1182 1183//1183 217//217
f 1184//1184 686//686 461//461
f 1185//1185 928//928 1186//1186
f 1187//1187 908//908 1188//1188
f 1189//1189 1190//1190 1191//1191
f 1192//1192 1193//1193 1194//1194
f 1195//1195 1196//1196 1197//1197
f 1198//1198 1199//1199 1200//1200
f 1201//1201 1202//1202 627//627
f 1203//1203 1204//1204 1205//1205
f 1206//1206 1207//1207 1208//1208
f 1209//1209 1210//1210 1211//1211
f 1209//1209 1211//1211 1212//1212
f 1213//1213 452//452 1214//1214
f 836//836 187//187 837//837
f 1215//1215 1216//1216 1217//1217
f 1218//1218 1219//1219 1220//1220
f 975//975 977//977 1221//1221
f 1222//1222 1223//1223 243//243
f 1224//1224 1225//1225 710//710
f 1226//1226 1227//1227 1228//1228
f 355//355 1229//1229 1230//1230
f 1231//1231 1232//1232 823//823
f 1233//1233 1234//1234 1156//1156
f 1235//1235 1236//1236 1237//1237
f 1231//1231 823//823 1238//1238
f 1239//1239 1231//1231 1238//1238
f 1240//1240 1241//1241 1242//1242
f 1240//1240 1242//1242 648//648
f 1243//1243 1244//1244 1245//1245
f 1243//1243 1245//1245 732//732
f 1246//1246 1247//1247 1248//1248
f 761//761 1249//1249 762//762
f 1250//1250 516//516 1251//1251
f 1252//1252 1253//1253 1254//1254
f 306//306 1255//1255 1256//1256
f 1257//1257 1258//1258 1259//1259
f 1260//1260 1261//1261 1262//1262
f 1263//1263 1264//1264 1265//1265
f 1266//1266 1267//1267 1268//1268
f 1269//1269 1270//1270 1271//1271
f 1272//1272 1273//1273 1274//1274
f 1168//1168 699//699 1169//1169
f 1275//1275 1260//1260 1262//1262
f 754//754 1276//1276 1277//1277
f 141//141 439//439 142//142
f 1278//1278 1279//1279 1280//1280
f 1281//1281 1278//1278 1280//1280
f 1033//1033 1282//1282 368//368
f 1283//1283 1284//1284 1285//1285
f 1286//1286 124//124 685//685
f 143//143 1287//1287 1288//1288
f 8//8 1289//1289 7//7
f 1290//1290 491//491 1291//1291
f 1292//1292 1293//1293 1294//1294
f 1295//1295 1296//1296 1297//1297
f 1298//1298 1299//1299 1300//1300
f 872//872 1301//1301 873//873
f 1082//1082 1302//1302 1303//1303
f 1304//1304 1305//1305 1306//1306
f 833//833 1307//1307 450//450
f 1308//1308 1309//1309 1310//1310
f 1311//1311 1312//1312 1313//1313
f 838//838 1314//1314 1315//1315
f 1316//1316 838//838 1315//1315
f 1317//1317 197//197 1318//1318
f 1319//1319 490//490 1320//1320
f 1321//1321 33//33 1322//1322
f 444//444 724//724 1323//1323
f 1324//1324 1325//1325 1040//1040
f 602//602 1326//1326 1327//1327
f 1328//1328 1329//1329 1330//1330
f 604//604 606//606 1331//1331
f 1332//1332 1333//1333 1334//1334
f 1335//1335 1336//1336 1337//1337
f 901//901 153//153 155//155
f 1338//1338 1339//1339 1340//1340
f 1341//1341 1342//1342 1343//1343
f 1344//1344 1345//1345 1346//1346
f 315//315 1347//1347 1348//1348
f 1349//1349 1350//1350 1351//1351
f 1352//1352 1353//1353 383//383
f 1354//1354 1355//1355 1356//1356
f 1357//1357 1358//1358 1359//1359
f 1360//1360 744//744 1361//1361
f 879//879 1362//1362 1363//1363
f 1364//1364 1365//1365 1366//1366
f 1313//1313 1312//1312 1367//1367
f 1368//1368 471//471 1369//1369
f 1370//1370 1371//1371 1372//1372
f 1370//1370 1372//1372 1373//1373
f 1374//1374 1375//1375 321//321
f 509//509 759//759 458//458
f 1376//1376 1377//1377 1378//1378
f 1379//1379 1380//1380 1381//1381
f 416//416 1382//1382 1383//1383
f 1384//1384 1385//1385 1386//1386
f 1387//1387 1388//1388 1389//1389
f 1390//1390 1391//1391 1392//1392
f 1393//1393 1394//1394 1395//1395
f 1396//1396 973//973 972//972
f 1397//1397 1398//1398 119//119
f 1399//1399 1400//1400 1401//1401
f 1402//1402 1054//1054 1403//1403
f 1404//1404 1405//1405 1406//1406
f 1232//1232 1407//1407 823//823
f 1408//1408 1409//1409 1410//1410
f 1411//1411 43//43 1412//1412
f 1413//1413 1414//1414 1415//1415
f 1416//1416 1413//1413 1415//1415
f 1417//1417 1418//1418 1419//1419
f 605//605 1420//1420 1421//1421
f 605//605 1421//1421 606//606
f 1422//1422 1423//1423 1424//1424
f 1425//1425 1426//1426 1427//1427
f 1428//1428 1429//1429 1430//1430
f 1428//1428 1430//1430 1431//1431
f 1432//1432 1433//1433 1434//1434
f 443//443 30//30 29//29
f 1435//1435 1436//1436 1044//1044
f 1043//1043 1435//1435 1044//1044
f 1437//1437 1438//1438 1439//1439
f 1440//1440 1441//1441 1442//1442
f 1443//1443 1444//1444 1445//1445
f 1446//1446 1447//1447 561//561
f 384//384 386//386 1448//1448
f 1449//1449 384//384 1448//1448
f 1393//1393 1450//1450 1451//1451
f 1452//1452 1453//1453 14//14
f 1454//1454 1455//1455 1456//1456
f 1457//1457 1458//1458 1459//1459
f 1460//1460 1461//1461 1462//1462
f 1463//1463 1464//1464 1465//1465
f 948//948 950//950 1466//1466
f 1467//1467 223//223 1468//1468
f 639//639 1469//1469 1470//1470
f 1471//1471 1472//1472 1473//1473
f 144//144 146//146 289//289
f 288//288 144//144 289//289
f 597//597 596//596 1474//1474
f 1475//1475 1476//1476 654//654
f 1106//1106 1477//1477 1478//1478
f 1479//1479 1480//1480 1245//1245
f 1481//1481 1482//1482 794//794
f 1483//1483 1484//1484 1485//1485
f 796//796 795//795 1486//1486
f 1487//1487 1488//1488 1489//1489
f 1490//1490 1491//1491 1492//1492
f 1493//1493 1432//1432 1494//1494
f 1495//1495 899//899 1496//1496
f 1497//1497 1498//1498 1499//1499
f 1500//1500 1178//1178 1501//1501
f 1502//1502 1503//1503 972//972
f 1504//1504 118//118 1505//1505
f 1506//1506 1507//1507 1508//1508
f 1509//1509 1510//1510 670//670
f 1511//1511 1512//1512 1231//1231
f 617//617 1117//1117 1116//1116
f 1383//1383 1513//1513 1514//1514
f 39//39 1515//1515 40//40
f 1516//1516 1517//1517 1518//1518
f 1519//1519 1520//1520 1521//1521
f 1522//1522 1523//1523 1524//1524
f 1522//1522 1524//1524 1525//1525
f 1526//1526 1527//1527 1528//1528
f 1415//1415 1529//1529 1530//1530
f 1531//1531 1234//1234 1532//1532
f 1533//1533 1494//1494 1534//1534
f 346//346 153//153 901//901
f 1535//1535 529//529 528//528
f 1536//1536 638//638 640//640
f 1537//1537 1538//1538 1539//1539
f 1474//1474 596//596 1540//1540
f 463//463 496//496 1541//1541
f 1295//1295 1542//1542 1050//1050
f 1543//1543 1544//1544 1545//1545
f 1414//1414 1546//1546 1529//1529
f 1547//1547 1548//1548 1549//1549
f 1550//1550 1551//1551 1335//1335
f 1552//1552 1553//1553 1554//1554
f 1555//1555 1552//1552 1554//1554
f 1556//1556 1557//1557 1558//1558
f 151//151 1559//1559 737//737
f 1560//1560 1561//1561 1562//1562
f 1560//1560 1562//1562 1563//1563
f 1305//1305 1564//1564 1565//1565
f 1280//1280 1305//1305 1565//1565
f 449//449 1465//1465 1566//1566
f 1567//1567 1568//1568 1569//1569
f 1570//1570 1571//1571 1572//1572
f 1573//1573 161//161 1574//1574
f 1575//1575 1576//1576 1577//1577
f 1578//1578 1579//1579 1580//1580
f 1581//1581 1582//1582 1583//1583
f 1169//1169 1181//1181 1584//1584
f 480//480 1585//1585 1586//1586
f 1587//1587 1588//1588 782//782
f 1589//1589 1590//1590 1591//1591
f 1592//1592 1593//1593 1594//1594
f 1595//1595 1596//1596 1597//1597
f 1598//1598 1599//1599 1600//1600
f 1601//1601 1602//1602 1603//1603
f 525//525 1604//1604 1605//1605
f 181//181 1606//1606 1607//1607
f 1608//1608 1609//1609 1610//1610
f 1611//1611 1612//1612 76//76
f 1613//1613 1614//1614 1615//1615
f 116//116 118//118 114//114
f 1616//1616 1617//1617 1618//1618
f 922//922 1619//1619 1620//1620
f 1621//1621 1622//1622 1623//1623
f 1624//1624 1625//1625 1425//1425
f 1279//1279 1626//1626 1306//1306
f 1627//1627 1396//1396 1628//1628
f 1629//1629 1630//1630 1631//1631
f 1376//1376 1378//1378 1632//1632
f 1633//1633 1634//1634 1635//1635
f 1636//1636 1440//1440 860//860
f 647//647 1636//1636 860//860
f 1637//1637 1638//1638 1094//1094
f 1639//1639 1640//1640 1641//1641
f 827//827 1273//1273 828//828
f 1642//1642 1643//1643 1644//1644
f 1645//1645 87//87 89//89
f 1646//1646 1647//1647 1648//1648
f 1649//1649 1646//1646 1648//1648
f 1650//1650 1651//1651 1652//1652
f 1653//1653 1654//1654 1655//1655
f 364//364 1656//1656 1657//1657
f 672//672 1658//1658 1659//1659
f 673//673 672//672 1659//1659
f 1660//1660 1661//1661 88//88
f 424//424 423//423 1662//1662
f 1663//1663 1664//1664 1665//1665
f 4//4 1666//1666 1667//1667
f 1035//1035 1668//1668 1669//1669
f 1538//1538 1670//1670 1671//1671
f 1672//1672 436//436 1673//1673
f 886//886 1674//1674 887//887
f 1675//1675 1676//1676 1551//1551
f 1677//1677 1678//1678 1679//1679
f 1680//1680 742//742 1533//1533
f 1534//1534 1680//1680 1533//1533
f 1681//1681 1682//1682 1683//1683
f 1684//1684 1685//1685 1686//1686
f 1684//1684 1686//1686 379//379
f 1038//1038 447//447 1687//1687
f 1688//1688 1689//1689 1690//1690
f 641//641 1523//1523 1691//1691
f 1692//1692 1344//1344 1346//1346
f 1693//1693 1694//1694 1695//1695
f 22//22 1696//1696 1697//1697
f 1698//1698 22//22 1697//1697
f 781//781 1699//1699 1700//1700
f 1701//1701 1702//1702 1703//1703
f 1704//1704 1705//1705 1706//1706
f 135//135 605//605 604//604
f 359//359 1707//1707 398//398
f 1708//1708 1454//1454 1709//1709
f 1710//1710 1711//1711 1712//1712
f 1713//1713 1714//1714 1715//1715
f 1716//1716 1003//1003 1717//1717
f 1718//1718 1437//1437 1719//1719
f 1720//1720 1721//1721 1722//1722
f 1723//1723 1724//1724 1725//1725
f 1726//1726 1727//1727 1263//1263
f 1099//1099 1728//1728 158//158
f 269//269 1729//1729 270//270
f 1730//1730 1731//1731 1732//1732
f 1733//1733 1734//1734 1735//1735
f 1736//1736 1737//1737 1738//1738
f 1739//1739 1740//1740 465//465
f 403//403 1741//1741 129//129
f 1286//1286 125//125 124//124
f 576//576 1260//1260 1275//1275
f 1562//1562 1742//1742 1563//1563
f 1743//1743 1252//1252 1744//1744
f 1745//1745 1018//1018 1746//1746
f 275//275 215//215 214//214
f 1747//1747 916//916 1126//1126
f 1748//1748 1749//1749 1750//1750
f 345//345 344//344 1751//1751
f 1752//1752 1753//1753 1754//1754
f 1755//1755 539//539 1756//1756
f 1755//1755 1756//1756 1757//1757
f 1758//1758 1759//1759 1760//1760
f 1761//1761 1762//1762 339//339
f 222//222 1763//1763 1764//1764
f 1262//1262 1261//1261 356//356
f 1765//1765 1580//1580 1755//1755
f 1766//1766 1767//1767 1768//1768
f 1544//1544 1477//1477 1105//1105
f 1545//1545 1544//1544 1105//1105
f 276//276 1769//1769 1770//1770
f 1771//1771 1772//1772 1773//1773
f 1774//1774 1775//1775 630//630
f 1776//1776 1777//1777 1418//1418
f 1085//1085 1778//1778 1086//1086
f 1779//1779 1216//1216 1215//1215
f 1780//1780 426//426 1132//1132
f 1781//1781 1782//1782 1783//1783
f 333//333 1496//1496 1784//1784
f 1785//1785 1786//1786 1787//1787
f 1788//1788 1785//1785 1787//1787
f 1503//1503 1789//1789 972//972
f 1790//1790 1791//1791 1792//1792
f 1793//1793 1794//1794 225//225
f 1793//1793 225//225 1795//1795
f 698//698 307//307 699//699
f 1551//1551 1336//1336 1335//1335
f 1796//1796 1797//1797 1007//1007
f 1255//1255 1798//1798 1799//1799
f 1800//1800 1801//1801 1165//1165
f 1315//1315 1802//1802 1803//1803
f 1804//1804 1805//1805 1806//1806
f 1807//1807 221//221 1467//1467
f 1808//1808 1809//1809 1810//1810
f 150//150 1811//1811 151//151
f 1812//1812 1813//1813 1814//1814
f 1815//1815 1816//1816 1817//1817
f 959//959 1818//1818 1819//1819
f 1177//1177 853//853 1820//1820
f 1177//1177 1820//1820 1821//1821
f 1822//1822 14//14 16//16
f 1823//1823 1822//1822 16//16
f 1824//1824 300//300 299//299
f 1205//1205 1825//1825 1728//1728
f 1826//1826 1827//1827 1828//1828
f 465//465 50//50 52//52
f 538//538 1829//1829 1830//1830
f 1831//1831 1832//1832 819//819
f 1833//1833 1834//1834 998//998
f 1835//1835 1836//1836 1837//1837
f 1838//1838 1839//1839 503//503
f 554//554 1840//1840 555//555
f 1841//1841 1842//1842 1843//1843
f 1844//1844 180//180 183//183
f 1845//1845 1202//1202 1846//1846
f 1847//1847 1848//1848 1376//1376
f 1849//1849 1850//1850 1851//1851
f 1852//1852 1853//1853 345//345
f 1854//1854 1855//1855 1856//1856
f 1854//1854 1856//1856 1857//1857
f 1858//1858 1859//1859 1860//1860
f 1861//1861 1320//1320 489//489
f 1189//1189 1862//1862 239//239
f 635//635 1863//1863 1864//1864
f 1865//1865 1650//1650 1652//1652
f 733//733 1866//1866 1417//1417
f 1867//1867 1868//1868 990//990
f 1869//1869 1449//1449 267//267
f 1150//1150 1152//1152 1870//1870
f 1871//1871 1354//1354 1872//1872
f 1873//1873 1874//1874 1875//1875
f 1876//1876 1877//1877 1097//1097
f 1377//1377 1878//1878 1879//1879
f 1813//1813 1880//1880 1881//1881
f 1882//1882 1883//1883 1884//1884
f 1320//1320 490//490 489//489
f 1885//1885 1039//1039 1886//1886
f 1887//1887 939//939 1888//1888
f 1171//1171 831//831 1889//1889
f 1890//1890 414//414 1891//1891
f 610//610 1892//1892 1893//1893
f 1577//1577 1894//1894 1895//1895
f 1896//1896 1897//1897 1898//1898
f 1899//1899 1900//1900 427//427
f 1901//1901 1210//1210 1902//1902
f 1903//1903 1904//1904 1905//1905
f 1906//1906 1516//1516 1518//1518
f 1907//1907 1908//1908 1909//1909
f 1015//1015 1017//1017 1910//1910
f 1015//1015 1910//1910 1911//1911
f 1912//1912 1833//1833 998//998
f 1913//1913 1914//1914 1915//1915
f 1430//1430 1916//1916 1917//1917
f 1918//1918 1919//1919 1920//1920
f 1921//1921 1922//1922 708//708
f 1923//1923 1924//1924 1925//1925
f 1926//1926 1427//1427 1927//1927
f 1928//1928 1929//1929 1190//1190
f 1930//1930 1931//1931 1932//1932
f 373//373 1933//1933 1934//1934
f 1086//1086 1935//1935 1936//1936
f 1937//1937 1938//1938 1939//1939
f 1940//1940 147//147 1941//1941
f 139//139 1942//1942 140//140
f 1943//1943 1197//1197 1944//1944
f 1350//1350 1945//1945 1946//1946
f 1947//1947 1948//1948 1949//1949
f 250//250 859//859 1950//1950
f 849//849 1825//1825 1951//1951
f 1952//1952 1953//1953 1357//1357
f 1954//1954 1572//1572 1955//1955
f 1956//1956 1957//1957 1958//1958
f 1959//1959 1960//1960 1961//1961
f 1962//1962 1963//1963 249//249
f 62//62 1964//1964 1965//1965
f 62//62 1965//1965 63//63
f 1689//1689 1688//1688 1966//1966
f 1967//1967 1481//1481 1968//1968
f 1242//1242 1616//1616 1531//1531
f 1242//1242 1531//1531 1969//1969
f 185//185 1229//1229 355//355
f 1970//1970 1971//1971 1972//1972
f 1973//1973 1844//1844 183//183
f 1973//1973 183//183 1974//1974
f 1975//1975 1976//1976 1977//1977
f 1541//1541 1978//1978 1979//1979
f 1980//1980 1981//1981 1805//1805
f 1982//1982 1983//1983 1984//1984
f 844//844 843//843 1985//1985
f 1532//1532 1986//1986 1987//1987
f 1532//1532 1987//1987 1988//1988
f 1989//1989 1990//1990 1101//1101
f 1991//1991 1992//1992 1993//1993
f 1413//1413 1994//1994 1414//1414
f 1995//1995 1996//1996 1997//1997
f 1655//1655 809//809 1998//1998
f 1999//1999 2000//2000 2001//2001
f 2002//2002 2003//2003 2004//2004
f 2005//2005 2006//2006 2007//2007
f 2008//2008 2009//2009 2010//2010
f 2011//2011 2012//2012 2013//2013
f 2014//2014 2015//2015 2016//2016
f 2017//2017 2018//2018 2019//2019
f 2020//2020 2021//2021 1352//1352
f 463//463 1541//1541 2022//2022
f 2023//2023 2024//2024 2025//2025
f 1827//1827 2026//2026 2027//2027
f 2028//2028 2029//2029 2030//2030
f 2031//2031 2032//2032 2033//2033
f 740//740 877//877 2034//2034
f 2035//2035 2036//2036 2037//2037
f 2038//2038 1610//1610 2039//2039
f 2040//2040 686//686 1184//1184
f 964//964 2041//2041 2042//2042
f 2043//2043 1808//1808 2044//2044
f 618//618 617//617 1116//1116
f 2045//2045 1917//1917 67//67
f 2046//2046 2047//2047 2048//2048
f 2049//2049 2050//2050 2051//2051
f 2052//2052 915//915 688//688
f 2053//2053 2054//2054 69//69
f 2055//2055 2056//2056 2057//2057
f 613//613 2058//2058 614//614
f 2059//2059 2060//2060 2061//2061
f 2062//2062 2063//2063 888//888
f 527//527 2064//2064 525//525
f 2065//2065 2066//2066 2067//2067
f 2068//2068 2069//2069 532//532
f 2070//2070 2071//2071 2072//2072
f 2073//2073 2074//2074 2075//2075
f 2076//2076 2077//2077 2078//2078
f 596//596 2076//2076 2078//2078
f 959//959 1819//1819 1953//1953
f 2079//2079 2080//2080 2081//2081
f 2082//2082 885//885 2083//2083
f 2084//2084 2082//2082 2083//2083
f 35//35 2085//2085 36//36
f 2086//2086 2087//2087 1310//1310
f 1309//1309 2086//2086 1310//1310
f 2088//2088 2089//2089 2090//2090
f 2091//2091 2092//2092 2093//2093
f 2094//2094 2095//2095 2096//2096
f 1047//1047 2097//2097 2098//2098
f 2099//2099 1093//1093 2100//2100
f 1576//1576 2101//2101 2102//2102
f 645//645 2103//2103 2104//2104
f 2105//2105 645//645 2104//2104
f 2106//2106 2107//2107 2108//2108
f 2109//2109 2110//2110 2111//2111
f 2112//2112 2113//2113 982//982
f 938//938 2114//2114 806//806
f 2115//2115 561//561 501//501
f 2116//2116 2117//2117 2118//2118
f 2119//2119 2120//2120 2121//2121
f 2122//2122 2123//2123 2124//2124
f 2125//2125 2126//2126 2127//2127
f 1246//1246 2128//2128 2129//2129
f 2130//2130 2131//2131 2132//2132
f 1749//1749 1709//1709 2133//2133
f 2134//2134 1032//1032 48//48
f 1249//1249 803//803 762//762
f 1444//1444 2135//2135 2136//2136
f 2137//2137 2138//2138 2139//2139
f 155//155 154//154 2140//2140
f 2141//2141 2142//2142 2143//2143
f 1942//1942 2144//2144 2145//2145
f 2146//2146 2147//2147 1906//1906
f 1882//1882 2148//2148 1883//1883
f 901//901 155//155 2149//2149
f 699//699 307//307 1181//1181
f 2150//2150 1219//1219 1218//1218
f 1030//1030 1740//1740 2151//2151
f 1007//1007 1797//1797 1008//1008
f 2152//2152 2153//2153 773//773
f 2152//2152 773//773 2154//2154
f 315//315 1348//1348 278//278
f 2155//2155 2156//2156 2157//2157
f 1673//1673 2158//2158 2159//2159
f 2160//2160 219//219 719//719
f 2161//2161 2162//2162 2163//2163
f 2164//2164 2165//2165 1392//1392
f 2166//2166 2167//2167 2168//2168
f 1999//1999 2169//2169 2170//2170
f 2171//2171 2172//2172 2173//2173
f 2174//2174 2175//2175 2176//2176
f 2177//2177 2178//2178 2179//2179
f 2180//2180 2181//2181 2182//2182
f 2183//2183 2184//2184 2185//2185
f 2186//2186 210//210 2187//2187
f 2188//2188 2138//2138 2189//2189
f 1370//1370 1373//1373 2190//2190
f 1686//1686 2191//2191 2192//2192
f 1686//1686 2192//2192 2193//2193
f 2194//2194 2195//2195 2196//2196
f 2197//2197 2198//2198 2199//2199
f 2197//2197 2199//2199 2200//2200
f 2201//2201 1947//1947 1949//1949
f 2202//2202 2203//2203 2204//2204
f 2202//2202 2204//2204 2205//2205
f 2206//2206 2207//2207 2208//2208
f 205//205 2209//2209 1511//1511
f 2210//2210 1809//1809 2211//2211
f 2212//2212 719//719 1660//1660
f 2213//2213 2214//2214 2215//2215
f 2216//2216 2217//2217 2218//2218
f 2219//2219 1701//1701 2220//2220
f 2219//2219 2220//2220 2221//2221
f 2222//2222 57//57 56//56
f 1961//1961 1960//1960 2223//2223
f 1362//1362 2224//2224 1363//1363
f 2225//2225 2226//2226 599//599
f 2227//2227 2228//2228 1855//1855
f 256//256 255//255 2229//2229
f 1399//1399 2230//2230 2231//2231
f 813//813 2232//2232 2233//2233
f 2234//2234 888//888 2235//2235
f 2236//2236 2237//2237 2238//2238
f 2086//2086 2239//2239 2087//2087
f 2240//2240 393//393 395//395
f 2241//2241 2242//2242 2167//2167
f 2166//2166 2241//2241 2167//2167
f 2162//2162 2243//2243 2244//2244
f 215//215 276//276 1770//1770
f 1036//1036 1035//1035 2245//2245
f 2246//2246 2247//2247 2248//2248
f 2249//2249 2250//2250 221//221
f 2251//2251 1735//1735 1734//1734
f 2252//2252 1941//1941 1859//1859
f 2253//2253 2254//2254 2255//2255
f 2256//2256 2257//2257 2258//2258
f 523//523 2033//2033 2259//2259
f 2260//2260 2261//2261 2262//2262
f 2169//2169 845//845 847//847
f 2263//2263 2264//2264 2265//2265
f 939//939 942//942 246//246
f 1888//1888 939//939 246//246
f 2266//2266 2267//2267 2268//2268
f 2269//2269 2270//2270 2271//2271
f 2272//2272 2205//2205 2273//2273
f 1558//1558 2274//2274 2275//2275
f 2276//2276 2277//2277 2278//2278
f 2279//2279 2280//2280 2281//2281
f 2282//2282 2283//2283 1289//1289
f 2282//2282 1289//1289 2284//2284
f 1845//1845 2285//2285 1202//1202
f 315//315 2286//2286 133//133
f 575//575 2287//2287 2288//2288
f 322//322 2289//2289 323//323
f 2290//2290 1670//1670 2291//2291
f 257//257 2292//2292 1927//1927
f 2293//2293 1689//1689 2294//2294
f 1//1 2295//2295 2//2
f 829//829 828//828 1043//1043
f 2296//2296 201//201 204//204
f 2297//2297 2296//2296 204//204
f 324//324 323//323 1125//1125
f 2298//2298 2299//2299 2300//2300
f 2301//2301 127//127 2302//2302
f 1467//1467 1468//1468 2303//2303
f 355//355 2304//2304 186//186
f 2305//2305 2306//2306 1922//1922
f 364//364 363//363 1656//1656
f 989//989 2307//2307 2308//2308
f 2309//2309 2310//2310 2311//2311
f 2312//2312 2313//2313 2314//2314
f 885//885 2315//2315 886//886
f 2316//2316 2317//2317 1248//1248
f 2318//2318 2319//2319 2320//2320
f 372//372 371//371 781//781
f 1621//1621 1623//1623 2321//2321
f 2322//2322 2323//2323 2324//2324
f 2243//2243 2322//2322 2324//2324
f 2325//2325 2326//2326 2327//2327
f 1000//1000 2328//2328 1908//1908
f 2329//2329 2206//2206 5//5
f 134//134 2330//2330 2331//2331
f 132//132 134//134 2331//2331
f 425//425 2332//2332 423//423
f 389//389 2333//2333 1475//1475
f 2334//2334 2335//2335 832//832
f 924//924 923//923 2336//2336
f 2337//2337 2338//2338 2339//2339
f 1367//1367 1718//1718 1719//1719
f 459//459 934//934 2340//2340
f 2341//2341 813//813 2342//2342
f 2343//2343 2344//2344 540//540
f 470//470 472//472 2345//2345
f 1794//1794 2346//2346 2347//2347
f 1202//1202 1201//1201 1846//1846
f 2348//2348 2349//2349 2350//2350
f 2059//2059 1426//1426 796//796
f 2059//2059 796//796 1486//1486
f 1133//1133 2351//2351 1134//1134
f 611//611 2352//2352 2353//2353
f 2354//2354 611//611 2353//2353
f 2355//2355 2356//2356 2357//2357
f 234//234 236//236 2358//2358
f 2359//2359 2360//2360 2361//2361
f 2362//2362 1344//1344 1692//1692
f 2363//2363 1999//1999 2364//2364
f 2365//2365 2366//2366 873//873
f 670//670 2367//2367 671//671
f 2368//2368 2369//2369 2370//2370
f 553//553 552//552 1254//1254
f 2371//2371 2372//2372 2373//2373
f 1867//1867 2374//2374 1868//1868
f 2375//2375 2376//2376 39//39
f 1035//1035 1669//1669 2245//2245
f 2377//2377 1140//1140 2378//2378
f 2379//2379 2380//2380 2381//2381
f 2382//2382 2383//2383 1807//1807
f 762//762 803//803 2384//2384
f 2385//2385 1375//1375 1374//1374
f 1257//1257 2386//2386 1258//1258
f 2387//2387 1589//1589 1591//1591
f 662//662 951//951 663//663
f 2388//2388 2389//2389 2390//2390
f 2391//2391 314//314 133//133
f 2391//2391 133//133 1347//1347
f 1988//1988 2392//2392 531//531
f 2393//2393 2394//2394 2395//2395
f 2396//2396 1922//1922 1921//1921
f 2171//2171 1150//1150 255//255
f 2397//2397 366//366 2398//2398
f 633//633 1495//1495 634//634
f 594//594 2399//2399 2400//2400
f 2401//2401 2402//2402 2403//2403
f 2135//2135 2404//2404 2136//2136
f 2405//2405 2406//2406 2407//2407
f 2408//2408 2409//2409 1757//1757
f 2410//2410 1306//1306 1626//1626
f 1732//1732 2410//2410 1626//1626
f 2411//2411 2412//2412 2413//2413
f 887//887 1674//1674 2414//2414
f 420//420 2415//2415 421//421
f 1765//1765 1755//1755 1757//1757
f 2002//2002 2004//2004 2416//2416
f 208//208 2417//2417 75//75
f 208//208 75//75 74//74
f 2418//2418 2419//2419 2420//2420
f 2421//2421 2422//2422 2423//2423
f 1382//1382 372//372 1700//1700
f 2424//2424 1192//1192 2425//2425
f 2426//2426 1737//1737 1736//1736
f 775//775 1852//1852 2427//2427
f 2428//2428 2429//2429 2430//2430
f 2431//2431 1006//1006 1008//1008
f 2432//2432 2433//2433 1170//1170
f 913//913 2434//2434 914//914
f 2435//2435 2436//2436 1823//1823
f 2437//2437 2438//2438 2439//2439
f 1561//1561 2440//2440 1562//1562
f 1100//1100 1102//1102 196//196
f 1238//1238 822//822 2441//2441
f 2442//2442 2443//2443 2024//2024
f 2444//2444 826//826 2445//2445
f 2446//2446 2447//2447 788//788
f 2448//2448 2446//2446 788//788
f 2449//2449 2450//2450 2451//2451
f 404//404 403//403 129//129
f 2452//2452 2453//2453 2454//2454
f 2455//2455 1781//1781 2456//2456
f 2457//2457 2458//2458 1225//1225
f 2459//2459 2460//2460 2461//2461
f 2459//2459 2461//2461 412//412
f 2462//2462 2463//2463 2464//2464
f 1834//1834 2465//2465 2466//2466
f 1012//1012 2467//2467 2468//2468
f 1012//1012 2468//2468 2469//2469
f 2470//2470 1111//1111 953//953
f 2471//2471 2470//2470 953//953
f 2472//2472 2434//2434 2473//2473
f 2474//2474 2475//2475 23//23
f 2474//2474 23//23 22//22
f 1505//1505 118//118 117//117
f 1694//1694 1096//1096 1695//1695
f 2476//2476 2477//2477 2478//2478
f 651//651 2479//2479 652//652
f 806//806 808//808 2480//2480
f 2481//2481 1515//1515 2482//2482
f 1689//1689 2055//2055 2294//2294
f 2483//2483 1185//1185 2484//2484
f 2485//2485 2486//2486 1062//1062
f 221//221 1807//1807 2383//2383
f 820//820 819//819 2487//2487
f 679//679 678//678 2488//2488
f 212//212 1814//1814 2489//2489
f 931//931 2490//2490 2491//2491
f 2492//2492 776//776 2117//2117
f 2493//2493 542//542 2494//2494
f 1277//1277 2495//2495 2411//2411
f 2496//2496 2497//2497 2498//2498
f 2132//2132 2499//2499 2500//2500
f 2501//2501 2502//2502 2503//2503
f 2022//2022 1541//1541 1979//1979
f 2347//2347 295//295 226//226
f 2347//2347 226//226 225//225
f 2504//2504 2505//2505 1505//1505
f 1384//1384 2506//2506 2507//2507
f 39//39 2376//2376 2508//2508
f 1993//1993 1992//1992 2509//2509
f 2510//2510 163//163 2511//2511
f 2512//2512 1945//1945 1786//1786
f 530//530 2513//2513 557//557
f 2514//2514 2515//2515 2516//2516
f 2517//2517 2518//2518 2519//2519
f 668//668 2520//2520 669//669
f 2521//2521 2417//2417 2186//2186
f 1914//1914 2522//2522 2523//2523
f 2524//2524 2525//2525 2526//2526
f 2527//2527 2528//2528 2529//2529
f 2530//2530 392//392 2531//2531
f 61//61 2532//2532 2533//2533
f 2055//2055 2057//2057 1581//1581
f 2534//2534 2204//2204 1311//1311
f 2535//2535 2253//2253 2255//2255
f 2536//2536 2537//2537 2538//2538
f 2536//2536 2538//2538 2539//2539
f 2126//2126 2540//2540 2127//2127
f 674//674 676//676 2541//2541
f 2542//2542 2543//2543 2544//2544
f 2545//2545 1926//1926 1927//1927
f 2546//2546 2547//2547 2548//2548
f 2549//2549 690//690 692//692
f 2550//2550 1633//1633 2551//2551
f 2552//2552 2553//2553 2091//2091
f 1306//1306 1305//1305 1280//1280
f 2429//2429 2554//2554 2555//2555
f 2556//2556 2557//2557 1299//1299
f 2558//2558 1882//1882 2559//2559
f 166//166 2560//2560 2561//2561
f 2562//2562 2563//2563 1561//1561
f 775//775 774//774 1853//1853
f 2564//2564 2565//2565 2566//2566
f 303//303 2567//2567 2568//2568
f 2569//2569 1489//1489 861//861
f 967//967 13//13 1638//1638
f 968//968 967//967 1638//1638
f 1345//1345 2570//2570 1346//1346
f 2571//2571 2572//2572 2573//2573
f 2574//2574 2571//2571 2573//2573
f 2575//2575 2576//2576 2577//2577
f 2578//2578 2023//2023 2579//2579
f 1461//1461 1605//1605 2580//2580
f 972//972 974//974 1502//1502
f 2581//2581 2582//2582 2583//2583
f 2584//2584 2581//2581 2583//2583
f 838//838 837//837 1314//1314
f 2585//2585 43//43 1411//1411
f 364//364 1657//1657 2586//2586
f 2587//2587 364//364 2586//2586
f 977//977 976//976 1624//1624
f 2588//2588 2400//2400 2589//2589
f 2590//2590 2591//2591 2148//2148
f 2592//2592 1473//1473 1472//1472
f 2591//2591 2593//2593 2594//2594
f 2595//2595 1606//1606 181//181
f 1602//1602 2596//2596 2597//2597
f 2598//2598 876//876 2599//2599
f 2600//2600 2601//2601 146//146
f 944//944 943//943 1023//1023
f 2602//2602 2603//2603 2289//2289
f 2604//2604 1212//1212 2605//2605
f 2606//2606 2604//2604 2605//2605
f 2607//2607 2608//2608 2609//2609
f 696//696 695//695 2610//2610
f 2001//2001 2000//2000 2611//2611
f 2612//2612 1614//1614 1613//1613
f 2613//2613 2011//2011 2614//2614
f 703//703 2615//2615 704//704
f 2368//2368 978//978 2616//2616
f 66//66 1026//1026 2110//2110
f 2617//2617 2618//2618 1720//1720
f 2619//2619 203//203 979//979
f 738//738 2620//2620 739//739
f 2621//2621 2622//2622 354//354
f 1852//1852 345//345 1751//1751
f 2547//2547 2623//2623 2624//2624
f 2625//2625 1676//1676 2626//2626
f 2627//2627 2625//2625 2626//2626
f 1051//1051 1050//1050 2628//2628
f 2629//2629 2630//2630 2631//2631
f 2632//2632 334//334 2633//2633
f 2376//2376 2634//2634 1503//1503
f 2635//2635 2636//2636 2637//2637
f 1059//1059 2197//2197 1060//1060
f 2638//2638 2639//2639 2640//2640
f 1949//1949 2641//2641 2201//2201
f 2642//2642 635//635 1864//1864
f 2197//2197 2643//2643 2644//2644
f 1646//1646 2645//2645 1647//1647
f 2646//2646 733//733 1417//1417
f 2646//2646 1417//1417 2647//2647
f 1510//1510 1720//1720 670//670
f 2648//2648 2649//2649 2650//2650
f 1375//1375 2651//2651 321//321
f 2652//2652 2653//2653 97//97
f 2654//2654 2655//2655 898//898
f 2656//2656 2657//2657 2658//2658
f 822//822 1238//1238 823//823
f 2659//2659 2660//2660 2661//2661
f 2662//2662 1366//1366 2663//2663
f 2664//2664 2665//2665 2666//2666
f 2145//2145 2144//2144 2667//2667
f 822//822 1631//1631 2441//2441
f 2668//2668 2669//2669 2670//2670
f 2671//2671 2672//2672 2673//2673
f 6//6 2206//2206 2208//2208
f 2674//2674 2675//2675 2676//2676
f 163//163 2510//2510 2677//2677
f 2333//2333 2678//2678 2448//2448
f 2679//2679 2680//2680 743//743
f 2679//2679 743//743 2681//2681
f 1439//1439 488//488 2682//2682
f 1613//1613 1615//1615 2683//2683
f 2684//2684 297//297 296//296
f 2685//2685 2686//2686 1427//1427
f 1282//1282 1033//1033 2687//2687
f 1898//1898 1372//1372 1619//1619
f 2067//2067 2688//2688 750//750
f 1230//1230 2171//2171 255//255
f 2376//2376 1503//1503 1502//1502
f 1928//1928 1189//1189 2689//2689
f 2453//2453 1922//1922 2396//2396
f 193//193 2690//2690 194//194
f 2691//2691 2419//2419 2418//2418
f 2692//2692 2410//2410 24//24
f 2693//2693 2692//2692 24//24
f 2694//2694 2664//2664 2666//2666
f 2695//2695 2696//2696 1341//1341
f 2697//2697 2698//2698 2699//2699
f 916//916 918//918 1127//1127
f 451//451 1215//1215 1217//1217
f 2700//2700 534//534 2701//2701
f 517//517 2162//2162 2702//2702
f 1170//1170 2433//2433 1168//1168
f 2703//2703 2704//2704 1661//1661
f 2705//2705 2706//2706 2707//2707
f 1541//1541 2708//2708 1978//1978
f 2709//2709 543//543 297//297
f 2710//2710 2711//2711 2712//2712
f 2713//2713 1710//1710 1712//1712
f 2714//2714 2715//2715 2716//2716
f 2717//2717 2718//2718 2719//2719
f 1238//1238 2441//2441 2720//2720
f 2467//2467 2721//2721 2468//2468
f 1490//1490 1492//1492 2722//2722
f 753//753 1276//1276 754//754
f 1958//1958 1957//1957 2723//2723
f 2724//2724 1780//1780 2725//2725
f 1157//1157 1156//1156 1234//1234
f 2726//2726 2328//2328 1000//1000
f 2727//2727 2728//2728 800//800
f 1066//1066 2729//2729 2730//2730
f 1428//1428 1964//1964 2424//2424
f 2731//2731 2732//2732 882//882
f 2733//2733 2734//2734 811//811
f 2735//2735 2061//2061 2060//2060
f 2736//2736 1831//1831 2737//2737
f 2738//2738 2739//2739 2740//2740
f 2741//2741 2738//2738 2740//2740
f 2742//2742 2743//2743 2744//2744
f 2745//2745 446//446 445//445
f 89//89 2042//2042 2746//2746
f 2747//2747 2748//2748 2749//2749
f 589//589 2750//2750 590//590
f 2070//2070 1651//1651 2071//2071
f 2751//2751 2752//2752 2544//2544
f 1983//1983 1845//1845 1984//1984
f 1709//1709 2753//2753 2754//2754
f 1213//1213 1214//1214 2755//2755
f 814//814 480//480 1586//1586
f 506//506 508//508 2756//2756
f 2757//2757 2758//2758 2759//2759
f 2760//2760 2048//2048 2761//2761
f 2760//2760 2761//2761 2762//2762
f 468//468 2763//2763 2764//2764
f 2765//2765 2766//2766 2767//2767
f 365//365 352//352 366//366
f 2411//2411 2495//2495 2412//2412
f 2768//2768 2769//2769 2770//2770
f 1922//1922 2771//2771 708//708
f 2216//2216 1864//1864 2772//2772
f 2773//2773 813//813 2774//2774
f 2775//2775 2776//2776 2777//2777
f 1425//1425 796//796 1426//1426
f 2511//2511 2778//2778 2779//2779
f 1532//1532 1234//1234 546//546
f 794//794 2780//2780 795//795
f 1400//1400 2749//2749 2781//2781
f 2782//2782 2043//2043 2044//2044
f 1762//1762 2783//2783 2784//2784
f 1762//1762 2784//2784 329//329
f 2568//2568 1849//1849 2785//2785
f 1246//1246 1248//1248 2128//2128
f 2477//2477 2786//2786 2716//2716
f 2787//2787 619//619 1940//1940
f 2788//2788 2789//2789 2790//2790
f 2580//2580 2791//2791 2792//2792
f 1329//1329 2580//2580 2792//2792
f 2793//2793 2794//2794 2795//2795
f 1797//1797 2324//2324 2796//2796
f 2797//2797 2798//2798 2799//2799
f 2351//2351 1404//1404 1130//1130
f 2800//2800 2801//2801 2802//2802
f 2803//2803 2804//2804 2805//2805
f 1748//1748 2806//2806 1749//1749
f 2807//2807 1961//1961 2223//2223
f 2808//2808 2560//2560 166//166
f 2809//2809 625//625 624//624
f 1014//1014 1013//1013 2810//2810
f 1950//1950 859//859 325//325
f 2754//2754 2753//2753 1588//1588
f 2811//2811 2266//2266 2268//2268
f 908//908 95//95 1188//1188
f 2230//2230 1727//1727 2812//2812
f 2231//2231 2230//2230 2812//2812
f 2813//2813 1645//1645 2814//2814
f 1133//1133 2815//2815 2351//2351
f 2736//2736 2816//2816 2817//2817
f 2209//2209 205//205 2818//2818
f 2819//2819 2820//2820 2821//2821
f 397//397 396//396 2822//2822
f 1555//1555 2823//2823 2824//2824
f 394//394 219//219 2160//2160
f 2825//2825 2826//2826 2827//2827
f 1896//1896 1898//1898 921//921
f 1574//1574 2828//2828 2829//2829
f 2830//2830 2831//2831 2832//2832
f 2833//2833 2784//2784 2373//2373
f 2834//2834 2653//2653 2652//2652
f 2835//2835 1232//1232 2836//2836
f 2837//2837 259//259 258//258
f 2127//2127 2540//2540 662//662
f 2838//2838 2839//2839 2840//2840
f 758//758 2841//2841 759//759
f 2842//2842 571//571 570//570
f 1090//1090 1154//1154 2843//2843
f 2844//2844 1860//1860 2845//2845
f 2846//2846 2406//2406 2405//2405
f 1681//1681 2847//2847 2848//2848
f 517//517 2163//2163 2162//2162
f 2849//2849 2850//2850 2851//2851
f 1725//1725 2852//2852 2853//2853
f 2854//2854 1725//1725 2853//2853
f 2788//2788 2790//2790 2855//2855
f 2856//2856 2857//2857 2858//2858
f 2859//2859 2860//2860 2861//2861
f 1351//1351 1350//1350 1244//1244
f 2862//2862 2863//2863 1884//1884
f 2864//2864 2865//2865 2866//2866
f 2867//2867 2868//2868 2869//2869
f 2867//2867 2869//2869 1507//1507
f 156//156 2870//2870 2871//2871
f 1448//1448 386//386 523//523
f 2284//2284 2872//2872 2873//2873
f 2284//2284 2873//2873 2874//2874
f 28//28 2875//2875 2876//2876
f 2877//2877 2878//2878 2879//2879
f 2877//2877 2879//2879 2880//2880
f 2881//2881 2882//2882 2662//2662
f 2883//2883 1474//1474 2884//2884
f 2885//2885 2886//2886 2887//2887
f 928//928 1185//1185 926//926
f 2888//2888 2889//2889 2890//2890
f 2891//2891 341//341 343//343
f 823//823 1407//1407 821//821
f 2782//2782 2892//2892 2043//2043
f 2893//2893 2894//2894 2895//2895
f 2896//2896 2897//2897 2898//2898
f 1774//1774 2899//2899 2900//2900
f 2901//2901 2902//2902 2903//2903
f 1546//1546 2904//2904 2905//2905
f 2722//2722 2527//2527 2529//2529
f 2453//2453 2305//2305 1922//1922
f 2906//2906 2907//2907 2908//2908
f 21//21 2909//2909 1696//1696
f 2688//2688 2910//2910 2911//2911
f 1915//1915 2523//2523 2450//2450
f 2784//2784 2371//2371 2373//2373
f 158//158 1728//1728 2912//2912
f 1975//1975 2913//2913 2914//2914
f 1464//1464 2915//2915 1465//1465
f 2469//2469 2468//2468 2916//2916
f 1533//1533 1493//1493 1494//1494
f 1470//1470 1469//1469 526//526
f 2645//2645 2079//2079 925//925
f 2703//2703 219//219 2704//2704
f 2084//2084 2917//2917 2082//2082
f 2918//2918 1073//1073 1020//1020
f 1359//1359 2919//2919 2907//2907
f 2028//2028 2030//2030 2920//2920
f 1268//1268 2105//2105 1945//1945
f 2921//2921 2922//2922 2923//2923
f 2924//2924 2925//2925 2926//2926
f 2927//2927 2928//2928 2929//2929
f 2930//2930 2567//2567 303//303
f 302//302 2930//2930 303//303
f 2931//2931 2439//2439 2932//2932
f 2018//2018 3//3 4//4
f 837//837 187//187 906//906
f 2933//2933 2934//2934 1654//1654
f 2935//2935 2936//2936 2937//2937
f 2938//2938 2939//2939 2940//2940
f 2941//2941 204//204 203//203
f 862//862 861//861 1298//1298
f 2942//2942 2943//2943 2944//2944
f 2945//2945 1608//1608 2038//2038
f 2946//2946 1954//1954 1955//1955
f 2947//2947 2948//2948 2949//2949
f 949//949 2950//2950 2951//2951
f 1398//1398 120//120 119//119
f 2260//2260 2262//2262 2952//2952
f 888//888 2063//2063 2214//2214
f 783//783 2953//2953 784//784
f 2954//2954 1888//1888 2955//2955
f 2956//2956 2957//2957 935//935
f 2240//2240 720//720 2488//2488
f 678//678 2240//2240 2488//2488
f 2413//2413 2958//2958 680//680
f 2959//2959 1748//1748 2960//2960
f 2961//2961 2962//2962 2963//2963
f 2948//2948 1966//1966 1688//1688
f 1862//1862 1191//1191 2964//2964
f 1862//1862 2964//2964 2965//2965
f 2966//2966 2183//2183 2185//2185
f 2967//2967 2790//2790 2968//2968
f 2969//2969 2970//2970 1235//1235
f 2971//2971 2972//2972 2973//2973
f 2974//2974 2975//2975 2976//2976
f 2977//2977 2100//2100 1824//1824
f 2978//2978 1597//1597 2979//2979
f 1311//1311 2204//2204 1340//1340
f 929//929 2980//2980 2520//2520
f 890//890 2195//2195 2194//2194
f 2981//2981 2982//2982 2983//2983
f 2984//2984 2982//2982 2981//2981
f 1636//1636 646//646 969//969
f 2318//2318 2426//2426 2319//2319
f 2985//2985 2986//2986 2987//2987
f 1122//1122 1124//1124 2988//2988
f 2989//2989 2990//2990 2991//2991
f 572//572 571//571 2992//2992
f 2993//2993 2260//2260 2952//2952
f 2798//2798 2994//2994 1203//1203
f 2146//2146 1759//1759 2563//2563
f 2995//2995 2996//2996 2997//2997
f 1723//1723 1592//1592 1594//1594
f 1352//1352 2021//2021 1353//1353
f 1023//1023 943//943 2998//2998
f 2999//2999 2686//2686 2685//2685
f 151//151 1811//1811 3000//3000
f 3001//3001 3002//3002 1602//1602
f 2250//2250 930//930 222//222
f 3003//3003 2724//2724 2725//2725
f 3003//3003 2725//2725 3004//3004
f 3005//3005 3006//3006 1387//1387
f 3007//3007 3008//3008 807//807
f 2114//2114 3007//3007 807//807
f 1879//1879 1828//1828 3009//3009
f 3010//3010 1879//1879 3009//3009
f 1828//1828 1827//1827 2027//2027
f 1075//1075 798//798 1076//1076
f 1773//1773 3011//3011 3012//3012
f 3013//3013 863//863 862//862
f 3014//3014 1235//1235 1237//1237
f 3015//3015 385//385 384//384
f 3016//3016 2546//2546 2548//2548
f 713//713 3017//3017 798//798
f 981//981 3018//3018 3019//3019
f 3020//3020 3021//3021 3022//3022
f 1644//1644 1643//1643 3023//3023
f 2897//2897 110//110 3024//3024
f 1021//1021 1020//1020 1072//1072
f 3025//3025 3026//3026 2831//2831
f 1648//1648 1647//1647 1010//1010
f 3027//3027 3028//3028 3029//3029
f 3030//3030 2838//2838 3031//3031
f 3032//3032 2531//2531 2927//2927
f 2674//2674 3033//3033 2675//2675
f 41//41 3034//3034 637//637
f 1662//1662 423//423 3035//3035
f 663//663 2031//2031 386//386
f 2441//2441 3036//3036 2002//2002
f 2536//2536 2539//2539 2231//2231
f 3037//3037 137//137 510//510
f 3038//3038 3039//3039 3040//3040
f 2280//2280 3041//3041 3042//3042
f 526//526 2493//2493 2494//2494
f 3043//3043 3044//3044 3045//3045
f 2864//2864 2866//2866 2631//2631
f 829//829 1045//1045 3046//3046
f 2220//2220 1703//1703 3047//3047
f 1018//1018 3048//3048 3049//3049
f 3050//3050 866//866 3051//3051
f 392//392 391//391 3052//3052
f 578//578 3053//3053 3054//3054
f 1706//1706 1705//1705 3055//3055
f 3056//3056 3057//3057 2137//2137
f 3058//3058 3059//3059 3060//3060
f 3061//3061 343//343 3062//3062
f 1962//1962 536//536 1963//1963
f 2851//2851 2909//2909 2849//2849
f 2971//2971 2973//2973 3063//3063
f 3064//3064 3065//3065 3066//3066
f 3067//3067 2037//2037 3068//3068
f 1666//1666 33//33 1321//1321
f 3069//3069 3070//3070 3071//3071
f 1170//1170 3072//3072 1345//1345
f 1839//1839 3073//3073 503//503
f 3074//3074 3075//3075 3076//3076
f 270//270 1729//1729 2073//2073
f 859//859 858//858 3077//3077
f 859//859 3077//3077 3078//3078
f 3079//3079 2695//2695 3080//3080
f 912//912 3081//3081 3082//3082
f 3083//3083 3084//3084 3085//3085
f 3086//3086 3087//3087 3088//3088
f 3089//3089 2728//2728 2727//2727
f 747//747 3090//3090 3091//3091
f 1851//1851 3092//3092 1444//1444
f 1851//1851 1444//1444 1443//1443
f 3093//3093 1506//1506 1508//1508
f 2422//2422 3094//3094 2423//2423
f 1430//1430 1917//1917 2045//2045
f 1641//1641 889//889 757//757
f 2406//2406 3095//3095 3096//3096
f 3097//3097 3075//3075 1880//1880
f 3098//3098 3099//3099 3100//3100
f 3101//3101 2983//2983 342//342
f 3102//3102 2859//2859 2861//2861
f 3103//3103 3048//3048 1745//1745
f 3104//3104 3105//3105 1948//1948
f 3056//3056 2137//2137 2030//2030
f 1299//1299 2557//2557 1300//1300
f 2172//2172 3106//3106 2173//2173
f 2831//2831 3107//3107 2832//2832
f 1891//1891 414//414 2581//2581
f 1518//1518 1650//1650 1865//1865
f 2559//2559 3108//3108 3109//3109
f 825//825 3110//3110 826//826
f 1976//1976 2914//2914 3111//3111
f 1976//1976 3111//3111 3112//3112
f 3113//3113 3114//3114 3115//3115
f 3116//3116 3117//3117 3118//3118
f 3119//3119 3120//3120 1673//1673
f 10//10 9//9 263//263
f 3121//3121 10//10 263//263
f 102//102 3122//3122 1219//1219
f 3123//3123 1659//1659 3124//3124
f 760//760 498//498 3125//3125
f 1117//1117 3126//3126 1118//1118
f 2894//2894 2562//2562 2895//2895
f 3127//3127 2714//2714 2028//2028
f 715//715 2382//2382 3128//3128
f 2228//2228 1173//1173 3129//3129
f 3130//3130 3131//3131 3132//3132
f 1162//1162 3021//3021 446//446
f 40//40 1515//1515 2481//2481
f 3133//3133 3134//3134 3044//3044
f 2893//2893 3135//3135 2894//2894
f 3136//3136 3137//3137 3138//3138
f 2021//2021 2606//2606 1353//1353
f 2831//2831 2822//2822 3025//3025
f 3139//3139 3140//3140 2428//2428
f 1322//1322 560//560 1068//1068
f 566//566 888//888 2234//2234
f 344//344 346//346 901//901
f 3141//3141 996//996 995//995
f 2626//2626 1676//1676 1675//1675
f 2857//2857 3142//3142 3143//3143
f 2858//2858 2857//2857 3143//3143
f 252//252 3144//3144 643//643
f 2083//2083 885//885 887//887
f 2083//2083 887//887 91//91
f 3145//3145 3146//3146 3147//3147
f 1348//1348 133//133 132//132
f 2930//2930 2420//2420 2567//2567
f 3148//3148 2491//2491 3149//3149
f 3150//3150 3151//3151 3152//3152
f 2210//2210 3153//3153 3154//3154
f 2949//2949 2948//2948 3155//3155
f 3156//3156 879//879 1363//1363
f 1909//1909 2328//2328 2726//2726
f 3157//3157 1134//1134 1129//1129
f 3105//3105 3158//3158 1027//1027
f 2581//2581 416//416 2582//2582
f 2844//2844 2845//2845 2513//2513
f 2176//2176 2175//2175 2251//2251
f 238//238 2689//2689 239//239
f 3159//3159 29//29 3160//3160
f 2758//2758 1192//1192 1194//1194
f 3161//3161 2850//2850 1612//1612
f 3162//3162 1195//1195 1943//1943
f 3163//3163 2825//2825 3164//3164
f 648//648 1242//1242 649//649
f 2031//2031 952//952 3165//3165
f 3166//3166 3167//3167 245//245
f 1972//1972 3168//3168 2556//2556
f 3169//3169 3170//3170 3171//3171
f 992//992 190//190 189//189
f 2447//2447 3172//3172 3173//3173
f 2499//2499 2411//2411 3174//3174
f 1890//1890 1161//1161 3175//3175
f 495//495 3176//3176 3177//3177
f 495//495 3177//3177 3178//3178
f 3179//3179 2121//2121 3180//3180
f 910//910 1457//1457 911//911
f 3181//3181 761//761 3182//3182
f 2090//2090 2089//2089 3183//3183
f 1220//1220 1219//1219 3184//3184
f 1485//1485 3185//3185 3186//3186
f 870//870 288//288 287//287
f 3187//3187 3188//3188 34//34
f 2240//2240 395//395 720//720
f 3189//3189 1170//1170 1345//1345
f 3190//3190 2226//2226 3191//3191
f 1566//1566 1465//1465 3192//3192
f 3193//3193 3194//3194 3185//3185
f 3195//3195 926//926 1185//1185
f 3113//3113 3115//3115 2153//2153
f 2304//2304 256//256 2984//2984
f 1119//1119 2528//2528 3196//3196
f 3197//3197 2314//2314 3198//3198
f 2757//2757 3199//3199 2734//2734
f 3200//3200 3201//3201 3202//3202
f 335//335 3203//3203 3204//3204
f 3205//3205 3206//3206 2812//2812
f 2578//2578 2579//2579 951//951
f 1030//1030 2151//2151 1031//1031
f 3207//3207 778//778 1771//1771
f 3208//3208 3209//3209 238//238
f 1876//1876 1097//1097 1096//1096
f 3210//3210 3211//3211 3212//3212
f 1045//1045 1044//1044 2457//2457
f 3213//3213 476//476 3214//3214
f 3215//3215 3216//3216 3217//3217
f 675//675 2997//2997 3218//3218
f 3219//3219 1685//1685 1684//1684
f 3220//3220 2888//2888 2890//2890
f 2019//2019 3221//3221 1617//1617
f 2996//2996 409//409 410//410
f 3222//3222 1896//1896 920//920
f 301//301 2881//2881 3223//3223
f 3224//3224 3225//3225 3226//3226
f 3227//3227 3228//3228 2178//2178
f 2187//2187 210//210 3229//3229
f 3230//3230 2843//2843 3231//3231
f 3232//3232 3132//3132 3131//3131
f 1736//1736 1738//1738 3233//3233
f 3234//3234 3235//3235 1544//1544
f 2849//2849 624//624 623//623
f 462//462 3236//3236 494//494
f 3237//3237 3238//3238 865//865
f 579//579 2295//2295 3239//3239
f 1210//1210 1901//1901 3240//3240
f 1932//1932 3241//3241 275//275
f 2620//2620 3242//3242 3243//3243
f 1968//1968 1481//1481 794//794
f 1743//1743 1744//1744 3244//3244
f 355//355 254//254 2304//2304
f 2498//2498 2497//2497 3245//3245
f 3246//3246 2663//2663 3247//3247
f 1979//1979 1978//1978 3248//3248
f 2479//2479 2236//2236 2238//2238
f 2992//2992 571//571 2309//2309
f 1393//1393 1395//1395 1450//1450
f 1157//1157 1618//1618 1155//1155
f 1856//1856 3249//3249 3250//3250
f 1857//1857 1856//1856 3250//3250
f 908//908 93//93 95//95
f 390//390 3251//3251 391//391
f 1877//1877 1876//1876 440//440
f 3252//3252 403//403 3253//3253
f 3254//3254 3255//3255 3178//3178
f 1754//1754 1753//1753 1274//1274
f 599//599 2226//2226 3190//3190
f 3256//3256 3133//3133 3257//3257
f 3258//3258 961//961 1229//1229
f 3259//3259 3260//3260 2859//2859
f 2413//2413 3261//3261 2958//2958
f 3262//3262 3263//3263 3264//3264
f 190//190 903//903 3265//3265
f 190//190 3265//3265 3266//3266
f 1798//1798 3267//3267 1408//1408
f 3244//3244 2578//2578 2540//2540
f 1326//1326 2116//2116 3268//3268
f 755//755 317//317 1664//1664
f 3269//3269 755//755 1664//1664
f 3270//3270 2290//2290 1537//1537
f 738//738 2289//2289 3242//3242
f 2989//2989 3271//3271 3272//3272
f 1710//1710 1316//1316 1315//1315
f 793//793 3273//3273 3274//3274
f 1095//1095 793//793 3274//3274
f 537//537 2710//2710 2712//2712
f 3275//3275 3276//3276 3277//3277
f 3275//3275 3277//3277 3278//3278
f 3250//3250 3249//3249 3279//3279
f 3280//3280 2584//2584 3281//3281
f 654//654 1476//1476 790//790
f 654//654 790//790 441//441
f 321//321 2651//2651 3282//3282
f 2570//2570 1345//1345 3072//3072
f 3141//3141 1535//1535 528//528
f 2329//2329 5//5 3283//3283
f 3284//3284 3285//3285 139//139
f 3286//3286 3287//3287 1026//1026
f 1889//1889 3152//3152 3288//3288
f 712//712 165//165 3289//3289
f 1697//1697 3161//3161 1612//1612
f 525//525 2064//2064 1604//1604
f 900//900 3290//3290 344//344
f 831//831 3291//3291 3150//3150
f 3292//3292 3293//3293 3294//3294
f 2913//2913 1975//1975 3295//3295
f 2403//2403 687//687 1482//1482
f 3274//3274 3273//3273 3296//3296
f 3297//3297 3298//3298 2809//2809
f 2332//2332 3299//3299 1730//1730
f 785//785 787//787 3300//3300
f 3301//3301 2522//2522 1914//1914
f 3302//3302 40//40 3303//3303
f 3139//3139 3304//3304 3140//3140
f 1523//1523 1522//1522 2088//2088
f 2026//2026 1065//1065 473//473
f 297//297 544//544 298//298
f 3305//3305 693//693 3306//3306
f 77//77 3305//3305 3306//3306
f 1365//1365 3307//3307 3308//3308
f 2051//2051 3309//3309 3310//3310
f 1785//1785 2512//2512 1786//1786
f 3311//3311 2532//2532 1923//1923
f 3312//3312 893//893 3313//3313
f 2523//2523 3314//3314 2450//2450
f 3315//3315 3316//3316 3317//3317
f 845//845 253//253 2496//2496
f 2103//2103 3318//3318 2104//2104
f 3319//3319 3320//3320 3321//3321
f 3322//3322 3323//3323 3324//3324
f 3325//3325 3326//3326 2330//2330
f 1459//1459 3327//3327 3328//3328
f 3329//3329 1824//1824 299//299
f 3330//3330 3331//3331 1982//1982
f 3332//3332 3333//3333 3334//3334
f 3241//3241 3335//3335 276//276
f 3038//3038 3336//3336 3337//3337
f 3338//3338 2954//2954 2955//2955
f 3339//3339 3340//3340 3341//3341
f 1760//1760 1865//1865 3342//3342
f 3343//3343 3344//3344 3345//3345
f 265//265 264//264 2417//2417
f 134//134 2241//2241 2166//2166
f 360//360 466//466 361//361
f 3346//3346 444//444 3347//3347
f 1878//1878 1826//1826 1879//1879
f 2349//2349 1109//1109 1108//1108
f 3348//3348 3349//3349 851//851
f 3348//3348 851//851 3350//3350
f 3351//3351 3352//3352 1658//1658
f 3353//3353 3051//3051 3354//3354
f 1132//1132 426//426 2815//2815
f 3054//3054 3053//3053 3355//3355
f 3356//3356 3357//3357 3358//3358
f 380//380 3359//3359 3360//3360
f 3361//3361 189//189 3362//3362
f 3363//3363 3364//3364 1876//1876
f 2337//2337 2339//2339 3365//3365
f 39//39 1115//1115 2375//2375
f 3366//3366 3367//3367 1806//1806
f 323//323 1126//1126 1125//1125
f 3368//3368 3308//3308 3188//3188
f 2553//2553 2552//2552 1822//1822
f 1552//1552 1391//1391 1553//1553
f 3369//3369 3370//3370 3371//3371
f 1181//1181 307//307 2865//2865
f 3372//3372 1287//1287 142//142
f 3373//3373 3374//3374 3280//3280
f 747//747 3091//3091 3375//3375
f 911//911 1457//1457 1459//1459
f 94//94 3101//3101 342//342
f 94//94 342//342 341//341
f 3376//3376 3377//3377 2957//2957
f 2168//2168 2167//2167 1122//1122
f 182//182 1607//1607 293//293
f 1460//1460 1462//1462 3378//3378
f 608//608 137//137 3379//3379
f 1129//1129 363//363 362//362
f 3380//3380 3381//3381 3382//3382
f 3380//3380 3382//3382 3383//3383
f 2463//2463 169//169 3384//3384
f 691//691 945//945 3033//3033
f 2185//2185 2184//2184 3347//3347
f 825//825 3385//3385 3110//3110
f 2853//2853 192//192 3386//3386
f 3387//3387 2853//2853 3386//3386
f 3388//3388 1575//1575 1577//1577
f 2743//2743 3389//3389 2744//2744
f 2371//2371 1125//1125 2372//2372
f 537//537 3390//3390 538//538
f 3391//3391 3392//3392 1296//1296
f 2881//2881 3393//3393 2882//2882
f 1955//1955 1572//1572 3345//3345
f 2766//2766 3394//3394 2767//2767
f 1260//1260 268//268 1261//1261
f 2663//2663 3395//3395 3247//3247
f 1907//1907 3396//3396 2364//2364
f 3397//3397 3398//3398 3399//3399
f 3400//3400 3397//3397 3399//3399
f 3401//3401 2109//2109 477//477
f 63//63 1965//1965 3402//3402
f 63//63 3402//3402 3403//3403
f 2870//2870 1573//1573 1574//1574
f 2037//2037 2036//2036 3404//3404
f 3405//3405 3406//3406 3407//3407
f 2125//2125 1743//1743 2126//2126
f 2076//2076 3408//3408 2077//2077
f 1745//1745 3409//3409 3103//3103
f 444//444 1323//1323 3347//3347
f 3179//3179 3410//3410 3411//3411
f 3412//3412 3413//3413 3414//3414
f 277//277 3412//3412 3414//3414
f 2167//2167 2242//2242 1123//1123
f 1503//1503 3400//3400 1789//1789
f 2011//2011 1297//1297 2012//2012
f 2533//2533 2532//2532 3311//3311
f 3415//3415 3416//3416 3417//3417
f 2866//2866 2629//2629 2631//2631
f 1652//1652 3418//3418 3342//3342
f 3034//3034 41//41 43//43
f 1699//1699 3266//3266 2360//2360
f 246//246 942//942 141//141
f 3419//3419 3420//3420 3421//3421
f 563//563 3214//3214 3422//3422
f 3423//3423 1500//1500 3424//3424
f 2203//2203 3425//3425 3426//3426
f 71//71 1664//1664 316//316
f 2217//2217 3427//3427 2218//2218
f 3428//3428 3429//3429 555//555
f 695//695 3102//3102 3430//3430
f 3431//3431 3432//3432 3433//3433
f 442//442 444//444 3346//3346
f 3434//3434 3435//3435 3436//3436
f 804//804 3313//3313 805//805
f 1189//1189 1191//1191 1862//1862
f 1668//1668 3437//3437 1669//1669
f 3438//3438 3439//3439 3440//3440
f 2450//2450 3314//3314 3441//3441
f 3442//3442 1243//1243 732//732
f 2451//2451 3441//3441 3443//3443
f 3444//3444 3445//3445 1424//1424
f 3446//3446 3447//3447 3448//3448
f 3449//3449 374//374 376//376
f 406//406 1684//1684 2998//2998
f 2870//2870 3450//3450 1573//1573
f 3451//3451 3452//3452 3453//3453
f 2803//2803 2684//2684 2804//2804
f 3454//3454 3455//3455 3456//3456
f 3457//3457 3454//3454 3456//3456
f 2497//2497 642//642 644//644
f 1101//1101 3458//3458 1102//1102
f 2979//2979 934//934 933//933
f 3459//3459 1536//1536 3460//3460
f 3461//3461 3462//3462 855//855
f 3086//3086 3088//3088 467//467
f 3209//3209 3208//3208 3463//3463
f 965//965 2599//2599 3464//3464
f 3465//3465 1046//1046 2636//2636
f 2635//2635 3465//3465 2636//2636
f 3466//3466 677//677 202//202
f 3467//3467 3468//3468 726//726
f 3469//3469 3470//3470 803//803
f 2396//2396 1921//1921 2961//2961
f 3471//3471 3472//3472 2744//2744
f 3473//3473 1087//1087 3474//3474
f 3250//3250 3279//3279 3475//3475
f 3364//3364 1475//1475 654//654
f 1084//1084 479//479 478//478
f 1816//1816 3476//3476 2016//2016
f 3477//3477 3443//3443 3478//3478
f 3298//3298 3479//3479 2809//2809
f 2518//2518 3210//3210 2622//2622
f 3480//3480 3056//3056 3481//3481
f 3482//3482 3483//3483 1455//1455
f 3484//3484 1288//1288 3485//3485
f 65//65 67//67 1917//1917
f 3486//3486 3487//3487 611//611
f 3488//3488 1380//1380 1149//1149
f 3304//3304 2922//2922 2554//2554
f 3489//3489 2921//2921 3490//3490
f 1381//1381 3491//3491 1276//1276
f 753//753 1381//1381 1276//1276
f 1211//1211 2154//2154 3492//3492
f 2752//2752 482//482 481//481
f 2417//2417 264//264 75//75
f 3493//3493 3494//3494 1640//1640
f 2729//2729 3495//3495 3496//3496
f 3136//3136 3497//3497 3137//3137
f 3498//3498 668//668 667//667
f 464//464 1746//1746 465//465
f 1196//1196 675//675 1197//1197
f 3499//3499 3500//3500 506//506
f 3501//3501 3502//3502 3503//3503
f 2582//2582 416//416 1383//1383
f 2040//2040 1184//1184 3504//3504
f 366//366 3505//3505 3506//3506
f 3507//3507 2189//2189 122//122
f 422//422 3508//3508 1524//1524
f 641//641 422//422 1524//1524
f 3406//3406 1973//1973 3407//3407
f 346//346 991//991 153//153
f 2990//2990 3509//3509 3510//3510
f 943//943 407//407 2998//2998
f 1291//1291 491//491 493//493
f 977//977 1624//1624 1926//1926
f 1606//1606 3511//3511 3512//3512
f 3513//3513 1818//1818 959//959
f 2374//2374 1089//1089 3514//3514
f 3515//3515 1934//1934 3516//3516
f 3517//3517 3518//3518 3519//3519
f 3520//3520 3521//3521 3522//3522
f 3156//3156 1363//1363 3523//3523
f 1783//1783 1782//1782 3524//3524
f 3525//3525 3526//3526 2169//2169
f 256//256 2229//2229 2982//2982
f 3527//3527 818//818 3528//3528
f 1788//1788 1787//1787 3529//3529
f 3530//3530 2367//2367 3298//3298
f 3531//3531 3532//3532 1967//1967
f 2927//2927 2945//2945 2038//2038
f 3533//3533 3534//3534 3535//3535
f 1889//1889 772//772 771//771
f 1171//1171 1889//1889 771//771
f 3524//3524 2575//2575 1783//1783
f 3035//3035 423//423 3536//3536
f 3035//3035 3536//3536 3537//3537
f 777//777 3538//3538 778//778
f 93//93 2981//2981 94//94
f 3539//3539 2471//2471 3540//3540
f 2362//2362 1692//1692 169//169
f 2622//2622 3212//3212 3541//3541
f 2228//2228 3129//3129 1855//1855
f 3542//3542 2929//2929 3543//3543
f 1027//1027 1028//1028 3544//3544
f 3424//3424 2182//2182 2181//2181
f 3545//3545 2130//2130 3546//3546
f 1475//1475 2448//2448 1476//1476
f 1444//1444 2136//2136 1445//1445
f 2583//2583 2582//2582 2334//2334
f 3547//3547 3548//3548 3498//3498
f 1227//1227 3547//3547 3498//3498
f 2194//2194 2221//2221 1463//1463
f 3549//3549 3550//3550 3551//3551
f 3092//3092 3552//3552 2135//2135
f 3092//3092 2135//2135 1444//1444
f 1102//1102 3458//3458 3553//3553
f 3554//3554 2617//2617 1510//1510
f 2404//2404 3555//3555 871//871
f 2136//2136 2404//2404 871//871
f 3000//3000 3556//3556 2603//2603
f 2130//2130 2132//2132 2500//2500
f 2976//2976 2071//2071 1651//1651
f 2993//2993 2952//2952 3557//3557
f 335//335 3204//3204 336//336
f 2413//2413 2412//2412 3261//3261
f 1951//1951 1560//1560 1563//1563
f 3090//3090 504//504 3073//3073
f 3558//3558 1924//1924 2344//2344
f 1032//1032 3559//3559 1033//1033
f 3180//3180 3560//3560 3561//3561
f 3157//3157 362//362 3562//3562
f 3563//3563 3564//3564 3565//3565
f 1431//1431 3566//3566 3567//3567
f 1965//1965 1431//1431 3567//3567
f 1332//1332 1885//1885 401//401
f 1629//1629 3568//3568 1630//1630
f 1105//1105 1477//1477 1106//1106
f 3569//3569 957//957 3570//3570
f 61//61 60//60 2532//2532
f 2801//2801 1726//1726 3571//3571
f 3572//3572 3093//3093 3573//3573
f 3574//3574 3016//3016 3575//3575
f 2837//2837 2276//2276 2404//2404
f 2135//2135 2837//2837 2404//2404
f 1372//1372 785//785 1373//1373
f 1198//1198 3576//3576 1199//1199
f 1894//1894 905//905 904//904
f 1895//1895 1894//1894 904//904
f 3577//3577 2304//2304 2984//2984
f 218//218 1782//1782 1781//1781
f 3578//3578 1999//1999 2001//2001
f 2118//2118 3579//3579 3268//3268
f 257//257 2686//2686 258//258
f 3580//3580 3581//3581 3582//3582
f 2688//2688 2911//2911 3583//3583
f 2141//2141 2143//2143 886//886
f 3328//3328 1066//1066 3584//3584
f 3585//3585 1892//1892 2410//2410
f 2207//2207 22//22 1698//1698
f 3586//3586 2207//2207 1698//1698
f 420//420 641//641 3587//3587
f 911//911 3081//3081 912//912
f 3493//3493 1143//1143 3494//3494
f 3588//3588 3141//3141 2623//2623
f 3589//3589 234//234 3590//3590
f 2721//2721 1903//1903 2468//2468
f 1999//1999 2170//2170 2000//2000
f 1908//1908 946//946 945//945
f 2464//2464 2463//2463 3591//3591
f 904//904 541//541 540//540
f 1895//1895 904//904 540//540
f 772//772 1889//1889 3288//3288
f 2013//2013 962//962 961//961
f 3592//3592 566//566 2234//2234
f 2054//2054 3593//3593 69//69
f 1287//1287 3594//3594 3595//3595
f 3596//3596 1734//1734 3201//3201
f 1792//1792 1791//1791 917//917
f 2335//2335 830//830 832//832
f 3597//3597 3598//3598 3599//3599
f 3600//3600 948//948 1466//1466
f 356//356 358//358 3601//3601
f 3602//3602 3284//3284 2867//2867
f 2503//2503 1025//1025 2501//2501
f 969//969 971//971 3603//3603
f 3604//3604 969//969 3603//3603
f 3334//3334 3605//3605 2787//2787
f 971//971 3606//3606 3607//3607
f 3608//3608 2479//2479 3609//3609
f 3610//3610 3608//3608 3609//3609
f 2543//2543 1693//1693 3611//3611
f 3612//3612 3613//3613 2350//2350
f 786//786 3612//3612 2350//2350
f 1839//1839 3614//3614 3073//3073
f 3043//3043 3474//3474 3044//3044
f 1786//1786 1945//1945 1350//1350
f 648//648 650//650 3615//3615
f 3616//3616 3368//3368 3188//3188
f 3617//3617 635//635 3618//3618
f 3619//3619 2327//2327 2326//2326
f 3620//3620 2838//2838 2840//2840
f 2694//2694 2666//2666 2122//2122
f 1011//1011 2467//2467 1012//1012
f 3621//3621 3353//3353 3234//3234
f 1764//1764 1763//1763 1766//1766
f 253//253 252//252 3622//3622
f 846//846 2496//2496 2498//2498
f 1797//1797 2796//2796 3623//3623
f 3624//3624 1797//1797 3623//3623
f 3517//3517 3519//3519 3625//3625
f 2027//2027 1446//1446 2115//2115
f 3626//3626 3627//3627 2568//2568
f 3628//3628 3629//3629 1886//1886
f 881//881 1362//1362 879//879
f 3630//3630 3574//3574 3631//3631
f 3094//3094 3632//3632 3633//3633
f 2300//2300 3623//3623 2901//2901
f 1994//1994 3634//3634 1414//1414
f 3635//3635 1423//1423 3636//3636
f 2614//2614 2013//2013 3258//3258
f 3637//3637 3638//3638 1216//1216
f 1517//1517 1650//1650 1518//1518
f 1956//1956 1958//1958 3639//3639
f 1717//1717 1956//1956 3639//3639
f 813//813 2773//2773 2342//2342
f 3445//3445 3640//3640 3375//3375
f 3641//3641 3642//3642 3643//3643
f 3641//3641 3643//3643 3644//3644
f 1549//1549 3645//3645 3070//3070
f 1713//1713 2534//2534 1313//1313
f 1519//1519 2529//2529 3646//3646
f 2470//2470 3484//3484 3485//3485
f 3647//3647 3549//3549 3551//3551
f 3504//3504 894//894 2012//2012
f 3356//3356 3468//3468 3648//3648
f 2805//2805 3649//3649 1069//1069
f 2805//2805 1069//1069 3650//3650
f 1154//1154 2963//2963 3651//3651
f 3652//3652 129//129 131//131
f 3653//3653 3654//3654 1935//1935
f 2074//2074 3653//3653 1935//1935
f 1286//1286 3195//3195 1185//1185
f 1290//1290 3655//3655 491//491
f 3656//3656 3657//3657 3239//3239
f 272//272 280//280 3658//3658
f 3275//3275 3278//3278 3659//3659
f 2749//2749 2748//2748 2781//2781
f 3660//3660 73//73 2669//2669
f 1256//1256 3661//3661 2629//2629
f 3300//3300 1108//1108 3662//3662
f 3663//3663 3664//3664 2386//2386
f 3494//3494 890//890 889//889
f 1711//1711 3665//3665 3666//3666
f 776//776 2768//2768 2117//2117
f 3318//3318 1442//1442 1480//1480
f 1879//1879 1826//1826 1828//1828
f 851//851 3667//3667 852//852
f 1500//1500 1501//1501 2182//2182
f 3668//3668 557//557 556//556
f 3189//3189 2432//2432 1170//1170
f 3669//3669 49//49 3670//3670
f 3671//3671 3647//3647 3672//3672
f 1019//1019 557//557 3668//3668
f 3673//3673 549//549 702//702
f 3674//3674 1706//1706 3055//3055
f 3674//3674 3055//3055 3675//3675
f 3676//3676 1191//1191 1490//1490
f 1487//1487 2200//2200 1488//1488
f 3677//3677 2711//2711 3678//3678
f 541//541 3679//3679 542//542
f 1701//1701 3680//3680 1702//1702
f 971//971 3607//3607 3603//3603
f 770//770 3115//3115 1172//1172
f 3375//3375 1839//1839 3445//3445
f 3681//3681 3682//3682 3683//3683
f 3684//3684 1239//1239 3685//3685
f 3686//3686 3687//3687 3688//3688
f 3686//3686 3688//3688 3689//3689
f 1329//1329 2792//2792 1330//1330
f 722//722 3160//3160 3690//3690
f 3691//3691 3692//3692 3633//3633
f 1152//1152 3693//3693 3694//3694
f 427//427 1900//1900 428//428
f 3695//3695 3696//3696 2999//2999
f 1590//1590 2320//2320 2319//2319
f 2841//2841 459//459 458//458
f 2031//2031 3165//3165 2032//2032
f 3697//3697 2573//2573 3698//3698
f 2978//2978 2979//2979 2841//2841
f 1383//1383 1382//1382 1700//1700
f 1517//1517 3699//3699 1650//1650
f 2475//2475 3700//3700 3701//3701
f 732//732 1776//1776 1866//1866
f 2227//2227 1854//1854 3702//3702
f 2503//2503 3350//3350 853//853
f 3668//3668 3703//3703 3425//3425
f 3704//3704 1613//1613 2683//2683
f 3705//3705 2635//2635 2637//2637
f 3706//3706 3707//3707 3708//3708
f 3709//3709 79//79 2803//2803
f 3710//3710 3711//3711 3712//3712
f 3049//3049 3048//3048 2832//2832
f 1302//1302 1103//1103 3580//3580
f 2501//2501 1025//1025 65//65
f 2223//2223 892//892 891//891
f 2081//2081 3713//3713 3134//3134
f 792//792 3687//3687 3714//3714
f 2706//2706 651//651 653//653
f 2707//2707 2706//2706 653//653
f 3715//3715 3716//3716 3717//3717
f 3718//3718 3719//3719 3720//3720
f 3382//3382 1360//1360 3721//3721
f 488//488 3722//3722 3723//3723
f 3344//3344 3724//3724 780//780
f 371//371 3344//3344 780//780
f 314//314 3725//3725 315//315
f 1162//1162 2745//2745 1163//1163
f 3339//3339 3341//3341 2721//2721
f 3629//3629 3339//3339 2721//2721
f 3726//3726 3727//3727 3692//3692
f 3726//3726 3692//3692 3728//3728
f 3094//3094 2422//2422 3729//3729
f 27//27 24//24 3730//3730
f 3731//3731 1989//1989 1100//1100
f 750//750 2688//2688 3583//3583
f 3732//3732 3210//3210 2518//2518
f 3182//3182 3733//3733 2799//2799
f 3734//3734 3609//3609 651//651
f 3735//3735 633//633 3736//3736
f 3640//3640 3445//3445 3444//3444
f 3737//3737 3738//3738 1460//1460
f 1014//1014 2810//2810 3508//3508
f 3739//3739 1131//1131 1134//1134
f 3141//3141 1019//1019 996//996
f 3740//3740 3741//3741 3742//3742
f 1396//1396 972//972 3743//3743
f 3744//3744 3662//3662 1223//1223
f 3745//3745 1146//1146 3746//3746
f 3217//3217 3747//3747 3748//3748
f 3749//3749 3217//3217 3748//3748
f 3749//3749 3215//3215 3217//3217
f 2044//2044 1808//1808 1810//1810
f 3750//3750 2854//2854 3387//3387
f 2696//2696 3751//3751 1341//1341
f 3752//3752 286//286 3099//3099
f 3753//3753 3754//3754 3755//3755
f 639//639 2343//2343 1469//1469
f 2702//2702 2162//2162 2244//2244
f 3756//3756 3757//3757 3758//3758
f 2424//2424 1193//1193 1192//1192
f 3759//3759 3760//3760 3710//3710
f 2027//2027 473//473 1446//1446
f 1848//1848 3761//3761 1376//1376
f 538//538 1830//1830 1756//1756
f 539//539 538//538 1756//1756
f 3762//3762 2902//2902 748//748
f 3131//3131 3130//3130 3763//3763
f 3131//3131 3763//3763 1435//1435
f 3288//3288 3152//3152 3764//3764
f 152//152 151//151 737//737
f 2234//2234 2235//2235 3765//3765
f 3173//3173 3172//3172 3465//3465
f 3415//3415 3766//3766 3767//3767
f 3060//3060 3768//3768 3385//3385
f 2595//2595 181//181 3769//3769
f 3133//3133 3256//3256 2079//2079
f 1987//1987 3770//3770 3771//3771
f 2205//2205 2534//2534 2273//2273
f 1117//1117 3772//3772 3126//3126
f 3773//3773 2938//2938 1403//1403
f 2298//2298 2431//2431 2299//2299
f 3774//3774 3775//3775 1293//1293
f 1772//1772 3720//3720 1773//1773
f 336//336 3776//3776 3777//3777
f 3778//3778 3779//3779 3780//3780
f 1635//1635 587//587 586//586
f 1635//1635 586//586 3781//3781
f 478//478 3782//3782 1083//1083
f 3783//3783 3784//3784 3785//3785
f 2629//2629 3661//3661 1835//1835
f 3786//3786 381//381 3787//3787
f 2886//2886 417//417 3788//3788
f 3789//3789 1804//1804 1840//1840
f 2515//2515 3790//3790 3791//3791
f 829//829 3792//3792 827//827
f 1953//1953 1358//1358 1357//1357
f 3338//3338 2955//2955 3793//3793
f 2092//2092 3338//3338 3793//3793
f 1115//1115 1114//1114 2634//2634
f 3794//3794 2081//2081 2080//2080
f 1822//1822 1823//1823 3338//3338
f 1822//1822 3338//3338 2092//2092
f 2902//2902 2796//2796 3795//3795
f 1722//1722 3479//3479 3298//3298
f 1933//1933 2587//2587 2586//2586
f 2892//2892 3796//3796 2043//2043
f 3797//3797 2648//2648 2650//2650
f 532//532 3798//3798 3168//3168
f 1971//1971 532//532 3168//3168
f 3301//3301 3799//3799 3800//3800
f 3301//3301 3800//3800 2522//2522
f 137//137 136//136 3801//3801
f 3802//3802 3803//3803 2437//2437
f 2975//2975 3802//3802 2437//2437
f 3293//3293 2906//2906 3294//3294
f 3804//3804 3462//3462 3461//3461
f 646//646 1636//1636 647//647
f 3450//3450 850//850 3805//3805
f 2143//2143 2142//2142 2313//2313
f 991//991 3806//3806 153//153
f 2723//2723 2485//2485 1061//1061
f 3807//3807 2723//2723 1061//1061
f 370//370 2946//2946 1955//1955
f 2380//2380 3808//3808 2381//2381
f 3107//3107 2831//2831 3026//3026
f 635//635 2642//2642 3618//3618
f 1686//1686 2193//2193 379//379
f 3809//3809 2734//2734 2733//2733
f 2977//2977 1824//1824 3329//3329
f 1277//1277 3810//3810 2495//2495
f 3811//3811 2168//2168 1122//1122
f 1089//1089 1153//1153 1090//1090
f 3812//3812 1005//1005 2122//2122
f 3812//3812 2122//2122 2124//2124
f 412//412 3752//3752 413//413
f 3494//3494 1142//1142 2195//2195
f 3813//3813 1387//1387 1389//1389
f 1667//1667 3814//3814 3815//3815
f 3816//3816 2220//2220 3047//3047
f 3816//3816 3047//3047 2915//2915
f 3817//3817 3818//3818 3819//3819
f 3817//3817 3819//3819 3820//3820
f 3821//3821 2689//2689 238//238
f 2205//2205 2204//2204 2534//2534
f 3822//3822 913//913 3823//3823
f 3824//3824 3722//3722 2177//2177
f 2549//2549 2792//2792 2791//2791
f 2551//2551 3825//3825 3826//3826
f 3827//3827 2551//2551 3826//3826
f 3828//3828 3829//3829 3145//3145
f 620//620 3830//3830 621//621
f 3831//3831 3832//3832 3169//3169
f 3515//3515 373//373 1934//1934
f 1775//1775 613//613 630//630
f 3242//3242 3833//3833 3243//3243
f 1849//1849 3834//3834 1850//1850
f 1950//1950 328//328 841//841
f 248//248 1950//1950 841//841
f 981//981 3019//3019 2506//2506
f 1026//1026 3287//3287 3835//3835
f 3836//3836 3837//3837 3838//3838
f 3836//3836 3838//3838 3839//3839
f 2669//2669 73//73 72//72
f 1636//1636 969//969 3604//3604
f 3809//3809 3840//3840 2757//2757
f 19//19 20//20 2621//2621
f 3841//3841 3842//3842 3843//3843
f 1590//1590 3844//3844 3845//3845
f 3846//3846 2859//2859 3102//3102
f 3847//3847 1378//1378 3848//3848
f 358//358 3849//3849 1182//1182
f 292//292 291//291 3850//3850
f 3851//3851 2867//2867 1506//1506
f 3263//3263 3852//3852 3264//3264
f 675//675 3218//3218 676//676
f 1618//1618 1157//1157 1616//1616
f 3853//3853 1348//1348 1433//1433
f 933//933 459//459 2841//2841
f 1884//1884 3841//3841 2365//2365
f 2862//2862 1884//1884 2365//2365
f 955//955 1504//1504 2505//2505
f 3854//3854 3855//3855 3856//3856
f 149//149 148//148 3789//3789
f 2890//2890 2889//2889 2086//2086
f 3857//3857 3858//3858 2627//2627
f 3859//3859 1849//1849 1851//1851
f 3571//3571 1726//1726 1263//1263
f 1386//1386 1643//1643 3860//3860
f 3861//3861 832//832 3862//3862
f 3863//3863 3861//3861 3862//3862
f 209//209 208//208 74//74
f 1108//1108 3864//3864 2349//2349
f 1173//1173 1175//1175 3129//3129
f 3682//3682 3865//3865 2709//2709
f 167//167 1653//1653 3866//3866
f 3835//3835 167//167 3866//3866
f 2922//2922 3765//3765 3319//3319
f 1044//1044 2458//2458 2457//2457
f 3867//3867 3868//3868 1725//1725
f 3663//3663 3869//3869 3664//3664
f 144//144 871//871 3555//3555
f 2948//2948 3870//3870 588//588
f 3871//3871 3006//3006 3872//3872
f 3873//3873 2211//2211 1809//1809
f 2468//2468 1903//1903 1905//1905
f 1102//1102 3553//3553 2337//2337
f 1534//1534 1494//1494 3874//3874
f 3508//3508 2810//2810 1525//1525
f 3077//3077 3138//3138 3875//3875
f 3078//3078 3077//3077 3875//3875
f 3876//3876 1251//1251 516//516
f 3877//3877 2471//2471 953//953
f 2567//2567 2420//2420 3626//3626
f 3673//3673 702//702 3878//3878
f 1020//1020 1073//1073 1072//1072
f 3015//3015 384//384 1449//1449
f 3879//3879 3230//3230 3880//3880
f 1901//1901 3113//3113 3240//3240
f 1097//1097 3881//3881 81//81
f 3068//3068 3404//3404 163//163
f 3882//3882 2898//2898 3883//3883
f 539//539 577//577 537//537
f 735//735 878//878 736//736
f 3262//3262 3264//3264 2249//2249
f 3884//3884 3885//3885 3886//3886
f 26//26 2693//2693 24//24
f 3530//3530 3298//3298 3297//3297
f 404//404 129//129 3652//3652
f 3020//3020 3022//3022 3887//3887
f 3020//3020 3887//3887 3888//3888
f 3889//3889 3890//3890 3891//3891
f 2941//2941 3892//3892 2297//2297
f 204//204 2941//2941 2297//2297
f 659//659 2735//2735 1415//1415
f 1703//1703 1702//1702 1135//1135
f 3893//3893 1413//1413 1416//1416
f 2662//2662 2663//2663 3894//3894
f 3895//3895 1400//1400 2539//2539
f 1224//1224 710//710 2191//2191
f 1869//1869 267//267 266//266
f 728//728 730//730 2968//2968
f 3615//3615 650//650 1491//1491
f 2286//2286 3896//3896 3897//3897
f 779//779 778//778 3207//3207
f 97//97 96//96 3898//3898
f 3815//3815 3899//3899 1067//1067
f 2869//2869 3900//3900 3901//3901
f 3902//3902 856//856 3903//3903
f 2172//2172 3904//3904 3106//3106
f 864//864 316//316 3237//3237
f 3492//3492 3905//3905 3906//3906
f 579//579 3907//3907 573//573
f 1985//1985 843//843 3454//3454
f 3394//3394 3908//3908 2778//2778
f 3573//3573 3093//3093 251//251
f 3909//3909 243//243 3910//3910
f 126//126 2269//2269 3911//3911
f 1733//1733 214//214 216//216
f 1894//1894 1576//1576 2102//2102
f 2902//2902 3795//3795 748//748
f 1414//1414 3634//3634 1546//1546
f 1790//1790 3669//3669 3670//3670
f 3912//3912 3913//3913 3914//3914
f 3282//3282 3912//3912 3914//3914
f 3915//3915 247//247 3916//3916
f 2973//2973 2972//2972 3876//3876
f 594//594 2400//2400 2882//2882
f 628//628 3917//3917 1932//1932
f 3918//3918 2212//2212 87//87
f 3643//3643 3919//3919 3920//3920
f 3644//3644 3643//3643 3920//3920
f 1049//1049 3233//3233 1295//1295
f 1690//1690 438//438 2750//2750
f 986//986 3921//3921 38//38
f 3922//3922 3923//3923 3865//3865
f 2652//2652 3924//3924 3925//3925
f 2070//2070 938//938 3418//3418
f 2097//2097 3926//3926 2098//2098
f 2494//2494 527//527 526//526
f 606//606 1421//1421 3927//3927
f 2192//2192 3928//3928 1821//1821
f 2193//2193 2192//2192 1821//1821
f 3382//3382 3381//3381 3929//3929
f 3930//3930 3931//3931 3932//3932
f 2332//2332 3930//3930 3932//3932
f 3507//3507 122//122 125//125
f 3579//3579 3933//3933 3934//3934
f 3935//3935 814//814 3922//3922
f 2366//2366 3841//3841 3843//3843
f 3936//3936 3937//3937 1869//1869
f 2830//2830 2832//2832 3048//3048
f 2067//2067 2066//2066 2688//2688
f 133//133 3938//3938 703//703
f 1106//1106 2101//2101 1107//1107
f 3939//3939 3063//3063 1006//1006
f 313//313 3231//3231 311//311
f 2985//2985 3940//3940 2986//2986
f 3635//3635 3636//3636 3941//3941
f 3568//3568 3942//3942 2418//2418
f 1757//1757 3943//3943 3944//3944
f 3945//3945 760//760 3125//3125
f 1790//1790 3670//3670 1791//1791
f 1829//1829 3069//3069 1830//1830
f 3946//3946 1519//1519 1521//1521
f 3947//3947 1642//1642 1644//1644
f 3948//3948 3949//3949 3442//3442
f 3950//3950 2374//2374 1867//1867
f 1415//1415 1414//1414 1529//1529
f 1046//1046 1048//1048 2636//2636
f 355//355 1230//1230 254//254
f 3951//3951 3952//3952 3921//3921
f 966//966 3199//3199 967//967
f 1284//1284 3953//3953 3954//3954
f 873//873 42//42 41//41
f 874//874 873//873 41//41
f 2678//2678 3955//3955 2446//2446
f 168//168 2829//2829 2828//2828
f 808//808 1379//1379 2480//2480
f 1784//1784 2584//2584 3280//3280
f 2770//2770 2856//2856 3579//3579
f 1677//1677 848//848 1678//1678
f 3956//3956 1570//1570 1954//1954
f 2709//2709 2935//2935 2937//2937
f 3094//3094 3727//3727 2423//2423
f 2717//2717 521//521 2718//2718
f 3957//3957 726//726 725//725
f 2105//2105 2104//2104 1945//1945
f 3958//3958 3959//3959 78//78
f 1468//1468 223//223 3960//3960
f 1729//1729 1614//1614 2073//2073
f 3866//3866 1653//1653 1655//1655
f 2924//2924 3961//3961 3962//3962
f 1025//1025 2503//2503 1176//1176
f 1025//1025 1176//1176 1026//1026
f 3963//3963 3964//3964 3817//3817
f 3912//3912 3965//3965 3913//3913
f 3661//3661 1799//1799 1836//1836
f 3966//3966 3967//3967 764//764
f 2641//2641 1158//1158 1161//1161
f 3106//3106 655//655 657//657
f 3904//3904 655//655 3106//3106
f 3968//3968 3446//3446 3969//3969
f 2388//2388 2390//2390 3970//3970
f 365//365 350//350 352//352
f 3971//3971 609//609 3972//3972
f 3913//3913 1675//1675 1550//1550
f 3973//3973 3974//3974 2325//2325
f 3085//3085 3084//3084 3975//3975
f 3976//3976 3977//3977 3978//3978
f 2245//2245 3606//3606 970//970
f 3979//3979 2537//2537 3820//3820
f 3980//3980 2369//2369 3981//3981
f 3982//3982 3983//3983 3984//3984
f 2329//2329 3567//3567 2206//2206
f 183//183 182//182 2346//2346
f 3985//3985 1629//1629 822//822
f 324//324 1125//1125 2371//2371
f 3986//3986 376//376 766//766
f 3987//3987 1079//1079 37//37
f 1880//1880 3075//3075 3074//3074
f 3988//3988 3989//3989 3990//3990
f 342//342 2983//2983 3991//3991
f 3583//3583 1646//1646 1649//1649
f 750//750 3583//3583 1649//1649
f 2239//2239 3992//3992 3993//3993
f 3994//3994 2627//2627 2626//2626
f 3995//3995 3996//3996 3182//3182
f 3180//3180 3410//3410 3179//3179
f 3757//3757 3997//3997 3758//3758
f 3998//3998 3299//3299 2332//2332
f 649//649 1969//1969 3999//3999
f 3124//3124 1659//1659 769//769
f 3124//3124 769//769 768//768
f 629//629 615//615 2233//2233
f 629//629 2233//2233 2232//2232
f 4000//4000 3980//3980 3981//3981
f 3546//3546 2500//2500 2855//2855
f 2977//2977 3329//3329 4001//4001
f 3824//3824 2977//2977 4001//4001
f 2177//2177 2179//2179 3824//3824
f 1985//1985 4002//4002 3998//3998
f 4003//4003 4004//4004 2396//2396
f 2740//2740 4005//4005 18//18
f 123//123 685//685 124//124
f 1867//1867 1853//1853 774//774
f 1429//1429 2424//2424 2425//2425
f 2908//2908 2907//2907 4006//4006
f 2948//2948 588//588 4007//4007
f 691//691 690//690 2791//2791
f 691//691 2791//2791 1002//1002
f 1963//1963 817//817 4008//4008
f 4009//4009 3850//3850 4010//4010
f 3288//3288 2707//2707 2643//2643
f 434//434 436//436 4011//4011
f 4012//4012 1091//1091 2179//2179
f 1167//1167 1471//1471 4013//4013
f 2597//2597 2272//2272 1113//1113
f 3674//3674 2519//2519 4014//4014
f 4015//4015 4016//4016 2094//2094
f 3359//3359 380//380 4017//4017
f 265//265 2417//2417 2521//2521
f 1719//1719 1437//1437 1439//1439
f 3206//3206 4018//4018 4019//4019
f 4020//4020 1830//1830 4021//4021
f 2667//2667 2144//2144 1632//1632
f 3276//3276 4022//4022 3277//3277
f 1822//1822 2552//2552 1452//1452
f 1822//1822 1452//1452 14//14
f 4023//4023 357//357 524//524
f 1897//1897 2566//2566 4024//4024
f 1268//1268 3447//3447 1266//1266
f 3152//3152 3151//3151 4025//4025
f 3928//3928 3289//3289 3287//3287
f 3036//3036 302//302 2003//2003
f 1245//1245 1777//1777 1776//1776
f 3562//3562 2587//2587 1933//1933
f 1373//1373 3300//3300 3744//3744
f 2153//2153 3115//3115 770//770
f 744//744 746//746 1361//1361
f 4026//4026 4027//4027 4028//4028
f 4026//4026 4028//4028 3227//3227
f 4029//4029 2901//2901 2903//2903
f 3357//3357 152//152 737//737
f 4030//4030 2107//2107 2106//2106
f 1535//1535 3024//3024 529//529
f 1167//1167 1472//1472 1471//1471
f 3043//3043 3834//3834 3627//3627
f 4031//4031 2180//2180 706//706
f 955//955 954//954 1504//1504
f 1758//1758 4032//4032 4033//4033
f 4034//4034 3778//3778 3900//3900
f 4035//4035 4036//4036 4037//4037
f 4035//4035 4037//4037 4038//4038
f 3569//3569 497//497 957//957
f 4039//4039 3746//3746 4040//4040
f 2955//2955 1888//1888 246//246
f 2955//2955 246//246 3915//3915
f 4041//4041 4042//4042 2410//2410
f 784//784 2953//2953 3699//3699
f 784//784 3699//3699 1517//1517
f 3864//3864 1108//1108 787//787
f 2909//2909 767//767 4043//4043
f 4044//4044 4045//4045 2293//2293
f 36//36 2085//2085 4046//4046
f 2950//2950 4047//4047 4048//4048
f 869//869 4049//4049 2842//2842
f 4050//4050 4051//4051 4052//4052
f 783//783 4053//4053 4054//4054
f 811//811 2341//2341 4055//4055
f 2733//2733 811//811 4055//4055
f 4056//4056 3448//3448 1785//1785
f 2295//2295 573//573 2//2
f 167//167 166//166 2561//2561
f 2710//2710 4057//4057 2711//2711
f 547//547 1120//1120 1119//1119
f 2461//2461 4058//4058 4059//4059
f 56//56 4060//4060 3634//3634
f 1121//1121 1120//1120 157//157
f 4061//4061 2000//2000 3667//3667
f 3263//3263 3262//3262 4062//4062
f 1454//1454 1456//1456 1709//1709
f 3696//3696 1753//1753 1752//1752
f 2999//2999 3696//3696 1752//1752
f 1198//1198 229//229 3576//3576
f 4063//4063 4064//4064 4065//4065
f 3447//3447 4066//4066 1266//1266
f 2938//2938 1402//1402 1403//1403
f 4067//4067 3007//3007 2114//2114
f 4068//4068 3167//3167 1056//1056
f 4069//4069 3253//3253 2991//2991
f 3861//3861 2334//2334 832//832
f 4070//4070 4071//4071 4072//4072
f 1643//1643 4073//4073 3023//3023
f 143//143 1288//1288 3484//3484
f 247//247 143//143 3484//3484
f 4074//4074 2097//2097 1047//1047
f 1733//1733 4075//4075 1734//1734
f 2990//2990 3272//3272 3194//3194
f 548//548 2777//2777 549//549
f 613//613 4076//4076 2058//2058
f 4077//4077 4078//4078 4079//4079
f 4080//4080 4081//4081 4082//4082
f 1071//1071 4083//4083 4084//4084
f 4085//4085 1071//1071 4084//4084
f 800//800 802//802 4086//4086
f 4087//4087 3442//3442 731//731
f 3257//3257 3044//3044 3474//3474
f 1427//1427 257//257 1927//1927
f 233//233 4088//4088 1592//1592
f 2303//2303 1468//1468 434//434
f 3510//3510 2991//2991 2990//2990
f 2065//2065 2067//2067 749//749
f 4089//4089 4090//4090 1581//1581
f 4091//4091 4092//4092 4093//4093
f 3089//3089 1078//1078 2728//2728
f 1063//1063 3809//3809 2733//2733
f 4094//4094 4095//4095 2987//2987
f 2707//2707 653//653 2644//2644
f 2637//2637 2636//2636 4096//4096
f 1385//1385 4073//4073 1643//1643
f 2298//2298 2300//2300 2794//2794
f 3278//3278 3277//3277 4097//4097
f 918//918 917//917 1195//1195
f 3162//3162 918//918 1195//1195
f 2612//2612 4098//4098 4099//4099
f 1614//1614 2612//2612 4099//4099
f 2289//2289 322//322 3833//3833
f 4100//4100 2930//2930 302//302
f 1743//1743 3244//3244 2126//2126
f 4101//4101 4102//4102 32//32
f 3236//3236 4103//4103 3736//3736
f 882//882 2732//2732 883//883
f 2214//2214 4104//4104 2215//2215
f 2668//2668 3680//3680 4105//4105
f 1975//1975 3958//3958 80//80
f 3875//3875 3138//3138 4106//4106
f 2398//2398 366//366 3506//3506
f 4107//4107 3369//3369 3371//3371
f 398//398 397//397 3103//3103
f 1044//1044 1436//1436 2458//2458
f 2273//2273 2534//2534 1713//1713
f 1490//1490 2722//2722 3676//3676
f 4108//4108 3015//3015 4109//4109
f 3300//3300 787//787 1108//1108
f 1111//1111 919//919 953//953
f 1318//1318 3365//3365 4110//4110
f 4111//4111 4112//4112 456//456
f 4111//4111 456//456 98//98
f 3273//3273 4113//4113 4114//4114
f 1343//1343 1342//1342 1147//1147
f 3551//3551 1081//1081 1080//1080
f 1638//1638 3121//3121 1094//1094
f 559//559 4115//4115 4116//4116
f 3940//3940 4117//4117 1948//1948
f 1053//1053 2164//2164 1054//1054
f 4118//4118 3422//3422 3236//3236
f 4119//4119 4120//4120 2196//2196
f 388//388 4121//4121 2333//2333
f 4122//4122 4123//4123 4124//4124
f 1670//1670 3506//3506 1671//1671
f 906//906 1187//1187 837//837
f 835//835 834//834 2589//2589
f 3509//3509 2990//2990 3193//3193
f 3482//3482 4125//4125 3483//3483
f 236//236 1984//1984 4126//4126
f 4081//4081 4127//4127 1780//1780
f 4081//4081 1780//1780 2724//2724
f 3311//3311 1923//1923 1925//1925
f 4128//4128 1911//1911 4129//4129
f 1412//1412 43//43 3729//3729
f 4004//4004 2453//2453 2396//2396
f 1908//1908 3578//3578 946//946
f 3260//3260 3332//3332 2860//2860
f 3260//3260 2860//2860 2859//2859
f 4130//4130 308//308 310//310
f 1465//1465 3420//3420 3419//3419
f 3121//3121 791//791 793//793
f 1094//1094 3121//3121 793//793
f 1600//1600 4131//4131 2592//2592
f 31//31 33//33 1666//1666
f 2914//2914 269//269 271//271
f 3325//3325 134//134 2166//2166
f 4132//4132 4133//4133 4071//4071
f 4134//4134 3513//3513 4135//4135
f 4136//4136 4134//4134 4135//4135
f 3573//3573 251//251 3526//3526
f 3169//3169 3832//3832 3170//3170
f 2469//2469 2916//2916 4137//4137
f 1042//1042 1041//1041 1848//1848
f 1658//1658 3352//3352 4138//4138
f 2481//2481 2482//2482 3692//3692
f 4139//4139 4140//4140 1827//1827
f 466//466 465//465 1740//1740
f 2314//2314 2313//2313 3246//3246
f 2418//2418 2420//2420 2930//2930
f 4100//4100 2418//2418 2930//2930
f 3344//3344 371//371 3345//3345
f 900//900 2149//2149 3887//3887
f 3022//3022 900//900 3887//3887
f 3933//3933 3143//3143 3671//3671
f 4141//4141 4142//4142 2956//2956
f 2694//2694 4143//4143 2664//2664
f 4144//4144 2874//2874 54//54
f 4145//4145 2826//2826 2825//2825
f 4146//4146 4145//4145 2825//2825
f 606//606 4147//4147 1331//1331
f 4148//4148 1451//1451 4149//4149
f 177//177 3309//3309 2051//2051
f 4150//4150 2008//2008 2010//2010
f 4151//4151 725//725 727//727
f 2358//2358 236//236 3130//3130
f 4152//4152 3713//3713 2081//2081
f 1183//1183 3717//3717 2959//2959
f 4153//4153 4154//4154 2781//2781
f 2748//2748 4153//4153 2781//2781
f 512//512 4155//4155 47//47
f 4156//4156 3785//3785 1997//1997
f 966//966 968//968 2261//2261
f 3203//3203 272//272 3204//3204
f 1648//1648 1010//1010 1009//1009
f 3007//3007 4157//4157 3008//3008
f 2472//2472 3540//3540 57//57
f 2073//2073 4158//4158 270//270
f 4159//4159 3086//3086 4160//4160
f 2365//2365 3841//3841 2366//2366
f 4161//4161 1887//1887 4162//4162
f 4163//4163 3163//3163 3164//3164
f 4164//4164 3435//3435 3434//3434
f 2821//2821 4165//4165 4166//4166
f 2788//2788 3174//3174 2789//2789
f 2359//2359 1699//1699 2360//2360
f 991//991 990//990 1868//1868
f 4167//4167 3028//3028 318//318
f 317//317 4167//4167 318//318
f 3512//3512 3511//3511 4168//4168
f 94//94 2981//2981 3101//3101
f 4169//4169 2258//2258 4170//4170
f 4171//4171 2687//2687 417//417
f 2872//2872 3554//3554 1510//1510
f 759//759 2841//2841 458//458
f 2225//2225 2630//2630 2226//2226
f 1861//1861 885//885 3398//3398
f 1072//1072 1951//1951 1825//1825
f 4172//4172 1071//1071 4085//4085
f 801//801 978//978 980//980
f 2661//2661 2660//2660 2316//2316
f 3572//3572 3516//3516 3093//3093
f 1199//1199 4173//4173 4174//4174
f 4160//4160 3086//3086 4175//4175
f 2003//2003 3766//3766 2004//2004
f 3656//3656 2583//2583 2334//2334
f 4176//4176 4177//4177 3466//3466
f 1585//1585 4178//4178 3005//3005
f 4179//4179 1094//1094 1095//1095
f 211//211 213//213 4180//4180
f 3543//3543 4181//4181 3542//3542
f 3166//3166 244//244 2310//2310
f 4182//4182 4183//4183 184//184
f 151//151 3000//3000 1559//1559
f 844//844 4184//4184 842//842
f 3108//3108 4185//4185 3912//3912
f 2373//2373 4186//4186 4187//4187
f 4157//4157 4188//4188 808//808
f 3008//3008 4157//4157 808//808
f 4189//4189 3041//3041 2280//2280
f 1114//1114 490//490 1319//1319
f 3533//3533 3535//3535 4190//4190
f 4101//4101 4191//4191 4192//4192
f 3449//3449 4193//4193 374//374
f 4194//4194 2869//2869 3901//3901
f 4195//4195 2731//2731 4196//4196
f 4197//4197 4198//4198 2264//2264
f 2260//2260 2639//2639 4199//4199
f 4200//4200 3169//3169 4201//4201
f 4202//4202 1467//1467 2303//2303
f 2907//2907 2516//2516 4203//4203
f 3087//3087 4204//4204 3088//3088
f 477//477 2109//2109 2985//2985
f 1440//1440 3604//3604 1441//1441
f 1133//1133 1132//1132 2815//2815
f 3681//3681 4205//4205 3682//3682
f 644//644 1768//1768 4206//4206
f 3330//3330 235//235 234//234
f 266//266 268//268 1260//1260
f 1248//1248 3745//3745 2128//2128
f 3354//3354 4141//4141 3235//3235
f 4068//4068 1055//1055 2184//2184
f 2513//2513 554//554 557//557
f 2377//2377 2378//2378 4207//4207
f 369//369 368//368 1282//1282
f 1314//1314 1802//1802 1315//1315
f 1278//1278 1228//1228 1304//1304
f 4070//4070 4072//4072 4208//4208
f 932//932 3148//3148 1763//1763
f 1422//1422 3445//3445 4209//4209
f 2609//2609 2891//2891 343//343
f 281//281 2449//2449 4210//4210
f 4211//4211 3733//3733 763//763
f 198//198 4211//4211 763//763
f 3741//3741 4212//4212 1271//1271
f 58//58 4213//4213 4060//4060
f 2444//2444 1237//1237 824//824
f 2364//2364 1999//1999 3578//3578
f 416//416 415//415 1382//1382
f 4214//4214 730//730 3267//3267
f 3115//3115 4215//4215 1172//1172
f 4216//4216 611//611 610//610
f 391//391 927//927 3052//3052
f 2819//2819 2821//2821 4217//4217
f 616//616 4218//4218 617//617
f 3045//3045 259//259 2837//2837
f 2135//2135 3045//3045 2837//2837
f 2259//2259 4219//4219 4023//4023
f 4220//4220 841//841 4221//4221
f 4222//4222 4223//4223 4224//4224
f 1113//1113 1715//1715 4225//4225
f 4226//4226 4227//4227 4228//4228
f 4229//4229 4190//4190 3597//3597
f 4230//4230 977//977 1926//1926
f 2154//2154 2888//2888 3492//3492
f 3730//3730 4042//4042 2077//2077
f 4231//4231 3730//3730 2077//2077
f 4232//4232 3708//3708 4233//4233
f 1608//1608 1610//1610 2038//2038
f 4234//4234 4235//4235 4236//4236
f 1197//1197 675//675 674//674
f 1742//1742 1562//1562 2440//2440
f 1725//1725 1592//1592 1723//1723
f 3042//3042 3434//3434 988//988
f 4237//4237 572//572 2992//2992
f 4238//4238 3226//3226 694//694
f 920//920 1896//1896 921//921
f 582//582 581//581 833//833
f 4239//4239 4240//4240 1779//1779
f 608//608 4241//4241 135//135
f 2828//2828 3189//3189 2362//2362
f 133//133 703//703 134//134
f 281//281 4210//4210 282//282
f 3379//3379 137//137 4242//4242
f 2345//2345 4243//4243 4244//4244
f 2494//2494 3679//3679 4245//4245
f 4246//4246 3234//3234 1543//1543
f 987//987 2560//2560 2808//2808
f 2281//2281 987//987 2808//2808
f 708//708 707//707 2962//2962
f 1166//1166 1472//1472 1167//1167
f 3939//3939 1006//1006 2431//2431
f 4247//4247 575//575 4248//4248
f 4249//4249 3135//3135 892//892
f 3531//3531 4250//4250 3532//3532
f 4008//4008 4251//4251 857//857
f 3796//3796 1671//1671 4252//4252
f 590//590 4253//4253 99//99
f 4254//4254 2391//2391 2265//2265
f 4254//4254 2265//2265 2264//2264
f 2106//2106 2108//2108 3931//3931
f 4242//4242 3037//3037 1790//1790
f 1321//1321 1067//1067 3899//3899
f 4255//4255 4256//4256 1148//1148
f 893//893 2893//2893 3313//3313
f 402//402 3253//3253 403//403
f 4257//4257 3414//3414 3486//3486
f 2539//2539 1400//1400 1399//1399
f 591//591 590//590 4130//4130
f 1967//1967 3532//3532 1481//1481
f 2012//2012 894//894 962//962
f 1511//1511 1231//1231 1239//1239
f 899//899 1890//1890 1891//1891
f 979//979 4258//4258 30//30
f 3565//3565 4109//4109 3937//3937
f 3330//3330 1982//1982 235//235
f 4259//4259 4182//4182 184//184
f 2542//2542 2544//2544 2752//2752
f 4260//4260 2542//2542 2752//2752
f 818//818 1831//1831 819//819
f 4261//4261 3790//3790 2515//2515
f 1816//1816 2016//2016 1817//1817
f 2408//2408 3944//3944 4262//4262
f 4263//4263 3939//3939 2298//2298
f 1978//1978 2708//2708 4264//4264
f 3355//3355 4265//4265 4191//4191
f 3054//3054 3355//3355 4191//4191
f 3662//3662 1108//1108 1110//1110
f 349//349 4266//4266 4267//4267
f 721//721 3160//3160 722//722
f 3442//3442 732//732 731//731
f 843//843 842//842 4268//4268
f 4269//4269 1454//1454 1708//1708
f 2616//2616 801//801 800//800
f 3574//3574 3575//3575 4143//4143
f 3631//3631 3574//3574 4143//4143
f 2272//2272 2273//2273 1715//1715
f 4270//4270 212//212 211//211
f 1313//1313 2534//2534 1311//1311
f 2763//2763 3009//3009 4271//4271
f 3525//3525 4272//4272 3526//3526
f 686//686 462//462 461//461
f 1309//1309 4273//4273 2086//2086
f 3562//3562 362//362 2587//2587
f 3563//3563 3565//3565 3937//3937
f 4274//4274 1649//1649 1648//1648
f 4274//4274 1648//1648 4275//4275
f 3971//3971 3556//3556 609//609
f 2871//2871 3751//3751 2696//2696
f 3567//3567 3566//3566 4276//4276
f 2984//2984 256//256 2982//2982
f 4257//4257 3486//3486 2878//2878
f 1898//1898 4024//4024 1372//1372
f 1604//1604 2064//2064 999//999
f 1604//1604 999//999 1002//1002
f 1892//1892 4277//4277 2410//2410
f 4278//4278 4279//4279 2648//2648
f 4280//4280 3993//3993 863//863
f 272//272 274//274 280//280
f 3207//3207 1771//1771 3970//3970
f 2276//2276 2278//2278 3555//3555
f 2404//2404 2276//2276 3555//3555
f 4103//4103 475//475 3735//3735
f 2303//2303 434//434 934//934
f 4281//4281 4282//4282 4283//4283
f 3378//3378 3976//3976 2657//2657
f 3077//3077 4284//4284 4285//4285
f 4242//4242 1790//1790 1792//1792
f 2463//2463 3384//3384 2254//2254
f 3174//3174 4286//4286 2789//2789
f 4086//4086 442//442 1057//1057
f 3852//3852 4200//4200 3264//3264
f 2118//2118 2770//2770 3579//3579
f 1780//1780 4127//4127 1899//1899
f 4287//4287 2570//2570 4288//4288
f 1357//1357 1359//1359 3293//3293
f 2045//2045 67//67 3213//3213
f 2644//2644 653//653 4289//4289
f 1514//1514 831//831 830//830
f 1225//1225 2280//2280 2279//2279
f 946//946 4290//4290 2611//2611
f 3340//3340 4291//4291 1253//1253
f 1733//1733 216//216 4075//4075
f 932//932 931//931 3148//3148
f 1013//1013 4292//4292 3882//3882
f 635//635 637//637 1863//1863
f 2774//2774 813//813 2233//2233
f 1686//1686 1685//1685 2191//2191
f 3954//3954 4293//4293 3948//3948
f 3954//3954 3948//3948 4294//4294
f 4295//4295 2649//2649 2159//2159
f 330//330 2833//2833 2121//2121
f 701//701 61//61 2533//2533
f 1495//1495 1496//1496 333//333
f 4296//4296 1598//1598 4297//4297
f 59//59 449//449 1566//1566
f 2156//2156 1207//1207 1206//1206
f 3015//3015 661//661 385//385
f 2562//2562 2146//2146 2563//2563
f 2978//2978 2841//2841 4298//4298
f 167//167 2561//2561 1653//1653
f 1737//1737 469//469 1738//1738
f 3806//3806 4299//4299 154//154
f 1525//1525 1524//1524 3508//3508
f 1689//1689 437//437 438//438
f 4300//4300 4301//4301 284//284
f 4058//4058 4300//4300 284//284
f 1389//1389 3871//3871 2402//2402
f 3441//3441 3314//3314 4110//4110
f 4302//4302 4303//4303 3170//3170
f 232//232 4145//4145 4146//4146
f 2532//2532 4304//4304 1923//1923
f 2377//2377 4207//4207 4305//4305
f 4306//4306 768//768 4307//4307
f 599//599 3190//3190 4308//4308
f 1083//1083 3684//3684 4309//4309
f 2745//2745 1162//1162 446//446
f 1970//1970 4310//4310 1971//1971
f 1003//1003 3812//3812 1956//1956
f 13//13 10//10 3121//3121
f 4083//4083 1070//1070 3794//3794
f 1746//1746 50//50 465//465
f 3321//3321 3320//3320 3405//3405
f 744//744 4311//4311 4312//4312
f 2388//2388 3970//3970 3012//3012
f 2330//2330 4313//4313 4314//4314
f 3909//3909 3910//3910 4315//4315
f 4316//4316 3909//3909 4315//4315
f 3776//3776 3658//3658 4317//4317
f 3756//3756 3758//3758 3333//3333
f 523//523 2259//2259 4023//4023
f 711//711 2279//2279 2281//2281
f 4318//4318 4319//4319 4320//4320
f 3650//3650 1069//1069 1071//1071
f 4321//4321 1563//1563 1742//1742
f 3540//3540 2471//2471 3877//3877
f 3041//3041 3503//3503 4164//4164
f 2801//2801 3571//3571 2802//2802
f 3023//3023 1052//1052 1402//1402
f 3238//3238 2775//2775 2777//2777
f 2008//2008 1116//1116 2009//2009
f 2293//2293 603//603 602//602
f 3171//3171 4303//4303 2490//2490
f 4175//4175 3086//3086 4322//4322
f 2376//2376 2375//2375 2634//2634
f 4018//4018 4224//4224 2825//2825
f 3742//3742 4323//4323 4324//4324
f 3719//3719 4143//4143 4325//4325
f 4282//4282 2782//2782 4283//4283
f 2262//2262 968//968 4326//4326
f 2386//2386 3664//3664 4327//4327
f 1896//1896 2564//2564 1897//1897
f 4328//4328 2943//2943 2942//2942
f 4329//4329 2228//2228 2227//2227
f 3870//3870 589//589 588//588
f 2825//2825 2827//2827 4019//4019
f 4018//4018 2825//2825 4019//4019
f 1229//1229 961//961 1230//1230
f 3425//3425 3703//3703 3426//3426
f 1480//1480 519//519 1245//1245
f 2637//2637 4096//4096 2422//2422
f 3666//3666 3665//3665 3480//3480
f 1661//1661 103//103 4330//4330
f 3463//3463 3208//3208 3597//3597
f 3161//3161 2851//2851 2850//2850
f 2368//2368 2619//2619 978//978
f 3998//3998 2692//2692 4331//4331
f 4332//4332 4333//4333 4334//4334
f 2326//2326 4332//4332 4334//4334
f 2516//2516 1871//1871 4203//4203
f 3294//3294 2906//2906 585//585
f 3603//3603 3607//3607 4335//4335
f 3367//3367 3428//3428 555//555
f 2142//2142 3894//3894 2313//2313
f 4336//4336 1594//1594 3439//3439
f 4097//4097 4336//4336 3439//3439
f 3520//3520 3522//3522 4337//4337
f 3430//3430 2861//2861 4338//4338
f 352//352 351//351 4339//4339
f 4340//4340 4341//4341 4342//4342
f 4239//4239 1779//1779 4343//4343
f 3271//3271 4239//4239 4343//4343
f 4344//4344 4345//4345 4346//4346
f 1288//1288 4347//4347 3485//3485
f 4139//4139 4348//4348 4349//4349
f 3682//3682 2709//2709 3683//3683
f 1677//1677 1679//1679 158//158
f 4350//4350 4351//4351 1872//1872
f 4176//4176 4352//4352 411//411
f 3447//3447 1483//1483 4066//4066
f 284//284 568//568 285//285
f 2508//2508 2376//2376 1502//1502
f 4353//4353 3490//3490 4354//4354
f 4355//4355 2047//2047 2046//2046
f 4334//4334 4355//4355 2046//2046
f 4356//4356 4300//4300 4058//4058
f 4357//4357 4003//4003 2374//2374
f 3950//3950 4357//4357 2374//2374
f 4358//4358 3362//3362 4359//4359
f 2956//2956 935//935 4360//4360
f 4361//4361 3885//3885 4362//4362
f 3383//3383 3721//3721 1338//1338
f 4363//4363 1355//1355 3790//3790
f 4364//4364 3066//3066 3065//3065
f 171//171 4365//4365 159//159
f 4366//4366 493//493 4367//4367
f 4368//4368 2045//2045 1447//1447
f 2766//2766 3100//3100 3394//3394
f 3766//3766 304//304 3767//3767
f 834//834 452//452 1213//1213
f 1475//1475 2333//2333 2448//2448
f 1868//1868 2374//2374 3514//3514
f 3885//3885 3884//3884 4369//4369
f 4370//4370 3308//3308 2697//2697
f 4036//4036 3239//3239 2295//2295
f 4188//4188 1341//1341 1343//1343
f 3350//3350 851//851 853//853
f 3767//3767 2785//2785 3416//3416
f 4371//4371 4229//4229 2974//2974
f 3062//3062 4372//4372 2039//2039
f 3165//3165 484//484 2032//2032
f 1223//1223 3662//3662 2311//2311
f 4295//4295 2159//2159 1766//1766
f 4091//4091 4373//4373 4092//4092
f 3478//3478 836//836 838//838
f 3746//3746 1146//1146 4040//4040
f 4116//4116 2729//2729 1068//1068
f 1127//1127 3162//3162 4186//4186
f 4374//4374 4175//4175 4050//4050
f 2068//2068 4375//4375 2069//2069
f 92//92 2414//2414 3613//3613
f 2195//2195 4119//4119 2196//2196
f 3175//3175 1160//1160 4376//4376
f 4377//4377 4378//4378 1528//1528
f 4256//4256 170//170 2462//2462
f 2970//2970 4063//4063 1235//1235
f 4379//4379 4380//4380 4381//4381
f 28//28 2814//2814 2875//2875
f 4382//4382 1371//1371 1370//1370
f 4383//4383 2358//2358 3130//3130
f 4384//4384 1416//1416 2060//2060
f 1429//1429 1916//1916 1430//1430
f 1801//1801 1166//1166 1165//1165
f 2903//2903 2902//2902 3762//3762
f 148//148 779//779 4385//4385
f 3006//3006 3823//3823 3872//3872
f 68//68 4128//4128 4386//4386
f 4387//4387 4388//4388 723//723
f 1268//1268 1267//1267 2105//2105
f 4042//4042 4041//4041 4389//4389
f 2077//2077 4042//4042 4389//4389
f 3913//3913 2626//2626 1675//1675
f 718//718 717//717 2020//2020
f 718//718 2020//2020 3576//3576
f 1944//1944 1197//1197 674//674
f 4357//4357 4390//4390 4004//4004
f 3723//3723 3824//3824 4001//4001
f 428//428 4391//4391 3315//3315
f 2620//2620 2380//2380 2379//2379
f 51//51 2469//2469 4137//4137
f 51//51 4137//4137 4392//4392
f 3247//3247 569//569 572//572
f 2299//2299 2431//2431 3624//3624
f 172//172 4393//4393 4394//4394
f 3869//3869 340//340 3828//3828
f 4083//4083 3794//3794 2080//2080
f 2685//2685 2061//2061 3695//3695
f 3198//3198 572//572 4237//4237
f 3643//3643 111//111 3919//3919
f 3785//3785 3784//3784 4395//4395
f 4396//4396 997//997 4397//4397
f 1814//1814 4398//4398 2489//2489
f 3393//3393 594//594 2882//2882
f 2761//2761 4399//4399 2762//2762
f 4400//4400 1351//1351 3949//3949
f 1609//1609 2607//2607 2609//2609
f 627//627 3917//3917 628//628
f 527//527 1909//1909 2064//2064
f 3850//3850 291//291 4091//4091
f 3154//3154 3322//3322 4401//4401
f 2024//2024 3902//3902 4402//4402
f 4129//4129 319//319 4028//4028
f 3768//3768 3936//3936 4403//4403
f 4404//4404 4405//4405 2284//2284
f 4404//4404 2284//2284 1289//1289
f 2566//2566 3451//3451 3453//3453
f 711//711 165//165 712//712
f 4406//4406 2353//2353 2352//2352
f 3114//3114 4407//4407 4215//4215
f 3114//3114 4215//4215 3115//3115
f 1124//1124 4408//4408 4409//4409
f 3107//3107 3263//3263 4062//4062
f 1074//1074 2562//2562 1561//1561
f 1541//1541 496//496 2708//2708
f 94//94 341//341 2891//2891
f 2183//2183 4068//4068 2184//2184
f 4410//4410 3756//3756 4411//4411
f 4258//4258 2814//2814 30//30
f 455//455 929//929 2520//2520
f 4099//4099 4098//4098 2074//2074
f 2967//2967 2855//2855 2790//2790
f 3618//3618 2642//2642 2969//2969
f 4412//4412 506//506 2756//2756
f 1038//1038 3628//3628 1039//1039
f 614//614 4413//4413 3030//3030
f 2326//2326 2046//2046 2760//2760
f 2072//2072 2931//2931 2932//2932
f 2553//2553 1822//1822 2092//2092
f 658//658 3695//3695 2735//2735
f 3774//3774 1974//1974 3775//3775
f 1492//1492 2527//2527 2722//2722
f 3313//3313 2893//2893 2895//2895
f 226//226 4414//4414 224//224
f 2383//2383 2249//2249 221//221
f 1949//1949 1158//1158 2641//2641
f 4415//4415 4416//4416 3593//3593
f 4417//4417 3712//3712 1218//1218
f 3328//3328 3081//3081 1459//1459
f 3802//3802 4418//4418 3803//3803
f 4419//4419 2604//2604 2606//2606
f 3553//3553 2628//2628 2613//2613
f 1084//1084 4420//4420 4178//4178
f 3318//3318 1480//1480 1479//1479
f 4024//4024 785//785 1372//1372
f 3640//3640 3762//3762 3375//3375
f 4421//4421 230//230 233//233
f 4402//4402 2290//2290 3270//3270
f 4325//4325 4143//4143 2694//2694
f 4422//4422 4325//4325 2694//2694
f 3804//3804 4423//4423 3462//3462
f 2071//2071 2976//2976 2931//2931
f 3761//3761 1377//1377 1376//1376
f 1913//1913 1915//1915 4424//4424
f 2991//2991 3510//3510 4069//4069
f 1111//1111 3485//3485 1628//1628
f 3219//3219 1684//1684 406//406
f 405//405 3219//3219 406//406
f 454//454 4314//4314 4425//4425
f 2936//2936 3813//3813 1389//1389
f 2849//2849 4043//4043 624//624
f 2003//2003 304//304 3766//3766
f 2121//2121 3179//3179 331//331
f 1193//1193 2424//2424 1964//1964
f 4426//4426 4094//4094 4427//4427
f 1526//1526 4428//4428 1527//1527
f 4429//4429 2635//2635 4430//4430
f 3149//3149 2491//2491 3245//3245
f 3912//3912 4185//4185 3965//3965
f 1616//1616 1157//1157 1234//1234
f 1616//1616 1234//1234 1531//1531
f 3736//3736 633//633 632//632
f 4431//4431 4432//4432 2783//2783
f 3801//3801 4433//4433 510//510
f 4434//4434 162//162 3607//3607
f 1493//1493 1533//1533 741//741
f 4435//4435 1493//1493 741//741
f 462//462 496//496 463//463
f 3838//3838 1961//1961 2807//2807
f 2767//2767 3394//3394 4436//4436
f 3372//3372 3594//3594 1287//1287
f 3575//3575 3016//3016 2664//2664
f 2369//2369 3980//3980 4437//4437
f 3447//3447 3968//3968 1483//1483
f 4438//4438 240//240 242//242
f 4439//4439 4342//4342 4440//4440
f 2658//2658 3761//3761 1041//1041
f 716//716 1902//1902 717//717
f 3812//3812 1397//1397 4441//4441
f 3812//3812 4441//4441 1956//1956
f 592//592 594//594 3393//3393
f 4245//4245 1907//1907 4442//4442
f 2773//2773 3031//3031 3554//3554
f 2342//2342 2773//2773 3554//3554
f 3494//3494 2195//2195 890//890
f 3125//3125 497//497 3569//3569
f 1654//1654 2560//2560 2933//2933
f 3410//3410 3180//3180 4443//4443
f 4444//4444 4445//4445 3732//3732
f 4362//4362 3885//3885 4369//4369
f 1334//1334 1992//1992 1332//1332
f 4446//4446 1487//1487 1489//1489
f 683//683 2891//2891 684//684
f 1962//1962 248//248 841//841
f 2468//2468 1905//1905 2125//2125
f 2664//2664 2548//2548 2665//2665
f 3672//3672 3647//3647 4447//4447
f 3981//3981 2368//2368 2616//2616
f 3969//3969 3446//3446 4056//4056
f 3657//3657 3114//3114 4380//4380
f 3376//3376 3003//3003 3377//3377
f 2265//2265 2391//2391 1347//1347
f 3083//3083 3734//3734 2705//2705
f 2530//2530 2531//2531 3032//3032
f 1929//1929 1490//1490 1190//1190
f 3430//3430 108//108 429//429
f 1485//1485 2409//2409 4066//4066
f 3240//3240 3113//3113 2152//2152
f 3483//3483 4448//4448 1455//1455
f 4421//4421 1567//1567 2526//2526
f 3394//3394 3100//3100 3908//3908
f 3745//3745 3746//3746 4449//4449
f 2997//2997 2996//2996 410//410
f 3599//3599 3598//3598 4450//4450
f 3599//3599 4450//4450 4451//4451
f 3005//3005 4452//4452 4453//4453
f 4423//4423 313//313 3462//3462
f 767//767 769//769 4043//4043
f 3888//3888 3887//3887 4291//4291
f 4454//4454 1168//1168 2433//2433
f 2432//2432 4454//4454 2433//2433
f 1362//1362 4386//4386 2224//2224
f 4455//4455 4456//4456 877//877
f 735//735 4455//4455 877//877
f 2297//2297 3892//3892 2459//2459
f 4457//4457 2216//2216 2772//2772
f 4458//4458 1668//1668 1035//1035
f 2734//2734 3199//3199 4459//4459
f 511//511 4439//4439 4440//4440
f 1974//1974 1794//1794 1793//1793
f 1974//1974 1793//1793 3775//3775
f 841//841 2701//2701 1962//1962
f 1007//1007 4460//4460 1796//1796
f 1771//1771 3012//3012 3970//3970
f 4461//4461 3718//3718 1772//1772
f 4461//4461 1772//1772 1771//1771
f 3910//3910 245//245 4462//4462
f 1745//1745 1746//1746 464//464
f 3460//3460 3737//3737 1460//1460
f 4110//4110 4259//4259 4463//4463
f 3441//3441 4110//4110 4463//4463
f 4464//4464 3562//3562 1138//1138
f 627//627 117//117 3917//3917
f 2268//2268 4465//4465 4466//4466
f 3858//3858 3617//3617 4467//4467
f 4349//4349 4348//4348 1775//1775
f 573//573 3907//3907 574//574
f 3630//3630 3718//3718 4468//4468
f 2003//2003 302//302 304//304
f 1163//1163 4469//4469 1164//1164
f 1155//1155 3608//3608 3085//3085
f 3911//3911 2269//2269 2094//2094
f 1283//1283 4470//4470 1284//1284
f 4469//4469 4296//4296 4297//4297
f 2053//2053 69//69 68//68
f 3358//3358 3357//3357 4151//4151
f 98//98 457//457 4471//4471
f 3686//3686 4472//4472 1995//1995
f 633//633 4427//4427 897//897
f 1535//1535 3141//3141 3588//3588
f 2717//2717 2719//2719 4323//4323
f 3254//3254 634//634 4473//4473
f 4298//4298 2841//2841 758//758
f 1824//1824 2100//2100 300//300
f 3192//3192 3388//3388 4474//4474
f 2680//2680 740//740 743//743
f 3669//3669 47//47 49//49
f 205//205 207//207 2818//2818
f 4362//4362 4468//4468 106//106
f 3018//3018 616//616 618//618
f 4407//4407 3863//3863 3862//3862
f 4215//4215 4407//4407 3862//3862
f 3931//3931 1731//1731 1730//1730
f 3932//3932 3931//3931 1730//1730
f 3223//3223 2881//2881 3894//3894
f 2802//2802 3571//3571 4475//4475
f 3904//3904 3248//3248 655//655
f 993//993 4476//4476 4477//4477
f 2089//2089 107//107 4478//4478
f 1210//1210 3240//3240 4479//4479
f 2928//2928 4372//4372 3920//3920
f 1172//1172 771//771 770//770
f 2107//2107 3337//3337 4480//4480
f 2108//2108 2107//2107 4480//4480
f 499//499 458//458 4364//4364
f 1905//1905 1252//1252 1743//1743
f 3080//3080 1341//1341 4157//4157
f 1485//1485 3186//3186 2409//2409
f 1356//1356 2668//2668 4105//4105
f 3358//3358 4151//4151 727//727
f 4481//4481 1930//1930 275//275
f 4481//4481 275//275 214//214
f 1063//1063 2733//2733 4055//4055
f 1063//1063 4055//4055 1064//1064
f 1318//1318 4110//4110 3314//3314
f 793//793 792//792 3273//3273
f 2096//2096 4482//4482 4483//4483
f 1722//1722 1721//1721 3229//3229
f 2396//2396 2961//2961 1153//1153
f 563//563 562//562 3214//3214
f 2676//2676 4484//4484 3371//3371
f 4485//4485 2330//2330 454//454
f 495//495 3178//3178 2708//2708
f 2445//2445 2465//2465 1834//1834
f 2746//2746 3711//3711 4486//4486
f 1955//1955 3345//3345 371//371
f 386//386 2031//2031 2033//2033
f 3759//3759 2673//2673 3760//3760
f 543//543 2937//2937 4487//4487
f 880//880 4416//4416 4415//4415
f 3133//3133 2081//2081 3134//3134
f 2919//2919 2514//2514 2907//2907
f 4488//4488 4406//4406 3487//3487
f 4489//4489 4490//4490 756//756
f 2495//2495 4491//4491 2412//2412
f 4492//4492 1691//1691 3997//3997
f 4493//4493 3472//3472 1928//1928
f 886//886 584//584 2141//2141
f 4471//4471 4494//4494 375//375
f 655//655 3254//3254 656//656
f 1069//1069 4152//4152 1070//1070
f 3963//3963 3817//3817 3820//3820
f 3186//3186 3424//3424 4495//4495
f 227//227 579//579 3239//3239
f 3473//3473 3043//3043 3627//3627
f 4424//4424 1915//1915 2449//2449
f 2579//2579 2025//2025 4496//4496
f 2913//2913 269//269 2914//2914
f 4497//4497 2389//2389 150//150
f 2603//2603 4498//4498 2289//2289
f 377//377 379//379 2193//2193
f 1365//1365 3368//3368 1366//1366
f 113//113 4499//4499 1145//1145
f 4500//4500 3250//3250 3715//3715
f 1159//1159 3544//3544 3710//3710
f 4501//4501 3482//3482 4269//4269
f 1266//1266 4066//4066 2408//2408
f 2723//2723 1957//1957 2485//2485
f 4502//4502 2746//2746 4503//4503
f 2875//2875 4502//4502 4503//4503
f 563//563 3422//3422 4118//4118
f 3781//3781 1639//1639 1641//1641
f 2690//2690 1369//1369 3438//3438
f 2690//2690 3438//3438 194//194
f 4504//4504 2115//2115 4505//4505
f 1030//1030 2218//2218 3427//3427
f 4506//4506 854//854 4507//4507
f 2206//2206 3567//3567 4508//4508
f 3557//3557 4179//4179 3274//3274
f 1960//1960 892//892 2223//2223
f 4277//4277 4041//4041 2410//2410
f 907//907 4509//4509 93//93
f 4005//4005 1704//1704 18//18
f 3734//3734 3610//3610 3609//3609
f 1506//1506 2867//2867 1507//1507
f 2948//2948 1688//1688 3870//3870
f 1284//1284 3954//3954 3706//3706
f 810//810 292//292 3158//3158
f 1826//1826 2574//2574 4139//4139
f 688//688 915//915 4510//4510
f 2908//2908 4006//4006 3493//3493
f 2456//2456 4511//4511 1960//1960
f 480//480 206//206 478//478
f 4211//4211 198//198 200//200
f 3369//3369 4107//4107 4512//4512
f 3719//3719 3718//3718 3631//3631
f 4137//4137 1874//1874 1873//1873
f 2367//2367 1720//1720 1722//1722
f 1192//1192 2758//2758 3840//3840
f 53//53 55//55 4513//4513
f 4276//4276 53//53 4513//4513
f 1469//1469 2493//2493 526//526
f 438//438 44//44 46//46
f 817//817 4514//4514 3527//3527
f 892//892 3135//3135 2893//2893
f 3703//3703 4431//4431 3383//3383
f 4515//4515 4516//4516 4517//4517
f 4518//4518 2762//2762 4519//4519
f 3546//3546 2855//2855 507//507
f 461//461 463//463 895//895
f 635//635 3617//3617 636//636
f 4520//4520 3830//3830 620//620
f 4003//4003 2396//2396 1153//1153
f 2486//2486 121//121 4521//4521
f 1236//1236 4522//4522 825//825
f 334//334 3374//3374 3471//3471
f 2633//2633 334//334 3471//3471
f 4523//4523 4524//4524 4525//4525
f 687//687 2052//2052 688//688
f 3771//3771 4526//4526 3082//3082
f 3771//3771 3082//3082 4375//4375
f 1957//1957 2486//2486 2485//2485
f 550//550 3673//3673 4080//4080
f 4009//4009 4010//4010 2671//2671
f 4009//4009 2671//2671 2673//2673
f 3955//3955 3417//3417 2446//2446
f 1932//1932 3917//3917 3241//3241
f 4527//4527 3489//3489 4528//4528
f 493//493 1294//1294 4367//4367
f 209//209 3306//3306 3983//3983
f 2382//2382 1807//1807 3128//3128
f 319//319 3227//3227 4028//4028
f 15//15 14//14 4529//4529
f 607//607 4241//4241 608//608
f 633//633 897//897 1495//1495
f 3673//3673 3878//3878 4081//4081
f 1682//1682 4530//4530 1683//1683
f 484//484 1173//1173 4531//4531
f 2392//2392 1987//1987 3771//3771
f 2392//2392 3771//3771 2068//2068
f 2255//2255 4532//4532 2535//2535
f 3437//3437 4021//4021 3067//3067
f 4517//4517 4533//4533 1811//1811
f 4534//4534 4517//4517 1811//1811
f 4296//4296 1076//1076 1598//1598
f 3489//3489 3490//3490 4353//4353
f 2292//2292 3134//3134 2545//2545
f 3744//3744 3300//3300 3662//3662
f 3966//3966 4535//4535 3967//3967
f 4536//4536 4537//4537 1224//1224
f 1633//1633 1635//1635 4538//4538
f 2058//2058 240//240 4438//4438
f 4494//4494 430//430 375//375
f 1909//1909 2726//2726 2064//2064
f 2597//2597 2205//2205 2272//2272
f 100//100 3672//3672 4539//4539
f 4540//4540 1260//1260 576//576
f 4063//4063 1031//1031 4064//4064
f 1852//1852 775//775 1853//1853
f 3778//3778 3780//3780 3900//3900
f 2157//2157 1206//1206 1186//1186
f 4038//4038 4037//4037 2017//2017
f 515//515 514//514 4541//4541
f 3915//3915 246//246 247//247
f 2413//2413 680//680 3174//3174
f 1694//1694 3363//3363 1876//1876
f 1694//1694 1876//1876 1096//1096
f 3857//3857 2627//2627 3994//3994
f 2085//2085 3205//3205 4046//4046
f 3763//3763 236//236 4126//4126
f 479//479 1084//1084 4178//4178
f 4144//4144 54//54 53//53
f 4368//4368 4144//4144 53//53
f 1432//1432 4542//4542 4543//4543
f 4544//4544 4545//4545 4546//4546
f 4547//4547 4544//4544 4546//4546
f 755//755 757//757 4167//4167
f 4050//4050 4322//4322 4051//4051
f 4333//4333 3809//3809 1063//1063
f 3908//3908 2802//2802 4548//4548
f 552//552 3804//3804 4549//4549
f 2014//2014 4221//4221 4550//4550
f 2814//2814 1645//1645 4502//4502
f 2814//2814 4502//4502 2875//2875
f 877//877 4456//4456 2034//2034
f 1396//1396 1627//1627 3726//3726
f 1396//1396 3726//3726 973//973
f 971//971 970//970 3606//3606
f 4551//4551 3591//3591 2254//2254
f 1377//1377 3978//3978 1878//1878
f 3435//3435 1201//1201 2174//2174
f 2624//2624 3002//3002 3001//3001
f 2665//2665 2624//2624 3001//3001
f 1810//1810 3117//3117 3116//3116
f 4503//4503 2746//2746 4486//4486
f 4503//4503 4486//4486 2672//2672
f 3381//3381 339//339 338//338
f 2473//2473 15//15 3916//3916
f 3150//3150 2361//2361 3151//3151
f 885//885 1861//1861 2315//2315
f 2101//2101 4552//4552 2102//2102
f 1037//1037 445//445 1038//1038
f 3720//3720 3011//3011 1773//1773
f 4553//4553 4554//4554 4205//4205
f 499//499 3799//3799 956//956
f 2292//2292 2545//2545 1927//1927
f 1397//1397 3812//3812 4555//4555
f 2593//2593 3302//3302 2594//2594
f 1068//1068 560//560 4116//4116
f 1641//1641 1640//1640 889//889
f 1595//1595 1597//1597 2978//2978
f 1300//1300 4556//4556 4227//4227
f 1298//1298 1300//1300 4227//4227
f 640//640 1470//1470 3737//3737
f 1734//1734 4075//4075 4557//4557
f 2229//2229 3642//3642 2982//2982
f 2576//2576 2133//2133 1587//1587
f 1392//1392 4558//4558 1390//1390
f 3990//3990 3989//3989 4559//4559
f 1100//1100 1989//1989 1101//1101
f 2560//2560 1654//1654 2561//2561
f 2555//2555 2921//2921 3489//3489
f 1900//1900 2533//2533 4391//4391
f 1900//1900 4391//4391 428//428
f 4427//4427 4094//4094 2654//2654
f 2915//2915 3420//3420 1465//1465
f 2897//2897 3024//3024 1535//1535
f 3471//3471 3373//3373 4560//4560
f 1531//1531 4310//4310 1458//1458
f 3999//3999 1531//1531 1458//1458
f 237//237 239//239 1862//1862
f 237//237 1862//1862 4450//4450
f 2879//2879 4216//4216 4561//4561
f 1090//1090 2843//2843 3230//3230
f 1695//1695 4562//4562 4563//4563
f 2912//2912 1825//1825 848//848
f 1577//1577 1895//1895 2344//2344
f 4197//4197 2264//2264 2263//2263
f 47//47 2134//2134 48//48
f 4252//4252 3873//3873 1809//1809
f 3153//3153 2210//2210 2211//2211
f 335//335 337//337 1832//1832
f 4420//4420 4452//4452 4178//4178
f 313//313 2397//2397 855//855
f 1314//1314 1187//1187 84//84
f 1983//1983 2285//2285 1845//1845
f 1612//1612 2850//2850 3305//3305
f 3465//3465 4564//4564 1046//1046
f 2483//2483 2484//2484 3116//3116
f 3825//3825 1393//1393 1451//1451
f 3825//3825 1451//1451 4148//4148
f 4333//4333 4565//4565 3809//3809
f 4311//4311 3929//3929 4566//4566
f 4567//4567 840//840 1606//1606
f 32//32 4102//4102 1322//1322
f 4474//4474 3388//3388 4304//4304
f 601//601 2116//2116 1326//1326
f 1187//1187 1314//1314 837//837
f 4218//4218 4568//4568 4134//4134
f 1994//1994 4524//4524 56//56
f 2070//2070 2072//2072 938//938
f 2810//2810 3216//3216 3215//3215
f 1525//1525 2810//2810 3215//3215
f 3691//3691 2481//2481 3692//3692
f 2996//2996 4569//4569 409//409
f 3458//3458 4570//4570 1051//1051
f 3872//3872 913//913 4571//4571
f 963//963 896//896 2172//2172
f 963//963 2172//2172 2171//2171
f 3963//3963 3820//3820 4572//4572
f 4573//4573 3963//3963 4572//4572
f 2759//2759 2758//2758 1194//1194
f 3727//3727 4574//4574 2423//2423
f 177//177 3211//3211 3210//3210
f 618//618 4558//4558 2165//2165
f 4575//4575 4576//4576 3964//3964
f 4577//4577 2541//2541 2395//2395
f 3865//3865 3923//3923 2935//2935
f 3495//3495 4228//4228 3496//3496
f 2631//2631 2630//2630 2225//2225
f 3141//3141 528//528 1019//1019
f 3138//3138 3137//3137 4106//4106
f 3587//3587 641//641 1691//1691
f 2482//2482 3728//3728 3692//3692
f 2141//2141 583//583 3223//3223
f 3578//3578 4290//4290 946//946
f 584//584 583//583 2141//2141
f 843//843 4268//4268 4578//4578
f 348//348 1539//1539 4266//4266
f 4073//4073 2507//2507 1053//1053
f 4073//4073 1053//1053 1052//1052
f 1379//1379 4188//4188 1380//1380
f 3122//3122 3839//3839 4579//4579
f 2711//2711 4057//4057 4580//4580
f 3942//3942 2691//2691 2418//2418
f 4581//4581 2247//2247 2246//2246
f 2860//2860 1940//1940 4582//4582
f 3564//3564 4583//4583 4584//4584
f 39//39 3921//3921 1115//1115
f 3257//3257 3133//3133 3044//3044
f 3047//3047 1703//1703 4585//4585
f 1700//1700 1699//1699 2359//2359
f 3143//3143 3549//3549 3647//3647
f 1681//1681 1683//1683 2847//2847
f 3344//3344 4586//4586 3724//3724
f 3887//3887 2149//2149 4587//4587
f 3969//3969 4056//4056 2275//2275
f 3418//3418 938//938 937//937
f 2704//2704 3837//3837 3836//3836
f 4141//4141 2956//2956 4360//4360
f 3020//3020 1687//1687 447//447
f 337//337 336//336 4588//4588
f 4426//4426 477//477 4095//4095
f 3582//3582 3581//3581 4589//4589
f 4590//4590 3431//3431 4591//4591
f 4592//4592 4405//4405 4404//4404
f 338//338 340//340 3869//3869
f 4286//4286 682//682 2971//2971
f 4593//4593 4594//4594 2546//2546
f 1339//1339 1361//1361 1718//1718
f 1997//1997 3785//3785 4395//4395
f 3931//3931 2108//2108 26//26
f 3563//3563 52//52 3564//3564
f 3704//3704 4595//4595 1613//1613
f 2899//2899 1774//1774 630//630
f 1800//1800 1165//1165 4596//4596
f 1194//1194 4597//4597 2759//2759
f 2380//2380 3833//3833 4432//4432
f 3731//3731 1591//1591 1989//1989
f 2059//2059 1486//1486 4384//4384
f 2360//2360 3266//3266 3265//3265
f 2683//2683 4319//4319 4598//4598
f 1579//1579 575//575 577//577
f 235//235 1984//1984 236//236
f 2029//2029 2028//2028 2714//2714
f 3857//3857 4599//4599 1301//1301
f 3857//3857 1301//1301 3858//3858
f 792//792 3714//3714 4113//4113
f 2096//2096 2095//2095 4482//4482
f 1368//1368 4600//4600 471//471
f 3560//3560 1944//1944 3561//3561
f 3182//3182 761//761 763//763
f 4098//4098 4601//4601 4602//4602
f 2765//2765 2767//2767 4436//4436
f 174//174 4603//4603 4604//4604
f 1964//1964 1431//1431 1965//1965
f 1040//1040 1042//1042 139//139
f 1489//1489 1488//1488 861//861
f 3107//3107 1334//1334 2832//2832
f 4010//4010 4093//4093 4605//4605
f 3149//3149 3245//3245 4206//4206
f 4606//4606 2163//2163 517//517
f 4059//4059 284//284 286//286
f 3155//3155 2948//2948 4007//4007
f 4524//4524 1413//1413 3893//3893
f 486//486 1174//1174 1173//1173
f 484//484 486//486 1173//1173
f 424//424 1662//1662 3457//3457
f 1438//1438 262//262 4607//4607
f 2726//2726 999//999 2064//2064
f 3499//3499 4394//4394 3500//3500
f 2306//2306 3139//3139 2428//2428
f 3306//3306 74//74 77//77
f 3589//3589 3330//3330 234//234
f 2245//2245 970//970 4608//4608
f 1034//1034 4609//4609 1267//1267
f 329//329 2784//2784 330//330
f 3792//3792 4610//4610 827//827
f 4611//4611 4612//4612 4212//4212
f 4371//4371 2974//2974 1651//1651
f 3647//3647 3551//3551 4447//4447
f 4613//4613 4614//4614 3219//3219
f 2007//2007 4125//4125 4501//4501
f 3249//3249 2007//2007 4501//4501
f 657//657 3693//3693 1152//1152
f 3041//3041 3434//3434 3042//3042
f 1465//1465 3419//3419 3192//3192
f 2370//2370 2941//2941 2619//2619
f 3222//3222 4615//4615 2565//2565
f 549//549 3673//3673 550//550
f 2982//2982 3642//3642 3641//3641
f 2156//2156 1206//1206 2157//2157
f 118//118 1620//1620 4382//4382
f 670//670 673//673 3123//3123
f 1482//1482 2780//2780 794//794
f 4616//4616 718//718 228//228
f 227//227 4616//4616 228//228
f 2531//2531 2945//2945 2927//2927
f 4607//4607 1939//1939 1438//1438
f 4617//4617 1140//1140 2377//2377
f 1571//1571 3343//3343 1572//1572
f 2440//2440 1758//1758 4393//4393
f 401//401 631//631 1333//1333
f 285//285 2801//2801 2800//2800
f 3099//3099 285//285 2800//2800
f 1075//1075 1077//1077 4618//4618
f 522//522 524//524 268//268
f 3128//3128 4202//4202 1597//1597
f 1257//1257 3663//3663 2386//2386
f 4060//4060 4213//4213 4619//4619
f 3243//3243 3833//3833 2380//2380
f 3323//3323 4620//4620 2920//2920
f 3738//3738 525//525 1605//1605
f 1172//1172 4215//4215 4621//4621
f 3158//3158 292//292 1027//1027
f 2238//2238 1667//1667 3815//3815
f 1321//1321 1322//1322 1068//1068
f 1953//1953 1819//1819 1358//1358
f 49//49 48//48 367//367
f 1620//1620 1371//1371 4382//4382
f 330//330 2121//2121 331//331
f 4622//4622 483//483 4623//4623
f 2591//2591 1016//1016 2593//2593
f 35//35 4624//4624 2085//2085
f 4041//4041 4625//4625 4389//4389
f 3701//3701 4626//4626 4307//4307
f 3701//3701 4307//4307 4627//4627
f 485//485 4628//4628 486//486
f 4604//4604 3986//3986 3090//3090
f 3526//3526 251//251 253//253
f 3222//3222 2564//2564 1896//1896
f 4376//4376 4629//4629 3956//3956
f 4630//4630 2999//2999 1752//1752
f 4631//4631 2425//2425 1192//1192
f 833//833 581//581 1307//1307
f 3727//3727 3633//3633 3692//3692
f 4481//4481 214//214 1733//1733
f 4205//4205 4554//4554 3935//3935
f 4205//4205 3935//3935 3682//3682
f 3172//3172 4564//4564 3465//3465
f 3931//3931 26//26 1731//1731
f 3344//3344 3343//3343 4632//4632
f 1069//1069 4633//4633 4634//4634
f 816//816 310//310 4514//4514
f 3057//3057 86//86 2138//2138
f 3312//3312 3313//3313 804//804
f 3676//3676 3946//3946 4635//4635
f 4122//4122 4549//4549 4506//4506
f 4636//4636 3723//3723 4001//4001
f 902//902 992//992 4637//4637
f 4638//4638 2436//2436 2435//2435
f 3090//3090 747//747 4604//4604
f 4440//4440 4342//4342 4639//4639
f 4440//4440 4639//4639 2134//2134
f 1419//1419 4323//4323 3742//3742
f 4312//4312 4311//4311 3663//3663
f 4640//4640 3587//3587 4492//4492
f 2601//2601 289//289 146//146
f 4641//4641 1536//1536 3459//3459
f 1802//1802 1711//1711 1803//1803
f 2390//2390 3366//3366 1805//1805
f 3282//3282 3914//3914 4642//4642
f 1660//1660 2703//2703 1661//1661
f 2262//2262 4326//4326 4643//4643
f 4123//4123 2443//2443 2442//2442
f 4397//4397 3425//3425 2203//2203
f 4644//4644 4645//4645 4285//4285
f 1429//1429 1428//1428 2424//2424
f 403//403 3252//3252 1741//1741
f 2608//2608 684//684 2891//2891
f 4261//4261 2515//2515 4072//4072
f 4630//4630 4646//4646 2686//2686
f 64//64 2282//2282 2874//2874
f 1004//1004 4647//4647 1005//1005
f 4648//4648 3084//3084 4649//4649
f 4648//4648 4649//4649 4025//4025
f 4650//4650 4651//4651 4038//4038
f 4650//4650 4038//4038 2019//2019
f 3939//3939 2431//2431 2298//2298
f 453//453 4485//4485 454//454
f 2154//2154 773//773 2888//2888
f 255//255 1150//1150 1870//1870
f 2704//2704 2455//2455 3837//3837
f 2590//2590 1016//1016 2591//2591
f 701//701 700//700 61//61
f 2881//2881 2662//2662 3894//3894
f 3261//3261 4652//4652 2253//2253
f 3261//3261 2253//2253 2958//2958
f 4115//4115 3495//3495 2729//2729
f 3366//3366 4497//4497 3367//3367
f 2937//2937 2936//2936 4487//4487
f 3556//3556 607//607 609//609
f 1281//1281 1280//1280 2820//2820
f 1494//1494 1281//1281 2820//2820
f 1077//1077 2745//2745 4618//4618
f 811//811 813//813 2341//2341
f 4505//4505 501//501 500//500
f 3295//3295 4318//4318 4653//4653
f 1268//1268 1945//1945 2512//2512
f 3552//3552 3045//3045 2135//2135
f 1994//1994 1413//1413 4524//4524
f 431//431 2050//2050 505//505
f 431//431 505//505 432//432
f 671//671 3351//3351 672//672
f 1972//1972 2556//2556 1299//1299
f 4654//4654 1972//1972 1299//1299
f 542//542 3679//3679 2494//2494
f 1008//1008 1797//1797 3624//3624
f 2293//2293 602//602 437//437
f 4655//4655 782//782 4656//4656
f 1478//1478 126//126 3911//3911
f 2732//2732 4283//4283 2156//2156
f 2864//2864 2631//2631 4657//4657
f 480//480 479//479 1585//1585
f 2098//2098 1411//1411 1412//1412
f 4096//4096 2098//2098 1412//1412
f 1151//1151 2173//2173 3106//3106
f 4658//4658 4659//4659 4660//4660
f 432//432 505//505 766//766
f 3384//3384 4661//4661 2254//2254
f 4230//4230 1926//1926 2545//2545
f 3051//3051 3353//3353 4662//4662
f 1780//1780 1899//1899 427//427
f 990//990 345//345 1853//1853
f 3075//3075 4663//4663 3076//3076
f 926//926 3195//3195 2607//2607
f 3690//3690 3160//3160 28//28
f 3650//3650 1071//1071 4172//4172
f 3194//3194 3272//3272 4664//4664
f 3421//3421 1137//1137 1575//1575
f 1081//1081 4424//4424 281//281
f 4023//4023 3702//3702 357//357
f 1404//1404 4665//4665 3317//3317
f 2662//2662 1364//1364 1366//1366
f 1977//1977 1407//1407 2835//2835
f 3356//3356 4666//4666 3357//3357
f 1557//1557 3529//3529 4667//4667
f 1557//1557 4667//4667 4668//4668
f 889//889 448//448 3029//3029
f 4224//4224 3164//3164 2825//2825
f 4557//4557 4075//4075 4373//4373
f 1937//1937 4607//4607 262//262
f 1710//1710 1315//1315 1803//1803
f 78//78 4205//4205 3681//3681
f 2987//2987 2201//2201 2655//2655
f 273//273 1303//1303 3412//3412
f 1256//1256 1255//1255 1799//1799
f 1256//1256 1799//1799 3661//3661
f 2312//2312 3197//3197 2348//2348
f 2414//2414 2312//2312 2348//2348
f 2238//2238 1972//1972 652//652
f 2479//2479 2238//2238 652//652
f 3574//3574 3884//3884 3016//3016
f 1698//1698 1697//1697 264//264
f 3620//3620 2618//2618 2617//2617
f 4011//4011 436//436 1672//1672
f 4669//4669 685//685 684//684
f 551//551 4587//4587 2149//2149
f 4670//4670 3675//3675 3055//3055
f 3224//3224 3260//3260 3259//3259
f 3499//3499 4671//4671 4672//4672
f 2388//2388 4515//4515 4517//4517
f 1405//1405 2656//2656 4673//4673
f 2584//2584 4651//4651 4650//4650
f 2584//2584 4650//4650 3281//3281
f 311//311 4674//4674 312//312
f 4675//4675 3705//3705 2421//2421
f 1160//1160 4676//4676 4376//4376
f 4677//4677 2818//2818 4553//4553
f 287//287 289//289 2585//2585
f 3290//3290 1162//1162 1164//1164
f 3481//3481 2030//2030 2029//2029
f 2786//2786 3481//3481 2029//2029
f 912//912 3082//3082 4526//4526
f 725//725 739//739 3957//3957
f 4050//4050 4678//4678 4679//4679
f 4374//4374 4050//4050 4679//4679
f 4680//4680 4681//4681 600//600
f 4682//4682 1317//1317 1318//1318
f 4682//4682 1318//1318 3314//3314
f 4493//4493 4683//4683 4684//4684
f 3079//3079 2696//2696 2695//2695
f 2558//2558 3109//3109 2385//2385
f 3171//3171 3170//3170 4303//4303
f 544//544 3531//3531 1622//1622
f 2290//2290 2291//2291 1537//1537
f 3570//3570 1913//1913 4424//4424
f 1671//1671 4685//4685 3873//3873
f 872//872 875//875 4686//4686
f 4019//4019 2827//2827 2536//2536
f 178//178 4687//4687 4688//4688
f 3700//3700 4626//4626 3701//3701
f 1059//1059 1058//1058 2643//2643
f 3693//3693 332//332 2632//2632
f 4619//4619 4213//4213 4689//4689
f 4331//4331 2692//2692 2693//2693
f 4299//4299 1088//1088 3879//3879
f 3373//3373 1240//1240 4560//4560
f 3347//3347 1323//1323 4388//4388
f 2192//2192 3289//3289 3928//3928
f 1304//1304 1564//1564 1305//1305
f 67//67 3401//3401 476//476
f 3487//3487 4406//4406 2352//2352
f 4109//4109 3015//3015 1449//1449
f 3715//3715 3475//3475 3716//3716
f 4543//4543 4542//4542 4485//4485
f 4675//4675 2421//2421 4574//4574
f 3756//3756 3966//3966 3757//3757
f 4213//4213 955//955 2505//2505
f 4213//4213 2505//2505 4689//4689
f 2615//2615 4690//4690 2819//2819
f 704//704 2615//2615 2819//2819
f 4059//4059 4058//4058 284//284
f 1439//1439 1438//1438 3722//3722
f 4654//4654 2198//2198 4289//4289
f 2651//2651 3912//3912 3282//3282
f 2110//2110 3835//3835 2111//2111
f 1390//1390 1116//1116 2008//2008
f 3139//3139 3592//3592 3304//3304
f 130//130 1285//1285 4691//4691
f 1799//1799 1798//1798 1408//1408
f 4287//4287 4288//4288 4606//4606
f 4692//4692 4693//4693 3636//3636
f 4694//4694 2530//2530 4695//4695
f 2505//2505 1504//1504 1505//1505
f 1003//1003 1956//1956 1717//1717
f 2053//2053 4386//4386 1362//1362
f 2239//2239 3993//3993 4280//4280
f 515//515 4541//4541 677//677
f 1872//1872 4351//4351 1141//1141
f 4696//4696 4697//4697 4698//4698
f 4535//4535 3756//3756 4410//4410
f 1163//1163 1077//1077 4296//4296
f 4422//4422 2122//2122 4647//4647
f 2528//2528 1119//1119 1121//1121
f 2528//2528 1121//1121 4699//4699
f 853//853 4700//4700 1820//1820
f 865//865 3238//3238 2777//2777
f 116//116 4316//4316 4701//4701
f 4702//4702 116//116 4701//4701
f 3221//3221 2018//2018 2237//2237
f 850//850 1563//1563 4321//4321
f 3790//3790 1355//1355 3791//3791
f 1409//1409 4703//4703 3635//3635
f 452//452 451//451 1217//1217
f 4704//4704 1998//1998 4117//4117
f 99//99 101//101 308//308
f 4130//4130 99//99 308//308
f 1836//1836 1799//1799 1410//1410
f 4049//4049 3167//3167 3166//3166
f 4705//4705 37//37 4706//4706
f 3630//3630 3631//3631 3718//3718
f 2557//2557 3496//3496 4556//4556
f 945//945 691//691 1001//1001
f 3513//3513 4707//4707 1818//1818
f 2023//2023 2025//2025 2579//2579
f 2480//2480 1379//1379 1381//1381
f 1262//1262 356//356 4057//4057
f 4132//4132 4070//4070 2919//2919
f 3625//3625 3519//3519 4708//4708
f 2887//2887 2886//2886 3788//3788
f 2312//2312 2314//2314 3197//3197
f 3698//3698 2572//2572 4709//4709
f 3698//3698 4709//4709 4710//4710
f 1202//1202 2504//2504 627//627
f 636//636 875//875 874//874
f 195//195 4711//4711 3065//3065
f 2551//2551 1633//1633 4712//4712
f 2551//2551 4712//4712 1393//1393
f 4417//4417 3710//3710 3712//3712
f 2840//2840 2839//2839 1996//1996
f 203//203 202//202 4258//4258
f 4713//4713 3796//3796 2892//2892
f 786//786 2350//2350 3864//3864
f 3013//3013 862//862 4227//4227
f 4190//4190 3535//3535 3463//3463
f 1782//1782 2960//2960 3524//3524
f 4080//4080 3376//3376 4142//4142
f 4204//4204 3847//3847 3848//3848
f 691//691 1002//1002 1001//1001
f 1068//1068 2729//2729 1066//1066
f 4435//4435 3853//3853 1493//1493
f 4714//4714 2607//2607 1609//1609
f 511//511 4440//4440 4155//4155
f 4676//4676 1218//1218 4629//4629
f 2124//2124 2123//2123 1601//1601
f 998//998 1834//1834 4715//4715
f 4716//4716 1617//1617 1616//1616
f 160//160 4365//4365 4717//4717
f 1920//1920 3590//3590 2358//2358
f 1920//1920 2358//2358 4383//4383
f 1567//1567 1569//1569 2526//2526
f 1303//1303 1302//1302 3580//3580
f 264//264 1611//1611 76//76
f 75//75 264//264 76//76
f 2369//2369 2368//2368 3981//3981
f 1277//1277 1276//1276 3810//3810
f 741//741 740//740 4718//4718
f 3027//3027 2775//2775 3238//3238
f 318//318 3027//3027 3238//3238
f 775//775 2427//2427 776//776
f 1767//1767 4206//4206 1768//1768
f 2731//2731 4281//4281 2732//2732
f 4397//4397 2203//2203 2202//2202
f 1962//1962 249//249 248//248
f 3140//3140 2429//2429 2428//2428
f 3123//3123 673//673 1659//1659
f 4719//4719 683//683 123//123
f 2774//2774 3031//3031 2773//2773
f 3854//3854 3856//3856 4612//4612
f 2492//2492 2117//2117 2116//2116
f 347//347 349//349 4720//4720
f 486//486 347//347 4720//4720
f 3655//3655 1290//1290 4721//4721
f 3890//3890 337//337 597//597
f 4252//4252 1809//1809 1808//1808
f 1880//1880 3074//3074 1881//1881
f 2215//2215 180//180 1844//1844
f 4722//4722 3146//3146 418//418
f 3528//3528 818//818 4284//4284
f 1131//1131 3004//3004 2725//2725
f 2951//2951 4048//4048 1528//1528
f 2951//2951 1528//1528 1527//1527
f 2251//2251 1734//1734 4723//4723
f 3275//3275 2755//2755 1214//1214
f 1892//1892 610//610 612//612
f 3880//3880 3230//3230 4423//4423
f 4105//4105 1701//1701 2219//2219
f 2531//2531 392//392 3052//3052
f 2033//2033 4329//4329 2259//2259
f 2592//2592 4131//4131 4298//4298
f 1907//1907 3578//3578 1908//1908
f 4612//4612 3856//3856 4212//4212
f 1199//1199 1352//1352 4173//4173
f 4724//4724 3831//3831 3025//3025
f 2207//2207 3586//3586 2208//2208
f 2558//2558 2590//2590 2148//2148
f 153//153 3806//3806 154//154
f 1825//1825 849//849 848//848
f 1704//1704 4005//4005 4725//4725
f 3728//3728 974//974 973//973
f 3052//3052 4714//4714 2945//2945
f 3776//3776 4317//4317 4726//4726
f 3776//3776 4726//4726 2332//2332
f 3736//3736 4103//4103 3735//3735
f 422//422 1014//1014 3508//3508
f 5//5 2206//2206 6//6
f 734//734 2878//2878 2877//2877
f 735//735 734//734 2877//2877
f 4110//4110 2339//2339 4182//4182
f 2270//2270 3515//3515 3572//3572
f 137//137 3037//3037 4242//4242
f 643//643 4727//4727 1768//1768
f 2094//2094 2269//2269 2271//2271
f 3740//3740 3742//3742 4324//4324
f 531//531 2392//2392 2068//2068
f 3188//3188 4370//4370 34//34
f 4728//4728 2772//2772 1864//1864
f 2218//2218 1030//1030 1029//1029
f 3544//3544 1028//1028 3759//3759
f 3623//3623 2902//2902 2901//2901
f 2944//2944 4729//4729 1466//1466
f 3030//3030 4413//4413 2839//2839
f 2943//2943 4729//4729 2944//2944
f 782//782 1588//1588 783//783
f 2175//2175 1735//1735 2251//2251
f 4311//4311 4566//4566 3663//3663
f 1359//1359 2907//2907 2906//2906
f 2066//2066 4172//4172 2910//2910
f 2066//2066 2910//2910 2688//2688
f 1418//1418 2717//2717 1419//1419
f 3580//3580 1103//1103 3581//3581
f 3837//3837 2456//2456 1959//1959
f 4730//4730 1420//1420 605//605
f 2783//2783 2371//2371 2784//2784
f 4636//4636 4731//4731 1861//1861
f 2005//2005 2007//2007 3249//3249
f 2833//2833 2373//2373 4187//4187
f 3396//3396 1907//1907 4245//4245
f 3021//3021 3020//3020 446//446
f 2151//2151 4732//4732 1031//1031
f 4054//4054 4190//4190 4371//4371
f 1333//1333 4733//4733 1334//1334
f 3853//3853 1433//1433 1493//1493
f 2384//2384 1073//1073 2918//2918
f 2151//2151 1739//1739 4732//4732
f 3072//3072 4681//4681 4680//4680
f 2979//2979 2303//2303 934//934
f 532//532 2069//2069 3798//3798
f 174//174 599//599 4308//4308
f 3814//3814 1666//1666 3899//3899
f 3977//3977 2325//2325 4734//4734
f 3553//3553 2613//2613 2338//2338
f 3629//3629 2721//2721 2467//2467
f 1141//1141 4351//4351 1142//1142
f 1089//1089 4003//4003 1153//1153
f 4457//4457 361//361 2216//2216
f 4000//4000 1078//1078 1079//1079
f 3140//3140 3304//3304 2554//2554
f 3397//3397 1320//1320 3398//3398
f 2254//2254 4661//4661 2255//2255
f 2063//2063 3769//3769 4104//4104
f 1234//1234 1233//1233 546//546
f 3086//3086 467//467 4322//4322
f 4735//4735 4327//4327 4439//4439
f 3858//3858 1301//1301 4686//4686
f 1860//1860 2844//2844 529//529
f 2150//2150 102//102 1219//1219
f 3250//3250 3475//3475 3715//3715
f 1597//1597 1596//1596 3128//3128
f 3806//3806 3514//3514 4736//4736
f 4322//4322 1104//1104 4737//4737
f 2743//2743 3694//3694 3389//3389
f 299//299 301//301 583//583
f 1065//1065 474//474 473//473
f 1597//1597 2303//2303 2979//2979
f 3197//3197 4237//4237 2348//2348
f 3569//3569 3570//3570 3550//3550
f 1970//1970 1972//1972 3327//3327
f 4738//4738 4592//4592 4404//4404
f 3607//3607 162//162 4335//4335
f 4360//4360 127//127 2301//2301
f 663//663 952//952 2031//2031
f 4196//4196 2731//2731 2006//2006
f 3667//3667 846//846 944//944
f 4436//4436 3394//3394 2511//2511
f 2331//2331 4485//4485 4542//4542
f 736//736 2679//2679 4257//4257
f 183//183 2346//2346 1794//1794
f 4739//4739 4740//4740 3679//3679
f 957//957 3301//3301 1913//1913
f 4215//4215 3862//3862 4621//4621
f 4741//4741 2738//2738 4670//4670
f 3968//3968 1484//1484 1483//1483
f 1041//1041 3761//3761 1848//1848
f 2898//2898 2897//2897 1535//1535
f 2132//2132 754//754 2499//2499
f 1472//1472 1600//1600 2592//2592
f 1678//1678 850//850 3450//3450
f 4742//4742 2970//2970 2969//2969
f 2642//2642 4742//4742 2969//2969
f 395//395 394//394 2160//2160
f 3523//3523 4026//4026 1938//1938
f 4199//4199 2639//2639 2638//2638
f 866//866 865//865 3521//3521
f 2608//2608 2891//2891 2609//2609
f 1741//1741 3252//3252 4743//4743
f 56//56 58//58 4060//4060
f 1493//1493 1433//1433 1432//1432
f 562//562 3213//3213 3214//3214
f 3772//3772 958//958 3126//3126
f 2048//2048 1774//1774 2900//2900
f 3896//3896 2286//2286 278//278
f 277//277 3896//3896 278//278
f 3745//3745 1144//1144 1146//1146
f 652//652 1972//1972 4654//4654
f 1725//1725 3868//3868 1592//1592
f 4624//4624 4018//4018 3206//3206
f 2095//2095 3525//3525 4482//4482
f 4156//4156 1997//1997 4744//4744
f 1190//1190 1490//1490 1191//1191
f 4020//4020 4021//4021 3437//3437
f 884//884 883//883 390//390
f 4475//4475 1265//1265 3854//3854
f 4745//4745 1739//1739 3563//3563
f 916//916 1792//1792 917//917
f 4746//4746 4747//4747 3181//3181
f 1143//1143 1142//1142 3494//3494
f 4709//4709 4748//4748 4076//4076
f 4749//4749 1925//1925 1536//1536
f 729//729 3063//3063 4263//4263
f 4451//4451 4450//4450 4750//4750
f 1876//1876 3364//3364 440//440
f 3267//3267 2793//2793 2795//2795
f 1724//1724 4336//4336 4097//4097
f 574//574 4101//4101 31//31
f 1578//1578 1580//1580 1765//1765
f 3675//3675 2517//2517 3674//3674
f 4117//4117 3104//3104 1948//1948
f 650//650 2527//2527 1491//1491
f 3945//3945 1473//1473 760//760
f 1906//1906 1760//1760 1759//1759
f 4225//4225 490//490 1114//1114
f 4071//4071 4261//4261 4072//4072
f 1223//1223 2311//2311 244//244
f 4497//4497 4666//4666 3428//3428
f 953//953 919//919 954//954
f 1770//1770 2183//2183 2966//2966
f 3026//3026 3025//3025 3831//3831
f 3290//3290 900//900 3022//3022
f 1761//1761 2783//2783 1762//1762
f 2155//2155 2732//2732 2156//2156
f 568//568 4706//4706 4046//4046
f 2526//2526 1569//1569 4751//4751
f 4708//4708 3519//3519 4610//4610
f 1949//1949 3105//3105 1158//1158
f 3858//3858 4467//4467 2627//2627
f 4517//4517 4516//4516 4533//4533
f 3322//3322 3324//3324 2139//2139
f 29//29 28//28 3160//3160
f 2573//2573 2572//2572 3698//3698
f 2779//2779 4752//4752 4753//4753
f 4754//4754 2816//2816 2736//2736
f 4066//4066 1483//1483 1485//1485
f 319//319 321//321 3228//3228
f 3237//3237 865//865 864//864
f 2657//2657 3978//3978 1377//1377
f 3761//3761 2657//2657 1377//1377
f 4064//4064 3059//3059 3058//3058
f 28//28 2876//2876 3690//3690
f 2427//2427 1852//1852 1800//1800
f 3708//3708 3707//3707 4233//4233
f 2430//2430 4527//4527 4755//4755
f 3779//3779 4160//4160 4175//4175
f 4089//4089 1581//1581 1583//1583
f 1811//1811 3556//3556 3000//3000
f 816//816 4514//4514 817//817
f 2962//2962 707//707 350//350
f 4281//4281 4283//4283 2732//2732
f 4756//4756 3633//3633 3632//3632
f 2757//2757 967//967 3199//3199
f 2926//2926 3961//3961 2924//2924
f 4710//4710 4709//4709 613//613
f 4710//4710 613//613 4757//4757
f 3659//3659 4575//4575 3964//3964
f 3659//3659 3964//3964 4476//4476
f 3674//3674 4014//4014 1706//1706
f 3566//3566 4368//4368 4276//4276
f 4411//4411 3332//3332 3260//3260
f 106//106 4468//4468 3538//3538
f 1261//1261 268//268 524//524
f 3104//3104 1998//1998 3158//3158
f 3950//3950 1867//1867 4758//4758
f 1537//1537 2291//2291 1538//1538
f 3185//3185 3194//3194 3423//3423
f 4490//4490 3781//3781 756//756
f 3223//3223 2142//2142 2141//2141
f 3324//3324 2030//2030 2137//2137
f 4655//4655 4656//4656 4249//4249
f 4670//4670 4759//4759 3675//3675
f 2126//2126 3244//3244 2540//2540
f 4480//4480 3337//3337 27//27
f 3833//3833 322//322 4432//4432
f 2444//2444 2445//2445 1337//1337
f 3614//3614 3090//3090 3073//3073
f 1721//1721 3689//3689 4760//4760
f 4539//4539 4754//4754 2736//2736
f 1494//1494 1432//1432 1226//1226
f 1064//1064 4055//4055 4761//4761
f 1064//1064 4761//4761 4592//4592
f 3037//3037 510//510 512//512
f 3172//3172 3417//3417 4564//4564
f 870//870 4762//4762 1443//1443
f 295//295 4106//4106 3137//3137
f 2221//2221 2220//2220 3816//3816
f 2345//2345 4232//4232 4243//4243
f 2708//2708 3178//3178 4264//4264
f 2753//2753 4053//4053 783//783
f 3522//3522 550//550 4080//4080
f 3447//3447 1268//1268 3448//3448
f 2036//2036 4436//4436 3404//3404
f 3860//3860 1642//1642 3947//3947
f 4093//4093 722//722 4605//4605
f 3349//3349 4061//4061 851//851
f 3263//3263 3026//3026 3852//3852
f 2464//2464 4551//4551 4652//4652
f 1571//1571 1570//1570 4763//4763
f 4479//4479 2152//2152 2154//2154
f 1837//1837 4764//4764 2926//2926
f 2095//2095 2271//2271 4272//4272
f 2986//2986 3940//3940 1948//1948
f 649//649 3770//3770 1986//1986
f 27//27 4765//4765 25//25
f 149//149 3789//3789 2845//2845
f 2412//2412 4491//4491 4652//4652
f 4235//4235 834//834 1213//1213
f 4235//4235 1213//1213 4236//4236
f 1405//1405 3317//3317 2656//2656
f 1699//1699 4766//4766 191//191
f 3995//3995 3182//3182 2799//2799
f 18//18 1704//1704 20//20
f 4684//4684 4683//4683 3821//3821
f 3267//3267 2795//2795 1408//1408
f 4475//4475 3571//3571 1265//1265
f 4767//4767 2727//2727 4768//4768
f 824//824 826//826 2444//2444
f 4225//4225 4698//4698 490//490
f 4429//4429 4430//4430 3595//3595
f 3594//3594 4429//4429 3595//3595
f 1410//1410 1409//1409 3961//3961
f 3887//3887 4587//4587 4769//4769
f 4135//4135 3513//3513 959//959
f 4553//4553 2818//2818 4554//4554
f 1710//1710 1803//1803 1711//1711
f 3819//3819 470//470 3979//3979
f 709//709 2428//2428 2430//2430
f 2824//2824 4770//4770 4180//4180
f 4771//4771 4772//4772 1346//1346
f 696//696 2610//2610 4292//4292
f 400//400 4773//4773 50//50
f 380//380 383//383 4017//4017
f 2147//2147 1516//1516 1906//1906
f 2300//2300 2901//2901 4029//4029
f 1159//1159 4417//4417 4676//4676
f 4430//4430 3705//3705 3595//3595
f 4313//4313 3811//3811 2988//2988
f 1826//1826 4139//4139 1827//1827
f 3001//3001 2666//2666 2665//2665
f 2669//2669 72//72 4662//4662
f 4462//4462 245//245 3167//3167
f 4725//4725 1705//1705 1704//1704
f 495//495 494//494 3176//3176
f 1627//1627 4347//4347 4574//4574
f 4465//4465 2261//2261 2260//2260
f 4774//4774 3359//3359 4017//4017
f 951//951 2579//2579 4496//4496
f 738//738 2602//2602 2289//2289
f 4775//4775 4622//4622 4623//4623
f 2109//2109 2111//2111 2985//2985
f 4776//4776 3331//3331 2905//2905
f 1462//1462 1461//1461 1329//1329
f 4664//4664 3272//3272 4777//4777
f 2494//2494 4245//4245 4442//4442
f 680//680 2958//2958 681//681
f 1872//1872 1354//1354 4350//4350
f 2934//2934 3201//3201 3200//3200
f 1360//1360 3382//3382 3929//3929
f 1650//1650 3699//3699 1651//1651
f 2386//2386 4327//4327 1258//1258
f 4080//4080 3673//3673 4081//4081
f 3638//3638 3275//3275 1214//1214
f 4112//4112 17//17 19//19
f 4778//4778 4087//4087 731//731
f 4778//4778 731//731 2646//2646
f 2057//2057 2848//2848 4779//4779
f 1300//1300 2557//2557 4556//4556
f 1784//1784 1891//1891 2581//2581
f 4177//4177 677//677 3466//3466
f 638//638 2343//2343 639//639
f 4721//4721 1290//1290 1291//1291
f 2563//2563 1759//1759 1758//1758
f 4039//4039 4040//4040 3821//3821
f 2549//2549 1330//1330 2792//2792
f 1683//1683 4530//4530 2063//2063
f 1246//1246 2129//2129 3534//3534
f 4780//4780 1246//1246 3534//3534
f 1511//1511 3684//3684 205//205
f 4173//4173 383//383 382//382
f 4284//4284 818//818 4644//4644
f 1395//1395 755//755 3269//3269
f 3437//3437 3067//3067 1669//1669
f 4247//4247 4540//4540 575//575
f 2357//2357 3826//3826 4781//4781
f 3299//3299 3035//3035 3537//3537
f 4340//4340 3869//3869 3828//3828
f 3656//3656 2334//2334 3861//3861
f 3657//3657 3656//3656 3861//3861
f 2728//2728 4000//4000 2616//2616
f 1058//1058 4782//4782 4783//4783
f 4169//4169 4170//4170 4784//4784
f 1870//1870 112//112 3643//3643
f 3642//3642 1870//1870 3643//3643
f 1624//1624 1425//1425 1926//1926
f 3570//3570 957//957 1913//1913
f 670//670 1720//1720 2367//2367
f 3903//3903 4785//4785 2290//2290
f 197//197 2337//2337 3365//3365
f 197//197 3365//3365 1318//1318
f 1138//1138 3562//3562 1933//1933
f 1591//1591 1590//1590 4547//4547
f 46//46 4078//4078 4077//4077
f 226//226 295//295 3137//3137
f 226//226 3137//3137 3497//3497
f 4077//4077 4079//4079 4253//4253
f 4694//4694 884//884 2530//2530
f 4786//4786 1257//1257 4787//4787
f 4056//4056 1788//1788 1556//1556
f 3110//3110 4540//4540 4247//4247
f 2589//2589 4788//4788 835//835
f 2499//2499 1277//1277 2411//2411
f 3290//3290 3021//3021 1162//1162
f 1926//1926 1425//1425 1427//1427
f 2769//2769 1165//1165 1167//1167
f 2847//2847 1683//1683 2062//2062
f 3546//3546 2130//2130 2500//2500
f 3796//3796 4252//4252 2043//2043
f 747//747 3762//3762 748//748
f 2944//2944 1466//1466 950//950
f 280//280 274//274 277//277
f 4059//4059 286//286 3752//3752
f 4789//4789 4059//4059 3752//3752
f 4646//4646 4790//4790 2276//2276
f 258//258 4646//4646 2276//2276
f 1657//1657 3285//3285 4791//4791
f 4550//4550 4221//4221 4792//4792
f 1323//1323 723//723 4388//4388
f 3514//3514 3806//3806 1868//1868
f 1749//1749 1708//1708 1709//1709
f 3042//3042 988//988 987//987
f 1351//1351 1244//1244 1243//1243
f 4223//4223 1568//1568 3750//3750
f 4150//4150 2010//2010 2823//2823
f 4492//4492 3587//3587 1691//1691
f 4007//4007 588//588 876//876
f 3781//3781 1641//1641 756//756
f 3980//3980 4000//4000 4437//4437
f 4599//4599 2862//2862 1301//1301
f 4793//4793 2756//2756 698//698
f 4794//4794 3672//3672 4079//4079
f 1140//1140 3411//3411 2378//2378
f 1638//1638 1637//1637 4326//4326
f 968//968 1638//1638 4326//4326
f 3935//3935 3922//3922 3865//3865
f 1320//1320 1861//1861 3398//3398
f 811//811 2734//2734 812//812
f 1907//1907 2364//2364 3578//3578
f 2343//2343 540//540 1469//1469
f 1890//1890 3175//3175 414//414
f 3865//3865 2935//2935 2709//2709
f 1301//1301 2862//2862 2365//2365
f 3388//3388 1577//1577 1923//1923
f 499//499 4364//4364 3799//3799
f 374//374 2925//2925 375//375
f 2267//2267 4459//4459 3199//3199
f 178//178 177//177 4445//4445
f 4666//4666 152//152 3357//3357
f 2542//2542 1694//1694 1693//1693
f 4550//4550 2015//2015 2014//2014
f 3212//3212 3211//3211 431//431
f 2757//2757 2759//2759 967//967
f 4210//4210 2451//2451 3477//3477
f 610//610 1893//1893 4561//4561
f 1823//1823 2436//2436 2954//2954
f 1823//1823 2954//2954 3338//3338
f 2100//2100 1093//1093 4795//4795
f 1104//1104 1737//1737 4737//4737
f 2914//2914 271//271 3111//3111
f 561//561 563//563 501//501
f 1504//1504 1620//1620 118//118
f 2698//2698 4751//4751 2699//2699
f 4625//4625 4041//4041 4277//4277
f 3616//3616 3188//3188 3187//3187
f 4767//4767 3616//3616 3187//3187
f 1203//1203 1205//1205 1728//1728
f 2399//2399 580//580 582//582
f 4477//4477 4573//4573 2826//2826
f 994//994 4477//4477 2826//2826
f 4796//4796 2442//2442 2023//2023
f 1832//1832 337//337 3890//3890
f 937//937 752//752 2132//2132
f 855//855 2397//2397 856//856
f 890//890 1463//1463 449//449
f 98//98 456//456 457//457
f 3354//3354 4142//4142 4141//4141
f 3093//3093 1508//1508 251//251
f 3786//3786 558//558 4102//4102
f 1760//1760 3342//3342 4032//4032
f 662//662 2540//2540 951//951
f 4667//4667 1349//1349 4668//4668
f 3356//3356 3358//3358 3468//3468
f 1925//1925 3558//3558 638//638
f 1070//1070 4152//4152 3794//3794
f 579//579 573//573 2295//2295
f 3117//3117 1810//1810 1809//1809
f 2009//2009 4270//4270 211//211
f 2816//2816 273//273 3203//3203
f 2817//2817 2816//2816 3203//3203
f 4660//4660 4157//4157 3007//3007
f 1994//1994 56//56 3634//3634
f 2464//2464 3591//3591 4551//4551
f 4159//4159 2667//2667 3847//3847
f 4390//4390 1499//1499 2452//2452
f 4390//4390 2452//2452 2454//2454
f 3458//3458 1051//1051 2628//2628
f 2148//2148 2594//2594 1883//1883
f 2710//2710 1262//1262 4057//4057
f 300//300 4797//4797 301//301
f 4798//4798 2308//2308 2933//2933
f 4002//4002 1985//1985 3457//3457
f 4002//4002 3457//3457 1662//1662
f 1391//1391 1390//1390 1553//1553
f 2778//2778 4799//4799 2779//2779
f 3579//3579 2856//2856 2858//2858
f 658//658 660//660 4800//4800
f 3572//3572 3573//3573 4272//4272
f 2271//2271 3572//3572 4272//4272
f 4801//4801 1065//1065 2026//2026
f 1520//1520 3079//3079 3080//3080
f 4533//4533 607//607 3556//3556
f 1811//1811 4533//4533 3556//3556
f 3045//3045 3044//3044 259//259
f 1340//1340 1339//1339 1311//1311
f 4226//4226 3013//3013 4227//4227
f 1977//1977 1976//1976 1407//1407
f 4616//4616 227//227 3239//3239
f 4616//4616 3239//3239 4380//4380
f 3859//3859 1851//1851 4802//4802
f 2594//2594 3303//3303 1883//1883
f 1355//1355 1354//1354 3791//3791
f 3088//3088 2763//2763 468//468
f 4268//4268 3408//3408 2076//2076
f 4578//4578 4268//4268 2076//2076
f 711//711 166//166 165//165
f 1543//1543 1545//1545 1135//1135
f 1609//1609 4803//4803 1610//1610
f 4300//4300 4437//4437 4301//4301
f 3839//3839 2807//2807 4579//4579
f 908//908 907//907 93//93
f 4804//4804 1812//1812 1814//1814
f 1513//1513 1700//1700 3291//3291
f 2487//2487 1832//1832 3889//3889
f 2813//2813 3918//3918 87//87
f 2813//2813 87//87 1645//1645
f 3460//3460 1460//1460 3378//3378
f 551//551 2140//2140 552//552
f 4805//4805 4806//4806 4254//4254
f 1828//1828 2027//2027 4504//4504
f 3672//3672 4447//4447 4539//4539
f 774//774 776//776 2492//2492
f 4045//4045 3950//3950 603//603
f 237//237 4450//4450 3598//3598
f 2186//2186 208//208 210//210
f 4265//4265 4174//4174 4191//4191
f 4426//4426 4095//4095 4094//4094
f 4151//4151 739//739 725//725
f 3191//3191 2926//2926 4193//4193
f 435//435 2158//2158 436//436
f 1476//1476 2448//2448 788//788
f 1614//1614 1729//1729 1615//1615
f 3454//3454 4578//4578 595//595
f 3455//3455 3454//3454 595//595
f 4731//4731 584//584 2315//2315
f 1861//1861 4731//4731 2315//2315
f 3310//3310 2834//2834 2051//2051
f 4400//4400 1349//1349 1351//1351
f 4588//4588 3457//3457 3456//3456
f 2650//2650 2649//2649 4295//4295
f 1127//1127 918//918 3162//3162
f 4807//4807 4611//4611 4808//4808
f 1765//1765 1757//1757 4809//4809
f 249//249 4008//4008 857//857
f 249//249 857//857 250//250
f 3218//3218 2950//2950 949//949
f 1104//1104 469//469 1737//1737
f 1753//1753 1920//1920 1274//1274
f 1968//1968 797//797 976//976
f 3648//3648 3468//3468 3467//3467
f 3019//3019 2165//2165 1053//1053
f 4810//4810 3391//3391 1738//1738
f 4278//4278 2648//2648 3797//3797
f 4497//4497 3428//3428 3367//3367
f 4175//4175 4374//4374 4811//4811
f 1377//1377 1879//1879 3010//3010
f 857//857 4251//4251 858//858
f 3815//3815 3328//3328 3327//3327
f 1135//1135 1545//1545 1136//1136
f 2277//2277 1273//1273 827//827
f 3944//3944 4020//4020 4262//4262
f 2784//2784 2833//2833 330//330
f 1177//1177 3928//3928 3287//3287
f 2744//2744 3472//3472 4493//4493
f 347//347 4812//4812 348//348
f 634//634 1495//1495 333//333
f 1990//1990 4546//4546 4570//4570
f 881//881 2054//2054 2053//2053
f 3167//3167 4049//4049 1056//1056
f 1291//1291 493//493 2211//2211
f 2496//2496 3622//3622 642//642
f 1183//1183 1782//1782 218//218
f 808//808 4188//4188 1379//1379
f 1540//1540 596//596 2078//2078
f 473//473 64//64 4144//4144
f 473//473 4144//4144 1446//1446
f 3617//3617 875//875 636//636
f 2572//2572 4813//4813 4748//4748
f 4745//4745 3563//3563 3936//3936
f 2082//2082 3398//3398 885//885
f 1977//1977 2836//2836 4814//4814
f 4608//4608 970//970 646//646
f 2288//2288 2287//2287 1578//1578
f 4815//4815 1058//1058 1060//1060
f 3759//3759 4009//4009 2673//2673
f 3428//3428 3648//3648 3429//3429
f 273//273 3412//3412 274//274
f 1651//1651 2974//2974 2976//2976
f 1355//1355 4816//4816 1356//1356
f 2175//2175 4481//4481 1735//1735
f 1017//1017 2590//2590 2385//2385
f 866//866 3521//3521 3520//3520
f 3522//3522 3521//3521 550//550
f 452//452 1217//1217 1214//1214
f 2419//2419 3473//3473 2420//2420
f 1705//1705 4741//4741 3055//3055
f 3782//3782 478//478 206//206
f 4023//4023 4219//4219 3702//3702
f 223//223 4817//4817 3960//3960
f 3810//3810 4491//4491 2495//2495
f 1086//1086 3256//3256 1087//1087
f 2426//2426 1736//1736 2319//2319
f 2854//2854 2853//2853 3387//3387
f 2427//2427 4596//4596 2768//2768
f 3799//3799 4364//4364 4818//4818
f 2594//2594 3302//3302 3303//3303
f 4020//4020 3437//3437 4262//4262
f 1784//1784 1496//1496 1891//1891
f 4369//4369 3884//3884 3574//3574
f 1652//1652 2070//2070 3418//3418
f 4762//4762 3926//3926 2097//2097
f 4509//4509 2981//2981 93//93
f 4078//4078 3671//3671 4794//4794
f 1858//1858 1860//1860 529//529
f 558//558 3360//3360 559//559
f 2699//2699 4224//4224 4018//4018
f 4149//4149 4819//4819 4820//4820
f 4510//4510 4821//4821 4524//4524
f 1819//1819 4132//4132 1358//1358
f 4822//4822 4726//4726 4718//4718
f 367//367 48//48 368//368
f 3949//3949 1351//1351 1243//1243
f 2473//2473 3916//3916 3539//3539
f 3551//3551 3570//3570 4424//4424
f 3495//3495 4226//4226 4228//4228
f 4601//4601 4595//4595 751//751
f 146//146 145//145 1707//1707
f 640//640 639//639 1470//1470
f 4491//4491 2464//2464 4652//4652
f 2498//2498 3245//3245 407//407
f 4627//4627 4307//4307 4823//4823
f 2607//2607 4669//4669 2608//2608
f 4384//4384 3893//3893 1416//1416
f 4273//4273 2890//2890 2086//2086
f 2047//2047 1774//1774 2048//2048
f 3348//3348 3350//3350 2503//2503
f 890//890 2194//2194 1463//1463
f 4464//4464 3157//3157 3562//3562
f 4241//4241 4730//4730 605//605
f 4241//4241 605//605 135//135
f 2273//2273 1713//1713 1715//1715
f 3336//3336 4824//4824 4825//4825
f 1731//1731 26//26 25//25
f 4431//4431 3380//3380 3383//3383
f 2765//2765 3098//3098 2766//2766
f 881//881 2053//2053 1362//1362
f 689//689 688//688 4523//4523
f 1813//1813 1881//1881 2355//2355
f 3820//3820 3819//3819 3979//3979
f 2550//2550 1634//1634 1633//1633
f 864//864 71//71 316//316
f 471//471 131//131 472//472
f 2322//2322 176//176 2323//2323
f 2589//2589 834//834 4235//4235
f 4234//4234 2589//2589 4235//4235
f 2870//2870 1679//1679 3450//3450
f 2610//2610 3430//3430 429//429
f 4826//4826 206//206 814//814
f 3996//3996 3181//3181 3182//3182
f 3410//3410 4443//4443 2943//2943
f 1067//1067 1066//1066 3328//3328
f 4630//4630 1752//1752 4790//4790
f 4646//4646 4630//4630 4790//4790
f 4827//4827 2524//2524 4828//4828
f 3307//3307 4827//4827 4828//4828
f 1397//1397 4555//4555 1398//1398
f 2630//2630 1835//1835 1837//1837
f 2630//2630 1837//1837 2226//2226
f 624//624 4138//4138 3297//3297
f 4344//4344 445//445 1037//1037
f 2010//2010 211//211 4770//4770
f 3165//3165 485//485 484//484
f 2248//2248 388//388 2246//2246
f 4782//4782 3992//3992 4783//4783
f 1746//1746 400//400 50//50
f 3592//3592 2234//2234 3304//3304
f 1346//1346 2570//2570 4287//4287
f 1952//1952 1357//1357 3432//3432
f 947//947 2611//2611 4829//4829
f 4285//4285 4645//4645 4830//4830
f 4065//4065 3058//3058 4522//4522
f 821//821 3985//3985 822//822
f 352//352 4339//4339 3505//3505
f 3502//3502 1846//1846 3435//3435
f 2351//2351 2815//2815 4665//4665
f 2351//2351 4665//4665 1404//1404
f 2985//2985 2111//2111 3940//3940
f 714//714 2382//2382 715//715
f 4394//4394 3499//3499 4672//4672
f 1071//1071 1070//1070 4083//4083
f 4698//4698 4697//4697 490//490
f 911//911 1459//1459 3081//3081
f 4783//4783 3992//3992 2239//2239
f 1199//1199 2020//2020 1352//1352
f 467//467 3088//3088 468//468
f 689//689 4523//4523 795//795
f 842//842 4184//4184 4268//4268
f 3677//3677 3678//3678 4541//4541
f 89//89 964//964 2042//2042
f 870//870 1443//1443 1445//1445
f 3777//3777 3776//3776 425//425
f 2543//2543 2542//2542 1693//1693
f 2111//2111 4831//4831 4704//4704
f 4468//4468 3718//3718 4461//4461
f 4318//4318 4320//4320 4653//4653
f 3615//3615 4560//4560 648//648
f 1339//1339 1718//1718 1312//1312
f 3302//3302 38//38 40//40
f 156//156 158//158 1679//1679
f 884//884 390//390 392//392
f 270//270 4158//4158 2691//2691
f 271//271 270//270 2691//2691
f 3724//3724 4586//4586 4359//4359
f 4390//4390 4357//4357 1497//1497
f 3262//3262 1993//1993 4062//4062
f 3770//3770 4526//4526 3771//3771
f 591//591 4130//4130 3464//3464
f 4832//4832 193//193 2852//2852
f 45//45 3933//3933 3671//3671
f 3120//3120 2320//2320 1672//1672
f 2043//2043 4252//4252 1808//1808
f 2300//2300 2299//2299 3623//3623
f 4521//4521 3156//3156 1062//1062
f 57//57 3540//3540 58//58
f 4345//4345 4833//4833 1332//1332
f 1966//1966 2947//2947 2056//2056
f 2842//2842 4049//4049 3166//3166
f 2687//2687 418//418 417//417
f 4271//4271 3009//3009 4834//4834
f 3176//3176 632//632 3177//3177
f 3736//3736 632//632 3176//3176
f 4835//4835 3546//3546 3500//3500
f 4053//4053 4190//4190 4054//4054
f 4349//4349 1775//1775 1774//1774
f 2339//2339 2338//2338 4183//4183
f 3697//3697 4757//4757 4348//4348
f 1530//1530 1529//1529 3330//3330
f 1530//1530 3330//3330 3589//3589
f 4725//4725 4741//4741 1705//1705
f 3256//3256 1936//1936 923//923
f 4602//4602 3653//3653 2074//2074
f 4090//4090 2055//2055 1581//1581
f 4716//4716 1616//1616 1241//1241
f 2973//2973 4460//4460 1007//1007
f 2224//2224 4386//4386 4026//4026
f 4199//4199 2638//2638 3783//3783
f 4199//4199 3783//3783 3785//3785
f 1740//1740 1030//1030 3427//3427
f 2828//2828 1574//1574 3189//3189
f 4677//4677 4814//4814 2209//2209
f 4755//4755 3655//3655 4721//4721
f 1404//1404 3317//3317 1405//1405
f 2400//2400 4788//4788 2589//2589
f 1941//1941 147//147 149//149
f 3410//3410 2943//2943 4328//4328
f 414//414 4376//4376 415//415
f 255//255 1870//1870 2229//2229
f 3534//3534 2129//2129 3209//3209
f 3534//3534 3209//3209 3535//3535
f 3523//3523 2224//2224 4026//4026
f 46//46 4077//4077 2750//2750
f 4381//4381 3114//3114 3113//3113
f 1901//1901 4381//4381 3113//3113
f 83//83 1097//1097 81//81
f 1019//1019 530//530 557//557
f 1065//1065 62//62 474//474
f 1750//1750 1749//1749 2133//2133
f 1750//1750 2133//2133 2576//2576
f 4836//4836 4581//4581 4837//4837
f 3337//3337 4825//4825 27//27
f 1031//1031 3059//3059 4064//4064
f 561//561 1447//1447 562//562
f 845//845 2496//2496 846//846
f 264//264 1697//1697 1611//1611
f 4838//4838 4412//4412 2756//2756
f 859//859 3078//3078 325//325
f 989//989 988//988 2307//2307
f 3102//3102 2861//2861 3430//3430
f 4839//4839 1980//1980 1805//1805
f 1319//1319 3397//3397 3400//3400
f 1960//1960 4249//4249 892//892
f 1047//1047 2098//2098 1048//1048
f 4840//4840 168//168 170//170
f 1062//1062 3523//3523 261//261
f 2266//2266 2811//2811 4518//4518
f 655//655 3248//3248 3255//3255
f 3795//3795 176//176 748//748
f 4509//4509 2984//2984 2981//2981
f 4821//4821 2222//2222 4524//4524
f 4522//4522 3060//3060 3385//3385
f 4525//4525 3893//3893 4384//4384
f 2571//2571 2327//2327 4813//4813
f 2571//2571 4813//4813 2572//2572
f 2488//2488 720//720 3918//3918
f 3254//3254 3178//3178 3177//3177
f 575//575 1579//1579 2287//2287
f 1060//1060 2200//2200 1487//1487
f 2188//2188 3507//3507 4841//4841
f 3154//3154 4366//4366 3323//3323
f 4842//4842 4843//4843 4844//4844
f 1855//1855 4845//4845 1856//1856
f 110//110 2252//2252 3024//3024
f 1735//1735 4481//4481 1733//1733
f 505//505 504//504 766//766
f 2385//2385 3109//3109 1375//1375
f 3950//3950 4045//4045 4357//4357
f 3629//3629 3628//3628 3339//3339
f 4294//4294 4087//4087 4846//4846
f 1050//1050 1542//1542 2628//2628
f 3004//3004 1131//1131 3739//3739
f 4114//4114 4395//4395 3784//3784
f 2998//2998 378//378 1023//1023
f 475//475 4426//4426 3735//3735
f 2701//2701 534//534 536//536
f 784//784 1517//1517 4847//4847
f 1265//1265 3855//3855 3854//3854
f 4591//4591 3433//3433 3292//3292
f 4591//4591 3292//3292 4663//4663
f 2747//2747 4153//4153 2748//2748
f 3979//3979 4244//4244 2538//2538
f 2372//2372 1127//1127 4186//4186
f 1367//1367 4696//4696 1714//1714
f 1208//1208 3116//3116 2484//2484
f 2196//2196 2219//2219 2221//2221
f 2211//2211 493//493 4366//4366
f 2211//2211 4366//4366 3153//3153
f 4631//4631 1192//1192 3840//3840
f 2322//2322 174//174 176//176
f 4627//4627 4823//4823 21//21
f 4267//4267 4266//4266 4195//4195
f 4792//4792 840//840 4567//4567
f 691//691 2674//2674 692//692
f 1145//1145 4848//4848 1146//1146
f 1116//1116 1118//1118 2009//2009
f 1934//1934 3851//3851 1506//1506
f 1175//1175 4267//4267 4195//4195
f 1175//1175 4195//4195 4196//4196
f 4497//4497 150//150 152//152
f 4021//4021 3069//3069 2035//2035
f 839//839 4221//4221 841//841
f 1784//1784 2581//2581 2584//2584
f 4432//4432 324//324 2783//2783
f 450//450 3988//3988 3990//3990
f 450//450 3990//3990 4849//4849
f 1477//1477 3235//3235 2301//2301
f 2398//2398 3506//3506 1670//1670
f 4238//4238 694//694 4850//4850
f 4268//4268 4184//4184 4851//4851
f 4268//4268 4851//4851 3408//3408
f 3058//3058 3060//3060 4522//4522
f 4111//4111 3309//3309 4688//4688
f 1022//1022 200//200 199//199
f 1852//1852 4469//4469 1801//1801
f 4613//4613 3219//3219 405//405
f 1178//1178 4664//4664 4777//4777
f 3965//3965 2626//2626 3913//3913
f 2958//2958 2253//2253 2535//2535
f 4764//4764 1410//1410 3961//3961
f 3988//3988 4852//4852 3989//3989
f 992//992 4746//4746 4637//4637
f 2403//2403 2402//2402 2052//2052
f 2403//2403 2052//2052 687//687
f 4443//4443 2393//2393 4729//4729
f 4653//4653 4320//4320 1615//1615
f 3588//3588 2623//2623 2547//2547
f 2025//2025 4628//4628 485//485
f 4496//4496 2025//2025 485//485
f 4495//4495 2181//2181 4809//4809
f 3284//3284 139//139 138//138
f 2622//2622 3541//3541 4853//4853
f 1769//1769 4068//4068 2183//2183
f 537//537 2712//2712 3390//3390
f 4012//4012 4642//4642 4854//4854
f 1871//1871 1872//1872 1141//1141
f 4021//4021 2035//2035 2037//2037
f 3962//3962 4693//4693 3898//3898
f 513//513 515//515 4177//4177
f 4176//4176 513//513 4177//4177
f 614//614 4438//4438 4413//4413
f 2526//2526 4751//4751 2698//2698
f 1716//1716 1717//1717 3639//3639
f 1716//1716 3639//3639 1420//1420
f 4462//4462 3167//3167 4068//4068
f 2542//2542 4260//4260 1694//1694
f 1336//1336 2444//2444 1337//1337
f 136//136 604//604 1331//1331
f 1011//1011 1885//1885 1886//1886
f 2014//2014 4220//4220 4221//4221
f 3268//3268 3934//3934 1327//1327
f 4855//4855 3512//3512 4168//4168
f 4855//4855 4168//4168 4106//4106
f 59//59 1566//1566 60//60
f 1045//1045 2457//2457 4537//4537
f 3964//3964 4576//4576 3818//3818
f 3964//3964 3818//3818 3817//3817
f 2435//2435 16//16 2434//2434
f 4163//4163 4088//4088 4146//4146
f 3684//3684 3782//3782 205//205
f 4447//4447 1080//1080 4754//4754
f 4539//4539 4447//4447 4754//4754
f 4015//4015 2096//2096 4739//4739
f 2525//2525 231//231 230//230
f 3409//3409 359//359 398//398
f 2405//2405 1555//1555 4856//4856
f 4353//4353 4354//4354 492//492
f 3728//3728 973//973 3726//3726
f 1563//1563 849//849 1951//1951
f 3872//3872 3823//3823 913//913
f 2174//2174 1931//1931 2175//2175
f 3921//3921 39//39 38//38
f 4832//4832 4600//4600 193//193
f 381//381 4191//4191 4174//4174
f 866//866 3520//3520 3051//3051
f 479//479 4178//4178 1585//1585
f 4857//4857 3467//3467 726//726
f 2549//2549 692//692 4858//4858
f 4580//4580 393//393 3678//3678
f 2711//2711 4580//4580 3678//3678
f 4844//4844 4843//4843 2080//2080
f 154//154 4299//4299 3879//3879
f 4823//4823 4307//4307 767//767
f 1245//1245 519//519 1777//1777
f 2921//2921 2923//2923 3490//3490
f 3135//3135 4847//4847 1516//1516
f 1522//1522 3749//3749 105//105
f 3363//3363 387//387 3364//3364
f 3083//3083 4649//4649 3084//3084
f 4837//4837 4581//4581 3363//3363
f 961//961 963//963 1230//1230
f 3879//3879 1088//1088 3230//3230
f 3856//3856 3855//3855 1271//1271
f 3378//3378 1462//1462 3976//3976
f 720//720 719//719 2212//2212
f 4692//4692 3636//3636 1423//1423
f 2243//2243 2161//2161 2322//2322
f 2810//2810 1013//1013 3216//3216
f 1389//1389 2402//2402 2401//2401
f 986//986 38//38 3302//3302
f 2553//2553 2092//2092 2091//2091
f 598//598 2225//2225 599//599
f 3242//3242 2289//2289 3833//3833
f 2046//2046 2048//2048 2760//2760
f 4810//4810 3392//3392 3391//3391
f 2576//2576 1587//1587 2577//2577
f 2338//2338 4859//4859 4183//4183
f 3663//3663 4566//4566 3869//3869
f 4612//4612 4611//4611 4807//4807
f 4782//4782 4446//4446 3992//3992
f 3990//3990 4559//4559 4849//4849
f 4753//4753 4807//4807 4808//4808
f 3671//3671 3672//3672 4794//4794
f 4396//4396 4397//4397 2596//2596
f 1012//1012 2469//2469 51//51
f 4773//4773 1012//1012 51//51
f 1325//1325 1406//1406 4673//4673
f 2508//2508 1502//1502 974//974
f 1484//1484 3193//3193 3185//3185
f 1248//1248 2317//2317 3745//3745
f 1843//1843 4414//4414 3497//3497
f 78//78 3959//3959 4205//4205
f 2016//2016 3476//3476 2700//2700
f 3062//3062 2039//2039 3061//3061
f 1592//1592 4088//4088 4163//4163
f 1593//1593 1592//1592 4163//4163
f 4105//4105 3680//3680 1701//1701
f 4819//4819 3269//3269 1663//1663
f 4819//4819 1663//1663 4860//4860
f 4719//4719 95//95 683//683
f 3560//3560 3180//3180 2121//2121
f 2120//2120 3560//3560 2121//2121
f 362//362 3157//3157 1129//1129
f 3593//3593 985//985 69//69
f 408//408 145//145 3555//3555
f 301//301 3393//3393 2881//2881
f 2895//2895 2562//2562 1074//1074
f 3440//3440 194//194 3438//3438
f 2022//2022 3904//3904 2172//2172
f 4570//4570 1049//1049 1051//1051
f 4861//4861 2181//2181 2180//2180
f 148//148 4385//4385 3789//3789
f 1529//1529 1546//1546 3331//3331
f 4468//4468 4362//4362 3630//3630
f 1539//1539 2892//2892 4266//4266
f 2928//2928 3920//3920 3919//3919
f 2929//2929 2928//2928 3919//3919
f 3679//3679 4740//4740 3396//3396
f 2019//2019 2018//2018 3221//3221
f 795//795 4525//4525 1486//1486
f 4532//4532 1251//1251 4862//4862
f 4236//4236 1213//1213 2755//2755
f 577//577 2710//2710 537//537
f 3658//3658 279//279 3853//3853
f 1122//1122 2988//2988 3811//3811
f 2227//2227 1855//1855 1854//1854
f 3747//3747 4594//4594 4593//4593
f 3177//3177 632//632 3254//3254
f 2763//2763 4271//4271 2764//2764
f 4360//4360 935//935 127//127
f 3959//3959 4677//4677 4553//4553
f 1605//1605 1604//1604 4863//4863
f 4569//4569 3670//3670 367//367
f 3431//3431 3433//3433 4591//4591
f 779//779 3207//3207 4864//4864
f 3187//3187 34//34 1078//1078
f 1129//1129 1128//1128 363//363
f 1905//1905 1743//1743 2125//2125
f 1630//1630 4100//4100 302//302
f 1365//1365 1364//1364 4827//4827
f 1365//1365 4827//4827 3307//3307
f 4482//4482 3525//3525 2363//2363
f 1077//1077 1163//1163 2745//2745
f 4538//4538 3781//3781 4490//4490
f 806//806 2480//2480 753//753
f 4865//4865 3913//3913 1550//1550
f 2410//2410 1732//1732 3585//3585
f 4126//4126 1846//1846 3502//3502
f 4511//4511 4655//4655 4249//4249
f 2846//2846 3095//3095 2406//2406
f 2223//2223 4866//4866 1571//1571
f 4763//4763 2223//2223 1571//1571
f 2705//2705 3764//3764 4649//4649
f 1477//1477 2301//2301 2302//2302
f 1342//1342 4255//4255 1147//1147
f 2935//2935 4867//4867 2936//2936
f 4044//4044 2293//2293 2294//2294
f 2919//2919 4070//4070 4208//4208
f 4263//4263 3063//3063 3939//3939
f 4125//4125 4694//4694 4695//4695
f 4555//4555 1601//1601 3754//3754
f 2966//2966 2185//2185 4387//4387
f 1892//1892 612//612 4868//4868
f 3994//3994 2626//2626 3965//3965
f 37//37 36//36 4706//4706
f 2909//2909 4043//4043 2849//2849
f 3550//3550 3570//3570 3551//3551
f 2229//2229 1870//1870 3642//3642
f 2058//2058 4466//4466 240//240
f 3934//3934 3933//3933 45//45
f 4183//4183 185//185 184//184
f 909//909 912//912 4526//4526
f 909//909 4526//4526 3770//3770
f 2414//2414 1674//1674 2312//2312
f 626//626 628//628 1931//1931
f 1297//1297 4869//4869 2040//2040
f 2655//2655 2201//2201 2641//2641
f 2507//2507 2506//2506 3019//3019
f 541//541 4739//4739 3679//3679
f 3892//3892 2460//2460 2459//2459
f 4154//4154 2647//2647 4870//4870
f 4154//4154 4870//4870 4871//4871
f 4865//4865 4872//4872 4873//4873
f 3541//3541 430//430 4494//4494
f 4470//4470 3953//3953 1284//1284
f 3855//3855 1264//1264 1269//1269
f 1904//1904 1253//1253 1905//1905
f 4201//4201 931//931 930//930
f 2917//2917 4874//4874 2082//2082
f 4599//4599 4185//4185 3108//3108
f 2559//2559 4599//4599 3108//3108
f 3741//3741 3740//3740 4212//4212
f 3686//3686 1995//1995 3714//3714
f 3687//3687 3686//3686 3714//3714
f 1611//1611 1697//1697 1612//1612
f 2518//2518 2622//2622 2621//2621
f 3763//3763 4126//4126 3501//3501
f 1590//1590 4544//4544 4547//4547
f 1394//1394 4538//4538 4490//4490
f 1394//1394 4490//4490 4489//4489
f 4463//4463 4259//4259 836//836
f 4141//4141 4360//4360 2301//2301
f 3235//3235 4141//4141 2301//2301
f 3779//3779 4175//4175 4811//4811
f 2320//2320 1590//1590 3845//3845
f 4524//4524 2222//2222 56//56
f 3635//3635 4875//4875 1423//1423
f 765//765 2415//2415 420//420
f 2296//2296 2297//2297 2459//2459
f 2296//2296 2459//2459 4352//4352
f 4476//4476 3964//3964 3963//3963
f 597//597 2883//2883 3890//3890
f 935//935 373//373 127//127
f 4348//4348 4757//4757 1775//1775
f 3294//3294 585//585 4876//4876
f 4659//4659 1520//1520 3080//3080
f 4659//4659 3080//3080 4660//4660
f 2611//2611 3349//3349 4877//4877
f 4829//4829 2611//2611 4877//4877
f 4633//4633 2321//2321 1221//1221
f 4633//4633 1221//1221 4634//4634
f 545//545 1119//1119 3196//3196
f 4499//4499 4684//4684 4848//4848
f 4313//4313 2988//2988 4409//4409
f 1736//1736 4878//4878 2319//2319
f 2947//2947 1815//1815 2056//2056
f 4271//4271 3392//3392 2764//2764
f 2835//2835 2836//2836 1977//1977
f 2047//2047 4349//4349 1774//1774
f 4180//4180 4261//4261 4071//4071
f 3488//3488 1149//1149 1148//1148
f 4504//4504 2027//2027 2115//2115
f 4734//4734 2325//2325 2327//2327
f 863//863 3013//3013 4280//4280
f 4057//4057 356//356 3601//3601
f 4829//4829 4877//4877 2502//2502
f 4107//4107 4829//4829 2502//2502
f 3370//3370 1429//1429 2425//2425
f 3678//3678 393//393 2240//2240
f 4784//4784 4170//4170 4879//4879
f 4784//4784 4879//4879 2436//2436
f 4432//4432 322//322 324//324
f 1128//1128 1325//1325 1324//1324
f 1623//1623 1967//1967 975//975
f 188//188 4359//4359 189//189
f 4767//4767 3089//3089 2727//2727
f 1060//1060 2197//2197 2200//2200
f 2231//2231 4019//4019 2536//2536
f 781//781 4766//4766 1699//1699
f 2649//2649 1673//1673 2159//2159
f 3374//3374 1784//1784 3280//3280
f 4469//4469 1852//1852 1751//1751
f 4787//4787 1257//1257 1259//1259
f 4231//4231 4480//4480 3730//3730
f 4496//4496 485//485 3165//3165
f 997//997 3668//3668 3425//3425
f 4305//4305 1526//1526 4378//4378
f 3454//3454 843//843 4578//4578
f 4834//4834 4505//4505 500//500
f 4448//4448 1247//1247 1456//1456
f 754//754 1277//1277 2499//2499
f 4347//4347 4675//4675 4574//4574
f 2441//2441 1631//1631 3036//3036
f 4870//4870 4880//4880 4871//4871
f 4755//4755 4528//4528 3655//3655
f 2330//2330 134//134 3325//3325
f 2593//2593 1016//1016 70//70
f 3409//3409 1745//1745 464//464
f 898//898 2641//2641 1161//1161
f 593//593 4881//4881 1912//1912
f 1042//1042 1847//1847 1942//1942
f 663//663 386//386 385//385
f 2262//2262 4643//4643 2952//2952
f 4547//4547 4546//4546 1990//1990
f 1989//1989 4547//4547 1990//1990
f 3285//3285 1324//1324 1040//1040
f 4484//4484 4829//4829 4107//4107
f 1247//1247 2316//2316 1248//1248
f 4148//4148 4149//4149 4820//4820
f 3140//3140 2554//2554 2429//2429
f 585//585 2906//2906 4882//4882
f 3880//3880 4423//4423 3804//3804
f 512//512 47//47 3669//3669
f 437//437 602//602 1327//1327
f 4552//4552 4015//4015 4739//4739
f 3792//3792 829//829 3046//3046
f 3276//3276 4240//4240 402//402
f 3276//3276 402//402 4022//4022
f 3835//3835 3866//3866 4831//4831
f 2870//2870 1574//1574 2829//2829
f 2559//2559 1882//1882 2863//2863
f 4351//4351 4120//4120 4119//4119
f 2476//2476 4277//4277 4868//4868
f 3979//3979 470//470 2345//2345
f 3979//3979 2345//2345 4244//4244
f 388//388 2720//2720 4121//4121
f 2107//2107 3039//3039 3038//3038
f 2107//2107 3038//3038 3337//3337
f 2024//2024 2443//2443 3902//3902
f 4883//4883 3139//3139 2306//2306
f 4208//4208 4072//4072 2514//2514
f 115//115 3909//3909 4316//4316
f 2101//2101 1106//1106 4016//4016
f 707//707 4755//4755 351//351
f 2815//2815 426//426 4665//4665
f 4445//4445 177//177 3210//3210
f 2203//2203 3426//3426 1340//1340
f 4664//4664 1178//1178 1500//1500
f 1779//1779 1215//1215 4559//4559
f 982//982 2938//2938 3773//3773
f 518//518 517//517 2702//2702
f 509//509 499//499 498//498
f 4405//4405 4761//4761 2341//2341
f 4405//4405 2341//2341 2872//2872
f 103//103 2704//2704 3836//3836
f 703//703 1534//1534 2615//2615
f 3626//3626 3473//3473 3627//3627
f 4822//4822 2106//2106 3930//3930
f 858//858 4251//4251 3077//3077
f 3923//3923 4867//4867 2935//2935
f 163//163 2677//2677 164//164
f 3193//3193 2990//2990 3194//3194
f 3685//3685 1238//1238 2720//2720
f 3955//3955 3415//3415 3417//3417
f 4563//4563 2543//2543 3611//3611
f 4795//4795 592//592 4797//4797
f 4121//4121 2002//2002 2416//2416
f 3960//3960 4817//4817 2159//2159
f 1366//1366 3395//3395 2663//2663
f 4338//4338 4582//4582 109//109
f 3017//3017 1595//1595 4131//4131
f 3987//3987 4705//4705 4437//4437
f 4000//4000 3987//3987 4437//4437
f 4631//4631 4884//4884 2425//2425
f 3169//3169 3171//3171 4201//4201
f 2913//2913 4653//4653 269//269
f 3017//3017 715//715 1595//1595
f 4652//4652 4551//4551 2253//2253
f 4885//4885 1092//1092 4886//4886
f 4885//4885 4886//4886 593//593
f 16//16 15//15 2434//2434
f 2806//2806 1708//1708 1749//1749
f 4424//4424 2449//2449 281//281
f 700//700 702//702 549//549
f 1152//1152 2743//2743 2742//2742
f 4540//4540 266//266 1260//1260
f 3426//3426 1338//1338 1340//1340
f 1760//1760 4032//4032 1758//1758
f 954//954 922//922 1504//1504
f 1865//1865 1652//1652 3342//3342
f 2465//2465 4887//4887 4888//4888
f 1590//1590 2319//2319 4878//4878
f 3537//3537 1304//1304 1730//1730
f 3299//3299 3537//3537 1730//1730
f 4889//4889 4824//4824 3336//3336
f 85//85 4719//4719 123//123
f 85//85 123//123 122//122
f 4373//4373 4387//4387 4092//4092
f 658//658 4800//4800 3696//3696
f 3695//3695 658//658 3696//3696
f 2280//2280 987//987 2281//2281
f 3481//3481 3056//3056 2030//2030
f 4858//4858 692//692 4890//4890
f 2795//2795 4029//4029 4703//4703
f 3849//3849 1857//1857 4500//4500
f 548//548 865//865 2777//2777
f 156//156 1679//1679 2870//2870
f 4744//4744 1997//1997 1996//1996
f 241//241 4744//4744 1996//1996
f 2165//2165 4558//4558 1392//1392
f 3518//3518 2822//2822 396//396
f 870//870 144//144 288//288
f 3415//3415 3767//3767 3416//3416
f 2888//2888 773//773 772//772
f 223//223 222//222 1764//1764
f 764//764 4640//4640 3966//3966
f 1501//1501 706//706 2182//2182
f 978//978 2619//2619 979//979
f 1556//1556 1788//1788 3529//3529
f 3482//3482 1455//1455 4269//4269
f 1282//1282 4171//4171 369//369
f 3297//3297 2809//2809 624//624
f 410//410 2886//2886 2885//2885
f 3891//3891 2883//2883 2476//2476
f 3216//3216 1013//1013 3882//3882
f 3968//3968 3447//3447 3446//3446
f 2873//2873 1510//1510 1509//1509
f 4626//4626 2873//2873 1509//1509
f 343//343 4803//4803 2609//2609
f 1278//1278 1281//1281 1228//1228
f 4323//4323 2719//2719 4324//4324
f 2706//2706 3734//3734 651//651
f 1513//1513 1383//1383 1700//1700
f 960//960 959//959 1953//1953
f 4695//4695 2530//2530 3032//3032
f 1787//1787 1786//1786 4667//4667
f 2286//2286 2681//2681 3938//3938
f 133//133 2286//2286 3938//3938
f 2041//2041 102//102 2150//2150
f 460//460 2387//2387 3066//3066
f 2943//2943 4443//4443 4729//4729
f 2276//2276 4790//4790 2277//2277
f 2113//2113 3860//3860 2939//2939
f 3285//3285 3602//3602 4791//4791
f 4891//4891 3131//3131 1435//1435
f 2603//2603 3556//3556 3971//3971
f 2603//2603 3971//3971 4498//4498
f 4705//4705 4706//4706 567//567
f 2212//2212 1660//1660 87//87
f 2918//2918 4892//4892 199//199
f 4862//4862 3876//3876 2972//2972
f 1559//1559 2603//2603 2602//2602
f 3053//3053 1198//1198 1200//1200
f 4187//4187 3162//3162 2119//2119
f 3868//3868 1567//1567 4421//4421
f 1679//1679 1678//1678 3450//3450
f 3195//3195 685//685 4669//4669
f 3309//3309 177//177 179//179
f 4337//4337 3522//3522 4080//4080
f 3150//3150 3291//3291 2359//2359
f 1696//1696 2909//2909 2851//2851
f 526//526 525//525 3738//3738
f 1470//1470 526//526 3738//3738
f 3779//3779 4811//4811 3780//3780
f 1939//1939 1938//1938 2178//2178
f 1939//1939 2178//2178 2177//2177
f 4893//4893 2354//2354 2353//2353
f 4512//4512 2502//2502 2501//2501
f 3630//3630 4369//4369 3574//3574
f 2242//2242 2819//2819 1123//1123
f 1819//1819 4133//4133 4132//4132
f 812//812 629//629 2232//2232
f 3812//3812 2124//2124 4555//4555
f 1021//1021 1204//1204 200//200
f 1021//1021 200//200 1022//1022
f 344//344 1164//1164 1751//1751
f 798//798 1075//1075 4346//4346
f 2705//2705 2707//2707 3764//3764
f 3111//3111 271//271 3942//3942
f 2912//2912 1677//1677 158//158
f 1453//1453 2091//2091 2093//2093
f 4894//4894 1521//1521 4659//4659
f 3357//3357 737//737 4151//4151
f 2923//2923 3321//3321 4895//4895
f 3411//3411 4328//4328 4207//4207
f 4896//4896 3484//3484 2470//2470
f 2968//2968 2790//2790 728//728
f 3989//3989 1179//1179 4559//4559
f 2492//2492 601//601 774//774
f 1831//1831 2817//2817 3203//3203
f 4537//4537 2457//2457 1224//1224
f 1463//1463 1465//1465 449//449
f 4051//4051 4737//4737 2426//2426
f 4051//4051 2426//2426 2318//2318
f 64//64 63//63 2283//2283
f 64//64 2283//2283 2282//2282
f 4102//4102 558//558 560//560
f 4102//4102 560//560 1322//1322
f 606//606 3927//3927 4147//4147
f 1625//1625 796//796 1425//1425
f 4327//4327 4735//4735 1258//1258
f 3326//3326 2168//2168 3811//3811
f 3295//3295 80//80 3709//3709
f 3794//3794 4152//4152 2081//2081
f 469//469 4810//4810 1738//1738
f 3246//3246 3247//3247 3198//3198
f 743//743 1680//1680 2681//2681
f 4352//4352 412//412 411//411
f 3303//3303 40//40 2481//2481
f 273//273 272//272 3203//3203
f 4577//4577 674//674 2541//2541
f 1134//1134 2351//2351 1129//1129
f 4159//4159 3847//3847 4204//4204
f 79//79 3709//3709 80//80
f 3184//3184 4897//4897 1570//1570
f 1910//1910 2385//2385 1374//1374
f 4820//4820 3660//3660 4781//4781
f 3826//3826 4820//4820 4781//4781
f 3323//3323 4366//4366 4620//4620
f 2318//2318 2320//2320 3120//3120
f 4052//4052 2318//2318 3120//3120
f 92//92 3613//3613 3452//3452
f 90//90 92//92 3452//3452
f 1211//1211 1210//1210 4479//4479
f 4898//4898 3146//3146 4722//4722
f 4898//4898 4722//4722 2687//2687
f 2779//2779 4799//4799 4752//4752
f 1815//1815 1817//1817 4899//4899
f 240//240 4466//4466 4744//4744
f 171//171 173//173 4365//4365
f 4900//4900 3068//3068 4434//4434
f 1250//1250 4771//4771 4287//4287
f 1684//1684 379//379 378//378
f 3075//3075 4591//4591 4663//4663
f 583//583 301//301 3223//3223
f 2612//2612 4601//4601 4098//4098
f 3090//3090 3986//3986 504//504
f 4548//4548 3854//3854 4807//4807
f 2690//2690 193//193 1368//1368
f 4447//4447 3551//3551 1080//1080
f 4345//4345 4344//4344 1037//1037
f 3352//3352 3297//3297 4138//4138
f 33//33 32//32 1322//1322
f 4644//4644 820//820 4645//4645
f 3232//3232 3131//3131 4891//4891
f 4574//4574 3726//3726 1627//1627
f 193//193 2853//2853 2852//2852
f 4452//4452 4420//4420 4169//4169
f 4715//4715 2466//2466 664//664
f 3743//3743 4901//4901 3222//3222
f 3734//3734 2706//2706 2705//2705
f 4824//4824 2880//2880 4825//4825
f 3194//3194 4664//4664 3423//3423
f 1328//1328 4858//4858 3974//3974
f 3621//3621 3234//3234 4246//4246
f 2543//2543 4563//4563 4902//4902
f 2544//2544 2543//2543 4902//4902
f 2575//2575 2577//2577 4511//4511
f 2189//2189 3507//3507 2188//2188
f 3368//3368 4768//4768 867//867
f 4903//4903 3125//3125 3569//3569
f 443//443 3159//3159 724//724
f 4904//4904 4905//4905 4632//4632
f 4389//4389 4625//4625 4906//4906
f 2794//2794 2300//2300 4029//4029
f 3128//3128 1807//1807 4202//4202
f 394//394 217//217 219//219
f 1894//1894 2102//2102 905//905
f 1036//1036 2245//2245 4608//4608
f 4131//4131 2978//2978 4298//4298
f 809//809 4907//4907 290//290
f 1273//1273 1272//1272 4908//4908
f 3616//3616 4767//4767 4768//4768
f 4909//4909 1399//1399 1401//1401
f 4600//4600 4832//4832 3277//3277
f 1986//1986 3770//3770 1987//1987
f 4310//4310 1531//1531 533//533
f 20//20 2519//2519 2621//2621
f 4464//4464 1134//1134 3157//3157
f 2725//2725 1780//1780 1132//1132
f 4011//4011 1672//1672 4910//4910
f 2341//2341 2342//2342 2872//2872
f 2831//2831 3103//3103 397//397
f 2822//2822 2831//2831 397//397
f 1730//1730 1304//1304 1306//1306
f 3491//3491 4491//4491 3810//3810
f 1276//1276 3491//3491 3810//3810
f 976//976 797//797 1625//1625
f 60//60 4474//4474 4304//4304
f 3463//3463 3535//3535 3209//3209
f 4687//4687 18//18 17//17
f 3416//3416 1849//1849 3859//3859
f 1424//1424 3445//3445 1422//1422
f 2995//2995 2997//2997 1196//1196
f 4548//4548 4475//4475 3854//3854
f 366//366 352//352 3505//3505
f 2105//2105 4609//4609 645//645
f 3757//3757 4492//4492 3997//3997
f 3668//3668 3808//3808 3703//3703
f 1386//1386 3860//3860 2113//2113
f 3800//3800 4711//4711 1317//1317
f 3755//3755 3593//3593 4416//4416
f 3851//3851 4791//4791 3602//3602
f 2230//2230 1399//1399 4909//4909
f 4004//4004 2454//2454 2453//2453
f 3175//3175 4376//4376 414//414
f 2888//2888 772//772 2889//2889
f 3323//3323 2920//2920 3324//3324
f 2155//2155 2157//2157 3251//3251
f 4480//4480 4231//4231 3408//3408
f 4480//4480 3408//3408 4851//4851
f 2720//2720 2002//2002 4121//4121
f 4233//4233 4778//4778 4153//4153
f 4144//4144 1447//1447 1446//1446
f 1081//1081 281//281 283//283
f 3733//3733 3182//3182 763//763
f 2826//2826 4573//4573 4572//4572
f 902//902 4637//4637 1156//1156
f 2811//2811 3619//3619 2760//2760
f 2811//2811 2760//2760 4518//4518
f 2925//2925 96//96 375//375
f 2782//2782 2044//2044 2156//2156
f 2328//2328 1909//1909 1908//1908
f 2083//2083 90//90 2084//2084
f 2990//2990 2989//2989 3272//3272
f 1024//1024 1023//1023 377//377
f 4700//4700 1024//1024 377//377
f 4651//4651 2583//2583 3656//3656
f 3885//3885 3747//3747 4593//4593
f 3885//3885 4593//4593 3886//3886
f 3620//3620 2840//2840 4472//4472
f 1364//1364 4234//4234 4827//4827
f 4628//4628 347//347 486//486
f 594//594 1912//1912 2399//2399
f 4911//4911 2829//2829 4840//4840
f 4199//4199 3785//3785 4156//4156
f 1875//1875 2127//2127 662//662
f 3475//3475 2806//2806 3716//3716
f 263//263 9//9 3586//3586
f 4211//4211 200//200 2994//2994
f 2797//2797 4211//4211 2994//2994
f 1227//1227 1226//1226 3547//3547
f 4615//4615 4874//4874 2565//2565
f 1640//1640 3494//3494 889//889
f 418//418 4305//4305 419//419
f 645//645 860//860 2103//2103
f 714//714 713//713 4912//4912
f 1018//1018 1745//1745 3048//3048
f 223//223 1764//1764 4817//4817
f 3450//3450 3805//3805 1573//1573
f 1791//1791 4569//4569 2996//2996
f 4254//4254 314//314 2391//2391
f 4422//4422 4647//4647 1004//1004
f 4325//4325 4422//4422 1004//1004
f 3151//3151 4648//4648 4025//4025
f 958//958 3431//3431 4913//4913
f 2234//2234 3765//3765 3304//3304
f 224//224 2477//2477 2716//2716
f 4050//4050 4052//4052 4279//4279
f 4820//4820 4819//4819 4860//4860
f 1948//1948 1947//1947 2986//2986
f 2308//2308 4723//4723 2933//2933
f 1121//1121 157//157 156//156
f 4798//4798 2933//2933 2560//2560
f 173//173 172//172 4394//4394
f 3261//3261 2412//2412 4652//4652
f 2889//2889 4783//4783 2086//2086
f 4908//4908 4891//4891 828//828
f 657//657 656//656 332//332
f 657//657 332//332 3693//3693
f 1258//1258 4735//4735 4433//4433
f 4914//4914 1258//1258 4433//4433
f 4830//4830 3136//3136 3138//3138
f 868//868 4086//4086 4049//4049
f 2848//2848 564//564 4779//4779
f 4915//4915 3455//3455 595//595
f 3707//3707 4846//4846 4778//4778
f 3707//3707 4778//4778 4233//4233
f 1821//1821 377//377 2193//2193
f 4797//4797 3393//3393 301//301
f 3724//3724 4359//4359 188//188
f 1690//1690 589//589 3870//3870
f 2949//2949 1816//1816 2947//2947
f 4912//4912 1993//1993 714//714
f 2366//2366 3632//3632 42//42
f 77//77 1612//1612 3305//3305
f 3429//3429 3648//3648 3467//3467
f 4532//4532 1250//1250 1251//1251
f 1361//1361 4916//4916 1718//1718
f 1384//1384 2507//2507 1385//1385
f 3830//3830 777//777 621//621
f 2987//2987 2986//2986 2201//2201
f 4305//4305 4428//4428 1526//1526
f 2355//2355 1881//1881 2356//2356
f 3078//3078 3875//3875 326//326
f 325//325 3078//3078 326//326
f 1636//1636 3604//3604 1440//1440
f 3375//3375 3091//3091 1839//1839
f 1375//1375 3109//3109 2651//2651
f 3335//3335 4315//4315 1769//1769
f 1048//1048 2098//2098 4096//4096
f 4917//4917 1266//1266 2408//2408
f 1218//1218 1220//1220 4629//4629
f 3831//3831 4724//4724 3832//3832
f 4918//4918 3603//3603 4335//4335
f 2981//2981 2983//2983 3101//3101
f 4790//4790 1752//1752 1754//1754
f 4339//4339 4755//4755 4721//4721
f 3379//3379 4242//4242 4919//4919
f 763//763 762//762 2918//2918
f 763//763 2918//2918 198//198
f 4920//4920 4105//4105 4120//4120
f 72//72 3051//3051 4662//4662
f 802//802 442//442 4086//4086
f 1081//1081 283//283 1082//1082
f 4774//4774 4017//4017 3906//3906
f 3432//3432 1357//1357 3293//3293
f 3837//3837 1959//1959 3838//3838
f 2440//2440 2563//2563 1758//1758
f 1224//1224 1685//1685 4614//4614
f 993//993 4477//4477 994//994
f 1310//1310 4921//4921 4922//4922
f 1969//1969 1531//1531 3999//3999
f 4078//4078 4794//4794 4079//4079
f 3945//3945 3125//3125 4903//4903
f 1464//1464 3816//3816 2915//2915
f 2220//2220 1701//1701 1703//1703
f 3107//3107 3026//3026 3263//3263
f 9//9 2208//2208 3586//3586
f 2188//2188 4401//4401 2139//2139
f 2235//2235 2214//2214 2213//2213
f 4660//4660 3080//3080 4157//4157
f 1029//1029 1031//1031 2970//2970
f 429//429 2897//2897 2896//2896
f 1599//1599 3017//3017 4131//4131
f 873//873 2366//2366 42//42
f 2116//2116 2118//2118 3268//3268
f 1247//1247 1246//1246 4780//4780
f 2992//2992 2309//2309 1110//1110
f 4370//4370 2697//2697 35//35
f 3052//3052 927//927 4714//4714
f 2860//2860 3332//3332 3334//3334
f 1856//1856 4845//4845 2005//2005
f 1632//1632 1378//1378 3847//3847
f 3478//3478 838//838 1316//1316
f 3608//3608 1618//1618 2236//2236
f 4818//4818 3065//3065 4711//4711
f 1222//1222 4923//4923 3744//3744
f 2606//2606 2605//2605 4924//4924
f 4158//4158 2419//2419 2691//2691
f 3173//3173 2635//2635 4429//4429
f 3735//3735 4426//4426 4427//4427
f 746//746 1061//1061 260//260
f 4766//4766 188//188 191//191
f 3959//3959 4553//4553 4205//4205
f 4834//4834 3009//3009 4505//4505
f 3843//3843 3691//3691 4756//4756
f 4925//4925 4309//4309 2247//2247
f 4925//4925 2247//2247 4581//4581
f 870//870 287//287 4762//4762
f 3803//3803 4894//4894 2438//2438
f 2437//2437 3803//3803 2438//2438
f 581//581 4715//4715 1307//1307
f 1182//1182 3717//3717 1183//1183
f 198//198 2918//2918 199//199
f 998//998 4715//4715 581//581
f 3834//3834 3043//3043 3045//3045
f 3834//3834 3045//3045 3552//3552
f 4250//4250 4926//4926 3532//3532
f 3579//3579 2858//2858 3933//3933
f 1849//1849 3627//3627 3834//3834
f 3244//3244 4124//4124 4796//4796
f 4859//4859 1229//1229 185//185
f 984//984 4568//4568 4218//4218
f 616//616 984//984 4218//4218
f 87//87 1660//1660 88//88
f 1225//1225 4189//4189 2280//2280
f 1638//1638 13//13 3121//3121
f 342//342 3991//3991 343//343
f 3088//3088 4204//4204 2763//2763
f 4917//4917 4458//4458 1034//1034
f 1267//1267 4917//4917 1034//1034
f 2567//2567 3626//3626 2568//2568
f 4498//4498 3972//3972 1126//1126
f 66//66 2110//2110 3401//3401
f 4632//4632 4905//4905 3362//3362
f 3126//3126 4804//4804 1118//1118
f 2169//2169 3526//3526 845//845
f 462//462 494//494 496//496
f 3601//3601 217//217 394//394
f 4254//4254 2264//2264 4927//4927
f 4805//4805 4254//4254 4927//4927
f 892//892 2893//2893 893//893
f 682//682 681//681 2972//2972
f 4928//4928 3205//3205 1726//1726
f 1482//1482 687//687 689//689
f 4518//4518 2760//2760 2762//2762
f 3923//3923 4929//4929 4867//4867
f 1474//1474 1540//1540 2884//2884
f 4636//4636 4001//4001 4731//4731
f 3034//3034 4930//4930 2600//2600
f 3198//3198 4237//4237 3197//3197
f 340//340 4931//4931 3828//3828
f 367//367 369//369 409//409
f 4681//4681 4657//4657 598//598
f 4217//4217 4166//4166 1124//1124
f 1970//1970 3327//3327 1459//1459
f 1970//1970 1459//1459 1458//1458
f 2533//2533 3311//3311 4391//4391
f 2918//2918 1020//1020 4892//4892
f 138//138 140//140 2868//2868
f 4423//4423 3231//3231 313//313
f 2217//2217 361//361 466//466
f 2586//2586 3851//3851 1934//1934
f 2612//2612 1613//1613 4595//4595
f 2623//2623 995//995 2624//2624
f 359//359 3409//3409 360//360
f 2298//2298 2794//2794 2793//2793
f 2492//2492 2116//2116 601//601
f 2957//2957 936//936 935//935
f 328//328 327//327 840//840
f 923//923 925//925 2079//2079
f 3256//3256 923//923 2079//2079
f 3860//3860 3947//3947 2939//2939
f 3527//3527 2737//2737 818//818
f 2611//2611 4061//4061 3349//3349
f 3707//3707 4294//4294 4846//4846
f 4355//4355 4334//4334 4801//4801
f 1523//1523 2088//2088 2090//2090
f 1691//1691 1523//1523 2090//2090
f 2287//2287 1579//1579 1578//1578
f 4874//4874 3399//3399 2082//2082
f 3706//3706 3954//3954 4294//4294
f 3706//3706 4294//4294 3707//3707
f 2213//2213 3320//3320 2235//2235
f 1855//1855 3129//3129 4845//4845
f 3901//3901 4679//4679 4278//4278
f 1091//1091 4012//4012 4854//4854
f 2267//2267 3199//3199 966//966
f 4095//4095 2985//2985 2987//2987
f 1972//1972 1971//1971 3168//3168
f 3730//3730 24//24 4042//4042
f 679//679 2814//2814 4258//4258
f 312//312 4674//4674 365//365
f 1688//1688 1690//1690 3870//3870
f 4363//4363 4932//4932 1355//1355
f 1512//1512 2209//2209 4814//4814
f 3646//3646 4933//4933 3079//3079
f 3407//3407 1973//1973 1974//1974
f 4790//4790 1754//1754 2277//2277
f 316//316 318//318 3237//3237
f 3601//3601 358//358 1182//1182
f 2917//2917 3451//3451 2565//2565
f 3558//3558 2344//2344 2343//2343
f 4638//4638 4784//4784 2436//2436
f 263//263 3586//3586 1698//1698
f 496//496 495//495 2708//2708
f 3765//3765 2235//2235 3319//3319
f 82//82 4563//4563 4562//4562
f 4902//4902 4563//4563 82//82
f 4557//4557 4373//4373 4091//4091
f 3564//3564 4108//4108 3565//3565
f 2745//2745 4344//4344 4618//4618
f 4337//4337 4080//4080 4142//4142
f 3292//3292 3294//3294 4663//4663
f 175//175 174//174 4604//4604
f 2538//2538 4244//4244 4934//4934
f 3367//3367 1840//1840 1806//1806
f 1130//1130 1404//1404 1406//1406
f 4932//4932 4816//4816 1355//1355
f 2157//2157 1186//1186 928//928
f 4324//4324 4808//4808 4611//4611
f 1161//1161 1160//1160 3175//3175
f 4015//4015 2094//2094 2096//2096
f 2472//2472 57//57 2222//2222
f 2619//2619 2941//2941 203//203
f 2738//2738 4741//4741 4725//4725
f 2738//2738 4725//4725 2739//2739
f 822//822 1629//1629 1631//1631
f 1753//1753 1918//1918 1920//1920
f 4594//4594 3882//3882 2546//2546
f 4183//4183 4859//4859 185//185
f 318//318 3028//3028 3027//3027
f 2278//2278 2277//2277 4610//4610
f 3217//3217 4594//4594 3747//3747
f 4195//4195 4281//4281 2731//2731
f 4908//4908 3232//3232 4891//4891
f 177//177 2051//2051 3211//3211
f 4850//4850 694//694 696//696
f 4568//4568 4707//4707 4134//4134
f 4483//4483 4482//4482 2363//2363
f 1919//1919 3590//3590 1920//1920
f 4503//4503 2672//2672 2671//2671
f 3560//3560 1943//1943 1944//1944
f 329//329 331//331 1139//1139
f 3163//3163 4146//4146 2825//2825
f 1553//1553 2008//2008 4150//4150
f 3547//3547 1226//1226 4543//4543
f 2272//2272 1715//1715 1113//1113
f 723//723 722//722 4935//4935
f 4403//4403 3936//3936 1869//1869
f 3477//3477 4936//4936 1103//1103
f 114//114 4923//4923 115//115
f 1680//1680 1534//1534 3938//3938
f 9//9 6//6 2208//2208
f 1739//1739 52//52 3563//3563
f 3998//3998 2332//2332 3932//3932
f 3998//3998 3932//3932 2692//2692
f 308//308 4937//4937 309//309
f 3741//3741 1270//1270 4880//4880
f 2656//2656 4938//4938 2657//2657
f 593//593 1912//1912 594//594
f 4479//4479 2154//2154 1211//1211
f 2807//2807 2223//2223 4763//4763
f 1321//1321 1068//1068 1067//1067
f 3120//3120 1672//1672 1673//1673
f 1179//1179 4343//4343 4559//4559
f 3537//3537 1278//1278 1304//1304
f 4410//4410 3224//3224 3226//3226
f 4531//4531 1173//1173 2228//2228
f 1232//1232 2835//2835 1407//1407
f 4113//4113 4395//4395 4114//4114
f 3285//3285 1040//1040 139//139
f 3751//3751 2871//2871 4911//4911
f 3409//3409 464//464 360//360
f 1453//1453 2552//2552 2091//2091
f 3660//3660 2669//2669 2668//2668
f 3122//3122 4579//4579 4897//4897
f 1436//1436 3503//3503 4189//4189
f 4515//4515 1716//1716 4516//4516
f 1074//1074 1560//1560 1951//1951
f 3520//3520 4337//4337 3354//3354
f 1579//1579 577//577 539//539
f 2366//2366 4756//4756 3632//3632
f 501//501 563//563 4118//4118
f 168//168 2828//2828 2362//2362
f 4444//4444 4939//4939 4687//4687
f 4444//4444 4687//4687 178//178
f 3053//3053 1200//1200 3355//3355
f 3460//3460 640//640 3737//3737
f 2488//2488 3918//3918 2813//2813
f 1889//1889 3150//3150 3152//3152
f 3396//3396 4740//4740 2364//2364
f 690//690 2549//2549 2791//2791
f 1757//1757 4495//4495 4809//4809
f 1181//1181 2865//2865 2864//2864
f 3369//3369 4512//4512 4940//4940
f 4061//4061 3667//3667 851//851
f 1830//1830 3069//3069 4021//4021
f 4320//4320 4319//4319 2683//2683
f 2504//2504 117//117 627//627
f 4833//4833 1039//1039 1885//1885
f 4336//4336 1723//1723 1594//1594
f 1026//1026 3835//3835 2110//2110
f 1042//1042 1848//1848 1847//1847
f 3341//3341 1903//1903 2721//2721
f 4412//4412 3499//3499 506//506
f 3619//3619 2326//2326 2760//2760
f 4558//4558 618//618 1116//1116
f 4558//4558 1116//1116 1390//1390
f 4712//4712 1394//1394 1393//1393
f 2071//2071 2931//2931 2072//2072
f 955//955 3877//3877 953//953
f 419//419 4305//4305 4378//4378
f 2973//2973 1007//1007 1006//1006
f 3063//3063 2973//2973 1006//1006
f 1244//1244 1479//1479 1245//1245
f 3041//3041 4164//4164 3434//3434
f 3982//3982 209//209 3983//3983
f 4724//4724 3625//3625 3832//3832
f 4855//4855 295//295 294//294
f 4543//4543 4485//4485 3547//3547
f 637//637 874//874 41//41
f 4691//4691 1285//1285 3706//3706
f 3458//3458 2628//2628 3553//3553
f 4871//4871 4880//4880 1270//1270
f 3076//3076 4876//4876 587//587
f 3066//3066 2387//2387 3731//3731
f 2903//2903 3762//3762 3640//3640
f 3399//3399 3398//3398 2082//2082
f 3132//3132 3232//3232 1272//1272
f 2356//2356 3827//3827 2357//2357
f 3118//3118 2483//2483 3116//3116
f 3468//3468 727//727 726//726
f 2729//2729 3496//3496 2730//2730
f 3884//3884 3886//3886 3016//3016
f 917//917 1791//1791 2995//2995
f 3098//3098 3100//3100 2766//2766
f 2933//2933 4723//4723 3596//3596
f 2737//2737 1831//1831 818//818
f 2470//2470 3485//3485 1111//1111
f 4683//4683 1928//1928 2689//2689
f 3631//3631 4143//4143 3719//3719
f 228//228 718//718 3576//3576
f 1407//1407 1976//1976 3112//3112
f 2460//2460 4058//4058 2461//2461
f 3284//3284 138//138 2868//2868
f 4431//4431 2380//2380 4432//4432
f 3547//3547 4485//4485 453//453
f 3849//3849 1854//1854 1857//1857
f 4583//4583 4392//4392 4584//4584
f 3449//3449 4603//4603 4193//4193
f 4351//4351 4350//4350 4920//4920
f 4816//4816 4781//4781 1356//1356
f 4179//4179 1095//1095 3274//3274
f 488//488 3723//3723 4636//4636
f 4675//4675 4347//4347 1288//1288
f 4941//4941 84//84 86//86
f 4629//4629 1220//1220 3184//3184
f 209//209 74//74 3306//3306
f 2577//2577 1587//1587 782//782
f 2577//2577 782//782 4655//4655
f 4666//4666 4497//4497 152//152
f 4942//4942 2730//2730 3496//3496
f 2557//2557 4942//4942 3496//3496
f 2286//2286 3897//3897 2681//2681
f 4681//4681 598//598 600//600
f 135//135 604//604 136//136
f 2847//2847 2062//2062 565//565
f 2134//2134 3559//3559 1032//1032
f 1462//1462 3973//3973 3976//3976
f 4452//4452 4169//4169 3822//3822
f 3728//3728 2508//2508 974//974
f 913//913 3822//3822 4638//4638
f 3034//3034 1863//1863 637//637
f 714//714 1993//1993 3262//3262
f 4082//4082 3003//3003 3376//3376
f 4943//4943 3480//3480 3665//3665
f 1621//1621 544//544 1622//1622
f 1142//1142 4351//4351 4119//4119
f 1645//1645 89//89 4502//4502
f 4693//4693 3925//3925 3924//3924
f 4849//4849 1215//1215 451//451
f 4368//4368 3566//3566 2045//2045
f 3214//3214 476//476 475//475
f 1544//1544 3235//3235 1477//1477
f 1614//1614 4099//4099 2073//2073
f 2865//2865 307//307 306//306
f 4021//4021 2037//2037 3067//3067
f 4939//4939 2740//2740 18//18
f 362//362 364//364 2587//2587
f 4262//4262 1668//1668 4458//4458
f 4944//4944 4589//4589 1712//1712
f 1241//1241 1240//1240 3281//3281
f 3318//3318 1440//1440 1442//1442
f 2525//2525 993//993 231//231
f 1361//1361 746//746 260//260
f 4147//4147 4914//4914 1331//1331
f 2347//2347 293//293 295//295
f 4321//4321 171//171 3805//3805
f 1317//1317 4682//4682 2522//2522
f 4431//4431 2783//2783 1761//1761
f 4944//4944 1712//1712 612//612
f 2354//2354 4944//4944 612//612
f 2961//2961 1921//1921 2962//2962
f 2938//2938 2940//2940 1402//1402
f 1778//1778 1935//1935 1086//1086
f 1875//1875 662//662 661//661
f 510//510 4433//4433 511//511
f 667//667 4945//4945 1228//1228
f 3037//3037 512//512 3669//3669
f 3037//3037 3669//3669 1790//1790
f 4568//4568 4946//4946 4707//4707
f 4561//4561 4216//4216 610//610
f 2256//2256 2258//2258 4169//4169
f 3549//3549 3142//3142 3550//3550
f 55//55 2475//2475 2474//2474
f 4513//4513 55//55 2474//2474
f 3492//3492 2888//2888 3905//3905
f 3696//3696 4800//4800 1918//1918
f 3758//3758 4947//4947 4520//4520
f 3135//3135 2147//2147 2894//2894
f 1207//1207 1810//1810 3116//3116
f 2179//2179 2099//2099 2977//2977
f 1713//1713 1313//1313 1367//1367
f 4029//4029 3444//3444 4875//4875
f 1486//1486 4525//4525 4384//4384
f 1702//1702 2670//2670 4246//4246
f 4936//4936 3478//3478 1316//1316
f 1183//1183 2959//2959 1782//1782
f 4771//4771 1346//1346 4287//4287
f 1637//1637 3557//3557 4643//4643
f 4326//4326 1637//1637 4643//4643
f 1511//1511 1239//1239 3684//3684
f 4339//4339 351//351 4755//4755
f 354//354 2622//2622 4853//4853
f 1802//1802 4941//4941 3665//3665
f 2832//2832 1334//1334 4733//4733
f 2598//2598 2599//2599 965//965
f 3967//3967 4238//4238 4850//4850
f 783//783 4054//4054 2953//2953
f 1950//1950 248//248 250//250
f 3591//3591 2463//2463 2254//2254
f 4000//4000 1079//1079 3987//3987
f 3836//3836 3839//3839 104//104
f 103//103 3836//3836 104//104
f 3239//3239 4036//4036 4035//4035
f 753//753 2480//2480 1381//1381
f 373//373 1138//1138 1933//1933
f 1756//1756 1830//1830 4020//4020
f 1756//1756 4020//4020 3943//3943
f 726//726 3957//3957 4857//4857
f 1937//1937 1939//1939 4607//4607
f 324//324 2371//2371 2783//2783
f 2266//2266 812//812 4459//4459
f 1680//1680 3938//3938 2681//2681
f 4274//4274 4275//4275 3653//3653
f 4602//4602 4274//4274 3653//3653
f 1208//1208 2484//2484 1186//1186
f 3831//3831 3852//3852 3026//3026
f 244//244 3166//3166 245//245
f 2221//2221 3816//3816 1463//1463
f 2880//2880 2879//2879 4765//4765
f 4825//4825 2880//2880 4765//4765
f 4402//4402 3903//3903 2290//2290
f 3445//3445 1838//1838 4209//4209
f 258//258 2686//2686 4646//4646
f 1861//1861 489//489 4636//4636
f 3604//3604 4918//4918 1441//1441
f 3778//3778 4160//4160 3779//3779
f 1947//1947 2201//2201 2986//2986
f 1817//1817 2015//2015 1681//1681
f 3733//3733 4211//4211 2797//2797
f 2004//2004 3766//3766 3415//3415
f 3657//3657 4380//4380 3239//3239
f 3433//3433 3432//3432 3292//3292
f 2865//2865 306//306 2866//2866
f 1406//1406 1405//1405 4673//4673
f 4590//4590 4591//4591 3097//3097
f 455//455 2520//2520 668//668
f 3498//3498 455//455 668//668
f 1905//1905 1253//1253 1252//1252
f 1789//1789 4901//4901 3743//3743
f 4179//4179 1637//1637 1094//1094
f 3210//3210 3212//3212 2622//2622
f 2845//2845 554//554 2513//2513
f 1546//1546 2905//2905 3331//3331
f 4422//4422 2694//2694 2122//2122
f 886//886 2143//2143 1674//1674
f 4130//4130 310//310 816//816
f 695//695 3430//3430 2610//2610
f 3704//3704 2065//2065 749//749
f 3927//3927 4787//4787 4147//4147
f 3688//3688 2187//2187 4760//4760
f 4928//4928 4046//4046 3205//3205
f 3825//3825 4148//4148 3826//3826
f 4836//4836 1084//1084 4925//4925
f 3938//3938 1534//1534 703//703
f 49//49 367//367 3670//3670
f 927//927 2607//2607 4714//4714
f 1435//1435 3763//3763 3501//3501
f 1435//1435 3501//3501 1436//1436
f 2398//2398 1670//1670 2290//2290
f 3974//3974 4884//4884 4631//4631
f 698//698 508//508 305//305
f 4717//4717 4454//4454 2432//2432
f 160//160 4717//4717 2432//2432
f 4775//4775 2258//2258 4622//4622
f 4576//4576 4097//4097 3439//3439
f 3689//3689 3688//3688 4760//4760
f 3439//3439 3438//3438 3818//3818
f 1226//1226 1281//1281 1494//1494
f 216//216 1770//1770 2966//2966
f 1837//1837 1836//1836 4764//4764
f 1228//1228 1564//1564 1304//1304
f 229//229 228//228 3576//3576
f 4945//4945 669//669 4165//4165
f 3083//3083 3610//3610 3734//3734
f 1323//1323 724//724 723//723
f 2497//2497 644//644 4948//4948
f 679//679 2813//2813 2814//2814
f 2800//2800 2802//2802 3908//3908
f 1857//1857 3250//3250 4500//4500
f 1286//1286 685//685 3195//3195
f 4334//4334 4333//4333 4801//4801
f 2239//2239 4280//4280 4921//4921
f 2087//2087 2239//2239 4921//4921
f 3453//3453 3452//3452 3612//3612
f 2628//2628 1542//1542 2613//2613
f 3479//3479 625//625 2809//2809
f 2669//2669 4246//4246 2670//2670
f 3438//3438 1369//1369 471//471
f 3438//3438 471//471 470//470
f 2443//2443 4123//4123 4507//4507
f 611//611 3487//3487 2352//2352
f 3446//3446 3448//3448 4056//4056
f 4632//4632 3362//3362 4358//4358
f 2770//2770 2118//2118 2117//2117
f 4239//4239 3271//3271 3253//3253
f 1099//1099 158//158 157//157
f 171//171 4949//4949 172//172
f 344//344 3290//3290 1164//1164
f 2368//2368 2370//2370 2619//2619
f 681//681 2535//2535 4862//4862
f 3044//3044 2292//2292 259//259
f 1607//1607 3512//3512 294//294
f 2523//2523 2522//2522 4682//4682
f 4864//4864 1980//1980 4839//4839
f 1609//1609 2609//2609 4803//4803
f 2645//2645 925//925 1010//1010
f 1647//1647 2645//2645 1010//1010
f 4194//4194 3797//3797 252//252
f 919//919 922//922 954//954
f 3956//3956 1954//1954 2946//2946
f 2523//2523 4682//4682 3314//3314
f 1140//1140 3179//3179 3411//3411
f 1396//1396 1112//1112 1628//1628
f 4759//4759 2741//2741 4950//4950
f 3214//3214 475//475 3422//3422
f 3999//3999 1457//1457 910//910
f 2649//2649 3119//3119 1673//1673
f 1590//1590 4878//4878 4544//4544
f 4414//4414 226//226 3497//3497
f 2598//2598 2700//2700 3476//3476
f 2389//2389 2388//2388 4517//4517
f 2389//2389 4517//4517 4534//4534
f 3385//3385 4540//4540 3110//3110
f 2578//2578 4796//4796 2023//2023
f 2120//2120 1943//1943 3560//3560
f 4499//4499 4493//4493 4684//4684
f 1795//1795 224//224 2716//2716
f 1795//1795 2716//2716 2715//2715
f 4919//4919 4242//4242 1792//1792
f 360//360 464//464 466//466
f 4144//4144 4368//4368 1447//1447
f 1033//1033 4898//4898 2687//2687
f 962//962 894//894 896//896
f 962//962 896//896 963//963
f 2401//2401 2403//2403 4926//4926
f 415//415 4376//4376 2946//2946
f 415//415 2946//2946 370//370
f 2288//2288 4861//4861 2180//2180
f 4799//4799 3908//3908 4548//4548
f 340//340 1762//1762 4931//4931
f 653//653 4654//4654 4289//4289
f 2548//2548 2624//2624 2665//2665
f 636//636 874//874 637//637
f 709//709 2771//2771 2428//2428
f 2101//2101 4016//4016 4552//4552
f 4512//4512 2501//2501 65//65
f 4940//4940 4512//4512 65//65
f 2629//2629 1835//1835 2630//2630
f 130//130 4691//4691 472//472
f 131//131 130//130 472//472
f 2857//2857 4903//4903 3142//3142
f 1088//1088 4736//4736 1089//1089
f 3369//3369 4940//4940 1916//1916
f 3370//3370 3369//3369 1916//1916
f 418//418 2377//2377 4305//4305
f 282//282 4210//4210 3477//3477
f 3740//3740 4324//4324 4611//4611
f 3740//3740 4611//4611 4212//4212
f 3127//3127 1293//1293 2714//2714
f 4303//4303 4536//4536 2490//2490
f 958//958 960//960 3431//3431
f 1991//1991 1332//1332 1992//1992
f 4838//4838 2756//2756 4793//4793
f 678//678 3678//3678 2240//2240
f 3346//3346 1055//1055 1057//1057
f 1684//1684 378//378 2998//2998
f 1915//1915 2450//2450 2449//2449
f 1757//1757 1756//1756 3943//3943
f 3142//3142 4903//4903 3569//3569
f 632//632 634//634 3254//3254
f 437//437 1327//1327 44//44
f 4653//4653 1729//1729 269//269
f 2259//2259 4329//4329 2227//2227
f 2259//2259 2227//2227 4219//4219
f 4527//4527 2555//2555 3489//3489
f 1781//1781 1783//1783 2456//2456
f 2434//2434 15//15 2473//2473
f 4341//4341 3145//3145 4951//4951
f 2357//2357 4781//4781 4816//4816
f 3380//3380 1761//1761 3381//3381
f 2776//2776 59//59 61//61
f 577//577 1275//1275 1262//1262
f 4926//4926 1482//1482 1481//1481
f 3247//3247 3395//3395 4952//4952
f 2484//2484 1185//1185 1186//1186
f 798//798 4346//4346 799//799
f 2787//2787 620//620 619//619
f 4696//4696 1367//1367 1719//1719
f 4697//4697 4696//4696 1719//1719
f 3144//3144 2650//2650 4295//4295
f 4888//4888 4887//4887 705//705
f 2597//2597 2596//2596 4953//4953
f 3619//3619 2811//2811 4748//4748
f 4813//4813 3619//3619 4748//4748
f 4954//4954 4250//4250 3531//3531
f 4446//4446 1489//1489 2569//2569
f 443//443 29//29 3159//3159
f 1498//1498 4090//4090 4089//4089
f 2528//2528 4699//4699 2529//2529
f 2546//2546 3883//3883 2547//2547
f 3754//3754 1601//1601 1603//1603
f 3622//3622 252//252 643//643
f 28//28 30//30 2814//2814
f 2834//2834 3310//3310 2653//2653
f 831//831 3150//3150 1889//1889
f 1523//1523 641//641 1524//1524
f 413//413 3752//3752 3099//3099
f 4122//4122 4507//4507 4123//4123
f 110//110 109//109 2252//2252
f 4806//4806 4197//4197 4254//4254
f 4950//4950 4939//4939 4444//4444
f 4026//4026 3227//3227 1938//1938
f 4522//4522 3385//3385 825//825
f 2131//2131 937//937 2132//2132
f 3117//3117 3154//3154 3118//3118
f 2274//2274 1558//1558 4743//4743
f 3252//3252 2274//2274 4743//4743
f 1744//1744 4124//4124 3244//3244
f 1598//1598 1076//1076 1599//1599
f 4667//4667 1786//1786 1349//1349
f 3039//3039 2107//2107 4030//4030
f 1919//1919 4800//4800 3590//3590
f 3464//3464 4130//4130 816//816
f 3748//3748 3747//3747 3885//3885
f 744//744 1360//1360 3929//3929
f 744//744 3929//3929 4311//4311
f 4921//4921 4280//4280 4955//4955
f 4729//4729 2393//2393 3600//3600
f 4872//4872 4865//4865 4881//4881
f 3331//3331 4776//4776 1982//1982
f 4614//4614 1685//1685 3219//3219
f 4777//4777 1179//1179 1178//1178
f 4390//4390 1497//1497 1499//1499
f 1221//1221 977//977 4956//4956
f 4634//4634 1221//1221 4956//4956
f 3122//3122 4897//4897 1219//1219
f 4536//4536 4614//4614 4613//4613
f 4509//4509 3577//3577 2984//2984
f 1385//1385 2507//2507 4073//4073
f 3821//3821 4683//4683 2689//2689
f 4150//4150 2823//2823 1554//1554
f 1225//1225 2279//2279 710//710
f 1739//1739 465//465 52//52
f 4957//4957 4069//4069 3510//3510
f 4574//4574 3727//3727 3726//3726
f 2502//2502 4877//4877 3348//3348
f 2502//2502 3348//3348 2503//2503
f 2517//2517 3675//3675 4759//4759
f 529//529 3024//3024 1858//1858
f 1188//1188 95//95 4719//4719
f 3361//3361 992//992 189//189
f 3668//3668 556//556 3808//3808
f 2366//2366 3843//3843 4756//4756
f 1034//1034 4458//4458 1035//1035
f 3888//3888 4291//4291 3340//3340
f 1113//1113 4225//4225 1114//1114
f 691//691 3033//3033 2674//2674
f 603//603 2293//2293 4045//4045
f 3509//3509 3968//3968 3969//3969
f 4740//4740 4483//4483 2364//2364
f 2374//2374 4003//4003 1089//1089
f 806//806 753//753 752//752
f 4502//4502 89//89 2746//2746
f 3355//3355 1200//1200 4265//4265
f 3713//3713 4230//4230 2545//2545
f 3713//3713 2545//2545 3134//3134
f 295//295 4855//4855 4106//4106
f 813//813 812//812 2232//2232
f 611//611 2354//2354 612//612
f 667//667 669//669 4945//4945
f 1628//1628 3485//3485 1627//1627
f 4472//4472 2840//2840 1995//1995
f 2390//2390 1981//1981 3970//3970
f 556//556 3429//3429 2381//2381
f 4946//4946 2846//2846 4707//4707
f 4958//4958 4959//4959 1308//1308
f 3958//3958 1975//1975 1977//1977
f 1236//1236 825//825 824//824
f 4466//4466 4199//4199 4156//4156
f 2867//2867 3284//3284 2868//2868
f 4532//4532 4771//4771 1250//1250
f 989//989 4798//4798 2560//2560
f 4411//4411 3333//3333 3332//3332
f 1734//1734 4557//4557 3201//3201
f 3152//3152 4025//4025 3764//3764
f 3273//3273 4114//4114 3296//3296
f 630//630 613//613 615//615
f 3155//3155 4007//4007 876//876
f 4470//4470 4668//4668 3953//3953
f 3777//3777 425//425 424//424
f 3777//3777 424//424 3457//3457
f 3191//3191 1837//1837 2926//2926
f 221//221 2250//2250 222//222
f 4454//4454 4838//4838 4793//4793
f 1092//1092 4854//4854 4886//4886
f 3211//3211 2051//2051 2050//2050
f 3211//3211 2050//2050 431//431
f 3665//3665 4941//4941 4943//4943
f 617//617 3772//3772 1117//1117
f 3693//3693 2632//2632 3694//3694
f 2004//2004 3415//3415 4960//4960
f 2217//2217 1740//1740 3427//3427
f 4154//4154 4871//4871 2781//2781
f 4164//4164 3502//3502 3435//3435
f 4873//4873 4872//4872 4886//4886
f 1169//1169 1584//1584 3072//3072
f 533//533 532//532 1971//1971
f 1341//1341 3751//3751 1342//1342
f 45//45 3671//3671 4078//4078
f 1967//1967 1968//1968 975//975
f 4460//4460 518//518 2702//2702
f 4460//4460 2702//2702 1796//1796
f 1571//1571 4866//4866 3343//3343
f 665//665 1501//1501 666//666
f 601//601 1326//1326 602//602
f 1610//1610 3061//3061 2039//2039
f 3536//3536 1626//1626 1278//1278
f 3537//3537 3536//3536 1278//1278
f 2872//2872 1510//1510 2873//2873
f 737//737 1559//1559 2602//2602
f 737//737 2602//2602 738//738
f 1594//1594 3440//3440 3439//3439
f 3208//3208 237//237 3598//3598
f 468//468 4810//4810 469//469
f 4833//4833 1885//1885 1332//1332
f 1084//1084 4836//4836 4420//4420
f 3411//3411 3410//3410 4328//4328
f 4209//4209 1838//1838 503//503
f 219//219 1781//1781 2455//2455
f 3945//3945 4903//4903 2857//2857
f 3247//3247 4952//4952 569//569
f 1629//1629 3112//3112 3568//3568
f 4929//4929 1585//1585 1387//1387
f 4125//4125 3482//3482 4501//4501
f 3471//3471 4560//4560 3472//3472
f 290//290 2934//2934 3200//3200
f 898//898 1890//1890 899//899
f 3334//3334 2787//2787 1940//1940
f 3974//3974 4890//4890 4884//4884
f 3756//3756 4535//4535 3966//3966
f 1963//1963 815//815 817//817
f 3780//3780 4679//4679 3901//3901
f 2009//2009 1118//1118 4270//4270
f 4511//4511 2577//2577 4655//4655
f 4950//4950 4444//4444 3732//3732
f 3625//3625 4708//4708 3832//3832
f 3680//3680 2670//2670 1702//1702
f 247//247 3484//3484 4896//4896
f 3426//3426 3383//3383 1338//1338
f 3882//3882 3883//3883 2546//2546
f 1341//1341 4188//4188 4157//4157
f 4451//4451 4750//4750 3802//3802
f 1586//1586 4929//4929 3923//3923
f 4811//4811 4374//4374 4679//4679
f 3662//3662 1110//1110 2311//2311
f 55//55 54//54 3700//3700
f 55//55 3700//3700 2475//2475
f 275//275 3241//3241 276//276
f 2406//2406 1392//1392 1552//1552
f 4276//4276 4513//4513 4508//4508
f 4352//4352 2459//2459 412//412
f 3671//3671 3143//3143 3647//3647
f 2210//2210 3117//3117 1809//1809
f 4961//4961 4619//4619 4962//4962
f 552//552 3880//3880 3804//3804
f 3951//3951 3921//3921 985//985
f 1499//1499 1583//1583 2452//2452
f 2957//2957 4963//4963 936//936
f 4263//4263 2298//2298 2793//2793
f 730//730 4263//4263 2793//2793
f 1902//1902 4419//4419 717//717
f 3405//3405 3407//3407 3774//3774
f 1517//1517 1516//1516 4847//4847
f 2073//2073 2075//2075 4158//4158
f 4308//4308 4603//4603 174//174
f 4921//4921 4955//4955 4922//4922
f 329//329 1139//1139 4931//4931
f 3481//3481 2476//2476 4868//4868
f 1639//1639 3493//3493 1640//1640
f 2722//2722 2529//2529 1519//1519
f 4513//4513 2474//2474 4508//4508
f 4185//4185 3994//3994 3965//3965
f 3851//3851 3602//3602 2867//2867
f 1451//1451 1450//1450 4149//4149
f 4620//4620 1294//1294 3127//3127
f 4031//4031 2288//2288 2180//2180
f 1342//1342 4840//4840 4255//4255
f 2339//2339 4183//4183 4182//4182
f 2369//2369 4437//4437 4964//4964
f 3485//3485 4347//4347 1627//1627
f 2882//2882 2400//2400 2588//2588
f 2600//2600 146//146 1707//1707
f 3021//3021 3290//3290 3022//3022
f 3046//3046 1045//1045 4537//4537
f 413//413 3098//3098 3071//3071
f 1871//1871 3791//3791 1354//1354
f 3773//3773 1403//1403 3095//3095
f 2716//2716 2029//2029 2714//2714
f 4689//4689 2505//2505 2504//2504
f 4869//4869 500//500 686//686
f 1241//1241 1616//1616 1242//1242
f 1237//1237 2444//2444 1336//1336
f 3429//3429 3467//3467 4857//4857
f 1344//1344 2362//2362 1345//1345
f 4656//4656 4847//4847 4249//4249
f 1842//1842 3891//3891 2478//2478
f 2191//2191 710//710 712//712
f 1748//1748 1750//1750 2960//2960
f 4455//4455 4889//4889 3040//3040
f 3039//3039 4455//4455 3040//3040
f 1156//1156 4637//4637 1233//1233
f 1767//1767 3149//3149 4206//4206
f 817//817 3527//3527 3528//3528
f 2677//2677 4808//4808 164//164
f 1654//1654 809//809 1655//1655
f 4120//4120 2219//2219 2196//2196
f 844//844 4331//4331 4184//4184
f 4965//4965 2927//2927 2929//2929
f 4965//4965 2929//2929 3542//3542
f 896//896 2022//2022 2172//2172
f 2827//2827 2537//2537 2536//2536
f 4207//4207 4328//4328 4428//4428
f 2168//2168 3325//3325 2166//2166
f 1514//1514 1513//1513 831//831
f 960//960 1953//1953 1952//1952
f 2781//2781 4871//4871 1401//1401
f 3421//3421 1135//1135 1137//1137
f 4385//4385 4864//4864 4839//4839
f 790//790 789//789 3372//3372
f 940//940 1877//1877 941//941
f 915//915 4821//4821 4510//4510
f 4624//4624 3206//3206 3205//3205
f 2197//2197 2644//2644 2198//2198
f 4943//4943 4941//4941 3057//3057
f 291//291 3202//3202 4091//4091
f 2548//2548 2547//2547 2624//2624
f 2039//2039 4372//4372 2038//2038
f 946//946 2611//2611 947//947
f 1633//1633 4538//4538 4712//4712
f 3207//3207 3970//3970 4864//4864
f 276//276 3335//3335 1769//1769
f 4817//4817 1766//1766 2159//2159
f 4966//4966 1389//1389 2401//2401
f 210//210 209//209 3982//3982
f 1212//1212 1211//1211 3492//3492
f 2605//2605 1212//1212 3492//3492
f 3814//3814 3899//3899 3815//3815
f 3721//3721 1361//1361 1339//1339
f 4645//4645 1841//1841 4830//4830
f 2053//2053 68//68 4386//4386
f 2582//2582 2335//2335 2334//2334
f 4967//4967 2969//2969 1235//1235
f 4967//4967 1235//1235 3014//3014
f 899//899 1891//1891 1496//1496
f 913//913 4638//4638 2434//2434
f 1356//1356 4105//4105 4920//4920
f 2466//2466 665//665 664//664
f 2483//2483 3118//3118 4841//4841
f 3236//3236 3422//3422 4103//4103
f 1914//1914 2523//2523 1915//1915
f 1015//1015 1911//1911 4128//4128
f 2907//2907 2514//2514 2516//2516
f 3717//3717 4500//4500 3715//3715
f 3477//3477 3478//3478 4936//4936
f 3416//3416 3859//3859 4968//4968
f 2316//2316 2660//2660 2317//2317
f 4948//4948 4206//4206 3245//3245
f 2497//2497 4948//4948 3245//3245
f 3346//3346 3347//3347 2184//2184
f 1055//1055 3346//3346 2184//2184
f 2075//2075 2074//2074 1935//1935
f 2075//2075 1935//1935 1778//1778
f 2093//2093 3793//3793 4529//4529
f 4637//4637 3996//3996 1233//1233
f 3660//3660 4820//4820 4860//4860
f 1958//1958 3927//3927 1421//1421
f 1839//1839 3091//3091 3614//3614
f 3547//3547 453//453 3548//3548
f 1582//1582 4883//4883 2305//2305
f 1769//1769 4315//4315 4462//4462
f 497//497 499//499 956//956
f 958//958 4135//4135 959//959
f 4163//4163 4146//4146 3163//3163
f 494//494 3236//3236 3736//3736
f 3271//3271 4343//4343 4777//4777
f 3362//3362 189//189 4359//4359
f 4345//4345 1037//1037 4833//4833
f 3545//3545 3546//3546 4835//4835
f 2894//2894 2147//2147 2146//2146
f 1799//1799 1408//1408 1410//1410
f 1450//1450 4819//4819 4149//4149
f 113//113 1145//1145 4181//4181
f 1785//1785 3448//3448 2512//2512
f 3712//3712 2150//2150 1218//1218
f 3987//3987 37//37 4705//4705
f 477//477 2985//2985 4095//4095
f 353//353 4853//4853 457//457
f 765//765 696//696 2415//2415
f 880//880 879//879 120//120
f 1525//1525 3215//3215 3749//3749
f 3608//3608 1155//1155 1618//1618
f 1747//1747 3379//3379 4919//4919
f 3571//3571 1263//1263 1265//1265
f 3384//3384 1692//1692 4661//4661
f 4158//4158 2075//2075 1778//1778
f 1556//1556 3529//3529 1557//1557
f 2637//2637 2421//2421 3705//3705
f 1015//1015 70//70 1016//1016
f 4955//4955 4280//4280 3013//3013
f 3674//3674 2517//2517 2519//2519
f 4001//4001 3329//3329 4731//4731
f 4036//4036 2295//2295 1//1
f 2916//2916 2125//2125 4137//4137
f 2833//2833 4187//4187 2119//2119
f 2833//2833 2119//2119 2121//2121
f 2179//2179 2977//2977 3824//3824
f 2122//2122 2666//2666 2123//2123
f 1280//1280 1279//1279 1306//1306
f 3032//3032 2927//2927 4965//4965
f 2487//2487 3889//3889 1841//1841
f 4645//4645 2487//2487 1841//1841
f 2450//2450 3441//3441 2451//2451
f 4924//4924 2605//2605 3906//3906
f 4872//4872 4881//4881 593//593
f 264//264 263//263 1698//1698
f 4293//4293 4400//4400 3949//3949
f 4293//4293 3949//3949 3948//3948
f 4827//4827 4234//4234 4236//4236
f 4639//4639 4341//4341 4951//4951
f 4639//4639 4951//4951 3559//3559
f 3852//3852 3831//3831 4200//4200
f 155//155 2140//2140 551//551
f 3423//3423 4664//4664 1500//1500
f 4113//4113 3714//3714 4395//4395
f 3639//3639 1958//1958 1421//1421
f 3703//3703 2380//2380 4431//4431
f 2323//2323 176//176 3795//3795
f 4151//4151 737//737 739//739
f 3769//3769 181//181 180//180
f 3595//3595 3705//3705 4675//4675
f 4862//4862 2535//2535 4532//4532
f 2541//2541 676//676 948//948
f 407//407 406//406 2998//2998
f 4282//4282 4281//4281 4195//4195
f 2821//2821 1565//1565 4165//4165
f 883//883 3251//3251 390//390
f 2618//2618 1721//1721 1720//1720
f 1339//1339 1312//1312 1311//1311
f 1021//1021 1072//1072 1205//1205
f 1204//1204 1021//1021 1205//1205
f 3842//3842 2481//2481 3843//3843
f 3532//3532 4926//4926 1481//1481
f 2574//2574 3697//3697 4139//4139
f 4200//4200 3831//3831 3169//3169
f 1447//1447 3213//3213 562//562
f 3353//3353 3235//3235 3234//3234
f 3666//3666 3481//3481 4868//4868
f 544//544 4954//4954 3531//3531
f 4969//4969 4163//4163 3386//3386
f 3367//3367 555//555 1840//1840
f 3561//3561 1944//1944 4577//4577
f 1691//1691 2090//2090 3997//3997
f 2899//2899 4519//4519 4399//4399
f 2697//2697 2699//2699 4624//4624
f 4519//4519 812//812 2266//2266
f 4626//4626 2874//2874 2873//2873
f 2138//2138 86//86 2189//2189
f 4970//4970 2464//2464 4491//4491
f 3430//3430 4338//4338 108//108
f 4236//4236 2755//2755 2524//2524
f 1450//1450 3269//3269 4819//4819
f 2506//2506 2112//2112 982//982
f 1193//1193 1964//1964 4738//4738
f 2078//2078 4906//4906 1540//1540
f 2954//2954 4162//4162 1887//1887
f 2605//2605 3492//3492 3906//3906
f 3183//3183 4478//4478 777//777
f 1303//1303 3580//3580 3412//3412
f 661//661 663//663 385//385
f 4598//4598 3650//3650 4172//4172
f 1263//1263 1727//1727 1264//1264
f 1763//1763 1767//1767 1766//1766
f 2006//2006 882//882 2007//2007
f 3704//3704 2683//2683 2065//2065
f 621//621 777//777 779//779
f 2294//2294 4090//4090 1498//1498
f 1724//1724 1723//1723 4336//4336
f 1715//1715 1714//1714 4225//4225
f 3511//3511 327//327 326//326
f 3059//3059 4745//4745 3768//3768
f 4382//4382 1370//1370 114//114
f 2431//2431 1008//1008 3624//3624
f 140//140 4034//4034 2868//2868
f 1477//1477 2302//2302 1478//1478
f 1412//1412 3729//3729 2422//2422
f 2804//2804 296//296 3649//3649
f 2805//2805 2804//2804 3649//3649
f 3364//3364 654//654 440//440
f 2351//2351 1130//1130 1129//1129
f 2590//2590 2558//2558 2385//2385
f 580//580 1912//1912 998//998
f 2624//2624 995//995 4396//4396
f 2624//2624 4396//4396 3002//3002
f 2687//2687 4722//4722 418//418
f 4029//4029 2903//2903 3444//3444
f 3962//3962 96//96 2925//2925
f 1714//1714 4698//4698 4225//4225
f 4580//4580 3601//3601 394//394
f 4861//4861 4809//4809 2181//2181
f 2802//2802 4475//4475 4548//4548
f 1462//1462 1329//1329 1328//1328
f 107//107 106//106 3538//3538
f 4478//4478 107//107 3538//3538
f 2409//2409 3186//3186 4495//4495
f 2909//2909 4823//4823 767//767
f 4062//4062 2509//2509 3107//3107
f 3866//3866 1998//1998 4704//4704
f 4831//4831 3866//3866 4704//4704
f 3773//3773 3095//3095 4946//4946
f 983//983 3773//3773 4946//4946
f 3688//3688 4971//4971 2187//2187
f 2085//2085 4624//4624 3205//3205
f 1107//1107 2101//2101 1576//1576
f 2780//2780 689//689 795//795
f 2261//2261 968//968 2262//2262
f 3079//3079 4933//4933 2696//2696
f 2728//2728 2616//2616 800//800
f 574//574 4972//4972 4101//4101
f 1455//1455 4448//4448 1456//1456
f 1634//1634 3076//3076 587//587
f 2612//2612 4595//4595 4601//4601
f 2970//2970 1031//1031 4063//4063
f 543//543 4487//4487 4954//4954
f 1015//1015 68//68 70//70
f 76//76 1612//1612 77//77
f 3638//3638 1214//1214 1217//1217
f 1216//1216 3638//3638 1217//1217
f 4947//4947 2090//2090 3183//3183
f 126//126 128//128 2269//2269
f 706//706 2180//2180 2182//2182
f 2277//2277 1754//1754 1273//1273
f 2349//2349 2348//2348 4237//4237
f 3565//3565 4108//4108 4109//4109
f 3995//3995 2799//2799 4973//4973
f 3009//3009 4504//4504 4505//4505
f 3774//3774 1293//1293 1292//1292
f 2861//2861 4582//4582 4338//4338
f 3387//3387 3386//3386 3164//3164
f 3750//3750 3387//3387 3164//3164
f 1473//1473 758//758 760//760
f 1600//1600 1166//1166 4297//4297
f 846//846 2498//2498 943//943
f 1462//1462 1328//1328 3973//3973
f 1358//1358 4132//4132 2919//2919
f 1975//1975 2914//2914 1976//1976
f 2655//2655 2641//2641 898//898
f 634//634 333//333 332//332
f 396//396 398//398 1707//1707
f 1556//1556 1558//1558 2275//2275
f 4176//4176 2296//2296 4352//4352
f 62//62 64//64 474//474
f 3123//3123 1509//1509 670//670
f 578//578 229//229 1198//1198
f 117//117 116//116 4702//4702
f 4933//4933 2871//2871 2696//2696
f 2317//2317 3542//3542 1144//1144
f 1431//1431 1430//1430 3566//3566
f 2949//2949 3155//3155 3476//3476
f 2949//2949 3476//3476 1816//1816
f 3503//3503 1436//1436 3501//3501
f 4552//4552 4739//4739 905//905
f 2102//2102 4552//4552 905//905
f 2087//2087 4921//4921 1310//1310
f 4147//4147 1259//1259 4914//4914
f 4853//4853 3541//3541 4471//4471
f 3889//3889 1842//1842 1841//1841
f 2237//2237 2018//2018 1667//1667
f 4507//4507 3902//3902 2443//2443
f 719//719 2703//2703 1660//1660
f 3074//3074 1634//1634 2550//2550
f 2692//2692 3932//3932 1730//1730
f 2910//2910 4172//4172 4085//4085
f 1480//1480 520//520 519//519
f 3262//3262 2383//2383 2382//2382
f 714//714 3262//3262 2382//2382
f 614//614 3030//3030 2233//2233
f 615//615 614//614 2233//2233
f 722//722 4093//4093 4935//4935
f 1661//1661 2704//2704 103//103
f 1703//1703 1135//1135 4585//4585
f 4866//4866 4904//4904 4632//4632
f 4075//4075 216//216 2966//2966
f 900//900 901//901 2149//2149
f 4960//4960 3415//3415 3955//3955
f 4165//4165 669//669 2520//2520
f 4408//4408 4165//4165 2520//2520
f 2910//2910 4085//4085 4084//4084
f 2910//2910 4084//4084 4842//4842
f 3972//3972 3379//3379 1747//1747
f 1620//1620 1619//1619 1371//1371
f 2022//2022 1979//1979 3904//3904
f 2442//2442 2024//2024 2023//2023
f 3566//3566 1430//1430 2045//2045
f 4628//4628 4402//4402 4812//4812
f 487//487 2682//2682 488//488
f 4249//4249 4847//4847 3135//3135
f 1991//1991 799//799 4345//4345
f 1201//1201 627//627 626//626
f 3264//3264 2250//2250 2249//2249
f 2566//2566 2565//2565 3451//3451
f 2499//2499 3174//3174 2788//2788
f 2466//2466 4888//4888 665//665
f 4901//4901 4615//4615 3222//3222
f 3999//3999 1458//1458 1457//1457
f 2465//2465 4888//4888 2466//2466
f 3557//3557 1637//1637 4179//4179
f 4184//4184 4331//4331 2693//2693
f 4184//4184 2693//2693 4851//4851
f 4795//4795 4885//4885 592//592
f 1566//1566 3192//3192 4474//4474
f 168//168 2362//2362 169//169
f 2685//2685 1426//1426 2061//2061
f 1763//1763 3149//3149 1767//1767
f 1588//1588 2753//2753 783//783
f 2718//2718 164//164 2719//2719
f 680//680 682//682 4286//4286
f 964//964 4330//4330 2041//2041
f 1599//1599 1076//1076 3017//3017
f 1999//1999 2363//2363 2169//2169
f 895//895 2022//2022 896//896
f 1381//1381 1380//1380 3488//3488
f 235//235 1982//1982 1984//1984
f 4779//4779 3592//3592 3139//3139
f 4796//4796 4124//4124 2442//2442
f 1762//1762 329//329 4931//4931
f 2932//2932 4067//4067 2072//2072
f 305//305 508//508 2967//2967
f 170//170 169//169 2462//2462
f 219//219 2455//2455 2704//2704
f 128//128 3515//3515 2270//2270
f 3827//3827 3826//3826 2357//2357
f 4279//4279 4052//4052 3119//3119
f 1886//1886 3629//3629 2467//2467
f 1011//1011 1886//1886 2467//2467
f 359//359 361//361 4457//4457
f 4830//4830 1841//1841 1843//1843
f 4143//4143 3575//3575 2664//2664
f 3310//3310 3309//3309 4111//4111
f 3868//3868 3867//3867 1567//1567
f 413//413 3099//3099 3098//3098
f 2601//2601 2585//2585 289//289
f 514//514 513//513 1547//1547
f 4672//4672 4671//4671 4365//4365
f 730//730 2793//2793 3267//3267
f 1771//1771 1773//1773 3012//3012
f 2145//2145 4160//4160 3778//3778
f 4034//4034 2145//2145 3778//3778
f 4404//4404 1289//1289 8//8
f 12//12 4404//4404 8//8
f 4448//4448 2659//2659 2661//2661
f 3924//3924 3898//3898 4693//4693
f 3416//3416 4968//4968 4564//4564
f 169//169 1692//1692 3384//3384
f 1548//1548 411//411 1549//1549
f 4824//4824 2877//2877 2880//2880
f 4651//4651 4035//4035 4038//4038
f 4039//4039 3821//3821 238//238
f 3758//3758 3997//3997 4947//4947
f 3105//3105 1027//1027 1159//1159
f 4540//4540 576//576 575//575
f 4008//4008 3528//3528 4251//4251
f 4949//4949 4393//4393 172//172
f 4363//4363 2489//2489 4398//4398
f 2905//2905 2904//2904 4962//4962
f 3363//3363 4260//4260 2752//2752
f 3524//3524 2576//2576 2575//2575
f 3983//3983 3306//3306 693//693
f 4640//4640 4492//4492 3757//3757
f 203//203 4258//4258 979//979
f 3129//3129 4196//4196 4845//4845
f 3291//3291 1700//1700 2359//2359
f 3280//3280 3281//3281 1240//1240
f 868//868 2727//2727 4086//4086
f 3644//3644 3920//3920 4372//4372
f 764//764 3967//3967 765//765
f 2161//2161 600//600 2322//2322
f 1591//1591 4547//4547 1989//1989
f 882//882 884//884 4694//4694
f 2732//2732 2155//2155 883//883
f 381//381 4174//4174 382//382
f 419//419 4378//4378 3788//3788
f 3443//3443 4463//4463 836//836
f 1605//1605 4863//4863 2580//2580
f 1054//1054 2164//2164 3096//3096
f 3787//3787 380//380 3360//3360
f 826//826 4887//4887 2465//2465
f 3046//3046 4708//4708 3792//3792
f 3561//3561 4577//4577 2394//2394
f 1297//1297 3504//3504 2012//2012
f 3800//3800 1317//1317 2522//2522
f 3311//3311 1925//1925 4749//4749
f 4635//4635 3946//3946 4974//4974
f 1210//1210 1209//1209 1902//1902
f 4975//4975 804//804 3470//3470
f 4904//4904 4975//4975 3470//3470
f 3760//3760 2673//2673 2672//2672
f 3652//3652 131//131 4600//4600
f 4006//4006 2907//2907 4203//4203
f 1575//1575 1137//1137 1576//1576
f 2098//2098 2585//2585 1411//1411
f 547//547 4976//4976 1120//1120
f 4642//4642 3914//3914 4873//4873
f 3600//3600 2395//2395 2541//2541
f 216//216 215//215 1770//1770
f 1984//1984 1845//1845 4126//4126
f 3168//3168 3798//3798 2556//2556
f 171//171 159//159 3805//3805
f 2111//2111 3835//3835 4831//4831
f 3178//3178 3255//3255 4264//4264
f 88//88 4330//4330 964//964
f 3452//3452 3613//3613 3612//3612
f 4567//4567 1606//1606 2595//2595
f 2613//2613 1542//1542 2011//2011
f 3114//3114 3657//3657 4407//4407
f 4270//4270 1118//1118 212//212
f 1228//1228 4945//4945 1564//1564
f 2156//2156 2044//2044 1207//1207
f 1604//1604 1002//1002 4863//4863
f 1174//1174 4267//4267 1175//1175
f 1310//1310 4922//4922 4115//4115
f 282//282 3477//3477 1103//1103
f 3698//3698 4710//4710 4757//4757
f 2850//2850 2849//2849 623//623
f 2799//2799 3733//3733 2797//2797
f 4687//4687 17//17 4688//4688
f 1712//1712 1711//1711 3666//3666
f 4427//4427 2654//2654 897//897
f 3798//3798 4942//4942 2557//2557
f 2556//2556 3798//3798 2557//2557
f 1631//1631 302//302 3036//3036
f 1665//1665 71//71 73//73
f 4051//4051 2318//2318 4052//4052
f 4867//4867 3813//3813 2936//2936
f 4668//4668 1349//1349 4400//4400
f 560//560 559//559 4116//4116
f 1049//1049 1295//1295 1050//1050
f 4219//4219 2227//2227 3702//3702
f 1779//1779 4559//4559 4343//4343
f 2999//2999 2685//2685 3695//3695
f 4013//4013 3945//3945 2857//2857
f 298//298 544//544 1621//1621
f 4748//4748 2811//2811 4076//4076
f 3097//3097 1880//1880 1813//1813
f 1812//1812 3097//3097 1813//1813
f 1205//1205 1072//1072 1825//1825
f 617//617 4136//4136 3772//3772
f 4779//4779 564//564 3592//3592
f 386//386 2033//2033 523//523
f 2299//2299 3624//3624 3623//3623
f 178//178 4688//4688 179//179
f 112//112 2742//2742 4499//4499
f 112//112 4499//4499 113//113
f 3134//3134 2292//2292 3044//3044
f 3961//3961 3941//3941 3962//3962
f 2741//2741 2740//2740 4950//4950
f 3653//3653 4275//4275 4977//4977
f 3653//3653 4977//4977 3654//3654
f 2582//2582 1383//1383 1514//1514
f 2582//2582 1514//1514 2335//2335
f 2660//2660 4965//4965 3542//3542
f 559//559 1310//1310 4115//4115
f 2355//2355 2357//2357 4816//4816
f 1463//1463 3816//3816 1464//1464
f 173//173 4394//4394 4672//4672
f 4405//4405 2872//2872 2284//2284
f 2983//2983 3641//3641 3644//3644
f 2983//2983 3644//3644 3062//3062
f 1536//1536 640//640 3460//3460
f 821//821 1407//1407 3985//3985
f 2755//2755 2525//2525 2524//2524
f 4833//4833 1037//1037 1039//1039
f 3144//3144 4295//4295 4727//4727
f 4404//4404 12//12 11//11
f 831//831 1513//1513 3291//3291
f 2725//2725 1132//1132 1131//1131
f 1038//1038 1687//1687 3628//3628
f 3432//3432 3293//3293 3292//3292
f 3541//3541 3212//3212 430//430
f 1182//1182 4500//4500 3717//3717
f 4357//4357 4004//4004 4003//4003
f 3967//3967 4850//4850 765//765
f 709//709 2430//2430 707//707
f 2572//2572 4748//4748 4709//4709
f 2204//2204 2203//2203 1340//1340
f 3567//3567 4276//4276 4508//4508
f 4177//4177 515//515 677//677
f 2741//2741 4759//4759 4670//4670
f 4728//4728 1864//1864 1863//1863
f 2537//2537 3979//3979 2538//2538
f 2002//2002 3036//3036 2003//2003
f 2345//2345 472//472 4232//4232
f 448//448 890//890 449//449
f 4383//4383 3130//3130 3132//3132
f 4414//4414 2477//2477 224//224
f 3230//3230 3231//3231 4423//4423
f 4496//4496 3165//3165 952//952
f 614//614 2058//2058 4438//4438
f 1522//1522 105//105 2088//2088
f 4013//4013 1471//1471 3945//3945
f 3383//3383 3382//3382 3721//3721
f 649//649 909//909 3770//3770
f 4876//4876 585//585 587//587
f 2072//2072 4067//4067 2114//2114
f 3130//3130 236//236 3763//3763
f 3054//3054 4191//4191 4972//4972
f 395//395 2160//2160 719//719
f 1630//1630 2418//2418 4100//4100
f 2037//2037 3404//3404 3068//3068
f 4466//4466 4156//4156 4744//4744
f 4368//4368 53//53 4276//4276
f 1422//1422 4692//4692 1423//1423
f 2841//2841 2979//2979 933//933
f 1850//1850 3092//3092 1851//1851
f 3858//3858 4686//4686 3617//3617
f 4397//4397 997//997 3425//3425
f 3438//3438 470//470 3819//3819
f 3818//3818 3438//3438 3819//3819
f 2774//2774 3030//3030 3031//3031
f 2895//2895 1074//1074 805//805
f 4742//4742 2642//2642 1864//1864
f 1574//1574 161//161 3189//3189
f 2451//2451 3443//3443 3477//3477
f 86//86 85//85 122//122
f 86//86 122//122 2189//2189
f 2551//2551 1393//1393 3825//3825
f 4948//4948 644//644 4206//4206
f 4916//4916 262//262 1438//1438
f 4596//4596 2769//2769 2768//2768
f 4962//4962 4619//4619 4689//4689
f 941//941 439//439 141//141
f 942//942 941//941 141//141
f 2528//2528 2527//2527 3196//3196
f 4837//4837 2752//2752 481//481
f 2257//2257 4837//4837 481//481
f 3158//3158 1998//1998 810//810
f 4451//4451 3802//3802 2975//2975
f 4978//4978 4451//4451 2975//2975
f 612//612 1712//1712 3666//3666
f 967//967 2759//2759 13//13
f 4084//4084 4083//4083 4843//4843
f 1236//1236 4065//4065 4522//4522
f 1330//1330 2549//2549 4858//4858
f 3001//3001 1602//1602 1601//1601
f 482//482 81//81 3881//3881
f 756//756 1641//1641 757//757
f 1347//1347 133//133 1348//1348
f 1160//1160 1159//1159 4676//4676
f 4929//4929 3813//3813 4867//4867
f 4979//4979 3658//3658 3776//3776
f 1137//1137 1136//1136 1107//1107
f 2531//2531 3052//3052 2945//2945
f 2061//2061 2735//2735 3695//3695
f 2041//2041 2150//2150 3712//3712
f 2042//2042 2041//2041 3712//3712
f 3834//3834 3552//3552 3092//3092
f 1850//1850 3834//3834 3092//3092
f 4980//4980 2336//2336 1936//1936
f 43//43 4930//4930 3034//3034
f 1143//1143 4203//4203 1141//1141
f 4408//4408 2980//2980 4409//4409
f 2806//2806 4269//4269 1708//1708
f 1671//1671 3873//3873 4252//4252
f 2653//2653 98//98 97//97
f 4931//4931 1139//1139 4617//4617
f 3786//3786 4192//4192 381//381
f 3208//3208 238//238 237//237
f 4747//4747 4746//4746 3361//3361
f 4747//4747 3361//3361 4905//4905
f 2845//2845 3789//3789 1840//1840
f 2845//2845 1840//1840 554//554
f 2103//2103 860//860 1440//1440
f 2103//2103 1440//1440 3318//3318
f 3503//3503 3502//3502 4164//4164
f 4690//4690 2820//2820 2819//2819
f 4116//4116 4115//4115 2729//2729
f 4793//4793 697//697 1168//1168
f 2660//2660 2659//2659 4965//4965
f 549//549 2777//2777 700//700
f 2456//2456 1783//1783 4511//4511
f 3033//3033 947//947 4829//4829
f 3147//3147 3146//3146 4898//4898
f 2550//2550 2551//2551 3827//3827
f 1040//1040 4673//4673 1041//1041
f 3072//3072 1170//1170 1169//1169
f 1395//1395 4489//4489 755//755
f 4002//4002 1662//1662 3035//3035
f 4002//4002 3035//3035 3299//3299
f 3000//3000 2603//2603 1559//1559
f 621//621 779//779 148//148
f 3514//3514 1089//1089 4736//4736
f 4118//4118 3236//3236 502//502
f 1833//1833 2445//2445 1834//1834
f 1704//1704 1706//1706 20//20
f 2568//2568 3627//3627 1849//1849
f 4075//4075 2966//2966 4373//4373
f 2751//2751 4902//4902 82//82
f 3112//3112 3111//3111 3942//3942
f 3112//3112 3942//3942 3568//3568
f 4897//4897 4579//4579 4763//4763
f 1897//1897 4024//4024 1898//1898
f 4739//4739 2096//2096 4740//4740
f 2314//2314 3246//3246 3198//3198
f 2911//2911 2910//2910 4842//4842
f 2911//2911 4842//4842 3583//3583
f 1675//1675 1551//1551 1550//1550
f 1689//1689 438//438 1690//1690
f 4125//4125 4695//4695 3483//3483
f 4926//4926 2403//2403 1482//1482
f 2750//2750 4253//4253 590//590
f 4025//4025 4649//4649 3764//3764
f 1078//1078 4000//4000 2728//2728
f 408//408 2278//2278 4610//4610
f 472//472 4691//4691 3708//3708
f 3807//3807 1257//1257 4786//4786
f 2723//2723 3807//3807 4786//4786
f 742//742 741//741 1533//1533
f 996//996 3668//3668 997//997
f 72//72 3050//3050 3051//3051
f 2858//2858 3143//3143 3933//3933
f 2267//2267 4465//4465 2268//2268
f 1576//1576 1894//1894 1577//1577
f 481//481 483//483 4622//4622
f 1780//1780 427//427 426//426
f 1056//1056 4049//4049 1057//1057
f 3365//3365 2339//2339 4110//4110
f 2214//2214 2063//2063 4104//4104
f 4738//4738 4404//4404 4597//4597
f 931//931 3171//3171 2490//2490
f 987//987 989//989 2560//2560
f 3380//3380 4431//4431 1761//1761
f 4301//4301 4705//4705 567//567
f 4793//4793 698//698 697//697
f 103//103 102//102 2041//2041
f 4330//4330 103//103 2041//2041
f 4161//4161 483//483 3881//3881
f 4161//4161 3881//3881 1887//1887
f 3667//3667 944//944 852//852
f 3320//3320 2213//2213 3406//3406
f 4355//4355 4801//4801 1827//1827
f 4140//4140 4355//4355 1827//1827
f 701//701 1900//1900 1899//1899
f 1438//1438 1939//1939 2177//2177
f 1438//1438 2177//2177 3722//3722
f 789//789 3173//3173 4429//4429
f 3217//3217 3216//3216 4594//4594
f 1368//1368 1369//1369 2690//2690
f 2613//2613 2614//2614 2338//2338
f 1390//1390 2008//2008 1553//1553
f 3145//3145 3147//3147 4951//4951
f 2235//2235 3320//3320 3319//3319
f 1416//1416 2735//2735 2060//2060
f 976//976 1625//1625 1624//1624
f 1966//1966 2056//2056 2055//2055
f 4606//4606 4288//4288 2163//2163
f 586//586 1639//1639 3781//3781
f 4628//4628 4812//4812 347//347
f 777//777 4478//4478 3538//3538
f 4913//4913 3431//3431 4590//4590
f 1176//1176 1177//1177 3286//3286
f 1019//1019 3668//3668 996//996
f 3916//3916 247//247 4896//4896
f 2554//2554 2922//2922 2921//2921
f 3480//3480 4943//4943 3056//3056
f 4541//4541 3678//3678 678//678
f 3515//3515 3516//3516 3572//3572
f 3617//3617 4686//4686 875//875
f 2555//2555 2554//2554 2921//2921
f 2269//2269 128//128 2270//2270
f 3394//3394 2778//2778 2511//2511
f 4598//4598 4172//4172 2066//2066
f 671//671 2367//2367 3530//3530
f 4954//4954 4966//4966 4250//4250
f 2286//2286 315//315 278//278
f 3084//3084 4648//4648 3975//3975
f 3986//3986 766//766 504//504
f 2163//2163 4680//4680 2161//2161
f 757//757 889//889 3029//3029
f 2804//2804 2684//2684 296//296
f 3709//3709 2803//2803 4318//4318
f 1519//1519 3646//3646 1520//1520
f 1130//1130 1406//1406 1325//1325
f 3516//3516 1506//1506 3093//3093
f 2242//2242 704//704 2819//2819
f 4743//4743 1558//1558 4470//4470
f 4094//4094 2987//2987 2654//2654
f 736//736 4257//4257 734//734
f 1512//1512 2836//2836 1232//1232
f 2974//2974 4978//4978 2975//2975
f 2447//2447 3173//3173 789//789
f 68//68 1015//1015 4128//4128
f 3772//3772 4135//4135 958//958
f 4953//4953 2202//2202 2205//2205
f 4729//4729 3600//3600 1466//1466
f 676//676 3218//3218 949//949
f 4465//4465 2260//2260 4466//4466
f 4956//4956 977//977 4230//4230
f 1219//1219 4897//4897 3184//3184
f 2017//2017 3//3 2018//2018
f 2686//2686 257//257 1427//1427
f 4588//4588 3456//3456 4915//4915
f 2637//2637 2422//2422 2421//2421
f 2685//2685 1427//1427 1426//1426
f 1921//1921 708//708 2962//2962
f 3067//3067 3068//3068 4900//4900
f 4734//4734 2327//2327 2571//2571
f 1226//1226 1228//1228 1281//1281
f 4952//4952 867//867 869//869
f 3231//3231 2843//2843 311//311
f 3068//3068 163//163 4434//4434
f 1029//1029 4742//4742 2218//2218
f 4367//4367 1294//1294 4620//4620
f 4367//4367 4620//4620 4366//4366
f 891//891 893//893 4975//4975
f 2079//2079 2645//2645 2080//2080
f 2486//2486 4521//4521 1062//1062
f 278//278 1348//1348 279//279
f 3391//3391 1296//1296 1295//1295
f 3584//3584 4942//4942 4375//4375
f 965//965 534//534 2598//2598
f 818//818 820//820 4644//4644
f 240//240 4744//4744 241//241
f 4115//4115 4922//4922 4226//4226
f 4115//4115 4226//4226 3495//3495
f 3798//3798 2069//2069 4942//4942
f 2137//2137 2139//2139 3324//3324
f 3241//3241 4702//4702 4701//4701
f 3310//3310 4111//4111 2653//2653
f 2217//2217 2216//2216 361//361
f 3129//3129 1175//1175 4196//4196
f 377//377 1821//1821 1820//1820
f 3271//3271 2989//2989 2991//2991
f 4379//4379 716//716 718//718
f 4616//4616 4379//4379 718//718
f 788//788 2447//2447 789//789
f 3142//3142 3569//3569 3550//3550
f 97//97 3898//3898 3924//3924
f 4455//4455 735//735 4889//4889
f 4706//4706 36//36 4046//4046
f 819//819 1832//1832 2487//2487
f 4915//4915 3456//3456 3455//3455
f 3721//3721 1360//1360 1361//1361
f 2133//2133 1709//1709 2754//2754
f 2133//2133 2754//2754 1587//1587
f 2152//2152 3113//3113 2153//2153
f 1302//1302 283//283 1103//1103
f 2059//2059 4384//4384 2060//2060
f 693//693 2850//2850 623//623
f 1619//1619 1372//1372 1371//1371
f 3392//3392 4834//4834 1296//1296
f 4406//4406 4893//4893 2353//2353
f 4339//4339 4721//4721 4685//4685
f 430//430 433//433 375//375
f 1177//1177 1821//1821 3928//3928
f 4403//4403 1869//1869 266//266
f 848//848 1677//1677 2912//2912
f 357//357 3849//3849 358//358
f 4327//4327 4340//4340 4439//4439
f 3835//3835 3287//3287 167//167
f 4327//4327 3664//3664 4340//4340
f 2092//2092 3793//3793 2093//2093
f 421//421 4292//4292 1013//1013
f 3914//3914 3913//3913 4865//4865
f 3748//3748 3885//3885 4361//4361
f 4428//4428 4328//4328 2942//2942
f 3905//3905 2888//2888 3220//3220
f 3657//3657 3863//3863 4407//4407
f 3585//3585 4561//4561 1893//1893
f 4957//4957 3510//3510 2275//2275
f 3390//3390 514//514 1547//1547
f 3390//3390 1547//1547 538//538
f 975//975 1968//1968 976//976
f 666//666 1501//1501 1180//1180
f 1123//1123 4217//4217 1124//1124
f 3867//3867 2854//2854 1568//1568
f 1278//1278 1626//1626 1279//1279
f 2887//2887 3788//3788 4377//4377
f 4678//4678 4050//4050 4279//4279
f 15//15 4529//4529 3916//3916
f 3233//3233 1738//1738 1295//1295
f 3670//3670 4569//4569 1791//1791
f 1267//1267 4609//4609 2105//2105
f 1881//1881 3827//3827 2356//2356
f 4866//4866 4975//4975 4904//4904
f 58//58 955//955 4213//4213
f 4967//4967 3014//3014 2625//2625
f 129//129 1285//1285 130//130
f 4533//4533 4241//4241 607//607
f 290//290 3200//3200 291//291
f 3539//3539 4896//4896 2471//2471
f 1124//1124 4409//4409 2988//2988
f 4952//4952 869//869 570//570
f 569//569 4952//4952 570//570
f 2569//2569 861//861 863//863
f 2052//2052 4571//4571 915//915
f 4709//4709 4076//4076 613//613
f 253//253 3622//3622 2496//2496
f 2941//2941 2370//2370 4964//4964
f 2941//2941 4964//4964 3892//3892
f 4201//4201 3171//3171 931//931
f 4762//4762 287//287 3926//3926
f 2407//2407 1555//1555 2405//2405
f 4956//4956 4230//4230 3713//3713
f 4152//4152 4956//4956 3713//3713
f 2414//2414 2348//2348 2350//2350
f 3613//3613 2414//2414 2350//2350
f 349//349 348//348 4266//4266
f 4022//4022 3652//3652 3277//3277
f 2951//2951 2944//2944 950//950
f 4515//4515 3011//3011 1004//1004
f 4435//4435 741//741 4726//4726
f 4317//4317 4435//4435 4726//4726
f 323//323 4498//4498 1126//1126
f 1796//1796 2702//2702 2244//2244
f 1796//1796 2244//2244 1797//1797
f 1859//1859 149//149 2845//2845
f 3845//3845 1672//1672 2320//2320
f 1634//1634 3074//3074 3076//3076
f 4197//4197 2263//2263 3725//3725
f 314//314 4197//4197 3725//3725
f 4033//4033 4032//4032 3545//3545
f 3254//3254 655//655 3255//3255
f 1392//1392 1391//1391 1552//1552
f 4712//4712 4538//4538 1394//1394
f 304//304 2785//2785 3767//3767
f 3189//3189 1345//1345 2362//2362
f 3109//3109 3108//3108 3912//3912
f 1870//1870 1152//1152 2742//2742
f 2811//2811 2268//2268 4076//4076
f 1147//1147 4255//4255 1148//1148
f 3205//3205 2812//2812 1726//1726
f 749//749 2067//2067 750//750
f 745//745 744//744 4312//4312
f 105//105 107//107 2089//2089
f 2088//2088 105//105 2089//2089
f 2389//2389 4497//4497 3366//3366
f 3540//3540 3877//3877 58//58
f 1607//1607 294//294 293//293
f 118//118 4382//4382 114//114
f 3434//3434 3436//3436 988//988
f 3356//3356 3648//3648 3428//3428
f 4976//4976 4973//4973 1098//1098
f 4976//4976 1098//1098 1120//1120
f 2782//2782 2156//2156 4283//4283
f 2698//2698 2524//2524 2526//2526
f 4538//4538 1635//1635 3781//3781
f 4581//4581 4836//4836 4925//4925
f 4691//4691 3706//3706 3708//3708
f 3198//3198 3247//3247 572//572
f 1106//1106 1478//1478 4016//4016
f 4802//4802 4762//4762 2097//2097
f 4074//4074 4802//4802 2097//2097
f 2652//2652 3925//3925 1422//1422
f 365//365 4674//4674 350//350
f 4081//4081 3878//3878 4127//4127
f 4955//4955 3013//3013 4226//4226
f 4922//4922 4955//4955 4226//4226
f 3828//3828 4341//4341 4340//4340
f 2527//2527 650//650 3196//3196
f 1442//1442 4981//4981 520//520
f 1442//1442 520//520 1480//1480
f 2035//2035 3071//3071 2765//2765
f 1074//1074 1951//1951 1072//1072
f 1551//1551 1237//1237 1336//1336
f 2123//2123 3001//3001 1601//1601
f 2594//2594 2148//2148 2591//2591
f 4964//4964 4437//4437 4300//4300
f 3697//3697 3698//3698 4757//4757
f 2435//2435 1823//1823 16//16
f 3071//3071 3098//3098 2765//2765
f 612//612 3666//3666 4868//4868
f 4379//4379 4381//4381 1901//1901
f 4738//4738 4597//4597 1194//1194
f 1193//1193 4738//4738 1194//1194
f 3469//3469 803//803 1249//1249
f 1046//1046 4074//4074 1047//1047
f 3882//3882 2896//2896 2898//2898
f 4137//4137 2125//2125 1874//1874
f 3280//3280 1240//1240 3373//3373
f 1852//1852 1801//1801 1800//1800
f 2830//2830 3048//3048 3103//3103
f 4345//4345 1332//1332 1991//1991
f 2199//2199 1299//1299 1298//1298
f 4278//4278 4678//4678 4279//4279
f 2449//2449 2451//2451 4210//4210
f 2750//2750 4077//4077 4253//4253
f 2510//2510 4753//4753 4808//4808
f 708//708 2771//2771 709//709
f 4472//4472 1721//1721 2618//2618
f 4304//4304 3388//3388 1923//1923
f 3558//3558 2343//2343 638//638
f 2588//2588 2589//2589 4234//4234
f 2446//2446 3417//3417 3172//3172
f 1155//1155 902//902 1156//1156
f 1027//1027 3544//3544 1159//1159
f 1877//1877 440//440 439//439
f 941//941 1877//1877 439//439
f 2440//2440 4949//4949 1742//1742
f 4661//4661 4772//4772 4532//4532
f 4445//4445 3210//3210 3732//3732
f 666//666 1180//1180 3989//3989
f 4852//4852 666//666 3989//3989
f 2055//2055 1689//1689 1966//1966
f 4301//4301 567//567 284//284
f 548//548 550//550 3521//3521
f 536//536 535//535 1963//1963
f 2846//2846 2405//2405 4707//4707
f 3725//3725 2265//2265 1347//1347
f 3711//3711 2746//2746 2042//2042
f 1031//1031 4745//4745 3059//3059
f 2042//2042 3712//3712 3711//3711
f 3309//3309 179//179 4688//4688
f 3952//3952 2597//2597 1113//1113
f 14//14 1453//1453 2093//2093
f 3596//3596 4723//4723 1734//1734
f 2333//2333 2416//2416 2678//2678
f 3997//3997 2090//2090 4947//4947
f 814//814 1586//1586 3922//3922
f 1482//1482 689//689 2780//2780
f 2734//2734 4459//4459 812//812
f 1870//1870 2742//2742 112//112
f 2904//2904 4961//4961 4962//4962
f 4845//4845 4196//4196 2006//2006
f 877//877 740//740 2680//2680
f 878//878 877//877 2680//2680
f 3065//3065 3064//3064 1100//1100
f 3065//3065 1100//1100 195//195
f 115//115 4316//4316 116//116
f 1648//1648 1009//1009 4980//4980
f 4275//4275 1648//1648 4980//4980
f 4936//4936 1316//1316 1710//1710
f 3375//3375 3762//3762 747//747
f 4193//4193 2925//2925 374//374
f 506//506 3500//3500 507//507
f 3386//3386 4163//4163 3164//3164
f 2140//2140 3880//3880 552//552
f 65//65 1025//1025 66//66
f 3893//3893 4525//4525 4524//4524
f 3004//3004 3739//3739 4963//4963
f 3377//3377 3004//3004 4963//4963
f 3269//3269 1664//1664 1663//1663
f 3743//3743 3222//3222 920//920
f 1112//1112 3743//3743 920//920
f 914//914 2434//2434 2472//2472
f 914//914 2472//2472 2222//2222
f 4695//4695 2659//2659 4448//4448
f 3483//3483 4695//4695 4448//4448
f 3490//3490 4895//4895 4354//4354
f 2925//2925 2924//2924 3962//3962
f 2445//2445 826//826 2465//2465
f 2305//2305 4883//4883 2306//2306
f 3869//3869 4340//4340 3664//3664
f 1775//1775 4757//4757 613//613
f 1491//1491 2527//2527 1492//1492
f 3982//3982 3984//3984 4982//4982
f 856//856 2397//2397 4785//4785
f 3868//3868 233//233 1592//1592
f 4310//4310 533//533 1971//1971
f 1337//1337 2445//2445 1833//1833
f 3849//3849 4500//4500 1182//1182
f 2878//2878 3486//3486 611//611
f 2878//2878 611//611 4216//4216
f 1731//1731 3585//3585 1732//1732
f 2084//2084 90//90 3452//3452
f 2084//2084 3452//3452 3451//3451
f 4173//4173 1352//1352 383//383
f 712//712 3289//3289 2192//2192
f 2570//2570 4680//4680 4288//4288
f 120//120 1398//1398 3753//3753
f 120//120 3753//3753 880//880
f 2853//2853 193//193 192//192
f 4576//4576 3439//3439 3818//3818
f 4800//4800 3589//3589 3590//3590
f 4391//4391 4641//4641 3316//3316
f 2682//2682 4697//4697 1719//1719
f 2871//2871 2870//2870 4911//4911
f 2252//2252 1858//1858 3024//3024
f 4587//4587 551//551 553//553
f 799//799 4912//4912 713//713
f 695//695 694//694 3225//3225
f 931//931 2491//2491 3148//3148
f 1265//1265 1264//1264 3855//3855
f 2957//2957 3377//3377 4963//4963
f 3544//3544 3759//3759 3710//3710
f 4158//4158 1778//1778 1085//1085
f 4383//4383 3132//3132 1272//1272
f 2836//2836 1512//1512 4814//4814
f 305//305 2968//2968 306//306
f 599//599 174//174 600//600
f 2942//2942 2944//2944 1527//1527
f 4428//4428 2942//2942 1527//1527
f 4302//4302 4537//4537 4303//4303
f 4599//4599 3857//3857 3994//3994
f 4599//4599 3994//3994 4185//4185
f 3530//3530 3297//3297 3352//3352
f 1631//1631 1630//1630 302//302
f 657//657 1152//1152 1151//1151
f 2036//2036 2765//2765 4436//4436
f 4010//4010 4605//4605 2671//2671
f 1751//1751 1164//1164 4469//4469
f 105//105 3749//3749 3748//3748
f 3025//3025 2822//2822 3517//3517
f 2820//2820 1565//1565 2821//2821
f 4240//4240 3637//3637 1779//1779
f 757//757 3029//3029 4167//4167
f 2863//2863 1882//1882 1884//1884
f 4609//4609 646//646 645//645
f 4248//4248 575//575 2288//2288
f 442//442 802//802 443//443
f 762//762 2384//2384 2918//2918
f 4393//4393 4835//4835 4394//4394
f 436//436 2158//2158 1673//1673
f 4595//4595 749//749 751//751
f 4717//4717 4412//4412 4838//4838
f 2790//2790 2789//2789 728//728
f 2822//2822 3518//3518 3517//3517
f 864//864 866//866 3050//3050
f 1471//1471 1473//1473 3945//3945
f 2636//2636 1048//1048 4096//4096
f 659//659 1415//1415 1530//1530
f 3962//3962 3941//3941 4693//4693
f 4878//4878 4545//4545 4544//4544
f 4385//4385 4839//4839 1804//1804
f 4805//4805 4927//4927 4198//4198
f 4969//4969 1593//1593 4163//4163
f 2035//2035 3069//3069 3071//3071
f 2438//2438 4658//4658 2439//2439
f 4864//4864 3970//3970 1980//1980
f 247//247 141//141 143//143
f 3745//3745 4449//4449 2128//2128
f 1707//1707 4457//4457 2772//2772
f 4596//4596 1165//1165 2769//2769
f 3645//3645 413//413 3071//3071
f 3070//3070 3645//3645 3071//3071
f 4387//4387 2185//2185 4388//4388
f 4842//4842 4844//4844 1646//1646
f 3583//3583 4842//4842 1646//1646
f 1561//1561 2563//2563 2440//2440
f 1137//1137 1107//1107 1576//1576
f 854//854 856//856 3902//3902
f 4398//4398 4932//4932 4363//4363
f 2187//2187 4971//4971 2186//2186
f 2761//2761 2048//2048 2900//2900
f 2761//2761 2900//2900 4399//4399
f 4393//4393 1758//1758 4033//4033
f 1542//1542 1297//1297 2011//2011
f 2830//2830 3103//3103 2831//2831
f 4975//4975 3312//3312 804//804
f 229//229 579//579 227//227
f 732//732 1866//1866 733//733
f 108//108 4338//4338 109//109
f 4978//4978 3599//3599 4451//4451
f 4624//4624 2699//2699 4018//4018
f 415//415 370//370 1382//1382
f 3892//3892 4356//4356 2460//2460
f 2844//2844 2513//2513 530//530
f 529//529 2844//2844 530//530
f 3597//3597 3208//3208 3598//3598
f 3029//3029 59//59 2775//2775
f 3392//3392 4271//4271 4834//4834
f 2420//2420 3473//3473 3626//3626
f 3087//3087 4159//4159 4204//4204
f 831//831 1171//1171 4621//4621
f 4073//4073 1052//1052 3023//3023
f 839//839 840//840 4792//4792
f 1901//1901 1902//1902 716//716
f 3174//3174 2411//2411 2413//2413
f 4686//4686 1301//1301 872//872
f 1695//1695 83//83 4562//4562
f 3279//3279 4269//4269 2806//2806
f 4253//4253 100//100 99//99
f 3948//3948 4087//4087 4294//4294
f 4610//4610 3792//3792 4708//4708
f 1088//1088 4299//4299 4736//4736
f 4983//4983 3123//3123 3124//3124
f 4983//4983 3124//3124 4306//4306
f 2261//2261 4465//4465 966//966
f 400//400 1746//1746 1018//1018
f 3952//3952 1113//1113 1115//1115
f 4984//4984 3470//3470 3469//3469
f 3914//3914 4865//4865 4873//4873
f 1602//1602 2597//2597 1603//1603
f 2908//2908 3493//3493 1639//1639
f 876//876 591//591 2599//2599
f 399//399 401//401 1011//1011
f 906//906 187//187 907//907
f 410//410 369//369 4171//4171
f 417//417 419//419 3788//3788
f 3735//3735 4427//4427 633//633
f 2198//2198 4654//4654 2199//2199
f 2306//2306 2428//2428 2771//2771
f 4860//4860 73//73 3660//3660
f 1802//1802 1314//1314 4941//4941
f 4830//4830 1843//1843 3136//3136
f 4121//4121 2416//2416 2333//2333
f 2361//2361 2360//2360 3265//3265
f 2361//2361 3265//3265 3975//3975
f 3181//3181 4984//4984 3469//3469
f 502//502 3236//3236 462//462
f 3876//3876 516//516 4460//4460
f 1226//1226 1432//1432 4543//4543
f 4564//4564 4968//4968 4074//4074
f 4564//4564 4074//4074 1046//1046
f 2190//2190 1373//1373 3744//3744
f 363//363 1128//1128 1324//1324
f 363//363 1324//1324 1656//1656
f 192//192 194//194 4969//4969
f 1847//1847 1376//1376 1632//1632
f 4092//4092 4935//4935 4093//4093
f 4197//4197 314//314 4254//4254
f 3390//3390 2712//2712 3677//3677
f 4487//4487 4966//4966 4954//4954
f 2498//2498 407//407 943//943
f 1224//1224 2457//2457 1225//1225
f 4317//4317 3658//3658 3853//3853
f 4317//4317 3853//3853 4435//4435
f 3264//3264 4200//4200 930//930
f 1397//1397 119//119 121//121
f 671//671 3530//3530 3351//3351
f 2795//2795 2794//2794 4029//4029
f 3623//3623 2796//2796 2902//2902
f 1935//1935 3654//3654 4977//4977
f 1583//1583 1582//1582 2305//2305
f 2452//2452 1583//1583 2305//2305
f 2616//2616 978//978 801//801
f 3018//3018 981//981 984//984
f 1224//1224 2191//2191 1685//1685
f 2145//2145 2667//2667 4159//4159
f 2145//2145 4159//4159 4160//4160
f 4732//4732 1739//1739 4745//4745
f 2190//2190 3744//3744 4923//4923
f 1356//1356 3660//3660 2668//2668
f 4202//4202 1807//1807 1467//1467
f 4879//4879 4623//4623 4162//4162
f 2270//2270 3572//3572 2271//2271
f 4985//4985 4286//4286 2971//2971
f 3057//3057 4941//4941 86//86
f 1547//1547 1549//1549 3070//3070
f 3353//3353 3354//3354 3235//3235
f 3805//3805 159//159 1573//1573
f 2237//2237 1667//1667 2238//2238
f 1931//1931 628//628 1932//1932
f 3170//3170 3832//3832 4302//4302
f 196//196 1102//1102 2337//2337
f 701//701 2533//2533 1900//1900
f 4495//4495 3424//3424 2181//2181
f 3473//3473 1085//1085 1087//1087
f 2886//2886 4171//4171 417//417
f 649//649 1986//1986 650//650
f 710//710 2279//2279 711//711
f 3600//3600 2541//2541 948//948
f 1738//1738 3391//3391 1295//1295
f 3320//3320 3406//3406 3405//3405
f 2014//2014 2700//2700 2701//2701
f 4365//4365 173//173 4672//4672
f 2600//2600 2772//2772 4728//4728
f 4637//4637 4746//4746 3996//3996
f 1017//1017 2385//2385 1910//1910
f 4834//4834 500//500 4869//4869
f 2861//2861 2860//2860 4582//4582
f 4842//4842 4084//4084 4843//4843
f 4797//4797 592//592 3393//3393
f 1934//1934 1506//1506 3516//3516
f 1747//1747 4919//4919 916//916
f 277//277 3414//3414 3896//3896
f 936//936 4963//4963 1138//1138
f 1925//1925 1924//1924 3558//3558
f 1924//1924 1577//1577 2344//2344
f 4756//4756 3691//3691 3633//3633
f 3871//3871 3872//3872 4571//4571
f 2566//2566 3453//3453 4024//4024
f 3768//3768 4745//4745 3936//3936
f 597//597 1474//1474 2883//2883
f 1818//1818 2405//2405 4856//4856
f 4810//4810 2764//2764 3392//3392
f 4312//4312 3663//3663 1257//1257
f 3866//3866 1655//1655 1998//1998
f 3295//3295 1975//1975 80//80
f 734//734 4257//4257 2878//2878
f 3422//3422 475//475 4103//4103
f 4916//4916 1438//1438 1437//1437
f 4639//4639 3559//3559 2134//2134
f 867//867 1366//1366 3368//3368
f 4971//4971 2521//2521 2186//2186
f 1091//1091 1093//1093 2099//2099
f 3946//3946 2722//2722 1519//1519
f 3577//3577 907//907 186//186
f 543//543 4954//4954 544//544
f 3592//3592 564//564 566//566
f 1153//1153 2961//2961 1154//1154
f 787//787 786//786 3864//3864
f 1856//1856 2005//2005 3249//3249
f 1943//1943 1195//1195 1197//1197
f 4052//4052 3120//3120 3119//3119
f 4024//4024 3453//3453 786//786
f 4514//4514 309//309 2737//2737
f 4514//4514 2737//2737 3527//3527
f 991//991 1868//1868 3806//3806
f 2939//2939 2938//2938 982//982
f 3047//3047 4585//4585 3420//3420
f 2876//2876 4503//4503 2671//2671
f 4605//4605 2876//2876 2671//2671
f 4520//4520 620//620 3605//3605
f 4425//4425 4314//4314 4409//4409
f 914//914 2222//2222 4821//4821
f 3099//3099 2800//2800 3100//3100
f 109//109 1941//1941 2252//2252
f 2894//2894 2146//2146 2562//2562
f 4284//4284 4644//4644 4285//4285
f 1509//1509 4983//4983 4626//4626
f 4964//4964 4300//4300 4356//4356
f 2855//2855 2500//2500 2788//2788
f 4891//4891 1435//1435 1043//1043
f 2936//2936 1389//1389 4966//4966
f 1461//1461 2580//2580 1329//1329
f 4318//4318 2803//2803 2805//2805
f 4438//4438 242//242 4413//4413
f 3655//3655 4353//4353 491//491
f 1158//1158 3105//3105 1159//1159
f 396//396 408//408 3518//3518
f 3166//3166 2310//2310 2842//2842
f 22//22 21//21 1696//1696
f 4240//4240 4239//4239 402//402
f 4662//4662 3353//3353 3621//3621
f 4038//4038 2017//2017 2019//2019
f 1101//1101 4570//4570 3458//3458
f 3737//3737 1470//1470 3738//3738
f 3049//3049 4733//4733 631//631
f 3049//3049 631//631 1018//1018
f 2868//2868 4034//4034 3900//3900
f 4933//4933 2529//2529 4699//4699
f 4381//4381 4380//4380 3114//3114
f 4666//4666 3356//3356 3428//3428
f 4982//4982 3984//3984 622//622
f 106//106 4361//4361 4362//4362
f 438//438 46//46 2750//2750
f 4751//4751 1569//1569 4222//4222
f 4751//4751 4222//4222 2699//2699
f 1585//1585 3005//3005 1387//1387
f 306//306 2968//2968 1255//1255
f 1893//1893 1892//1892 3585//3585
f 1815//1815 2947//2947 1816//1816
f 1910//1910 1374//1374 320//320
f 1069//1069 4634//4634 4152//4152
f 1184//1184 461//461 895//895
f 1273//1273 4908//4908 828//828
f 3978//3978 2657//2657 3976//3976
f 1940//1940 619//619 147//147
f 2000//2000 847//847 3667//3667
f 4799//4799 4548//4548 4752//4752
f 47//47 4155//4155 4440//4440
f 161//161 160//160 2432//2432
f 1082//1082 283//283 1302//1302
f 2394//2394 4577//4577 2395//2395
f 4569//4569 367//367 409//409
f 2538//2538 4934//4934 2539//2539
f 3946//3946 1521//1521 4974//4974
f 4626//4626 4983//4983 4306//4306
f 4626//4626 4306//4306 4307//4307
f 4968//4968 3859//3859 4802//4802
f 4968//4968 4802//4802 4074//4074
f 3229//3229 210//210 3982//3982
f 3229//3229 3982//3982 4982//4982
f 1836//1836 1410//1410 4764//4764
f 4970//4970 1148//1148 4256//4256
f 3344//3344 4632//4632 4358//4358
f 4586//4586 3344//3344 4358//4358
f 1003//1003 4515//4515 1004//1004
f 3173//3173 3465//3465 2635//2635
f 2539//2539 1399//1399 2231//2231
f 1634//1634 587//587 1635//1635
f 2818//2818 4826//4826 4554//4554
f 656//656 4473//4473 332//332
f 4489//4489 756//756 755//755
f 3848//3848 3009//3009 2763//2763
f 2108//2108 4480//4480 26//26
f 1103//1103 4936//4936 3581//3581
f 339//339 1762//1762 340//340
f 4305//4305 4207//4207 4428//4428
f 3316//3316 4641//4641 4938//4938
f 4857//4857 3957//3957 2379//2379
f 213//213 4363//4363 3790//3790
f 4261//4261 213//213 3790//3790
f 2325//2325 3974//3974 4332//4332
f 2325//2325 4332//4332 2326//2326
f 2253//2253 4551//4551 2254//2254
f 802//802 801//801 980//980
f 443//443 802//802 980//980
f 1928//1928 1190//1190 1189//1189
f 1204//1204 1203//1203 2994//2994
f 1204//1204 2994//2994 200//200
f 2427//2427 1800//1800 4596//4596
f 3716//3716 2806//2806 1748//1748
f 1874//1874 2127//2127 1875//1875
f 4345//4345 799//799 4346//4346
f 3887//3887 4769//4769 4291//4291
f 1836//1836 1835//1835 3661//3661
f 3293//3293 1359//1359 2906//2906
f 3596//3596 3201//3201 2934//2934
f 2525//2525 2755//2755 3659//3659
f 1388//1388 3006//3006 3871//3871
f 4232//4232 4233//4233 2747//2747
f 4232//4232 2747//2747 4243//4243
f 4387//4387 723//723 4935//4935
f 989//989 2308//2308 4798//4798
f 4916//4916 1437//1437 1718//1718
f 4198//4198 4806//4806 4805//4805
f 1730//1730 1732//1732 1626//1626
f 3907//3907 579//579 578//578
f 1884//1884 1883//1883 3842//3842
f 1884//1884 3842//3842 3841//3841
f 1064//1064 4592//4592 62//62
f 1065//1065 1064//1064 62//62
f 4663//4663 3294//3294 4876//4876
f 1721//1721 4760//4760 3229//3229
f 4379//4379 4616//4616 4380//4380
f 4314//4314 4313//4313 4409//4409
f 1256//1256 2866//2866 306//306
f 1150//1150 2171//2171 2173//2173
f 982//982 3773//3773 983//983
f 3252//3252 3253//3253 4069//4069
f 1791//1791 2996//2996 2995//2995
f 3807//3807 745//745 4312//4312
f 3807//3807 4312//4312 1257//1257
f 4549//4549 3461//3461 4506//4506
f 1853//1853 1867//1867 990//990
f 3659//3659 3278//3278 4575//4575
f 82//82 4562//4562 83//83
f 1965//1965 2329//2329 3283//3283
f 1965//1965 3283//3283 3402//3402
f 2317//2317 1144//1144 3745//3745
f 4303//4303 4537//4537 4536//4536
f 790//790 3372//3372 441//441
f 3180//3180 3561//3561 2394//2394
f 2997//2997 2885//2885 4047//4047
f 3019//3019 3018//3018 2165//2165
f 1931//1931 1930//1930 4481//4481
f 717//717 2021//2021 2020//2020
f 2074//2074 2073//2073 4099//4099
f 2335//2335 1514//1514 830//830
f 1057//1057 442//442 3346//3346
f 2144//2144 1847//1847 1632//1632
f 3593//3593 3755//3755 3951//3951
f 1623//1623 1622//1622 1967//1967
f 3051//3051 3520//3520 3354//3354
f 2129//2129 4449//4449 3209//3209
f 2917//2917 2084//2084 3451//3451
f 4986//4986 2647//2647 4154//4154
f 4754//4754 1080//1080 2816//2816
f 4764//4764 3961//3961 2926//2926
f 1867//1867 774//774 4758//4758
f 4875//4875 1424//1424 1423//1423
f 4677//4677 2209//2209 2818//2818
f 4515//4515 3012//3012 3011//3011
f 2940//2940 3023//3023 1402//1402
f 1242//1242 1969//1969 649//649
f 2614//2614 3258//3258 4859//4859
f 1397//1397 121//121 4441//4441
f 4765//4765 3585//3585 1731//1731
f 25//25 4765//4765 1731//1731
f 3822//3822 4169//4169 4784//4784
f 333//333 1784//1784 334//334
f 1144//1144 3542//3542 4181//4181
f 1144//1144 4181//4181 1145//1145
f 3953//3953 4293//4293 3954//3954
f 2635//2635 3705//3705 4430//4430
f 1093//1093 4885//4885 4795//4795
f 78//78 3681//3681 79//79
f 2958//2958 2535//2535 681//681
f 4067//4067 2439//2439 3007//3007
f 2169//2169 847//847 2000//2000
f 1827//1827 4801//4801 2026//2026
f 4044//4044 1497//1497 4045//4045
f 2584//2584 2583//2583 4651//4651
f 3617//3617 3618//3618 4467//4467
f 4688//4688 4112//4112 4111//4111
f 4376//4376 3956//3956 2946//2946
f 2378//2378 3411//3411 4207//4207
f 3002//3002 2596//2596 1602//1602
f 3704//3704 749//749 4595//4595
f 4593//4593 2546//2546 3886//3886
f 3753//3753 3755//3755 4416//4416
f 880//880 3753//3753 4416//4416
f 3702//3702 3849//3849 357//357
f 2006//2006 2731//2731 882//882
f 4425//4425 2980//2980 929//929
f 454//454 4425//4425 929//929
f 3755//3755 3754//3754 3951//3951
f 4815//4815 1060//1060 1487//1487
f 1864//1864 2216//2216 2218//2218
f 1145//1145 4499//4499 4848//4848
f 1707//1707 145//145 396//396
f 2430//2430 2429//2429 4527//4527
f 2537//2537 2827//2827 4572//4572
f 3548//3548 453//453 455//455
f 4341//4341 3828//3828 3145//3145
f 3727//3727 3094//3094 3633//3633
f 3984//3984 3983//3983 693//693
f 220//220 879//879 3156//3156
f 2874//2874 4626//4626 3700//3700
f 54//54 2874//2874 3700//3700
f 3611//3611 1695//1695 4563//4563
f 2425//2425 3371//3371 3370//3370
f 2954//2954 1887//1887 1888//1888
f 751//751 4274//4274 4602//4602
f 4601//4601 751//751 4602//4602
f 243//243 1223//1223 244//244
f 2482//2482 1515//1515 2508//2508
f 1378//1378 3010//3010 3848//3848
f 4766//4766 3724//3724 188//188
f 2934//2934 290//290 4907//4907
f 2819//2819 4217//4217 1123//1123
f 300//300 4795//4795 4797//4797
f 4365//4365 4671//4671 4717//4717
f 565//565 2062//2062 888//888
f 739//739 2620//2620 2379//2379
f 4589//4589 2713//2713 1712//1712
f 4450//4450 1862//1862 2965//2965
f 3389//3389 3471//3471 2744//2744
f 3789//3789 4385//4385 1804//1804
f 4843//4843 4083//4083 2080//2080
f 3606//3606 1669//1669 4900//4900
f 2558//2558 2559//2559 3109//3109
f 1259//1259 1258//1258 4914//4914
f 3308//3308 3307//3307 4828//4828
f 3308//3308 4828//4828 2697//2697
f 4480//4480 27//27 3730//3730
f 4442//4442 1907//1907 1909//1909
f 1991//1991 1993//1993 4912//4912
f 2213//2213 2215//2215 3406//3406
f 1515//1515 39//39 2508//2508
f 4378//4378 1526//1526 1528//1528
f 2327//2327 3619//3619 4813//4813
f 1274//1274 4383//4383 1272//1272
f 4053//4053 4780//4780 3533//3533
f 1187//1187 1188//1188 84//84
f 4776//4776 2905//2905 1983//1983
f 4961//4961 4060//4060 4619//4619
f 4893//4893 4589//4589 4944//4944
f 4893//4893 4944//4944 2354//2354
f 2507//2507 3019//3019 1053//1053
f 2913//2913 3295//3295 4653//4653
f 1439//1439 3722//3722 488//488
f 956//956 3799//3799 3301//3301
f 2098//2098 3926//3926 2585//2585
f 1168//1168 697//697 699//699
f 3147//3147 4898//4898 1033//1033
f 3472//3472 4560//4560 3615//3615
f 3472//3472 3615//3615 1929//1929
f 1354//1354 1356//1356 4350//4350
f 201//201 3466//3466 202//202
f 4733//4733 3049//3049 2832//2832
f 932//932 222//222 930//930
f 527//527 4442//4442 1909//1909
f 4586//4586 4358//4358 4359//4359
f 1930//1930 1932//1932 275//275
f 4000//4000 3981//3981 2616//2616
f 3605//3605 620//620 2787//2787
f 1254//1254 4122//4122 4124//4124
f 88//88 1661//1661 4330//4330
f 2667//2667 1632//1632 3847//3847
f 4817//4817 1764//1764 1766//1766
f 4266//4266 2892//2892 4282//4282
f 4889//4889 3038//3038 3040//3040
f 4962//4962 2285//2285 1983//1983
f 2905//2905 4962//4962 1983//1983
f 260//260 262//262 4916//4916
f 3896//3896 3414//3414 3897//3897
f 2387//2387 1591//1591 3731//3731
f 1741//1741 1285//1285 129//129
f 1142//1142 4119//4119 2195//2195
f 1230//1230 963//963 2171//2171
f 4897//4897 4763//4763 1570//1570
f 695//695 3846//3846 3102//3102
f 2558//2558 2148//2148 1882//1882
f 3786//3786 4102//4102 4192//4192
f 2586//2586 1657//1657 4791//4791
f 2586//2586 4791//4791 3851//3851
f 1334//1334 2509//2509 1992//1992
f 4692//4692 1422//1422 3925//3925
f 3018//3018 618//618 2165//2165
f 372//372 781//781 1700//1700
f 1666//1666 3814//3814 1667//1667
f 3272//3272 3271//3271 4777//4777
f 1769//1769 4462//4462 4068//4068
f 4552//4552 4016//4016 4015//4015
f 4603//4603 3449//3449 3986//3986
f 3412//3412 3580//3580 3582//3582
f 665//665 706//706 1501//1501
f 501//501 4118//4118 502//502
f 1859//1859 2845//2845 1860//1860
f 4875//4875 3635//3635 4703//4703
f 3940//3940 4704//4704 4117//4117
f 3891//3891 3890//3890 2883//2883
f 4401//4401 2188//2188 4841//4841
f 4977//4977 4980//4980 1936//1936
f 1935//1935 4977//4977 1936//1936
f 792//792 791//791 4971//4971
f 4110//4110 4182//4182 4259//4259
f 4229//4229 4978//4978 2974//2974
f 4673//4673 2658//2658 1041//1041
f 3803//3803 4974//4974 4894//4894
f 3468//3468 3358//3358 727//727
f 4107//4107 2502//2502 4512//4512
f 3856//3856 1271//1271 4212//4212
f 1539//1539 4713//4713 2892//2892
f 1553//1553 4150//4150 1554//1554
f 676//676 949//949 948//948
f 1948//1948 3105//3105 1949//1949
f 1366//1366 867//867 3395//3395
f 3634//3634 4060//4060 4961//4961
f 546//546 1233//1233 4973//4973
f 546//546 4973//4973 4976//4976
f 2675//2675 4829//4829 4484//4484
f 861//861 2199//2199 1298//1298
f 1988//1988 531//531 533//533
f 4350//4350 1356//1356 4920//4920
f 3086//3086 4159//4159 3087//3087
f 1512//1512 1511//1511 2209//2209
f 1923//1923 1577//1577 1924//1924
f 4279//4279 3119//3119 2648//2648
f 1059//1059 2643//2643 2197//2197
f 218//218 1781//1781 219//219
f 3714//3714 1995//1995 1997//1997
f 4925//4925 1084//1084 1083//1083
f 205//205 3782//3782 206//206
f 4046//4046 4928//4928 568//568
f 2709//2709 2937//2937 543//543
f 1832//1832 3890//3890 3889//3889
f 3791//3791 1871//1871 2516//2516
f 3419//3419 3421//3421 1575//1575
f 4617//4617 2377//2377 3829//3829
f 2964//2964 4418//4418 2965//2965
f 791//791 265//265 2521//2521
f 791//791 2521//2521 4971//4971
f 1695//1695 1096//1096 83//83
f 2174//2174 626//626 1931//1931
f 937//937 806//806 752//752
f 2931//2931 2437//2437 2439//2439
f 3368//3368 3616//3616 4768//4768
f 3806//3806 4736//4736 4299//4299
f 1227//1227 3498//3498 667//667
f 2868//2868 3900//3900 2869//2869
f 4096//4096 1412//1412 2422//2422
f 1452//1452 2552//2552 1453//1453
f 2462//2462 169//169 2463//2463
f 2068//2068 3771//3771 4375//4375
f 1558//1558 1557//1557 4668//4668
f 1558//1558 4668//4668 4470//4470
f 3554//3554 3620//3620 2617//2617
f 4742//4742 1029//1029 2970//2970
f 2491//2491 407//407 3245//3245
f 2580//2580 4863//4863 2791//2791
f 4837//4837 3363//3363 2752//2752
f 2639//2639 2993//2993 3557//3557
f 2639//2639 3557//3557 2640//2640
f 336//336 3777//3777 4588//4588
f 2027//2027 2026//2026 473//473
f 2585//2585 4930//4930 43//43
f 4170//4170 4775//4775 4879//4879
f 738//738 3242//3242 2620//2620
f 2593//2593 986//986 3302//3302
f 1125//1125 1127//1127 2372//2372
f 4256//4256 2462//2462 4970//4970
f 3351//3351 3530//3530 3352//3352
f 2654//2654 2987//2987 2655//2655
f 2947//2947 1966//1966 2948//2948
f 3360//3360 4958//4958 1308//1308
f 3360//3360 1308//1308 559//559
f 3581//3581 1710//1710 2713//2713
f 586//586 4882//4882 2908//2908
f 1690//1690 2750//2750 589//589
f 2452//2452 2305//2305 2453//2453
f 1497//1497 4044//4044 1498//1498
f 524//524 357//357 1261//1261
f 4674//4674 2963//2963 350//350
f 3287//3287 165//165 167//167
f 313//313 312//312 2397//2397
f 4600//4600 131//131 471//471
f 3772//3772 4136//4136 4135//4135
f 280//280 279//279 3658//3658
f 2065//2065 2683//2683 4598//4598
f 2065//2065 4598//4598 2066//2066
f 2062//2062 1683//1683 2063//2063
f 1944//1944 674//674 4577//4577
f 3405//3405 3774//3774 1292//1292
f 2409//2409 2408//2408 4066//4066
f 4571//4571 913//913 915//915
f 3815//3815 1067//1067 3328//3328
f 4694//4694 4125//4125 2007//2007
f 740//740 2034//2034 4718//4718
f 1381//1381 3488//3488 3491//3491
f 4233//4233 4153//4153 2747//2747
f 4599//4599 2559//2559 2862//2862
f 1409//1409 3635//3635 3961//3961
f 4741//4741 4670//4670 3055//3055
f 2666//2666 3001//3001 2123//2123
f 3341//3341 3340//3340 1904//1904
f 3903//3903 4402//4402 3902//3902
f 2050//2050 503//503 505//505
f 1407//1407 3112//3112 3985//3985
f 4975//4975 893//893 3312//3312
f 3417//3417 3416//3416 4564//4564
f 2610//2610 429//429 2896//2896
f 772//772 3288//3288 2889//2889
f 2013//2013 2012//2012 962//962
f 101//101 100//100 4539//4539
f 1666//1666 1321//1321 3899//3899
f 3510//3510 3969//3969 2275//2275
f 957//957 956//956 3301//3301
f 3855//3855 1269//1269 1271//1271
f 1834//1834 2466//2466 4715//4715
f 4465//4465 2267//2267 966//966
f 4540//4540 4403//4403 266//266
f 90//90 2083//2083 91//91
f 4889//4889 735//735 4824//4824
f 4565//4565 3840//3840 3809//3809
f 3900//3900 3780//3780 3901//3901
f 1587//1587 2754//2754 1588//1588
f 3564//3564 4584//4584 4108//4108
f 3659//3659 4476//4476 993//993
f 2953//2953 4371//4371 3699//3699
f 3894//3894 2663//2663 3246//3246
f 2267//2267 2266//2266 4459//4459
f 3418//3418 2131//2131 3342//3342
f 3722//3722 3824//3824 3723//3723
f 3104//3104 3158//3158 3105//3105
f 4173//4173 382//382 4174//4174
f 3212//3212 431//431 430//430
f 3259//3259 2859//2859 3846//3846
f 4787//4787 1259//1259 4147//4147
f 4340//4340 4342//4342 4439//4439
f 1237//1237 1236//1236 824//824
f 4656//4656 782//782 784//784
f 1866//1866 1776//1776 1418//1418
f 1654//1654 4907//4907 809//809
f 4656//4656 784//784 4847//4847
f 3340//3340 1253//1253 1904//1904
f 2770//2770 2769//2769 4013//4013
f 1419//1419 2717//2717 4323//4323
f 3025//3025 3517//3517 4724//4724
f 4344//4344 2745//2745 445//445
f 2623//2623 3141//3141 995//995
f 1074//1074 1073//1073 805//805
f 1261//1261 357//357 356//356
f 3609//3609 2479//2479 651//651
f 224//224 1795//1795 225//225
f 128//128 373//373 3515//3515
f 1547//1547 1829//1829 538//538
f 1567//1567 3867//3867 1568//1568
f 2689//2689 1189//1189 239//239
f 986//986 985//985 3921//3921
f 4506//4506 3461//3461 854//854
f 722//722 3690//3690 4605//4605
f 3719//3719 4325//4325 3720//3720
f 4040//4040 1146//1146 4848//4848
f 4040//4040 4848//4848 4684//4684
f 4047//4047 2885//2885 2887//2887
f 1296//1296 4869//4869 1297//1297
f 2735//2735 1416//1416 1415//1415
f 1432//1432 1434//1434 4542//4542
f 1307//1307 4852//4852 3988//3988
f 1886//1886 1039//1039 3628//3628
f 1093//1093 1092//1092 4885//4885
f 3156//3156 3523//3523 1062//1062
f 2406//2406 3096//3096 1392//1392
f 4346//4346 4618//4618 4344//4344
f 4665//4665 3315//3315 3317//3317
f 4032//4032 2131//2131 2130//2130
f 1664//1664 317//317 316//316
f 3974//3974 4565//4565 4332//4332
f 3892//3892 4964//4964 4356//4356
f 3926//3926 287//287 2585//2585
f 4877//4877 3349//3349 3348//3348
f 1152//1152 3694//3694 2743//2743
f 4662//4662 3621//3621 2669//2669
f 2235//2235 888//888 2214//2214
f 2739//2739 4005//4005 2740//2740
f 556//556 2381//2381 3808//3808
f 3957//3957 739//739 2379//2379
f 4641//4641 4749//4749 1536//1536
f 4307//4307 768//768 767//767
f 4372//4372 2928//2928 2038//2038
f 4180//4180 213//213 4261//4261
f 4354//4354 1292//1292 1294//1294
f 2007//2007 882//882 4694//4694
f 3473//3473 3474//3474 3043//3043
f 4726//4726 741//741 4718//4718
f 170//170 4255//4255 4840//4840
f 1537//1537 1539//1539 348//348
f 1055//1055 4068//4068 1056//1056
f 1001//1001 1908//1908 945//945
f 2094//2094 2271//2271 2095//2095
f 2834//2834 2652//2652 2049//2049
f 2588//2588 4234//4234 1364//1364
f 883//883 2155//2155 3251//3251
f 1174//1174 486//486 4720//4720
f 715//715 3128//3128 1596//1596
f 1726//1726 2812//2812 1727//1727
f 4104//4104 3769//3769 180//180
f 4104//4104 180//180 2215//2215
f 4585//4585 1135//1135 3421//3421
f 4890//4890 2674//2674 2676//2676
f 4890//4890 2676//2676 4884//4884
f 1456//1456 1247//1247 4780//4780
f 1621//1621 2321//2321 4633//4633
f 3288//3288 3764//3764 2707//2707
f 488//488 4636//4636 489//489
f 2776//2776 61//61 700//700
f 1488//1488 2199//2199 861//861
f 869//869 2842//2842 570//570
f 3588//3588 2898//2898 1535//1535
f 4905//4905 4904//4904 4747//4747
f 3651//3651 2963//2963 4674//4674
f 4120//4120 4105//4105 2219//2219
f 1990//1990 4570//4570 1101//1101
f 4198//4198 4927//4927 2264//2264
f 472//472 3708//3708 4232//4232
f 1843//1843 1842//1842 2478//2478
f 1843//1843 2478//2478 4414//4414
f 719//719 219//219 2703//2703
f 3760//3760 2672//2672 4486//4486
f 1222//1222 3744//3744 1223//1223
f 1818//1818 4856//4856 1819//1819
f 2446//2446 3172//3172 2447//2447
f 4408//4408 2520//2520 2980//2980
f 2283//2283 4987//4987 7//7
f 1289//1289 2283//2283 7//7
f 2604//2604 1209//1209 1212//1212
f 3843//3843 2481//2481 3691//3691
f 2512//2512 3448//3448 1268//1268
f 3729//3729 43//43 42//42
f 571//571 2842//2842 2310//2310
f 4362//4362 4369//4369 3630//3630
f 4132//4132 4071//4071 4070//4070
f 3271//3271 2991//2991 3253//3253
f 4229//4229 3597//3597 4978//4978
f 3720//3720 4325//4325 3011//3011
f 4858//4858 4890//4890 3974//3974
f 1978//1978 4264//4264 3248//3248
f 4972//4972 4191//4191 4101//4101
f 4285//4285 4830//4830 3138//3138
f 4770//4770 211//211 4180//4180
f 4676//4676 4417//4417 1218//1218
f 686//686 502//502 462//462
f 2399//2399 4788//4788 2400//2400
f 3838//3838 1959//1959 1961//1961
f 2617//2617 1720//1720 1510//1510
f 460//460 2340//2340 2387//2387
f 4042//4042 24//24 2410//2410
f 1460//1460 3738//3738 1461//1461
f 2394//2394 2393//2393 4443//4443
f 3218//3218 4047//4047 2950//2950
f 1112//1112 1396//1396 3743//3743
f 2482//2482 2508//2508 3728//3728
f 2164//2164 1392//1392 3096//3096
f 3714//3714 1997//1997 4395//4395
f 3897//3897 3414//3414 4257//4257
f 3897//3897 4257//4257 2679//2679
f 4711//4711 195//195 197//197
f 1273//1273 1754//1754 1274//1274
f 4030//4030 2106//2106 4822//4822
f 4456//4456 4030//4030 4822//4822
f 2110//2110 2109//2109 3401//3401
f 1974//1974 183//183 1794//1794
f 1885//1885 1011//1011 401//401
f 2421//2421 2423//2423 4574//4574
f 1409//1409 2795//2795 4703//4703
f 4402//4402 3270//3270 4812//4812
f 450//450 4849//4849 451//451
f 1687//1687 3339//3339 3628//3628
f 3038//3038 4889//4889 3336//3336
f 4887//4887 4247//4247 4248//4248
f 4887//4887 4248//4248 705//705
f 3832//3832 4708//4708 3046//3046
f 3832//3832 3046//3046 4302//4302
f 3959//3959 4814//4814 4677//4677
f 2028//2028 2920//2920 3127//3127
f 4466//4466 2260//2260 4199//4199
f 4449//4449 3746//3746 4039//4039
f 285//285 568//568 2801//2801
f 2100//2100 2977//2977 2099//2099
f 1363//1363 2224//2224 3523//3523
f 3555//3555 2278//2278 408//408
f 3006//3006 3005//3005 4453//4453
f 2475//2475 3701//3701 23//23
f 4653//4653 1615//1615 1729//1729
f 242//242 241//241 1996//1996
f 840//840 327//327 3511//3511
f 1606//1606 840//840 3511//3511
f 443//443 724//724 444//444
f 1964//1964 62//62 4592//4592
f 1964//1964 4592//4592 4738//4738
f 1227//1227 667//667 1228//1228
f 4861//4861 1578//1578 1765//1765
f 4861//4861 1765//1765 4809//4809
f 2408//2408 4262//4262 4458//4458
f 4322//4322 4737//4737 4051//4051
f 2397//2397 2398//2398 4785//4785
f 3062//3062 3644//3644 4372//4372
f 1346//1346 4772//4772 1692//1692
f 1319//1319 1320//1320 3397//3397
f 3414//3414 4488//4488 3486//3486
f 1589//1589 3844//3844 1590//1590
f 3018//3018 984//984 616//616
f 4411//4411 3224//3224 4410//4410
f 4825//4825 4765//4765 27//27
f 1545//1545 1105//1105 1136//1136
f 4251//4251 4284//4284 3077//3077
f 202//202 679//679 4258//4258
f 1543//1543 3234//3234 1544//1544
f 4401//4401 3118//3118 3154//3154
f 2742//2742 2744//2744 4499//4499
f 3787//3787 381//381 380//380
f 4609//4609 4608//4608 646//646
f 1282//1282 2687//2687 4171//4171
f 909//909 649//649 910//910
f 4980//4980 1009//1009 2336//2336
f 1314//1314 84//84 4941//4941
f 2063//2063 2595//2595 3769//3769
f 672//672 3351//3351 1658//1658
f 4934//4934 3895//3895 2539//2539
f 4238//4238 4535//4535 4410//4410
f 3545//3545 4032//4032 2130//2130
f 3924//3924 2652//2652 97//97
f 1744//1744 1254//1254 4124//4124
f 852//852 944//944 1024//1024
f 852//852 1024//1024 4700//4700
f 4194//4194 3901//3901 3797//3797
f 3911//3911 2094//2094 4016//4016
f 337//337 4588//4588 4915//4915
f 2077//2077 4389//4389 2078//2078
f 113//113 4181//4181 111//111
f 2231//2231 2812//2812 4019//4019
f 2330//2330 4485//4485 2331//2331
f 2322//2322 600//600 174//174
f 2884//2884 1540//1540 4906//4906
f 4625//4625 2884//2884 4906//4906
f 4364//4364 3065//3065 4818//4818
f 1200//1200 1199//1199 4174//4174
f 1200//1200 4174//4174 4265//4265
f 3407//3407 1974//1974 3774//3774
f 4266//4266 4282//4282 4195//4195
f 960//960 1952//1952 3432//3432
f 3431//3431 960//960 3432//3432
f 101//101 4937//4937 308//308
f 2282//2282 2284//2284 2874//2874
f 63//63 3403//3403 4987//4987
f 2283//2283 63//63 4987//4987
f 1801//1801 4297//4297 1166//1166
f 2057//2057 4899//4899 2848//2848
f 426//426 428//428 3315//3315
f 4775//4775 4623//4623 4879//4879
f 3009//3009 1828//1828 4504//4504
f 3937//3937 4109//4109 1869//1869
f 3895//3895 2749//2749 1400//1400
f 1066//1066 2730//2730 3584//3584
f 1699//1699 191//191 3266//3266
f 4610//4610 2277//2277 827//827
f 2951//2951 1527//1527 2944//2944
f 546//546 4976//4976 547//547
f 3699//3699 4371//4371 1651//1651
f 2614//2614 2011//2011 2013//2013
f 2564//2564 3222//3222 2565//2565
f 1599//1599 4131//4131 1600//1600
f 3426//3426 3703//3703 3383//3383
f 121//121 220//220 4521//4521
f 3793//3793 3915//3915 4529//4529
f 2529//2529 4933//4933 3646//3646
f 4879//4879 4162//4162 2954//2954
f 1725//1725 2854//2854 3867//3867
f 1181//1181 4657//4657 1584//1584
f 4865//4865 1550//1550 4881//4881
f 1209//1209 2604//2604 4419//4419
f 2146//2146 1906//1906 1759//1759
f 4259//4259 184//184 836//836
f 4282//4282 2892//2892 2782//2782
f 4650//4650 2019//2019 4716//4716
f 1181//1181 2864//2864 4657//4657
f 3919//3919 111//111 3543//3543
f 3947//3947 1644//1644 2940//2940
f 3930//3930 2332//2332 4726//4726
f 4822//4822 3930//3930 4726//4726
f 2476//2476 2478//2478 3891//3891
f 601//601 603//603 4758//4758
f 601//601 4758//4758 774//774
f 656//656 3254//3254 4473//4473
f 4508//4508 2474//2474 2207//2207
f 2206//2206 4508//4508 2207//2207
f 2170//2170 2169//2169 2000//2000
f 4515//4515 1003//1003 1716//1716
f 1422//1422 4209//4209 2049//2049
f 776//776 2427//2427 2768//2768
f 4873//4873 4886//4886 4854//4854
f 4480//4480 4851//4851 2693//2693
f 26//26 4480//4480 2693//2693
f 4122//4122 4506//4506 4507//4507
f 4880//4880 3742//3742 3741//3741
f 1646//1646 4844//4844 2645//2645
f 3907//3907 578//578 3054//3054
f 3751//3751 4911//4911 1342//1342
f 3703//3703 3808//3808 2380//2380
f 3602//3602 3285//3285 3284//3284
f 1770//1770 1769//1769 2183//2183
f 4082//4082 2724//2724 3003//3003
f 3500//3500 3546//3546 507//507
f 3117//3117 2210//2210 3154//3154
f 3649//3649 298//298 4633//4633
f 2257//2257 481//481 4622//4622
f 2258//2258 2257//2257 4622//4622
f 1730//1730 1306//1306 2410//2410
f 2692//2692 1730//1730 2410//2410
f 3408//3408 4231//4231 2077//2077
f 1020//1020 1022//1022 199//199
f 1020//1020 199//199 4892//4892
f 2174//2174 1201//1201 626//626
f 3462//3462 313//313 855//855
f 3030//3030 2839//2839 2838//2838
f 52//52 4583//4583 3564//3564
f 1682//1682 4550//4550 4530//4530
f 2799//2799 2798//2798 1098//1098
f 4973//4973 2799//2799 1098//1098
f 3491//3491 3488//3488 1148//1148
f 1398//1398 3754//3754 3753//3753
f 4411//4411 3756//3756 3333//3333
f 468//468 2764//2764 4810//4810
f 2//2 574//574 31//31
f 2//2 31//31 4//4
f 3226//3226 3225//3225 694//694
f 134//134 704//704 2241//2241
f 1795//1795 2715//2715 1793//1793
f 516//516 4606//4606 517//517
f 2939//2939 3947//3947 2940//2940
f 1270//1270 3741//3741 1271//1271
f 3370//3370 1916//1916 1429//1429
f 3696//3696 1918//1918 1753//1753
f 1995//1995 2840//2840 1996//1996
f 2903//2903 3640//3640 3444//3444
f 3002//3002 4396//4396 2596//2596
f 3224//3224 4411//4411 3260//3260
f 4477//4477 4476//4476 3963//3963
f 4549//4549 3804//3804 3461//3461
f 4306//4306 3124//3124 768//768
f 4781//4781 3660//3660 1356//1356
f 3385//3385 4403//4403 4540//4540
f 3526//3526 253//253 845//845
f 60//60 1566//1566 4474//4474
f 4895//4895 3321//3321 3405//3405
f 3917//3917 4702//4702 3241//3241
f 402//402 404//404 4022//4022
f 2384//2384 805//805 1073//1073
f 250//250 857//857 859//859
f 389//389 1475//1475 3364//3364
f 1449//1449 1448//1448 267//267
f 1000//1000 1908//1908 1001//1001
f 902//902 3085//3085 903//903
f 4617//4617 1139//1139 1140//1140
f 4142//4142 2957//2957 2956//2956
f 1154//1154 2961//2961 2963//2963
f 1676//1676 1237//1237 1551//1551
f 4415//4415 3593//3593 2054//2054
f 2983//2983 3062//3062 3991//3991
f 2332//2332 1730//1730 3536//3536
f 423//423 2332//2332 3536//3536
f 67//67 66//66 3401//3401
f 2866//2866 1256//1256 2629//2629
f 3908//3908 4799//4799 2778//2778
f 1569//1569 4223//4223 4222//4222
f 399//399 1012//1012 4773//4773
f 319//319 3228//3228 3227//3227
f 4209//4209 503//503 2050//2050
f 2049//2049 4209//4209 2050//2050
f 2882//2882 2588//2588 1364//1364
f 4112//4112 353//353 456//456
f 2252//2252 1859//1859 1858//1858
f 4321//4321 1742//1742 171//171
f 1522//1522 1525//1525 3749//3749
f 991//991 346//346 345//345
f 567//567 4706//4706 568//568
f 252//252 3797//3797 3144//3144
f 4883//4883 4779//4779 3139//3139
f 1815//1815 4899//4899 2057//2057
f 3828//3828 4931//4931 4617//4617
f 3281//3281 4716//4716 1241//1241
f 4792//4792 4567//4567 4530//4530
f 4895//4895 3405//3405 1292//1292
f 903//903 3975//3975 3265//3265
f 3657//3657 3861//3861 3863//3863
f 3244//3244 4796//4796 2578//2578
f 492//492 4354//4354 1294//1294
f 1235//1235 4063//4063 4065//4065
f 1235//1235 4065//4065 1236//1236
f 921//921 1898//1898 1619//1619
f 3174//3174 680//680 4286//4286
f 2016//2016 2700//2700 2014//2014
f 1252//1252 1254//1254 1744//1744
f 2883//2883 4625//4625 2476//2476
f 493//493 492//492 1294//1294
f 1118//1118 4804//4804 1814//1814
f 1118//1118 1814//1814 212//212
f 58//58 3877//3877 955//955
f 161//161 2432//2432 3189//3189
f 3228//3228 4642//4642 4012//4012
f 2408//2408 1757//1757 3944//3944
f 4737//4737 1737//1737 2426//2426
f 4642//4642 4873//4873 4854//4854
f 4501//4501 4269//4269 3279//3279
f 1916//1916 4940//4940 1917//1917
f 3840//3840 2758//2758 2757//2757
f 1931//1931 4481//4481 2175//2175
f 2458//2458 4189//4189 1225//1225
f 4734//4734 2571//2571 2574//2574
f 3100//3100 2800//2800 3908//3908
f 3874//3874 1494//1494 2820//2820
f 2634//2634 3400//3400 1503//1503
f 4747//4747 4904//4904 4984//4984
f 4169//4169 4420//4420 2256//2256
f 4290//4290 2001//2001 2611//2611
f 4527//4527 2429//2429 2555//2555
f 3802//3802 4750//4750 4418//4418
f 3328//3328 3584//3584 3081//3081
f 3878//3878 702//702 4127//4127
f 934//934 4011//4011 2340//2340
f 249//249 1963//1963 4008//4008
f 4419//4419 2606//2606 2021//2021
f 2564//2564 2566//2566 1897//1897
f 4140//4140 4139//4139 4349//4349
f 4140//4140 4349//4349 2047//2047
f 4178//4178 4452//4452 3005//3005
f 4853//4853 4471//4471 457//457
f 3011//3011 4325//4325 1004//1004
f 1468//1468 3960//3960 435//435
f 434//434 1468//1468 435//435
f 274//274 3412//3412 277//277
f 156//156 2871//2871 4699//4699
f 1447//1447 2045//2045 3213//3213
f 3275//3275 3659//3659 2755//2755
f 2997//2997 410//410 2885//2885
f 3221//3221 2237//2237 2236//2236
f 4243//4243 3895//3895 4934//4934
f 1504//1504 922//922 1620//1620
f 2199//2199 4654//4654 1299//1299
f 2207//2207 2474//2474 22//22
f 4220//4220 2701//2701 841//841
f 2275//2275 4056//4056 1556//1556
f 4453//4453 3822//3822 3823//3823
f 1702//1702 1543//1543 1135//1135
f 4747//4747 4984//4984 3181//3181
f 3725//3725 2263//2263 2265//2265
f 4629//4629 3184//3184 1570//1570
f 4629//4629 1570//1570 3956//3956
f 1191//1191 3676//3676 2964//2964
f 4909//4909 1270//1270 1269//1269
f 1074//1074 1561//1561 1560//1560
f 4733//4733 1333//1333 631//631
f 2086//2086 4783//4783 2239//2239
f 3922//3922 1586//1586 3923//3923
f 4454//4454 4793//4793 1168//1168
f 798//798 3017//3017 1076//1076
f 3418//3418 937//937 2131//2131
f 2330//2330 3326//3326 4313//4313
f 4701//4701 4316//4316 4315//4315
f 4949//4949 2440//2440 4393//4393
f 2315//2315 584//584 886//886
f 2736//2736 2817//2817 1831//1831
f 1668//1668 4262//4262 3437//3437
f 2837//2837 258//258 2276//2276
f 1456//1456 4780//4780 2753//2753
f 3822//3822 4784//4784 4638//4638
f 1446//1446 561//561 2115//2115
f 1998//1998 3104//3104 4117//4117
f 3828//3828 4617//4617 3829//3829
f 1563//1563 850//850 849//849
f 321//321 3282//3282 3228//3228
f 3206//3206 4019//4019 2812//2812
f 1521//1521 4894//4894 4974//4974
f 760//760 759//759 509//509
f 760//760 509//509 498//498
f 1959//1959 2456//2456 1960//1960
f 2801//2801 568//568 4928//4928
f 810//810 290//290 292//292
f 4699//4699 2871//2871 4933//4933
f 917//917 2995//2995 1195//1195
f 3839//3839 3838//3838 2807//2807
f 1658//1658 4138//4138 769//769
f 1659//1659 1658//1658 769//769
f 445//445 447//447 1038//1038
f 3034//3034 2600//2600 4728//4728
f 2139//2139 4401//4401 3322//3322
f 4603//4603 3986//3986 4604//4604
f 2472//2472 2473//2473 3540//3540
f 2138//2138 2188//2188 2139//2139
f 2658//2658 2657//2657 3761//3761
f 4962//4962 4689//4689 2285//2285
f 4171//4171 2886//2886 410//410
f 3241//3241 4701//4701 3335//3335
f 4291//4291 4769//4769 553//553
f 785//785 4024//4024 786//786
f 803//803 805//805 2384//2384
f 1498//1498 4089//4089 1499//1499
f 44//44 1327//1327 3934//3934
f 44//44 3934//3934 45//45
f 4631//4631 3840//3840 4565//4565
f 4692//4692 3925//3925 4693//4693
f 2872//2872 2342//2342 3554//3554
f 3412//3412 3582//3582 3413//3413
f 3871//3871 4571//4571 2402//2402
f 4896//4896 2470//2470 2471//2471
f 1297//1297 2040//2040 3504//3504
f 1555//1555 1554//1554 2823//2823
f 4329//4329 4531//4531 2228//2228
f 4425//4425 4409//4409 2980//2980
f 1706//1706 4014//4014 20//20
f 1398//1398 4555//4555 3754//3754
f 3251//3251 927//927 391//391
f 4812//4812 1537//1537 348//348
f 3089//3089 4767//4767 3187//3187
f 3089//3089 3187//3187 1078//1078
f 1548//1548 4176//4176 411//411
f 304//304 303//303 2785//2785
f 3504//3504 1184//1184 894//894
f 2967//2967 2968//2968 305//305
f 2186//2186 2417//2417 208//208
f 4765//4765 2879//2879 4561//4561
f 4765//4765 4561//4561 3585//3585
f 4161//4161 4162//4162 4623//4623
f 483//483 4161//4161 4623//4623
f 643//643 1768//1768 644//644
f 4588//4588 3777//3777 3457//3457
f 3491//3491 1148//1148 4970//4970
f 4885//4885 593//593 592//592
f 4413//4413 242//242 2839//2839
f 4142//4142 3376//3376 2957//2957
f 4441//4441 121//121 2486//2486
f 4988//4988 1875//1875 661//661
f 4988//4988 661//661 3015//3015
f 4884//4884 2676//2676 3371//3371
f 1873//1873 1875//1875 4988//4988
f 1126//1126 3972//3972 1747//1747
f 1547//1547 3070//3070 1829//1829
f 4641//4641 3459//3459 4938//4938
f 3582//3582 4589//4589 4893//4893
f 3413//3413 3582//3582 4893//4893
f 1742//1742 4949//4949 171//171
f 1714//1714 1713//1713 1367//1367
f 4498//4498 3971//3971 3972//3972
f 2517//2517 3732//3732 2518//2518
f 4685//4685 4721//4721 3873//3873
f 2570//2570 3072//3072 4680//4680
f 622//622 3984//3984 693//693
f 2032//2032 4531//4531 4329//4329
f 2033//2033 2032//2032 4329//4329
f 2699//2699 4222//4222 4224//4224
f 4894//4894 4658//4658 2438//2438
f 1255//1255 2968//2968 4214//4214
f 425//425 3776//3776 2332//2332
f 3125//3125 498//498 497//497
f 2370//2370 2369//2369 4964//4964
f 4697//4697 2682//2682 487//487
f 4697//4697 487//487 490//490
f 23//23 3701//3701 4627//4627
f 23//23 4627//4627 21//21
f 1083//1083 3782//3782 3684//3684
f 1121//1121 156//156 4699//4699
f 3883//3883 3588//3588 2547//2547
f 4471//4471 3541//3541 4494//4494
f 4152//4152 4634//4634 4956//4956
f 826//826 3110//3110 4247//4247
f 826//826 4247//4247 4887//4887
f 2823//2823 2010//2010 4770//4770
f 1450//1450 1395//1395 3269//3269
f 3360//3360 3359//3359 4958//4958
f 4752//4752 4548//4548 4807//4807
f 3590//3590 234//234 2358//2358
f 4690//4690 2615//2615 3874//3874
f 3873//3873 4721//4721 1291//1291
f 1254//1254 4549//4549 4122//4122
f 1288//1288 3595//3595 4675//4675
f 4951//4951 3147//3147 3559//3559
f 4292//4292 2896//2896 3882//3882
f 4109//4109 1449//1449 1869//1869
f 865//865 548//548 3521//3521
f 2720//2720 2441//2441 2002//2002
f 1801//1801 4469//4469 4297//4297
f 4124//4124 4123//4123 2442//2442
f 4507//4507 854//854 3902//3902
f 4774//4774 3220//3220 4959//4959
f 4774//4774 4959//4959 4958//4958
f 4707//4707 2405//2405 1818//1818
f 3471//3471 3374//3374 3373//3373
f 1643//1643 1642//1642 3860//3860
f 2960//2960 2576//2576 3524//3524
f 1831//1831 335//335 1832//1832
f 1954//1954 1570//1570 1572//1572
f 1986//1986 545//545 650//650
f 2983//2983 2982//2982 3641//3641
f 4166//4166 4165//4165 4408//4408
f 4581//4581 2246//2246 3363//3363
f 4546//4546 1049//1049 4570//4570
f 2115//2115 501//501 4505//4505
f 2734//2734 3809//3809 2757//2757
f 3202//3202 3201//3201 4557//4557
f 4778//4778 2646//2646 4986//4986
f 3359//3359 4774//4774 4958//4958
f 4862//4862 1251//1251 3876//3876
f 1970//1970 1458//1458 4310//4310
f 4385//4385 779//779 4864//4864
f 4145//4145 994//994 2826//2826
f 460//460 3066//3066 4364//4364
f 3498//3498 3548//3548 455//455
f 4533//4533 4516//4516 4241//4241
f 792//792 4971//4971 3688//3688
f 3687//3687 792//792 3688//3688
f 4528//4528 3489//3489 4353//4353
f 2176//2176 2251//2251 3436//3436
f 2919//2919 4208//4208 2514//2514
f 2308//2308 2307//2307 4723//4723
f 4175//4175 4322//4322 4050//4050
f 1777//1777 519//519 521//521
f 751//751 750//750 1649//1649
f 751//751 1649//1649 4274//4274
f 4786//4786 4787//4787 3927//3927
f 1958//1958 4786//4786 3927//3927
f 1804//1804 4839//4839 1805//1805
f 3523//3523 1938//1938 1937//1937
f 1958//1958 2723//2723 4786//4786
f 2638//2638 2640//2640 3783//3783
f 4391//4391 4749//4749 4641//4641
f 4228//4228 4556//4556 3496//3496
f 1003//1003 1005//1005 3812//3812
f 2461//2461 4059//4059 4789//4789
f 412//412 2461//2461 4789//4789
f 2337//2337 3553//3553 2338//2338
f 4217//4217 2821//2821 4166//4166
f 1179//1179 3989//3989 1180//1180
f 1980//1980 3970//3970 1981//1981
f 3304//3304 3765//3765 2922//2922
f 1330//1330 4858//4858 1328//1328
f 3608//3608 2236//2236 2479//2479
f 4566//4566 338//338 3869//3869
f 4575//4575 3278//3278 4097//4097
f 4575//4575 4097//4097 4576//4576
f 4720//4720 349//349 4267//4267
f 4228//4228 4227//4227 4556//4556
f 4600//4600 3277//3277 3652//3652
f 4806//4806 4198//4198 4197//4197
f 1694//1694 4260//4260 3363//3363
f 1689//1689 2293//2293 437//437
f 2975//2975 2437//2437 2976//2976
f 4554//4554 4826//4826 814//814
f 4296//4296 1077//1077 1076//1076
f 3136//3136 1843//1843 3497//3497
f 4420//4420 4836//4836 2256//2256
f 4900//4900 4434//4434 3607//3607
f 3606//3606 4900//4900 3607//3607
f 3066//3066 3731//3731 3064//3064
f 4878//4878 3233//3233 4545//4545
f 3366//3366 1806//1806 1805//1805
f 1335//1335 1337//1337 1912//1912
f 4881//4881 1335//1335 1912//1912
f 1906//1906 1865//1865 1760//1760
f 2363//2363 3525//3525 2169//2169
f 930//930 4200//4200 4201//4201
f 4584//4584 4988//4988 4108//4108
f 4759//4759 3732//3732 2517//2517
f 1589//1589 4910//4910 3844//3844
f 682//682 2972//2972 2971//2971
f 3072//3072 1584//1584 4681//4681
f 915//915 914//914 4821//4821
f 2960//2960 1750//1750 2576//2576
f 3576//3576 2020//2020 1199//1199
f 3461//3461 855//855 854//854
f 4802//4802 1851//1851 1443//1443
f 4467//4467 3618//3618 4967//4967
f 545//545 547//547 1119//1119
f 2024//2024 4402//4402 4628//4628
f 4669//4669 684//684 2608//2608
f 1911//1911 320//320 319//319
f 4129//4129 1911//1911 319//319
f 2140//2140 3879//3879 3880//3880
f 4433//4433 4735//4735 511//511
f 1910//1910 320//320 1911//1911
f 259//259 2292//2292 257//257
f 3977//3977 4734//4734 1878//1878
f 820//820 2487//2487 4645//4645
f 3637//3637 4240//4240 3638//3638
f 1301//1301 2365//2365 873//873
f 303//303 2568//2568 2785//2785
f 4456//4456 4822//4822 2034//2034
f 4985//4985 3063//3063 729//729
f 4043//4043 769//769 4138//4138
f 2389//2389 3366//3366 2390//2390
f 2662//2662 2882//2882 1364//1364
f 3277//3277 4832//4832 1724//1724
f 3277//3277 1724//1724 4097//4097
f 1859//1859 1941//1941 149//149
f 4866//4866 891//891 4975//4975
f 4979//4979 3776//3776 336//336
f 3204//3204 4979//4979 336//336
f 1831//1831 3203//3203 335//335
f 3848//3848 3010//3010 3009//3009
f 1230//1230 255//255 254//254
f 1814//1814 1813//1813 4398//4398
f 2096//2096 4483//4483 4740//4740
f 251//251 1508//1508 252//252
f 1043//1043 828//828 4891//4891
f 1598//1598 1600//1600 4297//4297
f 1529//1529 3331//3331 3330//3330
f 1938//1938 3227//3227 2178//2178
f 4521//4521 220//220 3156//3156
f 4860//4860 1663//1663 1665//1665
f 4860//4860 1665//1665 73//73
f 3563//3563 3937//3937 3936//3936
f 114//114 1370//1370 2190//2190
f 3020//3020 447//447 446//446
f 3146//3146 2377//2377 418//418
f 2700//2700 2598//2598 534//534
f 4920//4920 4120//4120 4351//4351
f 4828//4828 2698//2698 2697//2697
f 3190//3190 3191//3191 4308//4308
f 4237//4237 1109//1109 2349//2349
f 71//71 3050//3050 72//72
f 3107//3107 2509//2509 1334//1334
f 856//856 4785//4785 3903//3903
f 2786//2786 2029//2029 2716//2716
f 197//197 196//196 2337//2337
f 1161//1161 1890//1890 898//898
f 4912//4912 799//799 1991//1991
f 4966//4966 2401//2401 4250//4250
f 2525//2525 3659//3659 993//993
f 4390//4390 2454//2454 4004//4004
f 2024//2024 4628//4628 2025//2025
f 3441//3441 4463//4463 3443//3443
f 261//261 3523//3523 1937//1937
f 660//660 3589//3589 4800//4800
f 4878//4878 1736//1736 3233//3233
f 4127//4127 702//702 701//701
f 4127//4127 701//701 1899//1899
f 3581//3581 4936//4936 1710//1710
f 3915//3915 3916//3916 4529//4529
f 4134//4134 4707//4707 3513//3513
f 876//876 2598//2598 3155//3155
f 4443//4443 3180//3180 2394//2394
f 2848//2848 2847//2847 564//564
f 294//294 3512//3512 4855//4855
f 1079//1079 34//34 37//37
f 3424//3424 1500//1500 2182//2182
f 3162//3162 1943//1943 2120//2120
f 378//378 377//377 1023//1023
f 2769//2769 1167//1167 4013//4013
f 2119//2119 3162//3162 2120//2120
f 4929//4929 1387//1387 3813//3813
f 3797//3797 2650//2650 3144//3144
f 3435//3435 2176//2176 3436//3436
f 3133//3133 2079//2079 2081//2081
f 2162//2162 2161//2161 2243//2243
f 2964//2964 3676//3676 4635//4635
f 3262//3262 2249//2249 2383//2383
f 4856//4856 2824//2824 4133//4133
f 132//132 2331//2331 4542//4542
f 132//132 4542//4542 1434//1434
f 3643//3643 112//112 111//111
f 3846//3846 695//695 3225//3225
f 387//387 389//389 3364//3364
f 3186//3186 3423//3423 3424//3424
f 4696//4696 4698//4698 1714//1714
f 422//422 421//421 1014//1014
f 4905//4905 3361//3361 3362//3362
f 4925//4925 1083//1083 4309//4309
f 2200//2200 2199//2199 1488//1488
f 4069//4069 4957//4957 2274//2274
f 4069//4069 2274//2274 3252//3252
f 4600//4600 1368//1368 193//193
f 4092//4092 4387//4387 4935//4935
f 4671//4671 4412//4412 4717//4717
f 1086//1086 1936//1936 3256//3256
f 2302//2302 127//127 126//126
f 4782//4782 4815//4815 4446//4446
f 4618//4618 4346//4346 1075//1075
f 310//310 309//309 4514//4514
f 2268//2268 4466//4466 2058//2058
f 2820//2820 1280//1280 1565//1565
f 4//4 1667//1667 2018//2018
f 3390//3390 3677//3677 514//514
f 2296//2296 3466//3466 201//201
f 2015//2015 4550//4550 1681//1681
f 95//95 94//94 2891//2891
f 95//95 2891//2891 683//683
f 4493//4493 1928//1928 4683//4683
f 3587//3587 764//764 420//420
f 2664//2664 3016//3016 2548//2548
f 1224//1224 4614//4614 4536//4536
f 3420//3420 4585//4585 3421//3421
f 4043//4043 4138//4138 624//624
f 114//114 2190//2190 4923//4923
f 35//35 2697//2697 4624//4624
f 867//867 4768//4768 868//868
f 4170//4170 2258//2258 4775//4775
f 4101//4101 4192//4192 4102//4102
f 4658//4658 4660//4660 3007//3007
f 2439//2439 4658//4658 3007//3007
f 4036//4036 1//1 4037//4037
f 4398//4398 2355//2355 4932//4932
f 1436//1436 4189//4189 2458//2458
f 2968//2968 730//730 4214//4214
f 2648//2648 3119//3119 2649//2649
f 1783//1783 2575//2575 4511//4511
f 4535//4535 4238//4238 3967//3967
f 4715//4715 664//664 1307//1307
f 3974//3974 4631//4631 4565//4565
f 514//514 3677//3677 4541//4541
f 4296//4296 4469//4469 1163//1163
f 730//730 729//729 4263//4263
f 3905//3905 4774//4774 3906//3906
f 3958//3958 1977//1977 4814//4814
f 945//945 947//947 3033//3033
f 1956//1956 4441//4441 1957//1957
f 540//540 2493//2493 1469//1469
f 3225//3225 3259//3259 3846//3846
f 4701//4701 4315//4315 3335//3335
f 4735//4735 4439//4439 511//511
f 1361//1361 260//260 4916//4916
f 3775//3775 2715//2715 2714//2714
f 1740//1740 1739//1739 2151//2151
f 508//508 507//507 2967//2967
f 3875//3875 4106//4106 4168//4168
f 2955//2955 3915//3915 3793//3793
f 1053//1053 2165//2165 2164//2164
f 1603//1603 2597//2597 3952//3952
f 3976//3976 3973//3973 3977//3977
f 232//232 231//231 994//994
f 232//232 994//994 4145//4145
f 4166//4166 4408//4408 1124//1124
f 3853//3853 279//279 1348//1348
f 3518//3518 408//408 4610//4610
f 3518//3518 4610//4610 3519//3519
f 1766//1766 1768//1768 4727//4727
f 2117//2117 2768//2768 2770//2770
f 2634//2634 1319//1319 3400//3400
f 4772//4772 4771//4771 4532//4532
f 2640//2640 3557//3557 3274//3274
f 4488//4488 3413//3413 4893//4893
f 2389//2389 4534//4534 150//150
f 4970//4970 2462//2462 2464//2464
f 181//181 1607//1607 182//182
f 1009//1009 924//924 2336//2336
f 4679//4679 4678//4678 4278//4278
f 1957//1957 4441//4441 2486//2486
f 1353//1353 2606//2606 4924//4924
f 1308//1308 1310//1310 559//559
f 586//586 2908//2908 1639//1639
f 3951//3951 1603//1603 3952//3952
f 2808//2808 166//166 711//711
f 2281//2281 2808//2808 711//711
f 2415//2415 4292//4292 421//421
f 4291//4291 553//553 1253//1253
f 383//383 1353//1353 4017//4017
f 3296//3296 2640//2640 3274//3274
f 1478//1478 3911//3911 4016//4016
f 1550//1550 1335//1335 4881//4881
f 3127//3127 1294//1294 1293//1293
f 3255//3255 3248//3248 4264//4264
f 4695//4695 3032//3032 2659//2659
f 3959//3959 3958//3958 4814//4814
f 1473//1473 4298//4298 758//758
f 2485//2485 1062//1062 1061//1061
f 3076//3076 4663//4663 4876//4876
f 3960//3960 2159//2159 2158//2158
f 435//435 3960//3960 2158//2158
f 3185//3185 3423//3423 3186//3186
f 1178//1178 1180//1180 1501//1501
f 2789//2789 4286//4286 4985//4985
f 3702//3702 1854//1854 3849//3849
f 3414//3414 3413//3413 4488//4488
f 1942//1942 1847//1847 2144//2144
f 1881//1881 3074//3074 2550//2550
f 2344//2344 1895//1895 540//540
f 3985//3985 3112//3112 1629//1629
f 3288//3288 2643//2643 2889//2889
f 162//162 4981//4981 4918//4918
f 4335//4335 162//162 4918//4918
f 3385//3385 3768//3768 4403//4403
f 3916//3916 4896//4896 3539//3539
f 334//334 1784//1784 3374//3374
f 1182//1182 217//217 3601//3601
f 2752//2752 2751//2751 482//482
f 4579//4579 2807//2807 4763//4763
f 576//576 1275//1275 577//577
f 4846//4846 4087//4087 4778//4778
f 4269//4269 1455//1455 1454//1454
f 4582//4582 1940//1940 1941//1941
f 4582//4582 1941//1941 109//109
f 2476//2476 4625//4625 4277//4277
f 1531//1531 1988//1988 533//533
f 2774//2774 2233//2233 3030//3030
f 1674//1674 2143//2143 2313//2313
f 377//377 1820//1820 4700//4700
f 4768//4768 2727//2727 868//868
f 3594//3594 789//789 4429//4429
f 755//755 4167//4167 317//317
f 3453//3453 3612//3612 786//786
f 1312//1312 1718//1718 1367//1367
f 3517//3517 3625//3625 4724//4724
f 4615//4615 1789//1789 3400//3400
f 4615//4615 3400//3400 4874//4874
f 3443//3443 836//836 3478//3478
f 2137//2137 3057//3057 2138//2138
f 848//848 850//850 1678//1678
f 2490//2490 4613//4613 2491//2491
f 4777//4777 4343//4343 1179//1179
f 2070//2070 1652//1652 1651//1651
f 3538//3538 4468//4468 4461//4461
f 4192//4192 4191//4191 381//381
f 728//728 4985//4985 729//729
f 3316//3316 4938//4938 2656//2656
f 1296//1296 4834//4834 4869//4869
f 2923//2923 4895//4895 3490//3490
f 4186//4186 3162//3162 4187//4187
f 4049//4049 4086//4086 1057//1057
f 458//458 460//460 4364//4364
f 4248//4248 2288//2288 4031//4031
f 705//705 4248//4248 4031//4031
f 1687//1687 3020//3020 3888//3888
f 1687//1687 3888//3888 3339//3339
f 2226//2226 1837//1837 3191//3191
f 2324//2324 1797//1797 2244//2244
f 2346//2346 182//182 293//293
f 3509//3509 1484//1484 3968//3968
f 2906//2906 2908//2908 4882//4882
f 4828//4828 2524//2524 2698//2698
f 2599//2599 591//591 3464//3464
f 3419//3419 1575//1575 3388//3388
f 3091//3091 3090//3090 3614//3614
f 4491//4491 3491//3491 4970//4970
f 3710//3710 3760//3760 3711//3711
f 1586//1586 1585//1585 4929//4929
f 881//881 4415//4415 2054//2054
f 1358//1358 2919//2919 1359//1359
f 3006//3006 4453//4453 3823//3823
f 4040//4040 4684//4684 3821//3821
f 1052//1052 1054//1054 1402//1402
f 649//649 3999//3999 910//910
f 162//162 164//164 520//520
f 4981//4981 162//162 520//520
f 2601//2601 4930//4930 2585//2585
f 1239//1239 1238//1238 3685//3685
f 1098//1098 1203//1203 1099//1099
f 2992//2992 1109//1109 4237//4237
f 1878//1878 2574//2574 1826//1826
f 115//115 4923//4923 1222//1222
f 2818//2818 207//207 4826//4826
f 1883//1883 3303//3303 3842//3842
f 3479//3479 4982//4982 625//625
f 3622//3622 643//643 642//642
f 4598//4598 4319//4319 3650//3650
f 4039//4039 238//238 3209//3209
f 1912//1912 1337//1337 1833//1833
f 4630//4630 2686//2686 2999//2999
f 491//491 4353//4353 492//492
f 3944//3944 3943//3943 4020//4020
f 3594//3594 3372//3372 789//789
f 3258//3258 1229//1229 4859//4859
f 2669//2669 3621//3621 4246//4246
f 4778//4778 4986//4986 4153//4153
f 4673//4673 2656//2656 2658//2658
f 426//426 3315//3315 4665//4665
f 3077//3077 4285//4285 3138//3138
f 4386//4386 4128//4128 4027//4027
f 2856//2856 4013//4013 2857//2857
f 1512//1512 1232//1232 1231//1231
f 688//688 4510//4510 4524//4524
f 688//688 4524//4524 4523//4523
f 1408//1408 2795//2795 1409//1409
f 4856//4856 1555//1555 2824//2824
f 2416//2416 2004//2004 4960//4960
f 3317//3317 3316//3316 2656//2656
f 4746//4746 3181//3181 3996//3996
f 4467//4467 4967//4967 2625//2625
f 1546//1546 3634//3634 4961//4961
f 1546//1546 4961//4961 2904//2904
f 17//17 4112//4112 4688//4688
f 4080//4080 4082//4082 3376//3376
f 3253//3253 402//402 4239//4239
f 4804//4804 4913//4913 1812//1812
f 995//995 997//997 4396//4396
f 895//895 463//463 2022//2022
f 3684//3684 3685//3685 4309//4309
f 1097//1097 1877//1877 940//940
f 3881//3881 1097//1097 940//940
f 3228//3228 4012//4012 2179//2179
f 4661//4661 1692//1692 4772//4772
f 4014//4014 2519//2519 20//20
f 3200//3200 3202//3202 291//291
f 3256//3256 3257//3257 1087//1087
f 2559//2559 2863//2863 2862//2862
f 1728//1728 1825//1825 2912//2912
f 4957//4957 2275//2275 2274//2274
f 312//312 366//366 2397//2397
f 2419//2419 1085//1085 3473//3473
f 1507//1507 4194//4194 1508//1508
f 1080//1080 1082//1082 1303//1303
f 1080//1080 1303//1303 2816//2816
f 2490//2490 4536//4536 4613//4613
f 4856//4856 4133//4133 1819//1819
f 4392//4392 1873//1873 4584//4584
f 679//679 2488//2488 2813//2813
f 965//965 3464//3464 815//815
f 535//535 965//965 815//815
f 2191//2191 712//712 2192//2192
f 3620//3620 4472//4472 2618//2618
f 3618//3618 2969//2969 4967//4967
f 1188//1188 4719//4719 85//85
f 84//84 1188//1188 85//85
f 1960//1960 4511//4511 4249//4249
f 3183//3183 2089//2089 4478//4478
f 4978//4978 3597//3597 3599//3599
f 3368//3368 1365//1365 3308//3308
f 1034//1034 1036//1036 4609//4609
f 3754//3754 1603//1603 3951//3951
f 3962//3962 3898//3898 96//96
f 3969//3969 3510//3510 3509//3509
f 1233//1233 3995//3995 4973//4973
f 2302//2302 126//126 1478//1478
f 4648//4648 2361//2361 3975//3975
f 2489//2489 4363//4363 213//213
f 2854//2854 3750//3750 1568//1568
f 2592//2592 4298//4298 1473//1473
f 2044//2044 1810//1810 1207//1207
f 3377//3377 3003//3003 3004//3004
f 2178//2178 3228//3228 2179//2179
f 292//292 3850//3850 1028//1028
f 328//328 1950//1950 325//325
f 2312//2312 1674//1674 2313//2313
f 3143//3143 3142//3142 3549//3549
f 1476//1476 788//788 790//790
f 3181//3181 3469//3469 761//761
f 3978//3978 3977//3977 1878//1878
f 2409//2409 4495//4495 1757//1757
f 659//659 1530//1530 660//660
f 3221//3221 2236//2236 1618//1618
f 1617//1617 3221//3221 1618//1618
f 3480//3480 3481//3481 3666//3666
f 2544//2544 4902//4902 2751//2751
f 4158//4158 1085//1085 2419//2419
f 692//692 2674//2674 4890//4890
f 4546//4546 4545//4545 1049//1049
f 2510//2510 2779//2779 4753//4753
f 3083//3083 2705//2705 4649//4649
f 4559//4559 1215//1215 4849//4849
f 4985//4985 2971//2971 3063//3063
f 4101//4101 32//32 31//31
f 2718//2718 521//521 164//164
f 3505//3505 4339//4339 4685//4685
f 4392//4392 4137//4137 1873//1873
f 1696//1696 2851//2851 3161//3161
f 1697//1697 1696//1696 3161//3161
f 2246//2246 388//388 387//387
f 400//400 399//399 4773//4773
f 1918//1918 4800//4800 1919//1919
f 221//221 223//223 1467//1467
f 3587//3587 4640//4640 764//764
f 4782//4782 1058//1058 4815//4815
f 3296//3296 4114//4114 3784//3784
f 4484//4484 4107//4107 3371//3371
f 1130//1130 1325//1325 1128//1128
f 3873//3873 1291//1291 2211//2211
f 1972//1972 3815//3815 3327//3327
f 1968//1968 794//794 797//797
f 1933//1933 2586//2586 1934//1934
f 2304//2304 254//254 256//256
f 2611//2611 2000//2000 4061//4061
f 2285//2285 4689//4689 2504//2504
f 925//925 924//924 1010//1010
f 2876//2876 2875//2875 4503//4503
f 3486//3486 4488//4488 3487//3487
f 938//938 2072//2072 2114//2114
f 2898//2898 3588//3588 3883//3883
f 1568//1568 4223//4223 1569//1569
f 2069//2069 4375//4375 4942//4942
f 3121//3121 263//263 265//265
f 791//791 3121//3121 265//265
f 3904//3904 1979//1979 3248//3248
f 2036//2036 2035//2035 2765//2765
f 795//795 4523//4523 4525//4525
f 3469//3469 1249//1249 761//761
f 720//720 2212//2212 3918//3918
f 4750//4750 2965//2965 4418//4418
f 1913//1913 3301//3301 1914//1914
f 3228//3228 3282//3282 4642//4642
f 293//293 2347//2347 2346//2346
f 1285//1285 1284//1284 3706//3706
f 634//634 332//332 4473//4473
f 2997//2997 4047//4047 3218//3218
f 4755//4755 4527//4527 4528//4528
f 3889//3889 3891//3891 1842//1842
f 2244//2244 2243//2243 2324//2324
f 162//162 4434//4434 163//163
f 1384//1384 1386//1386 2112//2112
f 902//902 1155//1155 3085//3085
f 2762//2762 4399//4399 4519//4519
f 4802//4802 1443//1443 4762//4762
f 4393//4393 4033//4033 4835//4835
f 175//175 4604//4604 747//747
f 398//398 3103//3103 3409//3409
f 4950//4950 2740//2740 4939//4939
f 1925//1925 638//638 1536//1536
f 3685//3685 2720//2720 2248//2248
f 2016//2016 2015//2015 1817//1817
f 2510//2510 4808//4808 2677//2677
f 2684//2684 2709//2709 297//297
f 1348//1348 132//132 1433//1433
f 1031//1031 4732//4732 4745//4745
f 3953//3953 4400//4400 4293//4293
f 3017//3017 713//713 715//715
f 4915//4915 595//595 337//337
f 2078//2078 4389//4389 4906//4906
f 868//868 4049//4049 869//869
f 71//71 864//864 3050//3050
f 1343//1343 1149//1149 1380//1380
f 3445//3445 1839//1839 1838//1838
f 2477//2477 4414//4414 2478//2478
f 3950//3950 4758//4758 603//603
f 482//482 3881//3881 483//483
f 4937//4937 4539//4539 2736//2736
f 1307//1307 664//664 4852//4852
f 230//230 4421//4421 2526//2526
f 2719//2719 4808//4808 4324//4324
f 1389//1389 1388//1388 3871//3871
f 4530//4530 2595//2595 2063//2063
f 4788//4788 582//582 833//833
f 4788//4788 833//833 835//835
f 555//555 3429//3429 556//556
f 4870//4870 1419//1419 3742//3742
f 1151//1151 1150//1150 2173//2173
f 2367//2367 1722//1722 3298//3298
f 4987//4987 3283//3283 5//5
f 4987//4987 5//5 7//7
f 4911//4911 2870//2870 2829//2829
f 2104//2104 3318//3318 1479//1479
f 2104//2104 1479//1479 1946//1946
f 806//806 2114//2114 807//807
f 3266//3266 191//191 190//190
f 4321//4321 3805//3805 850//850
f 271//271 2691//2691 3942//3942
f 4002//4002 3299//3299 3998//3998
f 3083//3083 3085//3085 3610//3610
f 51//51 4392//4392 52//52
f 4128//4128 4129//4129 4028//4028
f 4027//4027 4128//4128 4028//4028
f 4062//4062 1993//1993 2509//2509
f 512//512 511//511 4155//4155
f 4255//4255 170//170 4256//4256
f 2574//2574 2573//2573 3697//3697
f 3406//3406 2215//2215 1844//1844
f 3406//3406 1844//1844 1973//1973
f 4006//4006 4203//4203 1143//1143
f 1829//1829 3070//3070 3069//3069
f 3573//3573 3526//3526 4272//4272
f 4657//4657 2631//2631 2225//2225
f 331//331 3179//3179 1140//1140
f 4530//4530 4567//4567 2595//2595
f 1740//1740 2217//2217 466//466
f 3188//3188 3308//3308 4370//4370
f 4091//4091 4093//4093 4010//4010
f 836//836 184//184 187//187
f 4938//4938 3459//3459 3378//3378
f 1982//1982 4776//4776 1983//1983
f 2390//2390 1805//1805 1981//1981
f 1350//1350 1946//1946 1244//1244
f 2330//2330 4314//4314 454//454
f 4827//4827 4236//4236 2524//2524
f 1122//1122 2167//2167 1123//1123
f 1264//1264 1727//1727 2230//2230
f 1254//1254 552//552 4549//4549
f 1929//1929 3615//3615 1490//1490
f 123//123 683//683 685//685
f 4006//4006 1143//1143 3493//3493
f 3881//3881 940//940 939//939
f 3881//3881 939//939 1887//1887
f 1709//1709 1456//1456 2753//2753
f 3303//3303 2481//2481 3842//3842
f 988//988 3436//3436 2307//2307
f 2309//2309 2311//2311 1110//1110
f 2255//2255 4661//4661 4532//4532
f 4823//4823 2909//2909 21//21
f 3830//3830 3183//3183 777//777
f 521//521 520//520 164//164
f 1741//1741 4743//4743 1283//1283
f 1741//1741 1283//1283 1285//1285
f 4072//4072 2515//2515 2514//2514
f 2230//2230 4909//4909 1269//1269
f 1274//1274 1920//1920 4383//4383
f 3034//3034 4728//4728 1863//1863
f 3295//3295 3709//3709 4318//4318
f 2719//2719 164//164 4808//4808
f 140//140 1942//1942 2145//2145
f 140//140 2145//2145 4034//4034
f 2675//2675 3033//3033 4829//4829
f 1622//1622 3531//3531 1967//1967
f 1120//1120 1098//1098 157//157
f 717//717 4419//4419 2021//2021
f 531//531 2068//2068 532//532
f 2136//2136 871//871 870//870
f 1445//1445 2136//2136 870//870
f 3554//3554 3031//3031 2838//2838
f 3554//3554 2838//2838 3620//3620
f 4592//4592 4761//4761 4405//4405
f 1669//1669 3067//3067 4900//4900
f 2751//2751 82//82 81//81
f 482//482 2751//2751 81//81
f 3907//3907 3054//3054 4972//4972
f 3907//3907 4972//4972 574//574
f 3333//3333 3758//3758 4520//4520
f 3333//3333 4520//4520 3605//3605
f 132//132 1434//1434 1433//1433
f 1707//1707 359//359 4457//4457
f 4844//4844 2080//2080 2645//2645
f 4911//4911 4840//4840 1342//1342
f 3159//3159 3160//3160 721//721
f 2727//2727 800//800 4086//4086
f 4714//4714 1609//1609 2945//2945
f 3094//3094 3729//3729 3632//3632
f 698//698 305//305 307//307
f 2950//2950 4048//4048 2951//2951
f 535//535 815//815 1963//1963
f 2701//2701 536//536 1962//1962
f 705//705 4031//4031 706//706
f 125//125 1286//1286 1185//1185
f 3481//3481 2786//2786 2476//2476
f 4580//4580 394//394 393//393
f 3270//3270 1537//1537 4812//4812
f 4446//4446 4815//4815 1487//1487
f 3429//3429 4857//4857 2381//2381
f 3097//3097 4591//4591 3075//3075
f 1028//1028 4009//4009 3759//3759
f 3420//3420 2915//2915 3047//3047
f 3886//3886 2546//2546 3016//3016
f 540//540 542//542 2493//2493
f 2247//2247 3685//3685 2248//2248
f 986//986 70//70 69//69
f 3389//3389 2633//2633 3471//3471
f 79//79 3683//3683 2803//2803
f 1295//1295 1297//1297 1542//1542
f 4554//4554 814//814 3935//3935
f 4477//4477 3963//3963 4573//4573
f 2266//2266 4518//4518 4519//4519
f 4713//4713 1671//1671 3796//3796
f 2945//2945 1609//1609 1608//1608
f 2288//2288 1578//1578 4861//4861
f 3404//3404 2511//2511 163//163
f 4647//4647 2122//2122 1005//1005
f 4022//4022 404//404 3652//3652
f 3864//3864 2350//2350 2349//2349
f 2518//2518 2621//2621 2519//2519
f 2473//2473 3539//3539 3540//3540
f 4354//4354 4895//4895 1292//1292
f 4555//4555 2124//2124 1601//1601
f 3690//3690 2876//2876 4605//4605
f 949//949 2951//2951 950//950
f 3536//3536 1730//1730 1626//1626
f 4373//4373 2966//2966 4387//4387
f 884//884 392//392 2530//2530
f 3343//3343 4866//4866 4632//4632
f 2280//2280 3042//3042 987//987
f 1763//1763 3148//3148 3149//3149
f 4982//4982 622//622 625//625
f 4361//4361 105//105 3748//3748
f 3676//3676 2722//2722 3946//3946
f 4332//4332 4565//4565 4333//4333
f 145//145 144//144 3555//3555
f 3649//3649 4633//4633 1069//1069
f 4308//4308 4193//4193 4603//4603
f 3683//3683 2709//2709 2684//2684
f 2651//2651 3109//3109 3912//3912
f 2223//2223 891//891 4866//4866
f 2805//2805 3650//3650 4319//4319
f 4318//4318 2805//2805 4319//4319
f 4650//4650 4716//4716 3281//3281
f 4822//4822 4718//4718 2034//2034
f 1985//1985 3454//3454 3457//3457
f 4863//4863 1002//1002 2791//2791
f 212//212 2489//2489 213//213
f 3787//3787 3360//3360 558//558
f 1417//1417 1419//1419 4870//4870
f 2647//2647 1417//1417 4870//4870
f 578//578 1198//1198 3053//3053
f 4204//4204 3848//3848 2763//2763
f 3229//3229 4982//4982 3479//3479
f 1722//1722 3229//3229 3479//3479
f 2883//2883 2884//2884 4625//4625
f 1349//1349 1786//1786 1350//1350
f 1680//1680 743//743 742//742
f 1666//1666 4//4 31//31
f 2634//2634 1114//1114 1319//1319
f 2504//2504 1505//1505 117//117
f 4875//4875 3444//3444 1424//1424
f 337//337 595//595 597//597
f 2491//2491 4613//4613 405//405
f 3593//3593 3951//3951 985//985
f 3545//3545 4835//4835 4033//4033
f 136//136 1331//1331 3801//3801
f 176//176 175//175 748//748
f 2372//2372 4186//4186 2373//2373
f 3529//3529 1787//1787 4667//4667
f 1333//1333 1332//1332 401//401
f 4309//4309 3685//3685 2247//2247
f 3874//3874 2820//2820 4690//4690
f 4730//4730 1716//1716 1420//1420
f 2153//2153 770//770 773//773
f 300//300 2100//2100 4795//4795
f 4984//4984 4904//4904 3470//3470
f 3584//3584 4375//4375 3082//3082
f 3081//3081 3584//3584 3082//3082
f 2074//2074 4098//4098 4602//4602
f 4153//4153 4986//4986 4154//4154
f 267//267 522//522 268//268
f 2668//2668 2670//2670 3680//3680
f 992//992 3361//3361 4746//4746
f 3581//3581 2713//2713 4589//4589
f 370//370 1955//1955 371//371
f 2826//2826 4572//4572 2827//2827
f 3315//3315 4391//4391 3316//3316
f 3829//3829 2377//2377 3146//3146
f 4516//4516 1716//1716 4730//4730
f 4560//4560 1240//1240 648//648
f 4516//4516 4730//4730 4241//4241
f 3470//3470 804//804 803//803
f 951//951 4496//4496 952//952
f 4190//4190 3463//3463 3597//3597
f 4076//4076 2268//2268 2058//2058
f 1387//1387 3006//3006 1388//1388
f 1719//1719 1439//1439 2682//2682
f 1593//1593 4969//4969 194//194
f 4801//4801 4333//4333 1063//1063
f 4801//4801 1063//1063 1065//1065
f 1817//1817 1681//1681 4899//4899
f 3844//3844 4910//4910 1672//1672
f 3845//3845 3844//3844 1672//1672
f 4322//4322 467//467 1104//1104
f 3095//3095 1403//1403 3096//3096
f 905//905 4739//4739 541//541
f 3135//3135 1516//1516 2147//2147
f 4716//4716 2019//2019 1617//1617
f 4126//4126 3502//3502 3501//3501
f 3442//3442 3949//3949 1243//1243
f 2057//2057 4779//4779 4883//4883
f 1581//1581 2057//2057 4883//4883
f 4832//4832 2852//2852 1724//1724
f 4528//4528 4353//4353 3655//3655
f 1928//1928 3472//3472 1929//1929
f 735//735 2877//2877 4824//4824
f 3656//3656 3239//3239 4035//4035
f 3656//3656 4035//4035 4651//4651
f 2049//2049 2051//2051 2834//2834
f 159//159 4365//4365 160//160
f 2055//2055 4090//4090 2294//2294
f 96//96 98//98 4471//4471
f 96//96 4471//4471 375//375
f 958//958 4913//4913 4804//4804
f 3126//3126 958//958 4804//4804
f 60//60 4304//4304 2532//2532
f 34//34 4370//4370 35//35
f 4937//4937 2736//2736 309//309
f 1665//1665 1664//1664 71//71
f 2179//2179 1091//1091 2099//2099
f 3966//3966 4640//4640 3757//3757
f 3329//3329 299//299 584//584
f 4731//4731 3329//3329 584//584
f 4287//4287 4606//4606 1250//1250
f 4044//4044 2294//2294 1498//1498
f 4943//4943 3057//3057 3056//3056
f 1922//1922 2306//2306 2771//2771
f 1597//1597 4202//4202 2303//2303
f 4111//4111 98//98 2653//2653
f 2801//2801 4928//4928 1726//1726
f 3106//3106 657//657 1151//1151
f 2361//2361 4648//4648 3151//3151
f 2922//2922 3319//3319 2923//2923
f 4190//4190 4229//4229 4371//4371
f 906//906 908//908 1187//1187
f 878//878 2680//2680 2679//2679
f 736//736 878//878 2679//2679
f 4253//4253 4079//4079 100//100
f 4785//4785 2398//2398 2290//2290
f 2496//2496 642//642 2497//2497
f 2596//2596 4397//4397 2202//2202
f 2596//2596 2202//2202 4953//4953
f 3820//3820 2537//2537 4572//4572
f 4960//4960 3955//3955 2678//2678
f 2416//2416 4960//4960 2678//2678
f 1287//1287 3595//3595 1288//1288
f 2311//2311 2310//2310 244//244
f 3649//3649 296//296 298//298
f 1499//1499 4089//4089 1583//1583
f 4189//4189 3503//3503 3041//3041
f 2408//2408 4458//4458 4917//4917
f 907//907 3577//3577 4509//4509
f 4410//4410 3226//3226 4238//4238
f 4668//4668 4400//4400 3953//3953
f 732//732 1245//1245 1776//1776
f 1028//1028 3850//3850 4009//4009
f 3739//3739 4464//4464 1138//1138
f 4963//4963 3739//3739 1138//1138
f 4870//4870 3742//3742 4880//4880
f 105//105 4361//4361 106//106
f 2326//2326 4334//4334 2046//2046
f 980//980 30//30 443//443
f 4938//4938 3378//3378 2657//2657
f 4467//4467 2625//2625 2627//2627
f 3930//3930 2106//2106 3931//3931
f 571//571 2310//2310 2309//2309
f 4386//4386 4027//4027 4026//4026
f 4606//4606 516//516 1250//1250
f 4218//4218 4134//4134 4136//4136
f 2375//2375 1115//1115 2634//2634
f 3381//3381 1761//1761 339//339
f 2338//2338 2614//2614 4859//4859
f 4774//4774 3905//3905 3220//3220
f 3948//3948 3442//3442 4087//4087
f 3326//3326 3325//3325 2168//2168
f 3400//3400 3399//3399 4874//4874
f 4884//4884 3371//3371 2425//2425
f 3632//3632 3729//3729 42//42
f 780//780 3724//3724 4766//4766
f 781//781 780//780 4766//4766
f 1327//1327 1326//1326 3268//3268
f 3611//3611 1693//1693 1695//1695
f 3897//3897 2679//2679 2681//2681
f 1403//1403 1054//1054 3096//3096
f 4590//4590 3097//3097 1812//1812
f 4913//4913 4590//4590 1812//1812
f 1878//1878 4734//4734 2574//2574
f 3901//3901 4278//4278 3797//3797
f 14//14 2093//2093 4529//4529
f 527//527 2494//2494 4442//4442
f 609//609 608//608 3972//3972
f 1264//1264 2230//2230 1269//1269
f 2032//2032 484//484 4531//4531
f 1594//1594 1593//1593 194//194
f 1594//1594 194//194 3440//3440
f 2816//2816 1303//1303 273//273
f 1625//1625 797//797 796//796
f 441//441 3372//3372 142//142
f 921//921 1619//1619 922//922
f 3347//3347 4388//4388 2185//2185
f 3917//3917 117//117 4702//4702
f 2600//2600 4930//4930 2601//2601
f 4850//4850 696//696 765//765
f 2483//2483 3507//3507 125//125
f 4519//4519 629//629 812//812
f 4355//4355 4140//4140 2047//2047
f 1136//1136 1105//1105 1107//1107
f 3682//3682 3935//3935 3865//3865
f 897//897 899//899 1495//1495
f 52//52 4392//4392 4583//4583
f 4950//4950 3732//3732 4759//4759
f 4445//4445 4444//4444 178//178
f 927//927 926//926 2607//2607
f 477//477 4426//4426 475//475
f 2246//2246 387//387 3363//3363
f 3604//3604 3603//3603 4918//4918
f 3333//3333 3605//3605 3334//3334
f 3961//3961 3635//3635 3941//3941
f 3116//3116 1208//1208 1207//1207
f 4461//4461 1771//1771 778//778
f 4947//4947 3183//3183 3830//3830
f 4845//4845 2006//2006 2005//2005
f 2675//2675 4484//4484 2676//2676
f 1091//1091 4854//4854 1092//1092
f 1100//1100 196//196 195//195
f 4273//4273 1309//1309 1308//1308
f 4273//4273 1308//1308 4959//4959
f 4760//4760 2187//2187 3229//3229
f 3697//3697 4348//4348 4139//4139
f 2770//2770 4013//4013 2856//2856
f 1518//1518 1865//1865 1906//1906
f 343//343 3061//3061 4803//4803
f 4486//4486 3711//3711 3760//3760
f 102//102 104//104 3122//3122
f 2565//2565 4874//4874 2917//2917
f 1507//1507 2869//2869 4194//4194
f 2712//2712 2711//2711 3677//3677
f 3264//3264 930//930 2250//2250
f 778//778 3538//3538 4461//4461
f 2643//2643 4783//4783 2889//2889
f 2798//2798 2797//2797 2994//2994
f 2329//2329 1965//1965 3567//3567
f 1343//1343 1147//1147 1149//1149
f 4703//4703 4029//4029 4875//4875
f 1328//1328 3974//3974 3973//3973
f 2142//2142 3223//3223 3894//3894
f 2932//2932 2439//2439 4067//4067
f 1804//1804 1806//1806 1840//1840
f 1579//1579 539//539 1580//1580
f 585//585 4882//4882 586//586
f 3064//3064 3731//3731 1100//1100
f 1176//1176 2503//2503 853//853
f 4788//4788 2399//2399 582//582
f 3783//3783 2640//2640 3296//3296
f 3783//3783 3296//3296 3784//3784
f 4221//4221 839//839 4792//4792
f 2899//2899 4399//4399 2900//2900
f 450//450 1307//1307 3988//3988
f 3118//3118 4401//4401 4841//4841
f 4371//4371 2953//2953 4054//4054
f 3801//3801 4914//4914 4433//4433
f 852//852 4700//4700 853//853
f 4515//4515 2388//2388 3012//3012
f 617//617 4218//4218 4136//4136
f 3403//3403 3402//3402 3283//3283
f 3403//3403 3283//3283 4987//4987
f 4448//4448 2661//2661 1247//1247
f 621//621 148//148 147//147
f 619//619 621//621 147//147
f 4415//4415 881//881 880//880
f 4045//4045 1497//1497 4357//4357
f 3313//3313 2895//2895 805//805
f 4932//4932 2355//2355 4816//4816
f 2112//2112 1386//1386 2113//2113
f 2491//2491 405//405 407//407
f 590//590 99//99 4130//4130
f 980//980 979//979 30//30
f 2436//2436 4879//4879 2954//2954
f 1623//1623 975//975 1221//1221
f 2321//2321 1623//1623 1221//1221
f 4986//4986 2646//2646 2647//2647
f 2644//2644 4289//4289 2198//2198
f 523//523 4023//4023 524//524
f 3085//3085 3608//3608 3610//3610
f 354//354 19//19 2621//2621
f 4680//4680 600//600 2161//2161
f 4711//4711 197//197 1317//1317
f 1654//1654 2934//2934 4907//4907
f 1378//1378 1377//1377 3010//3010
f 1373//1373 785//785 3300//3300
f 2744//2744 4493//4493 4499//4499
f 2625//2625 3014//3014 1237//1237
f 2561//2561 1654//1654 1653//1653
f 3023//3023 2940//2940 1644//1644
f 1159//1159 3710//3710 4417//4417
f 4377//4377 1528//1528 4048//4048
f 4959//4959 3220//3220 4273//4273
f 3739//3739 1134//1134 4464//4464
f 894//894 1184//1184 895//895
f 309//309 2736//2736 2737//2737
f 2785//2785 1849//1849 3416//3416
f 4836//4836 4837//4837 2257//2257
f 2256//2256 4836//4836 2257//2257
f 4545//4545 3233//3233 1049//1049
f 999//999 2726//2726 1000//1000
f 1630//1630 3568//3568 2418//2418
f 1098//1098 2798//2798 1203//1203
f 142//142 1287//1287 143//143
f 1206//1206 1208//1208 1186//1186
f 1538//1538 4713//4713 1539//1539
f 3286//3286 1177//1177 3287//3287
f 4940//4940 65//65 1917//1917
f 1266//1266 4917//4917 1267//1267
f 4108//4108 4988//4988 3015//3015
f 2381//2381 4857//4857 2379//2379
f 752//752 754//754 2132//2132
f 120//120 879//879 220//220
f 2296//2296 4176//4176 3466//3466
f 982//982 2113//2113 2939//2939
f 3941//3941 3636//3636 4693//4693
f 4032//4032 3342//3342 2131//2131
f 2455//2455 2456//2456 3837//3837
f 4713//4713 1538//1538 1671//1671
f 1484//1484 3185//3185 1485//1485
f 2747//2747 2749//2749 3895//3895
f 4243//4243 2747//2747 3895//3895
f 46//46 45//45 4078//4078
f 983//983 4946//4946 4568//4568
f 1606//1606 3512//3512 1607//1607
f 577//577 1262//1262 2710//2710
f 125//125 1185//1185 2483//2483
f 1040//1040 1325//1325 4673//4673
f 192//192 4969//4969 3386//3386
f 4057//4057 3601//3601 4580//4580
f 4939//4939 18//18 4687//4687
f 2307//2307 2251//2251 4723//4723
f 3559//3559 3147//3147 1033//1033
f 115//115 1222//1222 3909//3909
f 2843//2843 3651//3651 311//311
f 3464//3464 816//816 815//815
f 4597//4597 11//11 13//13
f 2759//2759 4597//4597 13//13
f 3725//3725 1347//1347 315//315
f 3786//3786 3787//3787 558//558
f 286//286 285//285 3099//3099
f 2476//2476 2786//2786 2477//2477
f 1441//1441 4918//4918 4981//4981
f 1442//1442 1441//1441 4981//4981
f 3750//3750 3164//3164 4224//4224
f 4223//4223 3750//3750 4224//4224
f 4550//4550 4792//4792 4530//4530
f 50//50 4773//4773 51//51
f 2777//2777 2776//2776 700//700
f 1109//1109 2992//2992 1110//1110
f 4717//4717 4838//4838 4454//4454
f 2597//2597 4953//4953 2205//2205
f 2129//2129 2128//2128 4449//4449
f 3460//3460 3378//3378 3459//3459
f 1484//1484 3509//3509 3193//3193
f 4302//4302 3046//3046 4537//4537
f 681//681 4862//4862 2972//2972
f 2506//2506 982//982 981//981
f 4597//4597 4404//4404 11//11
f 1331//1331 4914//4914 3801//3801
f 3039//3039 4030//4030 4456//4456
f 4455//4455 3039//3039 4456//4456
f 2959//2959 2960//2960 1782//1782
f 137//137 3801//3801 510//510
f 2860//2860 3334//3334 1940//1940
f 1610//1610 4803//4803 3061//3061
f 101//101 4539//4539 4937//4937
f 4743//4743 4470//4470 1283//1283
f 3542//3542 2317//2317 2660//2660
f 1534//1534 3874//3874 2615//2615
f 3249//3249 4501//4501 3279//3279
f 1936//1936 2336//2336 923//923
f 2010//2010 2009//2009 211//211
f 630//630 629//629 4519//4519
f 2899//2899 630//630 4519//4519
f 3940//3940 2111//2111 4704//4704
f 4131//4131 1595//1595 2978//2978
f 2964//2964 4635//4635 4418//4418
f 2393//2393 2395//2395 3600//3600
f 2952//2952 4643//4643 3557//3557
f 3436//3436 2251//2251 2307//2307
f 4295//4295 1766//1766 4727//4727
f 3237//3237 318//318 3238//3238
f 4082//4082 4081//4081 2724//2724
f 659//659 658//658 2735//2735
f 3153//3153 4366//4366 3154//3154
f 139//139 1042//1042 1942//1942
f 1964//1964 1428//1428 1431//1431
f 3404//3404 4436//4436 2511//2511
f 4437//4437 4705//4705 4301//4301
f 4251//4251 3528//3528 4284//4284
f 3305//3305 2850//2850 693//693
f 3679//3679 3396//3396 4245//4245
f 414//414 416//416 2581//2581
f 4275//4275 4980//4980 4977//4977
f 504//504 503//503 3073//3073
f 3667//3667 847//847 846//846
f 320//320 1374//1374 321//321
f 1154//1154 3651//3651 2843//2843
f 2756//2756 508//508 698//698
f 1088//1088 1090//1090 3230//3230
f 3800//3800 4818//4818 4711//4711
f 834//834 450//450 452//452
f 3718//3718 3720//3720 1772//1772
f 3929//3929 338//338 4566//4566
f 4244//4244 4243//4243 4934//4934
f 934//934 434//434 4011//4011
f 3435//3435 2174//2174 2176//2176
f 2839//2839 242//242 1996//1996
f 3192//3192 3419//3419 3388//3388
f 2515//2515 3791//3791 2516//2516
f 2049//2049 2652//2652 1422//1422
f 4899//4899 1681//1681 2848//2848
f 4133//4133 2824//2824 4180//4180
f 4133//4133 4180//4180 4071//4071
f 79//79 3681//3681 3683//3683
f 4188//4188 1343//1343 1380//1380
f 4483//4483 2363//2363 2364//2364
f 3209//3209 4449//4449 4039//4039
f 2976//2976 2437//2437 2931//2931
f 207//207 206//206 4826//4826
f 3551//3551 4424//4424 1081//1081
f 4584//4584 1873//1873 4988//4988
f 412//412 4789//4789 3752//3752
f 3029//3029 448//448 59//59
f 3216//3216 3882//3882 4594//4594
f 3476//3476 3155//3155 2598//2598
f 1581//1581 4883//4883 1582//1582
f 4058//4058 2460//2460 4356//4356
f 2929//2929 3919//3919 3543//3543
f 2402//2402 4571//4571 2052//2052
f 2238//2238 3815//3815 1972//1972
f 4288//4288 4680//4680 2163//2163
f 513//513 4176//4176 1548//1548
f 513//513 1548//1548 1547//1547
f 2407//2407 2406//2406 1552//1552
f 2407//2407 1552//1552 1555//1555
f 326//326 4168//4168 3511//3511
f 2260//2260 2993//2993 2639//2639
f 459//459 2340//2340 460//460
f 1174//1174 4720//4720 4267//4267
f 2241//2241 704//704 2242//2242
f 2963//2963 2962//2962 350//350
f 4091//4091 4010//4010 3850//3850
f 3799//3799 4818//4818 3800//3800
f 3145//3145 3829//3829 3146//3146
f 2753//2753 4780//4780 4053//4053
f 887//887 2414//2414 92//92
f 1724//1724 2852//2852 1725//1725
f 2125//2125 2127//2127 1874//1874
f 2701//2701 4220//4220 2014//2014
f 4742//4742 1864//1864 2218//2218
f 731//731 733//733 2646//2646
f 2823//2823 4770//4770 2824//2824
f 1166//1166 1600//1600 1472//1472
f 64//64 2874//2874 4144//4144
f 2995//2995 1196//1196 1195//1195
f 2095//2095 4272//4272 3525//3525
f 2738//2738 2741//2741 4670//4670
f 677//677 4541//4541 678//678
f 1866//1866 1418//1418 1417//1417
f 3311//3311 4749//4749 4391//4391
f 4942//4942 3584//3584 2730//2730
f 2829//2829 168//168 4840//4840
f 2916//2916 2468//2468 2125//2125
f 4418//4418 4974//4974 3803//3803
f 4037//4037 1//1 3//3
f 4037//4037 3//3 2017//2017
f 186//186 2304//2304 3577//3577
f 1253//1253 553//553 1254//1254
f 653//653 652//652 4654//4654
f 4320//4320 2683//2683 1615//1615
f 2600//2600 1707//1707 2772//2772
f 1520//1520 3646//3646 3079//3079
f 1988//1988 1987//1987 2392//2392
f 3268//3268 3579//3579 3934//3934
f 4005//4005 2739//2739 4725//4725
f 2775//2775 59//59 2776//2776
f 3780//3780 4811//4811 4679//4679
f 4440//4440 2134//2134 47//47
f 354//354 4853//4853 353//353
f 4398//4398 1813//1813 2355//2355
f 4671//4671 3499//3499 4412//4412
f 494//494 3736//3736 3176//3176
f 1521//1521 1520//1520 4659//4659
f 2059//2059 2061//2061 1426//1426
f 4053//4053 3533//3533 4190//4190
f 1903//1903 3341//3341 1904//1904
f 2399//2399 1912//1912 580//580
f 222//222 932//932 1763//1763
f 332//332 334//334 2632//2632
f 187//187 186//186 907//907
f 1681//1681 4550//4550 1682//1682
f 2781//2781 1401//1401 1400//1400
f 4488//4488 4893//4893 4406//4406
f 4886//4886 4872//4872 593//593
f 3154//3154 3323//3323 3322//3322
f 2927//2927 2038//2038 2928//2928
f 3910//3910 243//243 245//245
f 150//150 4534//4534 1811//1811
f 111//111 4181//4181 3543//3543
f 3220//3220 2890//2890 4273//4273
f 272//272 3658//3658 4979//4979
f 3204//3204 272//272 4979//4979
f 3721//3721 1339//1339 1338//1338
f 2973//2973 3876//3876 4460//4460
f 4250//4250 2401//2401 4926//4926
f 4924//4924 3906//3906 4017//4017
f 1353//1353 4924//4924 4017//4017
f 792//792 4113//4113 3273//3273
f 2625//2625 1237//1237 1676//1676
f 2707//2707 2644//2644 2643//2643
f 4112//4112 19//19 353//353
f 1203//1203 1728//1728 1099//1099
f 3615//3615 1491//1491 1490//1490
f 1233//1233 3996//3996 3995//3995
f 4203//4203 1871//1871 1141//1141
f 1509//1509 3123//3123 4983//4983
f 3929//3929 3381//3381 338//338
f 1755//1755 1580//1580 539//539
f 2620//2620 3243//3243 2380//2380
f 2324//2324 2323//2323 2796//2796
f 1384//1384 2112//2112 2506//2506
f 2933//2933 3596//3596 2934//2934
f 2340//2340 4011//4011 4910//4910
f 1418//1418 1777//1777 521//521
f 1418//1418 521//521 2717//2717
f 3788//3788 4378//4378 4377//4377
f 564//564 2847//2847 565//565
f 3008//3008 808//808 807//807
f 3257//3257 3474//3474 1087//1087
f 3694//3694 2632//2632 2633//2633
f 3694//3694 2633//2633 3389//3389
f 1531//1531 1532//1532 1988//1988
f 3952//3952 1115//1115 3921//3921
f 1382//1382 370//370 372//372
f 4487//4487 2936//2936 4966//4966
f 897//897 2654//2654 898//898
f 1420//1420 3639//3639 1421//1421
f 3972//3972 608//608 3379//3379
f 2789//2789 4985//4985 728//728
f 2550//2550 3827//3827 1881//1881
f 429//429 110//110 2897//2897
f 3029//3029 2775//2775 3027//3027
f 2607//2607 3195//3195 4669//4669
f 4472//4472 3686//3686 3689//3689
f 4472//4472 3689//3689 1721//1721
f 4807//4807 3854//3854 4612//4612
f 1017//1017 1016//1016 2590//2590
f 1986//1986 1532//1532 546//546
f 1986//1986 546//546 545//545
f 135//135 137//137 608//608
f 3289//3289 165//165 3287//3287
f 724//724 3159//3159 721//721
f 3336//3336 4825//4825 3337//3337
f 3993//3993 2569//2569 863//863
f 1702//1702 4246//4246 1543//1543
f 4308//4308 3191//3191 4193//4193
f 1394//1394 4489//4489 1395//1395
f 2855//2855 2967//2967 507//507
f 411//411 413//413 3645//3645
f 1549//1549 411//411 3645//3645
f 832//832 831//831 4621//4621
f 832//832 4621//4621 3862//3862
f 4065//4065 4064//4064 3058//3058
f 4193//4193 2926//2926 2925//2925
f 4167//4167 3029//3029 3028//3028
f 1656//1656 1324//1324 3285//3285
f 1656//1656 3285//3285 1657//1657
f 298//298 1621//1621 4633//4633
f 2289//2289 4498//4498 323//323
f 476//476 3401//3401 477//477
f 2540//2540 2578//2578 951//951
f 3505//3505 4685//4685 1671//1671
f 3506//3506 3505//3505 1671//1671
f 1945//1945 2104//2104 1946//1946
f 2030//2030 3324//3324 2920//2920
f 1026//1026 1176//1176 3286//3286
f 4835//4835 3500//3500 4394//4394
f 903//903 3085//3085 3975//3975
f 1247//1247 2661//2661 2316//2316
f 2291//2291 1670//1670 1538//1538
f 3339//3339 3888//3888 3340//3340
f 1298//1298 4227//4227 862//862
f 3449//3449 376//376 3986//3986
f 4214//4214 3267//3267 1798//1798
f 1255//1255 4214//4214 1798//1798
f 2695//2695 1341//1341 3080//3080
f 232//232 4146//4146 4088//4088
f 233//233 232//232 4088//4088
f 3775//3775 1793//1793 2715//2715
f 3232//3232 4908//4908 1272//1272
f 4909//4909 1401//1401 4871//4871
f 4909//4909 4871//4871 1270//1270
f 4780//4780 3534//3534 3533//3533
f 2196//2196 2221//2221 2194//2194
f 3240//3240 2152//2152 4479//4479
f 3251//3251 928//928 927//927
f 4290//4290 3578//3578 2001//2001
f 4379//4379 1901//1901 716//716
f 707//707 2430//2430 4755//4755
f 2245//2245 1669//1669 3606//3606
f 516//516 518//518 4460//4460
f 3150//3150 2359//2359 2361//2361
f 4450//4450 2965//2965 4750//4750
f 217//217 1183//1183 218//218
f 3717//3717 3716//3716 2959//2959
f 1779//1779 3637//3637 1216//1216
f 3991//3991 3062//3062 343//343
f 3475//3475 3279//3279 2806//2806
f 1573//1573 159//159 161//161
f 4313//4313 3326//3326 3811//3811
f 3992//3992 4446//4446 2569//2569
f 3993//3993 3992//3992 2569//2569
f 2525//2525 230//230 2526//2526
f 3977//3977 3973//3973 2325//2325
f 3059//3059 3768//3768 3060//3060
f 1902//1902 1209//1209 4419//4419
f 1171//1171 1172//1172 4621//4621
f 4048//4048 4047//4047 4377//4377
f 2500//2500 2499//2499 2788//2788
f 261//261 1937//1937 262//262
f 1946//1946 1479//1479 1244//1244
f 3251//3251 2157//2157 928//928
f 4945//4945 4165//4165 1565//1565
f 1564//1564 4945//4945 1565//1565
f 4894//4894 4659//4659 4658//4658
f 844//844 1985//1985 3998//3998
f 4331//4331 844//844 3998//3998
f 1892//1892 4868//4868 4277//4277
f 1711//1711 1802//1802 3665//3665
f 4337//4337 4142//4142 3354//3354
f 4620//4620 3127//3127 2920//2920
f 4079//4079 3672//3672 100//100
f 104//104 3839//3839 3122//3122
f 4126//4126 1845//1845 1846//1846
f 3213//3213 67//67 476//476
f 4676//4676 4629//4629 4376//4376
f 4946//4946 3095//3095 2846//2846
f 2803//2803 3683//3683 2684//2684
f 4888//4888 705//705 665//665
f 3202//3202 4557//4557 4091//4091
f 2959//2959 3716//3716 1748//1748
f 4615//4615 4901//4901 1789//1789
f 916//916 4919//4919 1792//1792
f 4342//4342 4341//4341 4639//4639
f 2248//2248 2720//2720 388//388
f 3258//3258 2013//2013 961//961
f 4657//4657 2225//2225 598//598
f 3032//3032 4965//4965 2659//2659
f 3826//3826 4148//4148 4820//4820
f 2387//2387 2340//2340 4910//4910
f 1589//1589 2387//2387 4910//4910
f 3395//3395 867//867 4952//4952
f 4852//4852 664//664 666//666
f 4752//4752 4807//4807 4753//4753
f 3909//3909 1222//1222 243//243
f 2313//2313 3894//3894 3246//3246
f 2887//2887 4377//4377 4047//4047
f 2511//2511 2779//2779 2510//2510
f 984//984 983//983 4568//4568
f 1508//1508 4194//4194 252//252
f 1572//1572 3343//3343 3345//3345
f 2714//2714 1293//1293 3775//3775
f 2610//2610 2896//2896 4292//4292
f 2056//2056 1815//1815 2057//2057
f 4657//4657 4681//4681 1584//1584
f 2678//2678 2446//2446 2448//2448
f 696//696 4292//4292 2415//2415
f 809//809 810//810 1998//1998
f 3224//3224 3259//3259 3225//3225
f 4638//4638 2435//2435 2434//2434
f 1846//1846 1201//1201 3435//3435
f 3507//3507 2483//2483 4841//4841
f 3319//3319 3321//3321 2923//2923
f 4418//4418 4635//4635 4974//4974
f 388//388 2333//2333 389//389
f 745//745 3807//3807 1061//1061
f 745//745 1061//1061 746//746
f 715//715 1596//1596 1595//1595
f 311//311 3651//3651 4674//4674
f 2878//2878 4216//4216 2879//2879
f 1036//1036 4608//4608 4609//4609
f 4769//4769 4587//4587 553//553
f 70//70 986//986 2593//2593
f 650//650 545//545 3196//3196
f 3738//3738 1605//1605 1461//1461
f 920//920 919//919 1112//1112
f 350//350 707//707 351//351
f 2040//2040 4869//4869 686//686
f 4520//4520 4947//4947 3830//3830
f 1789//1789 3743//3743 972//972
f 267//267 1448//1448 523//523
f 267//267 523//523 522//522
f 1058//1058 4783//4783 2643//2643
f 1196//1196 2997//2997 675//675
f 4055//4055 2341//2341 4761//4761
f 2149//2149 155//155 551//551
f 4056//4056 1785//1785 1788//1788
f 3910//3910 4462//4462 4315//4315
f 2285//2285 2504//2504 1202//1202
f 4453//4453 4452//4452 3822//3822
f 3276//3276 3275//3275 3638//3638
f 4240//4240 3276//3276 3638//3638
f 3879//3879 2140//2140 154//154
f 433//433 376//376 375//375
f 3875//3875 4168//4168 326//326
f 643//643 3144//3144 4727//4727
f 80//80 3958//3958 78//78
f 1794//1794 2347//2347 225//225
f 1386//1386 1385//1385 1643//1643
f 660//660 1530//1530 3589//3589
f 817//817 3528//3528 4008//4008
f 1628//1628 1112//1112 1111//1111
f 4578//4578 2076//2076 596//596
f 595//595 4578//4578 596//596
f 2323//2323 3795//3795 2796//2796
f 4421//4421 233//233 3868//3868
